Identifiant article;Code-barres article;Code article;Libellé;Famille;Fournisseur principal;Collection;Prix de revient HT article;Prix Détail (TTC);Prix unique;Catégorie;Grille masque des dimensions;Grille dimension 1;Code tarif;
;6191114155183;;JABLA;;;24E;0;0;-;;;;;
00100015                         X;;00100015;INEZ;PYJAMA;STE TEX-MODE;24H;32;100;-;PFL;0GS;;;
12142                            X;;12142;JEOVANA;ROBE;STE RFBK;24E;16;80;-;PFL;0GK;;R0;
12143                            X;;12143;JACARNAD;COLLANT;SATINA KAIS BENGHALIA;24E;2;8;-;PFL;0GK;;R0;
12144                            X;;12144;JIANNI;CHAUSSURES;JOELLE;24E;33;90;-;PFL;0GM;;R0;
12145                            X;;12145;JEZY;CHAUSSURES;JOELLE;24E;30;90;-;PFL;0GM;;R0;
12146                            X;;12146;JEFFRAY;ROBE;TIN TRADE;24E;31;90;-;PFL;0GK;;R0;
12147                            X;;12147;JASSIME;VESTE;TIN TRADE;24E;24;70;-;PFL;0GK;;R0;
12148                            X;;12148;JAMYL;JUPE;TIN TRADE;24E;21;60;-;PFL;0GK;;R0;
12149                            X;;12149;JACEE;TEE SHIRT;TIN TRADE;24E;14;40;-;PFL;0GK;;R0;
12150                            X;;12150;JACASSEUR;ROBE;TIN TRADE;24E;31;90;-;PFL;0GK;;R0;
12151                            X;;12151;JACASSERIES;JUPE;TIN TRADE;24E;21;60;-;PFL;0GK;;R0;
12152                            X;;12152;JACASSE;TEE SHIRT;TIN TRADE;24E;16;50;-;PFL;0GK;;R0;
12153                            X;;12153;JACARANDA;TEE SHIRT;TIN TRADE;24E;24;60;-;PFL;0GK;;R0;
12154                            X;;12154;JABRAN;JUPE;TIN TRADE;24E;21;60;-;PFL;0GK;;R0;
12155                            X;;12155;JABOTS;SHORT;TIN TRADE;24E;27;80;-;PFL;0GK;;R0;
12156                            X;;12156;JABOTER;VESTE;TIN TRADE;24E;27;90;-;PFL;0GK;;R0;
12157                            X;;12157;JUDITH;GILET;COMETEX;24E;23;70;-;PFL;0GK;;R0;
12158                            X;;12158;JUDITE;GILET;COMETEX;24E;23;70;-;PFL;0GK;;R0;
12159                            X;;12159;JOANY;SAC A MAIN;SHADO;24E;17;50;-;PFL;0GJ;;R0;
12160                            X;;12160;JOHNNY;SAC A MAIN;SHADO;24E;21;60;-;PFL;0GJ;;R0;
12161                            X;;12161;JOHNSON;SAC A MAIN;SHADO;24E;17;50;-;PFL;0GJ;;R0;
12162                            X;;12162;JOAO;SAC A MAIN;SHADO;24E;17;50;-;PFL;0GJ;;R0;
12163                            X;;12163;JOAS;SAC A MAIN;SHADO;24E;21;60;-;PFL;0GJ;;R0;
20272                            X;;20272;JACINTHE;ENSEMBLE CHEMISE;MAILLE CLUB;24E;47;140;-;PFM;0GG;;R0;
20490                            X;;20490;JACHELIN;PYJAMA;MAILLE CLUB;24E;30;80;-;PFM;0GG;;R0;
20491                            X;;20491;JACY;PYJAMA;MAILLE CLUB;24E;39;100;-;PFM;0GG;;R0;
20492                            X;;20492;JADOR;PYJAMA;MAILLE CLUB;24E;35;90;-;PFM;0GG;;R0;
20493                            X;;20493;JADINE;LIQUETTE;MAILLE CLUB;24E;28;80;-;PFM;0GG;;R0;
20494                            X;;20494;JAIS;LIQUETTE;MAILLE CLUB;24E;21;60;-;PFM;0GG;;R0;
20495                            X;;20495;JET;ROBE;MAILLE CLUB;24E;37;110;-;PFM;0GG;;R0;
20496                            X;;20496;JAJA;ROBE;MAILLE CLUB;24E;45;130;-;PFM;0GG;;R0;
20497                            X;;20497;JERBA;ROBE;MAILLE CLUB;24E;43;130;-;PFM;0GG;;R0;
20498                            X;;20498;JURA;ROBE;MAILLE CLUB;24E;0;150;-;PFM;0GG;;R0;
20499                            X;;20499;JARDIN;ROBE;MAILLE CLUB;24E;37;110;-;PFM;0GG;;R0;
20500                            X;;20500;JACINTHE;ROBE;ROSELLA;24E;36;100;-;PFL;0GE;;R0;
20501                            X;;20501;JASMIN;VESTE;ROSELLA;24E;70;200;-;PFL;0GE;;R0;
20502                            X;;20502;JONQUILLE;PANTALON;ROSELLA;24E;39;120;-;PFL;0GE;;R0;
20503                            X;;20503;JOUBARBE;VESTE;ROSELLA;24E;39;110;-;PFL;0GE;;R0;
20504                            X;;20504;JASIONE;VESTE;ROSELLA;24E;69;190;-;PFL;0GE;;R0;
20505                            X;;20505;JASMINUM;PANTALON;ROSELLA;24E;36;100;-;PFL;0GE;;R0;
20506                            X;;20506;20506;ROBE;MAILLE CLUB;24E;0;0;-;PFM;0GG;;R0;
20508                            X;;20508;JACOB;VESTE;ROSELLA;24E;68;190;-;PFL;0GE;;R0;
20509                            X;;20509;JUNIPER;PANTALON;ROSELLA;24E;36;100;-;PFL;0GE;;R0;
20510                            X;;20510;JAYA;VESTE;ROSELLA;24E;46;150;-;PFL;0GE;;R0;
20511                            X;;20511;JACKSON;PANTALON;ROSELLA;24E;36;100;-;PFL;0GE;;R0;
20512                            X;;20512;JEFERSON;CHEMISE;ROSELLA;24E;39;110;-;PFL;0GE;;R0;
20513                            X;;20513;JUGAL;PANTALON;ROSELLA;24E;37;110;-;PFL;0GE;;R0;
20514                            X;;20514;JOVELLANA;ROBE;ROSELLA;24E;56;160;-;PFL;0GE;;R0;
20515                            X;;20515;JUNCUS;ROBE;ROSELLA;24E;55;150;-;PFL;0GE;;R0;
20516                            X;;20516;JABI;TUNIQUE;MAILLE CLUB;24E;18;60;-;PFM;0GG;;R0;
20517                            X;;20517;JAMBOSA;PANTALON;ROSELLA;24E;36;100;-;PFL;0GE;;R0;
20518                            X;;20518;JACKLIN;GILET;MAILLE CLUB;24E;28;80;-;PFM;0GG;;R0;
20519                            X;;20519;JUSTICIA;PANTALON;ROSELLA;24E;36;100;-;PFL;0GE;;R0;
20522                            X;;20522;JACKIE;TUNIQUE;MAILLE CLUB;24E;22;70;-;PFM;0GG;;R0;
20528                            X;;20528;JAPPE;PANTALON;MAILLE CLUB;24E;46;120;-;PFM;0GG;;R0;
20529                            X;;20529;JADIS;PANTALON;MAILLE CLUB;24E;42;120;-;PFM;0GG;;R0;
20530                            X;;20530;JALON;PANTALON;MAILLE CLUB;24E;41;120;-;PFM;0GG;;R0;
20534                            X;;20534;JADE VINE;VESTE;ROSELLA;24E;68;190;-;PFL;0GH;;R0;
20536                            X;;20536;JATROPHA;PANTALON;ROSELLA;24E;35;100;-;PFL;0GH;;R0;
20537                            X;;20537;JOELLE;ROBE;ROSELLA;24E;55;150;-;PFL;0GH;;R0;
20538                            X;;20538;JEOVANA;ROBE;ROSELLA;24E;57;160;-;PFL;0GH;;R0;
20539                            X;;20539;JAVA;CHEMISE;ROSELLA;24E;36;100;-;PFL;0GH;;R0;
20548                            X;;20548;JARL;ROBE;MAILLE CLUB;24E;66;170;-;PFM;0GG;;R0;
20550                            X;;20550;JUVENILE;BLOUSE;MAILLE CLUB;24E;25;80;-;PFM;0GG;;R0;
20555                            X;;20555;JIM;ROBE;MAILLE CLUB;24E;35;110;-;PFM;0GG;;R0;
20559                            X;;20559;JACASSERIE;ROBE;MAILLE CLUB;24E;48;140;-;PFM;0GG;;R0;
20561                            X;;20561;JASA;PANTALON;MAILLE CLUB;24E;46;120;-;PFM;0GG;;R0;
20562                            X;;20562;JABIER;KIMONO;ROSELLA;24E;42;130;-;PFL;0GI;;R0;
20564                            X;;20564;JAFFE;ROBE;MAILLE CLUB;24E;49;150;-;PFM;0GI;;R0;
20565                            X;;20565;JACTA;ROBE;MAILLE CLUB;24E;49;150;-;PFM;0GI;;R0;
20568                            X;;20568;JOUBARBE;ROBE;ARTEMIS;24E;45;140;-;PFL;0GH;;R0;
20569                            X;;20569;JASIONE;ROBE;ARTEMIS;24E;48;140;-;PFL;0GH;;R0;
20570                            X;;20570;JASMINUM;CHEMISE;ARTEMIS;24E;32;90;-;PFL;0GH;;R0;
20571                            X;;20571;JATROPHA;PANTALON;ARTEMIS;24E;26;80;-;PFL;0GH;;R0;
20572                            X;;20572;JACOB;CHEMISE;ARTEMIS;24E;41;120;-;PFL;0GH;;R0;
20573                            X;;20573;JUNIPER;PANTALON;ARTEMIS;24E;37;110;-;PFL;0GH;;R0;
20575                            X;;20575;JACKSON;CHEMISE;ARTEMIS;24E;28;80;-;PFL;0GH;;R0;
20576                            X;;20576;JEFERSON;CHEMISE;ARTEMIS;24E;32;90;-;PFL;0GH;;R0;
20577                            X;;20577;JUGAL;PANTALON;ARTEMIS;24E;29;90;-;PFL;0GH;;R0;
20578                            X;;20578;JOE;PANTALON;ARTEMIS;24E;32;90;-;PFL;0GH;;R0;
20579                            X;;20579;JOVELLANA;ROBE;ARTEMIS;24E;55;160;-;PFL;0GH;;R0;
20580                            X;;20580;JUNCUS;PANTALON;ARTEMIS;24E;29;90;-;PFL;0GH;;R0;
20581                            X;;20581;JONQUILLE;ROBE;ARTEMIS;24E;53;160;-;PFL;0GH;;R0;
20582                            X;;20582;JAYA;BLOUSE;ARTEMIS;24E;41;110;-;PFL;0GH;;R0;
20583                            X;;20583;JAMBOSA;KIMONO;METAPHORE LINE;24E;41;120;-;PFL;0GJ;;R0;
20584                            X;;20584;JUSTICIA;TUNIQUE;METAPHORE LINE;24E;16;50;-;PFL;0GI;;R0;
20585                            X;;20585;JACARNAD;KIMONO;METAPHORE LINE;24E;41;120;-;PFL;0GJ;;R0;
20586                            X;;20586;JUNCUS;PANTALON;STE RFBK;24E;17;70;-;PFL;0GE;;R0;
20587                            X;;20587;JAVA;PANTALON;STE RFBK;24E;17;70;-;PFL;0GE;;R0;
20590                            X;;20590;JACQUI;VESTE;ROSELLA;24E;46;130;-;PFL;0GH;;R0;
20591                            X;;20591;JEOSEP;PANTALON;ROSELLA;24E;38;110;-;PFL;0GH;;R0;
20592                            X;;20592;JACINTHE;PANTALON;ROSELLA;24E;38;110;-;PFL;0GH;;R0;
20593                            X;;20593;JACINTO;CHEMISE;ROSELLA;24E;36;110;-;PFL;0GH;;R0;
20594                            X;;20594;JACK;CHEMISE;ROSELLA;24E;39;110;-;PFL;0GH;;R0;
20595                            X;;20595;JACKI;ROBE;ROSELLA;24E;56;160;-;PFL;0GH;;R0;
20596                            X;;20596;JADE;ROBE;ROSELLA;24E;53;150;-;PFL;0GH;;R0;
20597                            X;;20597;JACKY;ROBE;ROSELLA;24E;53;150;-;PFL;0GH;;R0;
20598                            X;;20598;JALIA;ROBE;ROSELLA;24E;53;150;-;PFL;0GH;;R0;
20599                            X;;20599;JACQUE;ROBE;ROSELLA;24E;53;150;-;PFL;0GH;;R0;
20600                            X;;20600;JAD;BLOUSE;ROSELLA;24E;29;90;-;PFL;0GH;;R0;
20601                            X;;20601;JADEN;ROBE;ROSELLA;24E;54;160;-;PFL;0GH;;R0;
20602                            X;;20602;JAEL;PANTALON;ROSELLA;24E;36;100;-;PFL;0GH;;R0;
20603                            X;;20603;JAHEIM;ROBE;ROSELLA;24E;58;160;-;PFL;0GH;;R0;
20604                            X;;20604;JAHIDA;ROBE;ROSELLA;24E;55;160;-;PFL;0GH;;R0;
20605                            X;;20605;JACINTA;KIMONO;ROSELLA;24E;43;120;-;PFL;0GI;;R0;
20606                            X;;20606;JACQUELI;ROBE;MAILLE CLUB;24E;0;0;-;PFM;0GG;;R0;
20608                            X;;20608;JEMS;LOUNGE WEAR;3A TRICOTAGE;24E;40;130;-;PFL;0GE;;R0;
20609                            X;;20609;JOAHN;CHAUSSURES;JOELLE;24E;28;80;-;PFL;0GL;;R0;
20610                            X;;20610;JANKA;CHAUSSURES;JOELLE;24E;30;90;-;PFL;0GL;;R0;
20611                            X;;20611;JOSSUAH;CHAUSSURES;JOELLE;24E;31;90;-;PFL;0GL;;R0;
20612                            X;;20612;JOLANNE;CHAUSSURES;JOELLE;24E;35;110;-;PFL;0GL;;R0;
20613                            X;;20613;JALE;CHAUSSURES;JOELLE;24E;21;60;-;PFL;0GL;;R0;
20614                            X;;20614;JYM;CHAUSSURES;JOELLE;24E;21;70;-;PFL;0GL;;R0;
20615                            X;;20615;JUNOT;CHAUSSURES;JOELLE;24E;31;90;-;PFL;0GL;;R0;
20616                            X;;20616;JUANY;CHAUSSURES;JOELLE;24E;35;110;-;PFL;0GL;;R0;
20617                            X;;20617;JOZE;CHAUSSURES;JOELLE;24E;33;110;-;PFL;0GL;;R0;
20618                            X;;20618;JOSIP;CHAUSSURES;JOELLE;24E;34;100;-;PFL;0GL;;R0;
20619                            X;;20619;JOSIAH;CHAUSSURES;JOELLE;24E;35;100;-;PFL;0GL;;R0;
20620                            X;;20620;JOSET;CHAUSSURES;JOELLE;24E;33;100;-;PFL;0GL;;R0;
20621                            X;;20621;JOSEPHIN;CHAUSSURES;JOELLE;24E;35;100;-;PFL;0GL;;R0;
20622                            X;;20622;JOSCELYN;CHAUSSURES;JOELLE;24E;31;90;-;PFL;0GL;;R0;
20623                            X;;20623;JOHNES;CHAUSSURES;JOELLE;24E;35;100;-;PFL;0GL;;R0;
20624                            X;;20624;JOHANIS;CHAUSSURES;JOELLE;24E;35;100;-;PFL;0GL;;R0;
20625                            X;;20625;JOHANEL;CHAUSSURES;JOELLE;24E;33;100;-;PFL;0GL;;R0;
20626                            X;;20626;JOHANAN;CHAUSSURES;JOELLE;24E;33;110;-;PFL;0GL;;R0;
20627                            X;;20627;JOHAD;CHAUSSURES;JOELLE;24E;38;110;-;PFL;0GL;;R0;
20628                            X;;20628;JOANNI;CHAUSSURES;JOELLE;24E;40;120;-;PFL;0GL;;R0;
20629                            X;;20629;JOANICK;CHAUSSURES;JOELLE;24E;34;100;-;PFL;0GL;;R0;
20630                            X;;20630;JIOVANNY;CHAUSSURES;JOELLE;24E;40;120;-;PFL;0GL;;R0;
20631                            X;;20631;JIMMIE;CHAUSSURES;JOELLE;24E;35;100;-;PFL;0GL;;R0;
20632                            X;;20632;JEROEN;CHAUSSURES;JOELLE;24E;38;110;-;PFL;0GL;;R0;
20639                            X;;20639;JAO;ROBE;MAILLE CLUB;24E;36;110;-;PFM;0GG;;R0;
20640                            X;;20640;JOEZ;BLOUSE;MAILLE CLUB;24E;40;120;-;PFM;0GG;;R0;
20641                            X;;20641;JASMIN;CHEMISE;MAILLE CLUB;24E;33;100;-;PFM;0GG;;R0;
20643                            X;;20643;JABORANDI;LOUNGE WEAR;ARTEMIS;24E;42;120;-;PFL;0GG;;R0;
20644                            X;;20644;JABLOIR;ROBE;ARTEMIS;24E;35;100;-;PFL;0GG;;R0;
20645                            X;;20645;JULIAN;ROBE;AICHA FASHION;24E;35;100;-;PFL;0GG;;R0;
20646                            X;;20646;JABIRUS;CHEMISE;AICHA FASHION;24E;28;80;-;PFL;0GG;;R0;
20647                            X;;20647;JABLER;ROBE;AICHA FASHION;24E;35;100;-;PFL;0GG;;R0;
20648                            X;;20648;JULIANA;ROBE;AICHA FASHION;24E;35;100;-;PFL;0GG;;R0;
20649                            X;;20649;JULIANO;ROBE;AICHA FASHION;24E;32;90;-;PFL;0GG;;R0;
20650                            X;;20650;JULIDE;KIMONO;AICHA FASHION;24E;42;120;-;PFL;0GG;;R0;
20651                            X;;20651;JULIEN;CHEMISE;AICHA FASHION;24E;28;80;-;PFL;0GG;;R0;
20655                            X;;20655;JULIE;GILET;AICHA FASHION;24E;21;70;-;PFL;0GG;;R0;
20656                            X;;20656;JULIANE;ROBE;AICHA FASHION;24E;24;70;-;PFL;0GG;;R0;
20657                            X;;20657;JUN;BLOUSE;AICHA FASHION;24E;22;70;-;PFL;0GG;;R0;
20658                            X;;20658;JULIET;ROBE;AICHA FASHION;24E;28;80;-;PFL;0GG;;R0;
20659                            X;;20659;JULIO;ROBE;AICHA FASHION;24E;28;80;-;PFL;0GG;;R0;
20660                            X;;20660;JULIUS;ROBE;AICHA FASHION;24E;28;80;-;PFL;0GG;;R0;
20661                            X;;20661;JULY;CHEMISE;AICHA FASHION;24E;22;70;-;PFL;0GG;;R0;
20663                            X;;20663;JULIANN;CHEMISE;STE TEX-MODE;24E;28;90;-;PFL;0GG;;R0;
20664                            X;;20664;JADA;BLOUSE;MAILLE CLUB;24E;38;110;-;PFM;0GG;;R0;
20665                            X;;20665;JULIETTA;PULL;TUNETEX;24E;20;90;-;PFL;0GE;;R0;
20667                            X;;20667;JUNON;ROBE;MAILLE CLUB;24E;45;130;-;PFM;0GG;;R0;
20668                            X;;20668;JUNE;BLOUSE;MAILLE CLUB;24E;25;80;-;PFM;0GG;;R0;
20669                            X;;20669;JADE;ROBE;MAILLE CLUB;24E;48;140;-;PFM;0GG;;R0;
20670                            X;;20670;JADEN;ROBE;MAILLE CLUB;24E;48;140;-;PFM;0GG;;R0;
20671                            X;;20671;JUNAYD;ROBE;MAILLE CLUB;24E;53;150;-;PFM;0GG;;R0;
20672                            X;;20672;JUNIE;ROBE;MAILLE CLUB;24E;0;0;-;PFM;0GG;;R0;
20673                            X;;20673;JACQUES;ROBE;MAILLE CLUB;24E;37;120;-;PFM;0GG;;R0;
20674                            X;;20674;JULYANN;ROBE;MAILLE CLUB;24E;49;140;-;PFM;0GG;;R0;
20675                            X;;20675;JUNA;ROBE;MAILLE CLUB;24E;44;130;-;PFM;0GG;;R0;
20676                            X;;20676;JULYANA;ROBE;MAILLE CLUB;24E;49;140;-;PFM;0GG;;R0;
20677                            X;;20677;JACQUE;BLOUSE;MAILLE CLUB;24E;28;90;-;PFM;0GG;;R0;
20678                            X;;20678;JACQUELIN;ROBE;MAILLE CLUB;24E;38;110;-;PFM;0GG;;R0;
20679                            X;;20679;JACQUI;BLOUSE;MAILLE CLUB;24E;38;110;-;PFM;0GG;;R0;
20680                            X;;20680;JAHEIM;ROBE;MAILLE CLUB;24E;36;110;-;PFM;0GG;;R0;
20681                            X;;20681;JAHDEN;ROBE;MAILLE CLUB;24E;35;110;-;PFM;0GG;;R0;
20682                            X;;20682;JULO;ROBE;MAILLE CLUB;24E;0;0;-;PFM;0GG;;R0;
20683                            X;;20683;JULIEANNE;ROBE;MAILLE CLUB;24E;39;120;-;PFM;0GG;;R0;
20684                            X;;20684;JULIETTE;ROBE;MAILLE CLUB;24E;34;100;-;PFM;0GG;;R0;
20685                            X;;20685;JULINA;CHEMISE;MAILLE CLUB;24E;32;90;-;PFM;0GG;;R0;
20686                            X;;20686;JULINE;ROBE;MAILLE CLUB;24E;42;120;-;PFM;0GG;;R0;
20687                            X;;20687;JOSUA;ROBE;MAILLE CLUB;24E;41;120;-;PFM;0GG;;R0;
20688                            X;;20688;JOSUE;CHEMISE;MAILLE CLUB;24E;28;80;-;PFM;0GG;;R0;
20689                            X;;20689;JOSY;LOUNGE WEAR;MAILLE CLUB;24E;45;130;-;PFM;0GG;;R0;
20690                            X;;20690;JOUD;TUNIQUE;MAILLE CLUB;24E;26;80;-;PFM;0GG;;R0;
20691                            X;;20691;JULEN;GILET;COMETEX;24E;34;100;-;PFL;0GG;;R0;
20692                            X;;20692;JULE;GILET;COMETEX;24E;33;100;-;PFL;0GG;;R0;
20693                            X;;20693;JUL;GILET;COMETEX;24E;33;90;-;PFL;0GG;;R0;
20694                            X;;20694;JUGURTHA;GILET;COMETEX;24E;28;80;-;PFL;0GG;;R0;
20695                            X;;20695;JORDANNE;JUPE;STE PRIMAVET;24E;24;70;-;PFL;0GG;;R0;
20696                            X;;20696;JORDI;JUPE;STE PRIMAVET;24E;24;70;-;PFL;0GG;;R0;
20697                            X;;20697;JORDY;JUPE;STE PRIMAVET;24E;28;80;-;PFL;0GG;;R0;
20698                            X;;20698;JOREL;JUPE;STE PRIMAVET;24E;28;80;-;PFL;0GG;;R0;
20699                            X;;20699;JORGE;VESTE;STE PRIMAVET;24E;24;70;-;PFL;0GG;;R0;
20700                            X;;20700;JORIAN;PANTALON;STE PRIMAVET;24E;25;80;-;PFL;0GG;;R0;
20701                            X;;20701;JOSUE;PANTALON;STE PRIMAVET;24E;25;80;-;PFL;0GG;;R0;
20702                            X;;20702;JOSYANE;PANTALON;STE PRIMAVET;24E;25;80;-;PFL;0GG;;R0;
20703                            X;;20703;JORICK;PANTALON;STE PRIMAVET;24E;31;90;-;PFL;0GG;;R0;
20704                            X;;20704;JORIS;PANTALON;STE PRIMAVET;24E;31;90;-;PFL;0GG;;R0;
20705                            X;;20705;JOUDE;PANTALON;STE PRIMAVET;24E;36;110;-;PFL;0GG;;R0;
20706                            X;;20706;JOUDIA;PANTALON;STE PRIMAVET;24E;28;90;-;PFL;0GG;;R0;
20707                            X;;20707;JOUHAYNA;PANTALON;STE PRIMAVET;24E;29;90;-;PFL;0GG;;R0;
20708                            X;;20708;JOULIA;PANTALON;STE PRIMAVET;24E;29;90;-;PFL;0GG;;R0;
20709                            X;;20709;JORY;PANTALON;STE PRIMAVET;24E;31;80;-;PFL;0GG;;R0;
20710                            X;;20710;JOSEF;PANTALON;STE PRIMAVET;24E;35;110;-;PFL;0GG;;R0;
20711                            X;;20711;JOHAN;VESTE;STE PRIMAVET;24E;39;120;-;PFL;0GG;;R0;
20713                            X;;20713;JOHAKIM;PANTALON;STE PRIMAVET;24E;28;90;-;PFL;0GG;;R0;
20714                            X;;20714;JORYS;VESTE;ROSELLA;24E;81;230;-;PFL;0GH;;R0;
20715                            X;;20715;JOSE;VESTE;ROSELLA;24E;81;230;-;PFL;0GH;;R0;
20716                            X;;20716;JOUNEYD;LOUNGE WEAR;ARTEMIS;24E;47;140;-;PFL;0GH;;R0;
20717                            X;;20717;JOURI;ROBE;ARTEMIS;24E;33;90;-;PFL;0GH;;R0;
20718                            X;;20718;JOSEE;ROBE;ARTEMIS;24E;29;80;-;PFL;0GH;;R0;
20719                            X;;20719;JOSYANNE;PANTALON;ARTEMIS;24E;32;90;-;PFL;0GH;;R0;
20720                            X;;20720;JOVAN;CHEMISE;ARTEMIS;24E;33;90;-;PFL;0GH;;R0;
20721                            X;;20721;JOVANY;SHORT;ARTEMIS;24E;28;80;-;PFL;0GH;;R0;
20722                            X;;20722;JOSEFA;ROBE;ARTEMIS;24E;49;140;-;PFL;0GH;;R0;
20723                            X;;20723;JOSCELINE;ROBE;ARTEMIS;24E;51;140;-;PFL;0GH;;R0;
20724                            X;;20724;JOHANA;ROBE;ARTEMIS;24E;43;130;-;PFL;0GH;;R0;
20725                            X;;20725;JOYCE;ROBE;ARTEMIS;24E;46;130;-;PFL;0GH;;R0;
20726                            X;;20726;JOZEF;BLOUSE;ARTEMIS;24E;32;100;-;PFL;0GH;;R0;
20727                            X;;20727;JUAN;CHEMISE;ARTEMIS;24E;32;100;-;PFL;0GH;;R0;
20728                            X;;20728;JOVANA;CHEMISE DE NUIT;STE TEX-MODE;24E;19;60;-;PFL;0GH;;R0;
20729                            X;;20729;JOVANI;PANTALON JOGGING;STE TEX-MODE;24E;23;70;-;PFL;0GH;;R0;
20730                            X;;20730;JOVANNY;PANTALON JOGGING;STE TEX-MODE;24E;23;70;-;PFL;0GH;;R0;
20731                            X;;20731;JOUWAYRIYA;PANTALON JOGGING;STE TEX-MODE;24E;23;70;-;PFL;0GH;;R0;
20732                            X;;20732;JOY;PANTALON JOGGING;STE TEX-MODE;24E;23;70;-;PFL;0GH;;R0;
20733                            X;;20733;JOYA;PANTALON JOGGING;STE TEX-MODE;24E;23;70;-;PFL;0GH;;R0;
20734                            X;;20734;JUAN;PANTALON JOGGING;STE TEX-MODE;24E;23;70;-;PFL;0GH;;R0;
20735                            X;;20735;JUANA;CHEMISE DE NUIT;STE TEX-MODE;24E;19;60;-;PFL;0GH;;R0;
20736                            X;;20736;JUANITA;CHEMISE DE NUIT;STE TEX-MODE;24E;19;60;-;PFL;0GH;;R0;
20737                            X;;20737;JUANITO;TEE SHIRT;STE TEX-MODE;24E;13;40;-;PFL;0GH;;R0;
20738                            X;;20738;JUBA;TEE SHIRT;STE TEX-MODE;24E;14;40;-;PFL;0GH;;R0;
20739                            X;;20739;JUDE;TEE SHIRT;STE TEX-MODE;24E;15;50;-;PFL;0GH;;R0;
20740                            X;;20740;JIVAN;PANTALON JOGGING;STE TEX-MODE;24E;31;90;-;PFL;0GH;;R0;
20741                            X;;20741;JIYAN;CHEMISE DE NUIT;STE TEX-MODE;24E;24;80;-;PFL;0GH;;R0;
20742                            X;;20742;JOHANIE;DEBARDEUR;STE TEX-MODE;24E;10;30;-;PFL;0GH;;;
20743                            X;;20743;JOA;TEE SHIRT;STE TEX-MODE;24E;11;50;-;PFL;0GH;;R0;
20744                            X;;20744;JULYANE;GILET;COMETEX;24E;32;90;-;PFL;0GE;;R0;
20745                            X;;20745;JUDES;ROBE;STE TEX-MODE;24E;54;150;-;PFL;0GE;;R0;
20746                            X;;20746;JOHANN;ROBE;STE TEX-MODE;24E;53;150;-;PFL;0GE;;R0;
20747                            X;;20747;JOHANNA;CHEMISE;STE TEX-MODE;24E;29;90;-;PFL;0GE;;R0;
20748                            X;;20748;JOHANNES;ROBE;STE TEX-MODE;24E;53;150;-;PFL;0GE;;R0;
20749                            X;;20749;JOHANNE;CHEMISE;STE TEX-MODE;24E;32;100;-;PFL;0GE;;R0;
20750                            X;;20750;JOHANNIE;ROBE;STE TEX-MODE;24E;54;150;-;PFL;0GE;;R0;
20751                            X;;20751;JOHANNY;BLOUSE;STE TEX-MODE;24E;32;90;-;PFL;0GE;;R0;
20752                            X;;20752;JOSELINE;TEE SHIRT;STE PRIMAVET;24E;14;50;-;PFL;0GE;;R0;
20753                            X;;20753;JOACHIM;PANTALON;MY LOOK;24E;26;80;-;PFL;0GE;;R0;
20754                            X;;20754;JOAKIM;ROBE;MY LOOK;24E;35;100;-;PFL;0GE;;R0;
20755                            X;;20755;JOAN;ROBE;MY LOOK;24E;35;100;-;PFL;0GE;;R0;
20756                            X;;20756;JOANA;ROBE;MY LOOK;24E;31;90;-;PFL;0GE;;R0;
20757                            X;;20757;JOANES;PANTALON;MY LOOK;24E;24;80;-;PFL;0GE;;R0;
20758                            X;;20758;JOANIE;DEBARDEUR;MY LOOK;24E;17;60;-;PFL;0GE;;R0;
20759                            X;;20759;JOANNA;PANTALON;MY LOOK;24E;24;80;-;PFL;0GE;;R0;
20760                            X;;20760;JOHANY;BLOUSE;MY LOOK;24E;23;70;-;PFL;0GE;;R0;
20761                            X;;20761;JOHARA;ROBE;MY LOOK;24E;33;100;-;PFL;0GE;;R0;
20762                            X;;20762;JOHAYNA;ROBE;MY LOOK;24E;30;90;-;PFL;0GE;;R0;
20763                            X;;20763;JOHN;SHORT;MY LOOK;24E;24;80;-;PFL;0GE;;R0;
20764                            X;;20764;JOHNATAN;CHEMISE;MY LOOK;24E;31;90;-;PFL;0GE;;R0;
20765                            X;;20765;JOSCELYNE;ROBE;MY LOOK;24E;33;100;-;PFL;0GE;;R0;
20766                            X;;20766;JOKIN;ROBE;MY LOOK;24E;33;100;-;PFL;0GE;;R0;
20767                            X;;20767;JOHNATHAN;PANTALON;SOTTEX;24E;27;80;-;PFL;0GE;;R0;
20768                            X;;20768;JOANE;DOUDOUNE;SOTTEX;24E;43;130;-;PFL;0GE;;R0;
20769                            X;;20769;JO;Tenue de Sport;MAILLE CLUB;24E;24;60;-;PFL;0GE;;R0;
20770                            X;;20770;JOACHIN;Tenue de Sport;MAILLE CLUB;24E;15;35;-;PFL;0GE;;R0;
20771                            X;;20771;JOANNE;Tenue de Sport;MAILLE CLUB;24E;21;50;-;PFL;0GE;;R0;
20772                            X;;20772;JOANNIE;Tenue de Sport;MAILLE CLUB;24E;21;50;-;PFL;0GE;;R0;
20773                            X;;20773;JOANNY;Tenue de Sport;MAILLE CLUB;24E;22;60;-;PFL;0GE;;R0;
20774                            X;;20774;JOAO;Tenue de Sport;MAILLE CLUB;24E;12;35;-;PFL;0GE;;R0;
20775                            X;;20775;JOHNY;PULL;STE GAT FASHION;24E;27;80;-;PFL;0GE;;R0;
20776                            X;;20776;JOAQUIM;DEBARDEUR;MIRALETTE;24E;14;40;-;PFL;0GE;;R0;
20777                            X;;20777;JOKIN;DEBARDEUR;MIRALETTE;24E;14;40;-;PFL;0GE;;R0;
20778                            X;;20778;JOLAN;ROBE;MIRALETTE;24E;35;110;-;PFL;0GE;;R0;
20779                            X;;20779;JOLANE;ROBE;MIRALETTE;24E;32;100;-;PFL;0GE;;R0;
20780                            X;;20780;JOLANN;ROBE;MIRALETTE;24E;32;100;-;PFL;0GE;;R0;
20781                            X;;20781;JOLENE;ROBE;MIRALETTE;24E;32;100;-;PFL;0GE;;R0;
20782                            X;;20782;JOLHAN;ROBE;MIRALETTE;24E;32;100;-;PFL;0GE;;R0;
20783                            X;;20783;JOLINE;ROBE;MIRALETTE;24E;32;100;-;PFL;0GE;;R0;
20784                            X;;20784;JOMANA;ROBE;MIRALETTE;24E;32;100;-;PFL;0GE;;R0;
20785                            X;;20785;JON;ROBE;MIRALETTE;24E;32;100;-;PFL;0GE;;R0;
20787                            X;;20787;JOSELITA;ROBE;STE TEX-MODE;24E;55;160;-;PFL;0GG;;R0;
20788                            X;;20788;JOB;BLOUSE;STE TEX-MODE;24E;31;90;-;PFL;0GE;;R0;
20789                            X;;20789;JOCASSE;ROBE;STE TEX-MODE;24E;52;150;-;PFL;0GE;;R0;
20790                            X;;20790;JOCELIN;CHEMISE;STE TEX-MODE;24E;33;100;-;PFL;0GE;;R0;
20791                            X;;20791;JOCELINE;BLOUSE;STE TEX-MODE;24E;34;100;-;PFL;0GE;;R0;
20792                            X;;20792;JOCELYNE;ROBE;STE TEX-MODE;24E;56;160;-;PFL;0GE;;R0;
20793                            X;;20793;JOCIA;ROBE;STE TEX-MODE;24E;0;0;-;PFL;0GE;;R0;
20794                            X;;20794;JOCYA;ROBE;STE TEX-MODE;24E;56;160;-;PFL;0GE;;R0;
20795                            X;;20795;JODEL;ROBE;STE TEX-MODE;24E;51;160;-;PFL;0GE;;R0;
20796                            X;;20796;JOCIA;ROBE;STE TEX-MODE;24E;45;130;-;PFL;0GI;;R0;
20797                            X;;20797;JENAH;BLOUSE;ROSELLA;24E;50;160;-;PFL;0GI;;R0;
20798                            X;;20798;JENIFER;PANTALON;ROSELLA;24E;40;120;-;PFL;0GH;;R0;
20799                            X;;20799;JENNA;ROBE;ROSELLA;24E;43;130;-;PFL;0GH;;R0;
20800                            X;;20800;JENNAH;PANTALON;ROSELLA;24E;36;100;-;PFL;0GH;;R0;
20801                            X;;20801;JENNIE;ROBE;ROSELLA;24E;58;170;-;PFL;0GH;;R0;
20802                            X;;20802;JENNY;PANTALON;ROSELLA;24E;37;110;-;PFL;0GH;;R0;
20803                            X;;20803;JEOFFREY;ROBE;ROSELLA;24E;58;160;-;PFL;0GH;;R0;
20804                            X;;20804;JEREMI;ROBE;ROSELLA;24E;54;160;-;PFL;0GH;;R0;
20805                            X;;20805;JEREMIAH;ROBE;ROSELLA;24E;36;140;-;PFL;0GH;;R0;
20806                            X;;20806;JEREMY;ROBE;ROSELLA;24E;34;100;-;PFL;0GH;;R0;
20807                            X;;20807;JERRY;CHEMISE;ROSELLA;24E;35;100;-;PFL;0GH;;R0;
20808                            X;;20808;JEROME;PANTALON;ROSELLA;24E;36;100;-;PFL;0GH;;R0;
20809                            X;;20809;JERONIMO;BLOUSE;ROSELLA;24E;36;100;-;PFL;0GH;;R0;
20810                            X;;20810;JEROMINE;PANTALON;ROSELLA;24E;36;100;-;PFL;0GH;;R0;
20811                            X;;20811;JERSEY;PANTALON;ROSELLA;24E;36;100;-;PFL;0GH;;R0;
20812                            X;;20812;JERZY;PANTALON;ROSELLA;24E;36;100;-;PFL;0GH;;R0;
20813                            X;;20813;JEASON;CHEMISE;STE TEX-MODE;24E;31;90;-;PFL;0GH;;R0;
20814                            X;;20814;JED;TEE SHIRT;STE TEX-MODE;24E;14;40;-;PFL;0GH;;R0;
20815                            X;;20815;JANIE;CHEMISE;MAILLE CLUB;24E;32;90;-;PFM;0GH;;R0;
20816                            X;;20816;JAYMI;ROBE;ARTEMIS;24E;40;120;-;PFL;0GI;;R0;
20817                            X;;20817;JAYNA;ROBE;ARTEMIS;24E;42;120;-;PFL;0GI;;R0;
20818                            X;;20818;JAYRON;ROBE;ARTEMIS;24E;45;130;-;PFL;0GH;;R0;
20819                            X;;20819;JAYSON;TUNIQUE;ARTEMIS;24E;28;80;-;PFL;0GH;;R0;
20820                            X;;20820;JAZIA;PANTALON;ARTEMIS;24E;32;90;-;PFL;0GH;;R0;
20821                            X;;20821;JAZZ;ROBE;ARTEMIS;24E;45;130;-;PFL;0GH;;R0;
20822                            X;;20822;JEAN;ROBE;ARTEMIS;24E;52;150;-;PFL;0GH;;R0;
20823                            X;;20823;JEACQUES;PANTALON;ARTEMIS;24E;38;110;-;PFL;0GH;;R0;
20824                            X;;20824;JEANE;BLOUSE;ARTEMIS;24E;32;90;-;PFL;0GH;;R0;
20825                            X;;20825;JEANELLE;BLOUSE;ARTEMIS;24E;31;90;-;PFL;0GH;;R0;
20826                            X;;20826;JEANETTE;CHEMISE;ARTEMIS;24E;41;120;-;PFL;0GH;;R0;
20827                            X;;20827;JANICK;ROBE;DELFINO;24E;28;90;-;PFL;0GH;;R0;
20829                            X;;20829;JANINA;PANTALON JOGGING;DELFINO;24E;28;80;-;PFL;0GH;;R0;
20830                            X;;20830;JAYAN;CARDIGAN;DELFINO;24E;42;120;-;PFL;0GH;;R0;
20831                            X;;20831;JO;Tenue de Sport;NBL;24E;24;60;-;PFL;0GI;;R0;
20832                            X;;20832;JOACHIN;Tenue de Sport;NBL;24E;15;35;-;PFL;0GI;;R0;
20833                            X;;20833;JOANNE;Tenue de Sport;NBL;24E;21;50;-;PFL;0GI;;R0;
20834                            X;;20834;JOANNIE;Tenue de Sport;NBL;24E;21;50;-;PFL;0GI;;R0;
20835                            X;;20835;JOANNY;Tenue de Sport;NBL;24E;22;60;-;PFL;0GI;;R0;
20836                            X;;20836;JOAO;Tenue de Sport;NBL;24E;12;35;-;PFL;0GI;;R0;
20837                            X;;20837;JAIME;GILET;MAILLE CLUB;24E;30;90;-;PFM;0GH;;R0;
20838                            X;;20838;JAHYANN;BLOUSE;AICHA FASHION;24E;34;100;-;PFL;0GH;;R0;
20839                            X;;20839;JAHYDEN;ROBE;AICHA FASHION;24E;38;110;-;PFL;0GH;;R0;
20840                            X;;20840;JAHYNA;ROBE;AICHA FASHION;24E;38;110;-;PFL;0GH;;R0;
20841                            X;;20841;JANINE;ROBE;AICHA FASHION;24E;28;80;-;PFL;0GH;;R0;
20842                            X;;20842;JANIQUE;ROBE;AICHA FASHION;24E;28;80;-;PFL;0GH;;R0;
20843                            X;;20843;JANIS;ROBE;AICHA FASHION;24E;23;70;-;PFL;0GH;;R0;
20844                            X;;20844;JANNA;ROBE;AICHA FASHION;24E;38;110;-;PFL;0GH;;R0;
20845                            X;;20845;JAIMIE;BLOUSE;AICHA FASHION;24E;32;90;-;PFL;0GH;;R0;
20846                            X;;20846;JAIMY;ROBE;AICHA FASHION;24E;32;90;-;PFL;0GH;;R0;
20847                            X;;20847;JAINA;PYJAMA;AICHA FASHION;24E;28;80;-;PFL;0GH;;R0;
20848                            X;;20848;JAIRO;PYJA SHORT;AICHA FASHION;24E;25;70;-;PFL;0GH;;R0;
20849                            X;;20849;JAISON;CHEMISE DE NUIT;AICHA FASHION;24E;20;70;-;PFL;0GH;;R0;
20850                            X;;20850;JAKE;CHEMISE DE NUIT;AICHA FASHION;24E;25;70;-;PFL;0GH;;R0;
20851                            X;;20851;JAIDEN;PULL;STE GAT FASHION;24E;29;90;-;PFL;0GH;;R0;
20852                            X;;20852;JAKI;ROBE;MAILLE CLUB;24E;61;160;-;PFM;0GE;;R0;
20853                            X;;20853;JANNAH;ROBE;MAILLE CLUB;24E;37;110;-;PFL;0GH;;R0;
20854                            X;;20854;JANNAT;ROBE;MAILLE CLUB;24E;42;120;-;PFL;0GH;;R0;
20855                            X;;20855;JANNE;ROBE;MAILLE CLUB;24E;35;100;-;PFL;0GH;;R0;
20856                            X;;20856;JANNICK;ROBE;MAILLE CLUB;24E;35;100;-;PFL;0GH;;R0;
20857                            X;;20857;JANNIE;LOUNGE WEAR;MAILLE CLUB;24E;42;130;-;PFL;0GH;;R0;
20858                            X;;20858;JANNINE;LOUNGE WEAR;MAILLE CLUB;24E;49;140;-;PFL;0GH;;R0;
20859                            X;;20859;JANNY;PANTALON;MAILLE CLUB;24E;28;80;-;PFL;0GH;;R0;
20860                            X;;20860;JANOS;PANTALON;MAILLE CLUB;24E;28;80;-;PFL;0GH;;R0;
20861                            X;;20861;JANY;TEE SHIRT;MAILLE CLUB;24E;25;70;-;PFL;0GH;;R0;
20862                            X;;20862;JANYCE;TEE SHIRT;MAILLE CLUB;24E;21;60;-;PFL;0GH;;R0;
20863                            X;;20863;JAOID;TEE SHIRT;MAILLE CLUB;24E;21;60;-;PFL;0GH;;R0;
20864                            X;;20864;JAOUAD;TEE SHIRT;MAILLE CLUB;24E;21;60;-;PFL;0GH;;R0;
20865                            X;;20865;JAOUED;DEBARDEUR;MAILLE CLUB;24E;17;50;-;PFL;0GH;;R0;
20866                            X;;20866;JAOUEN;ROBE;MAILLE CLUB;24E;37;110;-;PFL;0GH;;R0;
20867                            X;;20867;JAPHET;ROBE;MAILLE CLUB;24E;35;100;-;PFL;0GH;;R0;
20868                            X;;20868;JARED;ROBE;MAILLE CLUB;24E;35;100;-;PFL;0GH;;R0;
20870                            X;;20870;JAROD;ROBE;MAILLE CLUB;24E;35;100;-;PFL;0GH;;R0;
20871                            X;;20871;JASIM;ROBE;MAILLE CLUB;24E;31;90;-;PFL;0GH;;R0;
20872                            X;;20872;JIMY;ROBE;TIN TRADE;24E;44;150;-;PFL;0GI;;R0;
20873                            X;;20873;JAYDEN;ROBE;TIN TRADE;24E;38;130;-;PFL;0GI;;R0;
20874                            X;;20874;JAYLAN;ROBE;TIN TRADE;24E;36;120;-;PFL;0GI;;R0;
20875                            X;;20875;JAYLEN;ROBE;MAILLE CLUB;24E;35;130;-;PFL;0GI;;R0;
20876                            X;;20876;JIN;ROBE;AICHA FASHION;24E;35;100;-;PFL;0GH;;R0;
20877                            X;;20877;JOSSELINE;CHAUSSURES;SOFECUIR;24E;29;90;-;PFL;0GL;;R0;
20878                            X;;20878;JOSSE;CHAUSSURES;SOFECUIR;24E;33;100;-;PFL;0GL;;R0;
20879                            X;;20879;JOSIE;CHAUSSURES;SOFECUIR;24E;33;100;-;PFL;0GL;;R0;
20880                            X;;20880;JOSHUA;CHAUSSURES;SOFECUIR;24E;29;90;-;PFL;0GL;;R0;
20881                            X;;20881;JULIENNE;ROBE;ROSELLA;24E;55;160;-;PFL;0GH;;R0;
20882                            X;;20882;JUDICAEL;ROBE;ROSELLA;24E;54;150;-;PFL;0GH;;R0;
20883                            X;;20883;JOSEFINA;ROBE;ROSELLA;24E;54;150;-;PFL;0GH;;R0;
20884                            X;;20884;JOSELITO;ROBE;ROSELLA;24E;48;150;-;PFL;0GH;;R0;
20885                            X;;20885;JOSELYNE;ROBE;ROSELLA;24E;53;150;-;PFL;0GH;;R0;
20886                            X;;20886;JOSEPHA;ROBE;ROSELLA;24E;54;150;-;PFL;0GH;;R0;
20887                            X;;20887;JOSEPHE;ROBE;ROSELLA;24E;40;120;-;PFL;0GH;;R0;
20888                            X;;20888;JOSEPHINA;ROBE;ROSELLA;24E;54;150;-;PFL;0GH;;R0;
20889                            X;;20889;JOSEPHINE;ROBE;ROSELLA;24E;51;160;-;PFL;0GH;;R0;
20890                            X;;20890;JOSEPHTE;PANTALON;ROSELLA;24E;35;100;-;PFL;0GH;;R0;
20891                            X;;20891;JOSETE;PANTALON;ROSELLA;24E;53;160;-;PFL;0GH;;R0;
20892                            X;;20892;JOSIANE;VESTE;ROSELLA;24E;81;230;-;PFL;0GH;;R0;
20893                            X;;20893;JOSIAS;PANTALON;ROSELLA;24E;38;110;-;PFL;0GH;;R0;
20894                            X;;20894;JOSINE;JUPE;ROSELLA;24E;36;100;-;PFL;0GH;;R0;
20895                            X;;20895;JOSQUIN;CHEMISE;ROSELLA;24E;32;90;-;PFL;0GH;;R0;
20896                            X;;20896;JOSS;CHEMISE;ROSELLA;24E;34;100;-;PFL;0GH;;R0;
20897                            X;;20897;JORAN;VESTE;ROSELLA;24E;51;140;-;PFL;0GH;;R0;
20900                            X;;20900;JORAN;TUNIQUE;MAILLE CLUB;24E;25;70;-;PFM;0GH;;R0;
20902                            X;;20902;JOAQUINA;ROBE;ARTEMIS;24E;42;130;-;PFL;0GH;;R0;
20903                            X;;20903;JOCKEYS;ROBE;ARTEMIS;24E;48;140;-;PFL;0GH;;R0;
20904                            X;;20904;JOCRISSE;ROBE;ARTEMIS;24E;45;130;-;PFL;0GH;;R0;
20905                            X;;20905;JODHPUR;CHEMISE;ARTEMIS;24E;35;100;-;PFL;0GH;;R0;
20906                            X;;20906;JODIE;TUNIQUE;ARTEMIS;24E;21;60;-;PFL;0GH;;R0;
20907                            X;;20907;JOE;BLOUSE;ARTEMIS;24E;28;80;-;PFL;0GH;;R0;
20908                            X;;20908;JOEFFREY;BLOUSE;ARTEMIS;24E;28;80;-;PFL;0GH;;R0;
20909                            X;;20909;JORDANA;ROBE;ARTEMIS;24E;0;0;-;PFL;0GH;;R0;
20910                            X;;20910;JOEVIN;ROBE;ARTEMIS;24E;0;0;-;PFL;0GH;;R0;
20911                            X;;20911;JORDANA;ROBE;ARTEMIS;24E;45;130;-;PFL;0GI;;R0;
20912                            X;;20912;JOEVIN;ROBE;ARTEMIS;24E;46;140;-;PFL;0GI;;R0;
20915                            X;;20915;JOSELITO;ROBE;ROSELLA;24E;48;150;-;PFL;0GJ;;R0;
20916                            X;;20916;JOSETTE;PANTALON;MY LOOK;24E;23;80;-;PFL;0GE;;R0;
20917                            X;;20917;JONAEL;ROBE;SOTTEX;24E;39;120;-;PFL;0GE;;R0;
20918                            X;;20918;JONAH;SHORT;SOTTEX;24E;19;60;-;PFL;0GE;;R0;
20919                            X;;20919;JONATHANE;ROBE;AICHA FASHION;24E;35;110;-;PFL;0GE;;R0;
20920                            X;;20920;JOACKIM;TEE SHIRT;AICHA FASHION;24E;17;50;-;PFL;0GE;;R0;
20921                            X;;20921;JOEL;ROBE;AICHA FASHION;24E;28;80;-;PFL;0GE;;R0;
20922                            X;;20922;JOELE;ROBE;AICHA FASHION;24E;28;80;-;PFL;0GE;;R0;
20923                            X;;20923;JOELLA;ROBE;AICHA FASHION;24E;35;100;-;PFL;0GE;;R0;
20924                            X;;20924;JOEY;ROBE;AICHA FASHION;24E;33;100;-;PFL;0GE;;R0;
20925                            X;;20925;JOFFRAY;ROBE;AICHA FASHION;24E;35;100;-;PFL;0GE;;R0;
20926                            X;;20926;JONATHANN;ROBE;AICHA FASHION;24E;35;100;-;PFL;0GE;;R0;
20927                            X;;20927;JONNHY;ROBE;AICHA FASHION;24E;42;119;-;PFL;0GE;;R0;
20928                            X;;20928;JONNHY;ROBE;AICHA FASHION;24E;42;120;-;PFL;0GI;;R0;
20929                            X;;20929;JORANE;ROBE;ROSELLA;24E;63;170;-;PFL;0GE;;R0;
20930                            X;;20930;JIMMY;PANTALON;ROSELLA;24E;36;100;-;PFL;0GE;;R0;
20931                            X;;20931;JILLIAN;JUPE;ROSELLA;24E;36;100;-;PFL;0GE;;R0;
20932                            X;;20932;JILANI;CHEMISE;ROSELLA;24E;35;100;-;PFL;0GE;;R0;
20933                            X;;20933;JIL;JUPE;ROSELLA;24E;36;100;-;PFL;0GE;;R0;
20934                            X;;20934;JIHANE;PANTALON;ROSELLA;24E;36;100;-;PFL;0GE;;R0;
20935                            X;;20935;JANAYA;TEE SHIRT;STE TEX-MODE;24E;12;40;-;PFL;0GE;;R0;
20936                            X;;20936;JEANINE;CHEMISE;STE TEX-MODE;24E;35;100;-;PFL;0GE;;R0;
20937                            X;;20937;JULIA;TEE SHIRT;STE TEX-MODE;24E;12;50;-;PFL;0GE;;R0;
20938                            X;;20938;JASON;PYJA SHORT;STE TEX-MODE;24E;19;70;-;PFL;0GE;;R0;
20939                            X;;20939;JALEL;ROBE;COMETEX;24E;34;100;-;PFL;0GI;;R0;
20940                            X;;20940;JAMILA;ROBE;ARTEMIS;24E;63;170;-;PFL;0GO;;R0;
20941                            X;;20941;JAWED;KIMONO;TIN TRADE;24E;49;140;-;PFL;0GJ;;R0;
20942                            X;;20942;JALIA;LOUNGE WEAR;DELFINO;24E;42;130;-;PFL;0GO;;R0;
20943                            X;6191114475991;20943;JALIS;CHEMISE;STE PRIMAVET;24E;28;90;-;PFL;0GO;;R0;
20944                            X;;20944;JINAN;ROBE;ARTEMIS;24E;35;110;-;PFL;0GH;;R0;
20945                            X;;20945;JINGLE;ROBE;ARTEMIS;24E;35;110;-;PFL;0GH;;R0;
20946                            X;;20946;JOFFRETTE;ROBE;ARTEMIS;24E;43;130;-;PFL;0GH;;R0;
20947                            X;;20947;JOFFREY;ROBE;ARTEMIS;24E;45;130;-;PFL;0GH;;R0;
20948                            X;;20948;JOHAINA;ROBE;ARTEMIS;24E;45;130;-;PFL;0GH;;R0;
20949                            X;;20949;JORDANE;ROBE;ARTEMIS;24E;47;140;-;PFL;0GH;;R0;
20950                            X;;20950;JORDANN;ROBE;ARTEMIS;24E;47;140;-;PFL;0GH;;R0;
20951                            X;;20951;JOSSELYN;CHEMISE;ARTEMIS;24E;31;90;-;PFL;0GH;;R0;
20952                            X;;20952;JOSSUA;CHEMISE;ARTEMIS;24E;30;90;-;PFL;0GH;;R0;
20953                            X;;20953;JABADAO;BLOUSE;ARTEMIS;24E;31;90;-;PFL;0GH;;R0;
20954                            X;;20954;JABIRU;PANTALON;ARTEMIS;24E;27;80;-;PFL;0GH;;R0;
20955                            X;;20955;JAMEL;PONCHO;COMETEX;24E;29;90;-;PFL;0GI;;R0;
20956                            X;;20956;JEANNA;PONCHO;MAILLE CLUB;24E;13;40;-;PFL;0GJ;;R0;
20957                            X;;20957;JAHID;Tenue de Sport;S.B.C;24E;26;70;-;PFL;0GE;;R0;
20958                            X;;20958;JAURIS;Tenue de Sport;S.B.C;24E;20;50;-;PFL;0GE;;R0;
20959                            X;;20959;JACQUI;PANTALON;STE TEX-MODE;24E;28;80;-;PFL;0GE;;R0;
20960                            X;;20960;JACQUIE;BLOUSE;MAILLE CLUB;24E;0;100;-;PFM;0GE;;R0;
20961                            X;;20961;JACQUIS;CHEMISE;MAILLE CLUB;24E;0;110;-;PFM;0GE;;R0;
20962                            X;;20962;JACQUIT;ROBE;STE TEX-MODE;24E;56;160;-;PFL;0GE;;R0;
20963                            X;;20963;JACQUY;TEE SHIRT;STE TEX-MODE;24E;13;40;-;PFL;0GE;;R0;
20964                            X;;20964;JANIK;ROBE;TIN TRADE;24E;36;120;-;PFL;0GE;;R0;
20965                            X;;20965;JAD;TEE SHIRT;STE TEX-MODE;24E;14;40;-;PFL;0GE;;R0;
20966                            X;;20966;JANNATE;ROBE;COFIVET;24E;55;150;-;PFL;0GE;;R0;
20967                            X;;20967;JAILYS;ROBE;COFIVET;24E;55;150;-;PFL;0GE;;R0;
20968                            X;;20968;JAN;PANTALON;COFIVET;24E;33;100;-;PFL;0GE;;R0;
20969                            X;;20969;JASMINA;CHEMISE;COFIVET;24E;34;100;-;PFL;0GE;;R0;
20970                            X;;20970;JASON;PANTALON;COFIVET;24E;33;100;-;PFL;0GE;;R0;
20971                            X;;20971;JASPER;PANTALON;COFIVET;24E;32;100;-;PFL;0GE;;R0;
20972                            X;;20972;JASSEM;PANTALON;COFIVET;24E;32;100;-;PFL;0GE;;R0;
20973                            X;;20973;JAUFFRY;ROBE;COFIVET;24E;55;150;-;PFL;0GE;;R0;
20974                            X;;20974;JESS;PANTALON;COFIVET;24E;33;100;-;PFL;0GE;;R0;
20975                            X;;20975;JAMELA;MAILLOT;MAILLE CLUB;24E;42;130;-;PFL;0GE;;R0;
20976                            X;;20976;JAMIE;MAILLOT;MAILLE CLUB;24E;42;130;-;PFL;0GE;;R0;
20977                            X;;20977;JAMIL;MAILLOT;MAILLE CLUB;24E;42;120;-;PFL;0GE;;R0;
20978                            X;;20978;JAMY;MAILLOT;MAILLE CLUB;24E;42;120;-;PFL;0GE;;R0;
20979                            X;;20979;JADE;DEBARDEUR;MAILLE CLUB;24E;10;26;-;PFL;0GE;;R0;
20980                            X;;20980;JADEN;DEBARDEUR;MAILLE CLUB;24E;10;30;-;PFL;0GE;;R0;
20981                            X;;20981;JADWIGA;SLIP;GRP GRATTI TEXTILE;24E;6;20;-;PFL;0GE;;R0;
20982                            X;;20982;JAELLE;SLIP;GRP GRATTI TEXTILE;24E;9;28;-;PFL;0GE;;R0;
20983                            X;;20983;JAHDEN;SLIP;GRP GRATTI TEXTILE;24E;7;22;-;PFL;0GE;;R0;
20984                            X;;20984;JAHEL;BRASSIERE;MAILLE CLUB;24E;11;30;-;PFL;0GE;;R0;
20985                            X;;20985;JAHIDA;BRASSIERE;MAILLE CLUB;24E;11;30;-;PFL;0GE;;R0;
20986                            X;;20986;JAHINA;BRASSIERE;MAILLE CLUB;24E;11;30;-;PFL;0GE;;R0;
20987                            X;;20987;JAHLYA;SLIP;GRP GRATTI TEXTILE;24E;7;22;-;PFL;0GE;;R0;
20988                            X;;20988;20988;TEE SHIRT;STE TEX-MODE;24E;14;40;-;PFL;0GE;;R0;
20990                            X;;20990;JEF;ROBE;STE TEX-MODE;24E;56;160;-;PFL;0GE;;R0;
20991                            X;;20991;JASSIM;ROBE;AICHA FASHION;24E;33;100;-;PFL;0GE;;R0;
20992                            X;;20992;JEANNE;ROBE;TIN TRADE;24E;52;150;-;PFL;0GE;;R0;
20994                            X;;20994;JAVIER;ROBE;STE TEX-MODE;24E;56;160;-;PFL;0GE;;R0;
20995                            X;;20995;JEANNELL;ROBE;ROSELLA;24E;56;160;-;PFL;0GE;;R0;
20996                            X;;20996;JEANNETTE;ROBE;ROSELLA;24E;56;160;-;PFL;0GE;;R0;
20997                            X;;20997;JEANINNE;CHEMISE;ROSELLA;24E;32;90;-;PFL;0GE;;R0;
20998                            X;;20998;JEANICK;BLOUSE;ROSELLA;24E;33;100;-;PFL;0GE;;R0;
20999                            X;;20999;JEANNINA;CHEMISE;ROSELLA;24E;35;100;-;PFL;0GE;;R0;
21000                            X;;21000;JEANNOT;BLOUSE;ROSELLA;24E;20;60;-;PFL;0GE;;R0;
21001                            X;;21001;JEANNY;BLOUSE;ROSELLA;24E;20;60;-;PFL;0GE;;R0;
21002                            X;;21002;JIBRIL;BLOUSE;ROSELLA;24E;20;60;-;PFL;0GE;;R0;
21003                            X;;21003;JESSIE;VESTE;ROSELLA;24E;65;180;-;PFL;0GE;;R0;
21004                            X;;21004;JESSIKA;PANTALON;ROSELLA;24E;35;100;-;PFL;0GE;;R0;
21005                            X;;21005;JESSIM;PANTALON;ROSELLA;24E;36;100;-;PFL;0GE;;R0;
21006                            X;;21006;JESSYCA;PANTALON;ROSELLA;24E;35;100;-;PFL;0GE;;R0;
21007                            X;;21007;JESSYM;BLOUSE;ROSELLA;24E;32;90;-;PFL;0GE;;R0;
21008                            X;;21008;JEANOT;PYJAMA;AICHA FASHION;24E;28;80;-;PFL;0GE;;R0;
21009                            X;;21009;JEANNIE;PYJAMA;AICHA FASHION;24E;28;80;-;PFL;0GE;;R0;
21010                            X;;21010;JEANNICK;PYJAMA;AICHA FASHION;24E;28;80;-;PFL;0GE;;R0;
21011                            X;;21011;JEFFREY;ROBE;AICHA FASHION;24E;33;100;-;PFL;0GE;;R0;
21012                            X;;21012;JEHAN;BLOUSE;AICHA FASHION;24E;21;70;-;PFL;0GE;;R0;
21013                            X;;21013;JELANI;ROBE;AICHA FASHION;24E;27;80;-;PFL;0GE;;R0;
21014                            X;;21014;JEMIMA;PANTALON;AICHA FASHION;24E;24;70;-;PFL;0GE;;R0;
21015                            X;;21015;JANA;MAILLOT;S.B.C;24E;25;80;-;PFL;0GE;;R0;
21016                            X;;21016;JANAELLE;MAILLOT;S.B.C;24E;25;80;-;PFL;0GE;;R0;
21017                            X;;21017;JANAH;MAILLOT;S.B.C;24E;25;80;-;PFL;0GE;;R0;
21018                            X;;21018;JANAT;MAILLOT;S.B.C;24E;25;80;-;PFL;0GE;;R0;
21019                            X;;21019;JANE;MAILLOT;S.B.C;24E;25;80;-;PFL;0GE;;R0;
21020                            X;;21020;JANELLE;MAILLOT;S.B.C;24E;25;80;-;PFL;0GE;;R0;
21021                            X;;21021;JANET;MAILLOT;S.B.C;24E;25;80;-;PFL;0GE;;R0;
21022                            X;;21022;JANETTE;MAILLOT;S.B.C;24E;25;80;-;PFL;0GE;;R0;
21023                            X;;21023;JANICK;MAILLOT;S.B.C;24E;25;80;-;PFL;0GE;;R0;
21024                            X;;21024;JEFFERSON;MAILLOT;S.B.C;24E;25;80;-;PFL;0GE;;R0;
21025                            X;;21025;JEFFRY;MAILLOT;S.B.C;24E;25;80;-;PFL;0GE;;R0;
21026                            X;;21026;JEHANE;MAILLOT;S.B.C;24E;25;80;-;PFL;0GE;;R0;
21027                            X;;21027;JEHANNE;MAILLOT;S.B.C;24E;25;80;-;PFL;0GE;;R0;
21028                            X;;21028;JELENA;MAILLOT;S.B.C;24E;25;80;-;PFL;0GE;;R0;
21029                            X;;21029;JEMMY;MAILLOT;S.B.C;24E;25;80;-;PFL;0GE;;R0;
21030                            X;;21030;JAUFRY;MAILLOT;S.B.C;24E;25;80;-;PFL;0GE;;R0;
21031                            X;;21031;JAWAD;MAILLOT;S.B.C;24E;25;80;-;PFL;0GE;;R0;
21032                            X;;21032;JEYDEN;CHEMISE;SOTTEX;24E;29;90;-;PFL;0GE;;R0;
21033                            X;;21033;JEYSON;PANTALON;SOTTEX;24E;23;80;-;PFL;0GE;;R0;
21034                            X;;21034;JHON;ROBE;ARTEMIS;24E;42;120;-;PFL;0GE;;R0;
21035                            X;;21035;JHONNY;ROBE;ARTEMIS;24E;45;130;-;PFL;0GE;;R0;
21036                            X;;21036;JOSSELYNE;CHEMISE;ARTEMIS;24E;41;120;-;PFL;0GE;;R0;
21037                            X;;21037;JAHYAN;ROBE;TIN TRADE;24E;34;100;-;PFL;0GE;;R0;
21038                            X;;21038;JAHYA;ROBE;TIN TRADE;24E;36;120;-;PFL;0GE;;R0;
21039                            X;;21039;JAHYANA;BLOUSE;TIN TRADE;24E;25;80;-;PFL;0GE;;R0;
21040                            X;;21040;JAHNAEL;PANTALON;TIN TRADE;24E;25;80;-;PFL;0GE;;R0;
21041                            X;;21041;JASMYNE;ROBE;TIN TRADE;24E;40;150;-;PFL;0GE;;R0;
21042                            X;;21042;JAWADE;CHEMISE;TIN TRADE;24E;24;70;-;PFL;0GE;;R0;
21043                            X;;21043;JEREMIE;PANTALON;TIN TRADE;24E;26;80;-;PFL;0GE;;R0;
21044                            X;;21044;JAYANN;CHEMISE;ARTEMIS;24E;43;120;-;PFL;0GE;;R0;
21045                            X;;21045;JOYE;TUNIQUE;MY LOOK;24E;24;70;-;PFL;0GE;;R0;
21046                            X;;21046;JOSIANNE;DEBARDEUR;AICHA FASHION;24E;12;35;-;PFL;0GJ;;R0;
21047                            X;;21047;JOSSELIN;DEBARDEUR;AICHA FASHION;24E;12;35;-;PFL;0GJ;;R0;
21048                            X;;21048;JUDIKAEL;DEBARDEUR;AICHA FASHION;24E;12;35;-;PFL;0GJ;;R0;
21049                            X;;21049;JUDICKAEL;DEBARDEUR;AICHA FASHION;24E;12;35;-;PFL;0GJ;;R0;
21050                            X;;21050;JUDICAELLE;DEBARDEUR;AICHA FASHION;24E;12;35;-;PFL;0GJ;;;
21051                            X;;21051;JOYE;DEBARDEUR;AICHA FASHION;24E;12;35;-;PFL;0GJ;;R0;
21052                            X;;21052;JABLA;CHEMISE;ARTEMIS;24E;35;100;-;PFL;0GH;;R0;
21053                            X;;21053;JABLAGE;CHEMISE;ARTEMIS;24E;33;100;-;PFL;0GH;;R0;
21054                            X;;21054;JABLEE;PANTALON;ARTEMIS;24E;26;90;-;PFL;0GH;;R0;
21055                            X;;21055;JACTAS;ROBE;ARTEMIS;24E;45;140;-;PFL;0GH;;R0;
21056                            X;;21056;JABADAO;PANTALON;ARTEMIS;24E;26;90;-;PFL;0GH;;R0;
21057                            X;;21057;JABLA;CHEMISE;ARTEMIS;24E;0;0;-;PFL;0GH;;R0;
21058                            X;;21058;JABLA;CHEMISE;ARTEMIS;24E;34;100;-;PFL;0GI;;R0;
21059                            X;;21059;JABIRU;TENUE VENDEUR(se);STE TEX-MODE;24E;13;0;-;PFL;0GG;;R0;
21060                            X;;21060;JABLER;TENUE VENDEUR(se);ROUDAYNA MODE;24E;19;0;-;PFL;0GG;;R0;
21061                            X;;21061;JABLAS;ROBE;MAILLE CLUB;24E;28;80;-;PFM;0GG;;;
21062                            X;;21062;JABOTAI;ROBE;ARTEMIS;24E;49;150;-;PFL;0GH;;;
21063                            X;;21063;JABIRUS;CHEMISE;MY LOOK;24E;25;80;-;PFL;0GH;;;
21064                            X;;21064;JABLAIS;PANTALON;MY LOOK;24E;24;80;-;PFL;0GH;;;
21065                            X;;21065;JAYLEN;ROBE;TIN TRADE;24E;35;130;-;PFL;0GH;;;
21066                            X;;21066;JABLAT;CHEMISE;STE TEX-MODE;24E;28;90;-;PFL;0GH;;;
21067                            X;;21067;JABLEZ;ROBE;STE TEX-MODE;24E;53;150;-;PFL;0GH;;;
21068                            X;;21068;JABLOIR;TEE SHIRT;STE TEX-MODE;24E;13;50;-;PFL;0GH;;;
21069                            X;;21069;ISABELLE;VESTE;ROSELLA;24H;61;180;-;PFL;0GH;;;
21070                            X;;21070;INGRID;PANTALON;ROSELLA;24H;36;100;-;PFL;0GH;;;
21071                            X;;21071;IRÈNE;VESTE;ROSELLA;24H;69;190;-;PFL;0GH;;;
21072                            X;;21072;ILONA;PANTALON;ROSELLA;24H;36;100;-;PFL;0GH;;;
21073                            X;;21073;IVY;VESTE;ROSELLA;24H;81;230;-;PFL;0GH;;;
21078                            X;;21078;IGOR;VESTE;ROSELLA;24H;69;190;-;PFL;0GH;;;
21079                            X;;21079;IVAN;PANTALON;ROSELLA;24H;36;100;-;PFL;0GH;;;
21080                            X;;21080;IAN;VESTE;ROSELLA;24H;69;190;-;PFL;0GH;;;
21081                            X;;21081;ILARIA;PANTALON;ROSELLA;24H;35;100;-;PFL;0GH;;;
21082                            X;;21082;JACTASSIEZ;SLIP;EDL TRADING;24E;9;25;-;PFL;0GH;;;
21083                            X;;21083;JACTASSIONS;SOUTIEN;EDL TRADING;24E;34;100;-;PFL;LIN;;;
21084                            X;;21084;JACTAT;SLIP;EDL TRADING;24E;40;100;-;PFL;0GH;;;
21085                            X;;21085;JACTERA;SLIP;EDL TRADING;24E;33;90;-;PFL;0GH;;;
21086                            X;;21086;JACTENT;DEBARDEUR;EDL TRADING;24E;12;30;-;PFL;0GH;;;
21087                            X;;21087;JACTEES;DEBARDEUR;EDL TRADING;24E;12;30;-;PFL;LIN;;;
21088                            X;;21088;JACTERAIENT;DEBARDEUR;EDL TRADING;24E;12;30;-;PFL;0GH;;;
21089                            X;;21089;JACTERAIS;DEBARDEUR;EDL TRADING;24E;12;30;-;PFL;LIN;;;
21090                            X;;21090;JACTERAIT;SLIP;EDL TRADING;24E;8;22;-;PFL;0GH;;;
21091                            X;;21091;JACTERAS;SLIP;EDL TRADING;24E;8;22;-;PFL;LIN;;;
21092                            X;;21092;JACTIONS;SLIP;EDL TRADING;24E;13;30;-;PFL;0GH;;;
21093                            X;;21093;JAC;SLIP;EDL TRADING;24E;12;30;-;PFL;0GH;;;
21094                            X;;21094;JADIS;SLIP;EDL TRADING;24E;12;30;-;PFL;LIN;;;
21095                            X;;21095;JAGUAR;SLIP;EDL TRADING;24E;12;30;-;PFL;LIN;;;
21096                            X;;21096;JACTASSES;SOUTIEN;EDL TRADING;24E;21;70;-;PFL;LIN;;;
21099                            X;;21099;JAILLISSANTE;CHEMISE;ARTEMIS;24E;28;90;-;PFL;0GH;;;
21101                            X;;21101;JAILLIS;ROBE;ARTEMIS;24E;51;150;-;PFL;0GH;;;
21103                            X;;21103;JAILLIE;JUPE;ARTEMIS;24E;34;100;-;PFL;0GH;;;
21104                            X;;21104;JABLE;SET;AICHA FASHION;24E;41;130;-;PFL;0GH;;;
21105                            X;;21105;JABOT;KIMONO;AICHA FASHION;24E;35;100;-;PFL;0GJ;;;
21106                            X;;21106;ICAQUE;VESTE;ROSELLA;24H;69;190;-;PFL;0GH;;;
21107                            X;;21107;INAYA;PANTALON;ROSELLA;24H;36;100;-;PFL;0GH;;;
21108                            X;;21108;ICARIEN;CHEMISE;ROSELLA;24H;35;100;-;PFL;0GH;;;
21109                            X;;21109;ICONE;CHEMISE;ROSELLA;24H;36;100;-;PFL;0GH;;;
21110                            X;;21110;ICONIQUE;VESTE;ROSELLA;24H;77;230;-;PFL;0GH;;;
21111                            X;;21111;ICTERE;PANTALON;ROSELLA;24H;35;100;-;PFL;0GH;;;
21112                            X;;21112;ICOGLAN;MANTEAU;ROSELLA;24H;102;290;-;PFL;0GH;;;
21113                            X;;21113;ICOSANDRE;VESTE;ROSELLA;24H;69;190;-;PFL;0GH;;;
21114                            X;;21114;ICONOSTASE;VESTE;ROSELLA;24H;69;190;-;PFL;0GH;;;
21115                            X;;21115;ICONOSCOPE;PANTALON;ROSELLA;24H;36;100;-;PFL;0GH;;;
21116                            X;;21116;IDIOME;PANTALON;ROSELLA;24H;36;100;-;PFL;0GH;;;
21117                            X;;21117;IDOLE;CHEMISE;ROSELLA;24H;33;90;-;PFL;0GH;;;
21118                            X;;21118;IDYLLE;VESTE;ROSELLA;24H;81;250;-;PFL;0GH;;;
21119                            X;;21119;IDONIE;ROBE;ROSELLA;24H;53;150;-;PFL;0GH;;;
21120                            X;;21120;ICHTYOSE;TUNIQUE;ROSELLA;24H;32;90;-;PFL;0GH;;;
21121                            X;;21121;JACANA;KIMONO;AICHA FASHION;24E;35;110;-;PFL;0GI;;;
21122                            X;;21122;IDEAL;PULL;COMETEX;24H;29;90;-;PFL;0GH;;;
21123                            X;;21123;IDONEITE;PULL;COMETEX;24H;30;90;-;PFL;0GH;;;
21124                            X;;21124;ICELLE;GILET;COMETEX;24H;34;100;-;PFL;0GH;;;
21125                            X;;21125;ICAUNAIS;GILET;COMETEX;24H;32;90;-;PFL;0GH;;;
21126                            X;;21126;ICHOR;PULL;COMETEX;24H;29;90;-;PFL;0GH;;;
21127                            X;;21127;ICHTHYS;PULL;COMETEX;24H;31;90;-;PFL;0GH;;;
21128                            X;;21128;ICTUS;PULL;COMETEX;24H;28;80;-;PFL;0GH;;;
21129                            X;;21129;IDYLLIQUE;PULL;COMETEX;24H;31;90;-;PFL;0GH;;;
21130                            X;;21130;IRENEE;GILET;COMETEX;24H;31;90;-;PFL;0GH;;;
21131                            X;;21131;ISDOR;PULL;COMETEX;24H;31;100;-;PFL;0GH;;;
21132                            X;;21132;IVAN;ROBE;COMETEX;24H;32;90;-;PFL;0GH;;;
21133                            X;;21133;IMBERT;PULL;COMETEX;24H;32;90;-;PFL;0GH;;;
21134                            X;;21134;ISALINE;GILET;COMETEX;24H;32;90;-;PFL;0GH;;;
21135                            X;;21135;IZABEL;PULL;COMETEX;24H;32;90;-;PFL;0GH;;;
21136                            X;;21136;IRIS;LOUNGE WEAR;COMETEX;24H;58;160;-;PFL;0GH;;;
21137                            X;;21137;ISOARD;LOUNGE WEAR;COMETEX;24H;58;160;-;PFL;0GH;;;
21138                            X;;21138;IWAN;PULL;COMETEX;24H;34;100;-;PFL;0GH;;;
21141                            X;;21141;JABOTA;MAILLOT;S.B.C;24E;52;130;-;PFL;0GH;;;
21142                            X;;21142;JAB;MAILLOT;ROUDAYNA MODE;24E;51;130;-;PFL;0GH;;;
21143                            X;;21143;IDONIE;PULL;COMETEX;24H;26;80;-;PFL;0GH;;;
21144                            X;;21144;ISABELE;PULL;COMETEX;24H;26;80;-;PFL;0GH;;;
21145                            X;;21145;IMPERIA;PULL;COMETEX;24H;26;80;-;PFL;0GH;;;
21146                            X;;21146;ISOARDE;GILET;COMETEX;24H;34;100;-;PFL;0GH;;;
21147                            X;;21147;IDOUX;GILET;COMETEX;24H;23;80;-;PFL;0GH;;;
21148                            X;;21148;IDONIE;GILET;COMETEX;24H;24;70;-;PFL;0GI;;;
21149                            X;;21149;ISAYE;ROBE;COMETEX;24H;24;70;-;PFL;0GH;;;
21150                            X;;21150;ISAK;GILET;COMETEX;24H;28;90;-;PFL;0GH;;;
21151                            X;;21151;IEANE;GILET;COMETEX;24H;30;90;-;PFL;0GI;;;
21152                            X;;21152;IWAN;GILET;COMETEX;24H;24;70;-;PFL;0GH;;;
21153                            X;;21153;INAURIS;LOUNGE WEAR;COMETEX;24H;39;130;-;PFL;0GH;;;
21154                            X;;21154;IMPERIAL;ROBE;COMETEX;24H;24;70;-;PFL;0GI;;;
21155                            X;;21155;IGNACI;PULL;COMETEX;24H;21;60;-;PFL;0GH;;;
21156                            X;;21156;ISDORO;GILET;COMETEX;24H;18;60;-;PFL;0GH;;;
21157                            X;;21157;IRLANDE;PULL;COMETEX;24H;21;60;-;PFL;0GH;;;
21158                            X;;21158;ILONA;PONCHO;COMETEX;24H;23;90;-;PFL;0GH;;;
21159                            X;;21159;IGNACOL;ROBE;COMETEX;24H;24;70;-;PFL;0GH;;;
21160                            X;;21160;IANNE;PULL;COMETEX;24H;22;70;-;PFL;0GH;;;
21161                            X;;21161;IDIER;ROBE;COMETEX;24H;24;70;-;PFL;0GI;;;
21162                            X;;21162;INFANS;GILET;COMETEX;24H;27;80;-;PFL;0GH;;;
21163                            X;;21163;IOLANDE;GILET;COMETEX;24H;24;80;-;PFL;0GH;;;
21164                            X;;21164;IZAIE;PULL;COMETEX;24H;18;60;-;PFL;0GH;;;
21165                            X;;21165;IABELLA;PULL;COMETEX;24H;23;70;-;PFL;0GI;;;
21166                            X;;21166;IVER;GILET;COMETEX;24H;21;60;-;PFL;0GH;;;
21167                            X;;21167;INOMIE;PANTALON;COMETEX;24H;17;50;-;PFL;0GH;;;
21168                            X;;21168;ISISDORE;ROBE;COMETEX;24H;27;100;-;PFL;0GH;;;
21169                            X;;21169;IGNATIA;PANTALON;COMETEX;24H;17;50;-;PFL;0GH;;;
21170                            X;;21170;ISMERINE;PANTALON;COMETEX;24H;17;50;-;PFL;0GH;;;
21171                            X;;21171;ISORINE;GILET;COMETEX;24H;24;80;-;PFL;0GH;;;
21172                            X;;21172;ILAIRE;GILET;COMETEX;24H;26;80;-;PFL;0GI;;;
21173                            X;;21173;ILLUMINE;GILET;COMETEX;24H;26;80;-;PFL;0GI;;;
21174                            X;;21174;IGNASS;PULL;COMETEX;24H;21;60;-;PFL;0GH;;;
21175                            X;;21175;IZABELLE;PULL;COMETEX;24H;21;60;-;PFL;0GH;;;
21176                            X;;21176;ISMERE;GILET;COMETEX;24H;24;90;-;PFL;0GH;;;
21177                            X;;21177;IOLANRE;PULL;COMETEX;24H;17;50;-;PFL;0GH;;;
21178                            X;;21178;INGELE;GILET;COMETEX;24H;23;70;-;PFL;0GH;;;
21179                            X;;21179;ISAIDE;PONCHO;COMETEX;24H;23;90;-;PFL;0GJ;;;
21180                            X;;21180;IZIDORE;PYJAMA;DELFINO;24H;45;110;-;PFL;0GH;;;
21181                            X;;21181;ISIDORUS;GILET;STE GAT FASHION;24H;28;80;-;PFL;0GH;;;
21182                            X;;21182;ISNARD;DEBARDEUR;STE GAT FASHION;24H;23;80;-;PFL;0GH;;;
21183                            X;;21183;JABOTONS;PYJA SHORT;STE TEX-MODE;24E;17;70;-;PFL;0GH;;;
21184                            X;;21184;JACTANT;ROBE;AICHA FASHION;24E;38;110;-;PFL;0GH;;;
21185                            X;;21185;INFANT;CHEMISE;ARTEMIS;24H;31;90;-;PFL;0GH;;;
21186                            X;;21186;ICHOUA;CHEMISE;ARTEMIS;24H;28;90;-;PFL;0GH;;;
21187                            X;;21187;IDDA;CHEMISE;ARTEMIS;24H;35;100;-;PFL;0GH;;;
21188                            X;;21188;ITHON;CHEMISE;ARTEMIS;24H;31;90;-;PFL;0GH;;;
21189                            X;;21189;IRINA;VESTE;ARTEMIS;24H;75;230;-;PFL;0GH;;;
21190                            X;;21190;IMELDA;JUPE;ARTEMIS;24H;38;100;-;PFL;0GH;;;
21200                            X;;21200;IZIDOR;PANTALON;ARTEMIS;24H;33;100;-;PFL;0GH;;;
21201                            X;;21201;IVETTE;PANTALON;ARTEMIS;24H;30;90;-;PFL;0GH;;;
21202                            X;;21202;IERRE;PANTALON;ARTEMIS;24H;29;90;-;PFL;0GH;;;
21203                            X;;21203;IZOLINE;PANTALON;ARTEMIS;24H;33;100;-;PFL;0GH;;;
21204                            X;;21204;IOLENTE;PANTALON;ARTEMIS;24H;33;100;-;PFL;0GH;;;
21205                            X;;21205;ISLIDA;CHEMISE;ARTEMIS;24H;34;100;-;PFL;0GH;;;
21206                            X;;21206;JABADAOS;DEBARDEUR;AICHA FASHION;24E;8;30;-;PFL;0GH;;;
21207                            X;;21207;JABALANT;TUNIQUE;AICHA FASHION;24E;8;40;-;PFL;0GH;;;
21208                            X;;21208;ISARN;PANTALON;SORECO;24H;34;110;-;PFL;0GH;;;
21209                            X;;21209;ISOLINA;PANTALON;SORECO;24H;34;100;-;PFL;0GH;;;
21210                            X;;21210;IOLANDA;PANTALON;SORECO;24H;34;100;-;PFL;0GH;;;
21211                            X;;21211;IRDONIE;PANTALON;SORECO;24H;35;100;-;PFL;0GH;;;
21212                            X;;21212;IBERT;PANTALON;SORECO;24H;35;100;-;PFL;0GH;;;
21213                            X;;21213;ISACQ;CORSAIRE;METAPHORE LINE;24H;16;40;-;PFL;0GH;;;
21214                            X;;21214;ISALIE;CALECON;METAPHORE LINE;24H;18;50;-;PFL;0GH;;;
21215                            X;;21215;ISTVAN;DEBARDEUR;NOURRISSON;24H;24;70;-;PFL;0GS;;;
21216                            X;;21216;IGNACY;PULL;NOURRISSON;24H;28;90;-;PFL;0GS;;;
21217                            X;;21217;IMAGINA;PULL;NOURRISSON;24H;25;90;-;PFL;0GS;;;
21218                            X;;21218;INGE;PULL;NOURRISSON;24H;28;80;-;PFL;0GS;;;
21219                            X;;21219;ISIDRE;PULL;NOURRISSON;24H;27;90;-;PFL;0GS;;;
21220                            X;;21220;IGNAZIA;GILET;NOURRISSON;24H;27;80;-;PFL;0GS;;;
21221                            X;;21221;ISMERY;DEBARDEUR;NOURRISSON;24H;24;80;-;PFL;0GS;;;
21222                            X;;21222;INGRAM;PULL;NOURRISSON;24H;26;90;-;PFL;0GS;;;
21223                            X;;21223;IRME;DEBARDEUR;NOURRISSON;24H;26;80;-;PFL;0GS;;;
21224                            X;;21224;IZARN;PULL;NOURRISSON;24H;25;80;-;PFL;0GS;;;
21225                            X;;21225;INCONUE;PULL;NOURRISSON;24H;25;80;-;PFL;0GS;;;
21226                            X;;21226;ISACC;GILET;NOURRISSON;24H;17;60;-;PFL;0GS;;;
21227                            X;;21227;IMERIE;JOGGING;NOURRISSON;24H;19;80;-;PFL;0GS;;;
21228                            X;;21228;ILLAIRE;PULL;NOURRISSON;24H;24;70;-;PFL;0GS;;;
21229                            X;;21229;ILDUT;PANTALON;MY LOOK;24H;24;80;-;PFL;0GH;;;
21230                            X;;21230;IVANIE;CHEMISE;MY LOOK;24H;26;80;-;PFL;0GH;;;
21231                            X;;21231;IGNODE;CHEMISE;MY LOOK;24H;26;80;-;PFL;0GH;;;
21232                            X;;21232;IDES;PANTALON;MY LOOK;24H;28;80;-;PFL;0GH;;;
21233                            X;;21233;IRMGARD;CHAUSSETTES;JOELLE;24H;40;110;-;PFL;0GL;;;
21234                            X;;21234;IGNATZ;CHAUSSETTES;JOELLE;24H;40;110;-;PFL;0GL;;;
21235                            X;;21235;ITALO;CHAUSSETTES;JOELLE;24H;36;100;-;PFL;0GL;;;
21236                            X;;21236;ISMA;CHAUSSETTES;JOELLE;24H;35;100;-;PFL;0GL;;;
21237                            X;;21237;ISORE;CHAUSSETTES;JOELLE;24H;34;100;-;PFL;0GL;;;
21238                            X;;21238;IDONIA;PANTALON;SORECO;24H;34;100;-;PFL;0GS;;;
21239                            X;;21239;ISIDRO;PANTALON;SORECO;24H;34;100;-;PFL;0GS;;;
21240                            X;;21240;IVES;PANTALON;SORECO;24H;35;100;-;PFL;0GS;;;
21241                            X;;21241;ISAURE;CHEMISE;SORECO;24H;42;120;-;PFL;0GS;;;
21242                            X;;21242;ISOLINE;VESTE;ROSELLA;24H;69;190;-;PFL;0GS;;;
21243                            X;;21243;IDELETTE;PANTALON;ROSELLA;24H;36;100;-;PFL;0GS;;;
21244                            X;;21244;IRMINE;TEE SHIRT;4 PRÊT A PORTER;24H;12;40;-;PFL;0GS;;;
21245                            X;;21245;ISON;ROBE;MIRALETTE;24H;33;100;-;PFL;0GS;;;
21246                            X;;21246;IEAN;VESTE;ARTEMIS;24H;59;170;-;PFL;0GS;;;
21247                            X;;21247;ISIDOOR;ROBE;ARTEMIS;24H;42;120;-;PFL;0GS;;;
21248                            X;;21248;ICONOLOGIE;BLOUSE;ARTEMIS;24H;29;90;-;PFL;0GS;;;
21249                            X;;21249;IDIALITE;PANTALON;ARTEMIS;24H;29;90;-;PFL;0GS;;;
21250                            X;;21250;ISOARDE;PANTALON;ARTEMIS;24H;33;100;-;PFL;0GS;;;
21251                            X;;21251;IDRON;PANTALON;ARTEMIS;24H;28;90;-;PFL;0GS;;;
21252                            X;;21252;IGNAAS;PANTALON;ARTEMIS;24H;29;90;-;PFL;0GS;;;
21253                            X;;21253;ISMENE;GILET;NOURRISSON;24H;38;110;-;PFL;0GS;;;
21254                            X;;21254;ISOMERIE;LOUNGE WEAR;ARTEMIS;24H;49;140;-;PFL;0GS;;;
21255                            X;;21255;IVAR;BLOUSE;ARTEMIS;24H;32;90;-;PFL;0GS;;;
21256                            X;;21256;IZALINE;CHEMISE;ARTEMIS;24H;28;80;-;PFL;0GS;;;
21257                            X;;21257;IMBERTE;CHEMISE;ARTEMIS;24H;33;100;-;PFL;0GS;;;
21258                            X;;21258;INDIE;PYJAMA;MAILLE CLUB;24H;28;80;-;PFL;0GS;;;
21259                            X;;21259;IRENIE;PYJAMA;MAILLE CLUB;24H;28;80;-;PFL;0GS;;;
21260                            X;;21260;ISABELA;PYJAMA;MAILLE CLUB;24H;28;80;-;PFL;0GS;;;
21261                            X;;21261;ISODORUS;PYJAMA;MAILLE CLUB;24H;28;80;-;PFL;0GS;;;
21262                            X;;21262;IRMANCE;PYJAMA;MAILLE CLUB;24H;28;80;-;PFL;0GS;;;
21263                            X;;21263;IDA;TEE SHIRT;MAILLE CLUB;24H;13;40;-;PFL;0GS;;;
21264                            X;;21264;ISMERIE;TEE SHIRT;MAILLE CLUB;24H;13;40;-;PFL;0GS;;;
21265                            X;;21265;IVRIN;ROBE;TIN TRADE;24H;41;130;-;PFL;0GS;;;
21266                            X;;21266;IRYS;SET;TIN TRADE;24H;51;150;-;PFL;0GS;;;
21267                            X;;21267;ISALYNE;SET;TIN TRADE;24H;51;150;-;PFL;0GS;;;
21268                            X;;21268;IWAN;JOGGING;DELFINO;24H;74;190;-;PFL;0GS;;;
21269                            X;;21269;INDIANA;JOGGING;DELFINO;24H;72;180;-;PFL;0GS;;;
21270                            X;;21270;ISSHAK;JOGGING;DELFINO;24H;26;80;-;PFL;0GS;;;
21271                            X;;21271;ILINCA;SAC A MAIN;SHADO;24H;36;100;-;PFL;0GT;;;
21272                            X;;21272;ISAYA;SAC A MAIN;SHADO;24H;32;90;-;PFL;0GT;;;
21273                            X;;21273;IVANO;SAC A MAIN;SHADO;24H;37;110;-;PFL;0GT;;;
21274                            X;;21274;ISIDRO;SAC A MAIN;SHADO;24H;39;110;-;PFL;0GT;;;
21275                            X;;21275;IVA;SAC A MAIN;SHADO;24H;36;110;-;PFL;0GT;;;
21276                            X;;21276;IMAYA;SAC A MAIN;SHADO;24H;38;110;-;PFL;0GT;;;
21277                            X;;21277;ILKAN;SAC A MAIN;SHADO;24H;34;100;-;PFL;0GT;;;
21278                            X;;21278;INTZA;LOUNGE WEAR;3A TRICOTAGE;24H;35;130;-;PFL;0GS;;;
21279                            X;;21279;ILIANN;LOUNGE WEAR;3A TRICOTAGE;24H;38;120;-;PFL;0GS;;;
21280                            X;;21280;ISCIANE;LOUNGE WEAR;3A TRICOTAGE;24H;35;130;-;PFL;0GS;;;
21281                            X;;21281;ISLA;LOUNGE WEAR;3A TRICOTAGE;24H;39;130;-;PFL;0GS;;;
21282                            X;;21282;IDALINE;GILET;3A TRICOTAGE;24H;36;100;-;PFL;0GS;;;
21283                            X;;21283;ILIANE;PANTALON;3A TRICOTAGE;24H;18;60;-;PFL;0GS;;;
21284                            X;;21284;ILIA;ROBE;3A TRICOTAGE;24H;29;100;-;PFL;0GS;;;
21285                            X;;21285;ISABELA;ROBE;3A TRICOTAGE;24H;30;100;-;PFL;0GS;;;
21286                            X;;21286;ISSIAKA;ROBE;3A TRICOTAGE;24H;30;100;-;PFL;0GS;;;
21287                            X;;21287;INACIO;ROBE;3A TRICOTAGE;24H;29;100;-;PFL;0GS;;;
21288                            X;;21288;ILY;BLOUSE;ARTEMIS;24H;30;90;-;PFL;0GS;;;
21289                            X;;21289;ILAYA;CHEMISE;ARTEMIS;24H;29;90;-;PFL;0GS;;;
21290                            X;;21290;IDAN;PANTALON;ARTEMIS;24H;32;90;-;PFL;0GS;;;
21291                            X;;21291;ILES;CHEMISE;ARTEMIS;24H;33;100;-;PFL;0GS;;;
21292                            X;;21292;ILANO;CHEMISE;ROSELLA;24H;34;100;-;PFL;0GS;;;
21293                            X;;21293;IEVA;CHEMISE;ROSELLA;24H;35;100;-;PFL;0GS;;;
21294                            X;;21294;IMA;CHEMISE;ROSELLA;24H;33;100;-;PFL;0GS;;;
21295                            X;;21295;IVONE;ROBE;ROSELLA;24H;56;160;-;PFL;0GS;;;
21296                            X;;21296;ILLARIO;ROBE;ROSELLA;24H;56;160;-;PFL;0GS;;;
21297                            X;;21297;ISALIA;ROBE;ROSELLA;24H;61;170;-;PFL;0GS;;;
21298                            X;;21298;ISIE;VESTE;ROSELLA;24H;69;190;-;PFL;0GS;;;
21299                            X;;21299;IKRANUR;PANTALON;ROSELLA;24H;36;100;-;PFL;0GS;;;
21300                            X;;21300;ISSANE;ROBE;ROSELLA;24H;55;160;-;PFL;0GS;;;
21301                            X;;21301;ISAHORA;JUPE;ROSELLA;24H;31;90;-;PFL;0GS;;;
21302                            X;;21302;ILAAN;BLOUSE;ROSELLA;24H;34;100;-;PFL;0GS;;;
21303                            X;;21303;ILISA;PANTALON;ROSELLA;24H;35;100;-;PFL;0GS;;;
21304                            X;;21304;ILONAH;PANTALON;ROSELLA;24H;35;100;-;PFL;0GS;;;
21305                            X;;21305;ISANDRE;PANTALON;ROSELLA;24H;35;100;-;PFL;0GS;;;
21306                            X;;21306;ISMENE;PANTALON;ROSELLA;24H;35;100;-;PFL;0GS;;;
21307                            X;;21307;ILLIANNA;COMBINAISON;ROSELLA;24H;60;170;-;PFL;0GS;;;
21308                            X;;21308;ILKA;VESTE;ROSELLA;24H;69;190;-;PFL;0GS;;;
21309                            X;;21309;IZIS;VESTE;ROSELLA;24H;38;110;-;PFL;0GS;;;
21310                            X;;21310;IZOENN;GILET;STE GAT FASHION;24H;32;90;-;PFL;0GS;;;
21311                            X;;21311;ISMIN;SAC A MAIN;VINOLA;24H;36;100;-;PFL;0GT;;;
21312                            X;;21312;IYAS;CHAUSSETTES;JOELLE;24H;35;110;-;PFL;0GU;;;
21313                            X;;21313;IANA;CHAUSSETTES;JOELLE;24H;37;100;-;PFL;0GU;;;
21314                            X;;21314;ISHA;CHAUSSETTES;JOELLE;24H;35;100;-;PFL;0GU;;;
21315                            X;;21315;IZAHC;CHAUSSETTES;JOELLE;24H;43;120;-;PFL;0GU;;;
21316                            X;;21316;ISEMNE;CHAUSSETTES;JOELLE;24H;46;130;-;PFL;0GU;;;
21317                            X;;21317;IDETTE;CHAUSSETTES;JOELLE;24H;43;120;-;PFL;0GU;;;
21318                            X;;21318;IDELMA;CHAUSSETTES;JOELLE;24H;58;160;-;PFL;0GU;;;
21319                            X;;21319;ISOLYNE;CHAUSSETTES;JOELLE;24H;55;150;-;PFL;0GU;;;
21320                            X;;21320;IFRAN;SAC A MAIN;VINOLA;24H;36;100;-;PFL;0GT;;;
21321                            X;;21321;IBRA;SAC A MAIN;VINOLA;24H;68;170;-;PFL;0GT;;;
21322                            X;;21322;IZACK;TEE SHIRT;DELFINO;24H;13;35;-;PFL;0GS;;;
21323                            X;;21323;INKA;TEE SHIRT;DELFINO;24H;12;35;-;PFL;0GS;;;
21324                            X;;21324;IZAS;PANTALON;MY LOOK;24H;24;80;-;PFL;0GS;;;
21325                            X;;21325;IZAM;SWEATSHIRT;MY LOOK;24H;24;80;-;PFL;0GS;;;
21327                            X;;21327;IRWING;legging;ROSELLA;24H;35;100;-;PFL;0GS;;;
21328                            X;;21328;IZZY;VESTE;ARTEMIS;24H;63;180;-;PFL;0GS;;;
21329                            X;;21329;IZOLD;PYJAMA;AICHA FASHION;24H;28;80;-;PFL;0GS;;;
21330                            X;;21330;INAYA;CHEMISE;AICHA FASHION;24H;28;80;-;PFL;0GS;;;
21331                            X;;21331;IRIS;BLOUSE;AICHA FASHION;24H;28;80;-;PFL;0GS;;;
21332                            X;;21332;IDA;PYJAMA;AICHA FASHION;24H;28;80;-;PFL;0GS;;;
21333                            X;;21333;ILYAN;VESTE;ROSELLA;24H;68;190;-;PFL;0GS;;;
21334                            X;;21334;IBERIS;TUNIQUE;AICHA FASHION;24H;17;50;-;PFL;0GS;;;
21335                            X;;21335;IGNAME;TEE SHIRT;AICHA FASHION;24H;17;50;-;PFL;0GS;;;
21336                            X;;21336;INULA;TEE SHIRT;AICHA FASHION;24H;17;50;-;PFL;0GS;;;
21337                            X;;21337;IPOMEE;SOUS PULL;AICHA FASHION;24H;17;50;-;PFL;0GS;;;
21338                            X;;21338;ITEA;TEE SHIRT;AICHA FASHION;24H;17;50;-;PFL;0GS;;;
21339                            X;;21339;IXIA;PYJAMA;AICHA FASHION;24H;42;120;-;PFL;0GS;;;
21340                            X;;21340;IXORA;PYJAMA;AICHA FASHION;24H;24;70;-;PFL;0GS;;;
21341                            X;;21341;IMPATIENS;VESTE;ARTEMIS;24H;63;180;-;PFL;0GS;;;
21342                            X;;21342;INDIGOFERA;MANTEAU;ARTEMIS;24H;81;240;-;PFL;0GS;;;
21343                            X;;21343;INULA;VESTE;ARTEMIS;24H;66;190;-;PFL;0GS;;;
21344                            X;;21344;IPOMEE;PANTALON;ARTEMIS;24H;32;90;-;PFL;0GS;;;
21345                            X;;21345;IRESINE;VESTE;ARTEMIS;24H;63;180;-;PFL;0GS;;;
21346                            X;;21346;ISATIS;PANTALON;ARTEMIS;24H;32;90;-;PFL;0GS;;;
21347                            X;;21347;ISODON;ROBE;ARTEMIS;24H;48;140;-;PFL;0GS;;;
21348                            X;;21348;ITEA;ROBE;ARTEMIS;24H;49;140;-;PFL;0GS;;;
21349                            X;;21349;IVRAIE;BLOUSE;ARTEMIS;24H;30;90;-;PFL;0GS;;;
21350                            X;;21350;IVROGNE;JUPE;ARTEMIS;24H;30;90;-;PFL;0GS;;;
21351                            X;;21351;ISLANDE;DEBARDEUR;NBL;24H;12;30;-;PFL;0GV;;;
21352                            X;;21352;ITTO;SLIP;NBL;24H;12;28;-;PFL;0GV;;;
21353                            X;;21353;ISE;SLIP;NBL;24H;12;28;-;PFL;0GV;;;
21354                            X;;21354;IXIA;PYJAMA;DELFINO;24H;35;90;-;PFL;0GS;;;
21355                            X;;21355;IRMA;DEBARDEUR;GRP GRATTI TEXTILE;24H;10;26;-;PFL;0GS;;;
21356                            X;;21356;IYAD;DEBARDEUR;GRP GRATTI TEXTILE;24H;10;30;-;PFL;0GS;;;
21357                            X;;21357;ILANA;DEBARDEUR;GRP GRATTI TEXTILE;24H;6;20;-;PFL;0GS;;;
21358                            X;;21358;IDIR;SLIP;GRP GRATTI TEXTILE;24H;7;22;-;PFL;0GS;;;
21359                            X;;21359;IREM;SLIP;GRP GRATTI TEXTILE;24H;7;22;-;PFL;0GS;;;
21360                            X;;21360;ILLOUNA;SLIP;GRP GRATTI TEXTILE;24H;9;28;-;PFL;0GS;;;
21361                            X;;21361;ISANA;PANTOUFLES;GRP GRATTI TEXTILE;24H;9;26;-;PFL;0GS;;;
21362                            X;;21362;IBANEZ;ROBE;MY LOOK;24H;35;100;-;PFL;0GS;;;
21363                            X;;21363;ILZA;MANTEAU;MY LOOK;24H;42;130;-;PFL;0GS;;;
21364                            X;;21364;IMAQ;TUNIQUE;MY LOOK;24H;17;50;-;PFL;0GS;;;
21365                            X;;21365;INARA;TUNIQUE;MY LOOK;24H;14;50;-;PFL;0GS;;;
21366                            X;;21366;IOANE;PANTALON;ROSELLA;24H;35;100;-;PFL;0GS;;;
21367                            X;;21367;ISIA;DEBARDEUR;STE GAT FASHION;24H;29;90;-;PFL;0GV;;;
21368                            X;;21368;IVINA;PYJAMA;STE TEX-MODE;24H;33;100;-;PFL;0GS;;;
21369                            X;;21369;INEZ;PYJAMA;STE TEX-MODE;24H;32;100;-;PFL;0GS;;;
21370                            X;;21370;IDJANI;LOUNGE WEAR;MB;24H;40;120;-;PFL;0GS;;;
21371                            X;;21371;IRANIX;TUNIQUE;MB;24H;24;70;-;PFL;0GS;;;
21372                            X;;21372;IDOR;PYJAMA;MB;24H;28;80;-;PFL;0GS;;;
21373                            X;;21373;ILOU;PYJAMA;MB;24H;28;80;-;PFL;0GS;;;
21374                            X;;21374;IGOR;legging;MB;24H;24;70;-;PFL;0GS;;;
21375                            X;;21375;ICE;PYJAMA;AICHA FASHION;24H;28;80;-;PFL;0GS;;;
21376                            X;;21376;IANIS;CHEMISE DE NUIT;AICHA FASHION;24H;28;80;-;PFL;0GS;;;
21377                            X;;21377;INYAH;PYJAMA;DELFINO;24H;35;90;-;PFL;0GS;;;
21378                            X;;21378;ISARD;CHEMISE DE NUIT;METAPHORE LINE;24H;30;90;-;PFL;0GS;;;
21380                            X;;21380;INDRI;PANTALON;ARTEMIS;24H;43;120;-;PFL;0GS;;;
21381                            X;;21381;IMPALA;PANTALON;ARTEMIS;24H;43;120;-;PFL;0GS;;;
21382                            X;;21382;ISIS;LOUNGE WEAR;ARTEMIS;24H;49;140;-;PFL;0GS;;;
21383                            X;;21383;INOUIT;CEINTURE;ARTEMIS;24H;17;50;-;PFL;0GV;;;
21384                            X;;21384;IBIJOU;MANTEAU;ARTEMIS;24H;94;290;-;PFL;0GS;;;
21385                            X;;21385;ISHKA;CHEMISE DE NUIT;STE TEX-MODE;24H;26;90;-;PFL;0GS;;;
21386                            X;;21386;IZZIE;CHEMISE DE NUIT;STE TEX-MODE;24H;25;80;-;PFL;0GS;;;
21387                            X;;21387;IVY;CHEMISE DE NUIT;STE TEX-MODE;24H;25;80;-;PFL;0GS;;;
21388                            X;;21388;IOUKA;PYJAMA;STE TEX-MODE;24H;32;90;-;PFL;0GS;;;
21389                            X;;21389;IPPY;PYJAMA;STE TEX-MODE;24H;31;90;-;PFL;0GS;;;
21390                            X;;21390;ISHKA;PYJAMA;STE TEX-MODE;24H;33;100;-;PFL;0GS;;;
21391                            X;;21391;IOUKIE;PYJAMA;STE TEX-MODE;24H;31;90;-;PFL;0GS;;;
21392                            X;;21392;IXIO;PYJAMA;STE TEX-MODE;24H;31;90;-;PFL;0GS;;;
21393                            X;;21393;INAVA;CHEMISE DE NUIT;STE TEX-MODE;24H;26;90;-;PFL;0GS;;;
21394                            X;;21394;ILANIT;MANTEAU;ROSELLA;24H;89;290;-;PFL;0GS;;;
21395                            X;;21395;INSAF;VESTE;ROSELLA;24H;69;190;-;PFL;0GS;;;
21396                            X;;21396;ILKNUR;VESTE;ROSELLA;24H;69;190;-;PFL;0GS;;;
21397                            X;;21397;IRIA;PANTALON;ROSELLA;24H;35;100;-;PFL;0GS;;;
21398                            X;;21398;IRA;BLOUSE;ROSELLA;24H;35;100;-;PFL;0GS;;;
21399                            X;;21399;INOA;CHEMISE;ROSELLA;24H;35;110;-;PFL;0GS;;;
21400                            X;;21400;IVETTE;ROBE;ROSELLA;24H;53;150;-;PFL;0GS;;;
21401                            X;;21401;INTENSE;BLOUSE;MIRALETTE;24H;27;80;-;PFL;0GS;;;
21402                            X;;21402;IMAN;VESTE;ROSELLA;24H;69;210;-;PFL;0GS;;;
21403                            X;;21403;IDA;PANTALON;ROSELLA;24H;35;100;-;PFL;0GS;;;
21404                            X;;21404;ISRA;CHEMISE;ROSELLA;24H;35;100;-;PFL;0GS;;;
21405                            X;;21405;IVA;ROBE;ROSELLA;24H;54;150;-;PFL;0GS;;;
21406                            X;;21406;INCI;PANTALON;STE TEX-MODE;24H;31;90;-;PFL;0GS;;;
21407                            X;;21407;ISAE;VESTE;STE TEX-MODE;24H;35;100;-;PFL;0GS;;;
21408                            X;;21408;IZALYNE;JUPE;STE TEX-MODE;24H;26;80;-;PFL;0GS;;;
21409                            X;;21409;ISLAH;CHEMISE;STE TEX-MODE;24H;28;80;-;PFL;0GS;;;
21410                            X;;21410;ISAIA;PANTALON;STE TEX-MODE;24H;31;90;-;PFL;0GS;;;
21411                            X;;21411;ILINE;ROBE DE CHAMBRE;METAPHORE LINE;24H;25;90;-;PFL;0GV;;;
21412                            X;;21412;IMA;ROBE;MY LOOK;24H;34;130;-;PFL;0GS;;;
21413                            X;;21413;ISLANE;JOGGING;MY LOOK;24H;45;140;-;PFL;0GS;;;
21414                            X;;21414;INTERESSANT;BLOUSE;MY LOOK;24H;28;100;-;PFL;0GS;;;
21415                            X;;21415;IZAORA;ROBE;MY LOOK;24H;30;100;-;PFL;0GS;;;
21416                            X;;21416;ILEM;MANTEAU;MY LOOK;24H;55;190;-;PFL;0GS;;;
21417                            X;;21417;INCI;TUNIQUE;MB;24H;21;60;-;PFL;0GS;;;
21418                            X;;21418;IOLA;GILET;MB;24H;28;90;-;PFL;0GS;;;
21419                            X;;21419;ILYA;ROBE;TIN TRADE;24H;41;140;-;PFL;0GS;;;
21420                            X;;21420;ILMA;PANTALON;TIN TRADE;24H;28;90;-;PFL;0GS;;;
21421                            X;;21421;IRINI;DEBARDEUR;TIN TRADE;24H;24;70;-;PFL;0GS;;;
21422                            X;;21422;ILSA;TUNIQUE;TIN TRADE;24H;38;110;-;PFL;0GS;;;
21423                            X;;21423;ISORA;JUPE;TIN TRADE;24H;38;110;-;PFL;0GS;;;
21424                            X;;21424;ISABET;PYJAMA;DELFINO;24H;35;90;-;PFL;0GS;;;
21425                            X;;21425;IDDIN;PANTALON;OMRIFEX;24H;34;100;-;PFL;0GS;;;
21426                            X;;21426;ITAZIAR;PANTALON;SORECO;24H;31;90;-;PFL;0GS;;;
21427                            X;;21427;IOSIF;CHEMISE DE NUIT;STE TEX-MODE;24H;25;80;-;PFL;0GS;;;
21428                            X;;21428;ISOLA;MANTEAU;OMRIFEX;24H;117;320;-;PFL;0GS;;;
21429                            X;;21429;ITIA;VESTE;OMRIFEX;24H;60;200;-;PFL;0GS;;;
21430                            X;;21430;ISAORA;JUPE;OMRIFEX;24H;30;90;-;PFL;0GS;;;
21431                            X;;21431;IZEL;SHORT;OMRIFEX;24H;30;90;-;PFL;0GS;;;
21432                            X;;21432;IDALIA;BLOUSE;MIRALETTE;24H;27;80;-;PFL;0GS;;;
21433                            X;;21433;IOLA;VESTE;OMRIFEX;24H;57;190;-;PFL;0GS;;;
21434                            X;;21434;IZUMI;PANTALON;OMRIFEX;24H;34;100;-;PFL;0GS;;;
21435                            X;;21435;ILIANA;ROBE;METAPHORE LINE;24H;28;100;-;PFL;0GS;;;
21436                            X;;21436;ISLIM;ROBE;METAPHORE LINE;24H;27;100;-;PFL;0GS;;;
21437                            X;;21437;IZILDA;ROBE;METAPHORE LINE;24H;45;130;-;PFL;0GS;;;
21438                            X;;21438;INELLE;ROBE;METAPHORE LINE;24H;29;100;-;PFL;0GS;;;
21439                            X;;21439;INGE;GILET;3A TRICOTAGE;24H;22;70;-;PFL;0GS;;;
21440                            X;;21440;ISLAD;PULL;STE GAT FASHION;24H;24;80;-;PFL;0GS;;;
21441                            X;;21441;IVONA;PYJAMA;AICHA FASHION;24H;28;80;-;PFL;0GS;;;
21442                            X;;21442;IDOY;PYJAMA;AICHA FASHION;24H;28;80;-;PFL;0GS;;;
21443                            X;;21443;ILVA;JOGGING;AICHA FASHION;24H;39;140;-;PFL;0GS;;;
21444                            X;;21444;IKARA;PANTALON;ESA WASHING;24H;23;90;-;PFL;0GS;;;
21445                            X;;21445;ISSA;PANTALON;ESA WASHING;24H;23;90;-;PFL;0GS;;;
21446                            X;;21446;ILOA;PYJAMA;AICHA FASHION;24H;28;80;-;PFL;0GS;;;
21447                            X;;21447;ILULIA;TEE SHIRT;DELFINO;24H;27;80;-;PFL;0GS;;;
21448                            X;;21448;ISCIA;LOUNGE WEAR;COMETEX;24H;49;150;-;PFL;0GV;;;
21449                            X;;21449;IRID;PULL;COMETEX;24H;23;80;-;PFL;0GS;;;
21450                            X;;21450;ILISYA;GILET;COMETEX;24H;28;100;-;PFL;0GV;;;
21451                            X;;21451;ISILD;LOUNGE WEAR;COMETEX;24H;51;150;-;PFL;0GS;;;
21452                            X;;21452;ISEULT;GILET;COMETEX;24H;28;90;-;PFL;0GV;;;
21453                            X;;21453;ISOR;GILET;COMETEX;24H;27;90;-;PFL;0GV;;;
21454                            X;;21454;ITZEL;GILET;COMETEX;24H;24;90;-;PFL;0GV;;;
21455                            X;;21455;IMANY;PULL;COMETEX;24H;27;90;-;PFL;0GV;;;
21456                            X;;21456;ISSAR;DEBARDEUR;COMETEX;24H;25;80;-;PFL;0GV;;;
21457                            X;;21457;ISSE;GILET;COMETEX;24H;28;90;-;PFL;0GV;;;
21458                            X;;21458;ISAIME;PULL;COMETEX;24H;27;90;-;PFL;0GV;;;
21459                            X;;21459;ISAIDA;JUPE;MY LOOK;24H;24;80;-;PFL;0GS;;;
21460                            X;;21460;INGVID;TENUE VENDEUR(se);METAPHORE LINE;24H;14;0;-;PFL;0GS;;;
21461                            X;;21461;IGNACIA;ROBE;COMETEX;24H;25;90;-;PFL;0GS;;;
21462                            X;;21462;ILIZABETTE;LOUNGE WEAR;COMETEX;24H;47;150;-;PFL;0GV;;;
21463                            X;;21463;INDA;GILET;COMETEX;24H;24;80;-;PFL;0GV;;;
21464                            X;;21464;INDAR;PULL;COMETEX;24H;24;80;-;PFL;0GV;;;
21465                            X;;21465;ILISSA;PULL;COMETEX;24H;25;80;-;PFL;0GV;;;
21466                            X;;21466;IDA;PULL;COMETEX;24H;21;80;-;PFL;0GS;;;
21467                            X;;21467;ISIDORA;PULL;COMETEX;24H;23;80;-;PFL;0GS;;;
21468                            X;;21468;IOLENTE;TEE SHIRT;STE TEX-MODE;24H;13;40;-;PFL;0GS;;;
21469                            X;;21469;IRATI;VESTE;STE TEX-MODE;24H;26;80;-;PFL;0GS;;;
21470                            X;;21470;ILIDIA;SHORT;STE TEX-MODE;24H;26;80;-;PFL;0GS;;;
21471                            X;;21471;IBOLYA;JOGGING;STE TEX-MODE;24H;58;160;-;PFL;0GS;;;
21472                            X;;21472;IVELINE;SWEATSHIRT;STE TEX-MODE;24H;30;90;-;PFL;0GS;;;
21473                            X;;21473;ISIDORINE;PANTALON JOGGING;STE TEX-MODE;24H;30;80;-;PFL;0GS;;;
21474                            X;;21474;ITTE;SET;STE TEX-MODE;24H;36;120;-;PFL;0GS;;;
21475                            X;;21475;ILEF;ROBE;STE TEX-MODE;24H;42;120;-;PFL;0GS;;;
21476                            X;;21476;ISOLD;PANTALON;STE TEX-MODE;24H;32;90;-;PFL;0GS;;;
21477                            X;;21477;ITZIAR;CHEMISE;STE TEX-MODE;24H;32;90;-;PFL;0GS;;;
21478                            X;;21478;ISMA;PYJAMA;STE TEX-MODE;24H;56;160;-;PFL;0GS;;;
21479                            X;;21479;IFEKET;ROBE;ROSELLA;24H;56;160;-;PFL;0GS;;;
21480                            X;;21480;ISHREF;ROBE;ROSELLA;24H;57;170;-;PFL;0GS;;;
21481                            X;;21481;IDEUC;VESTE;TIN TRADE;24H;77;230;-;PFL;0GS;;;
21482                            X;;21482;IZID;JOGGING;MB;24H;62;170;-;PFL;0GS;;;
21484                            X;;21484;IAGO;TEE SHIRT;STE TEX-MODE;24H;14;50;-;PFL;0GS;;;
21485                            X;;21485;IBELLE;VESTE;TIN TRADE;24H;66;230;-;PFL;0GS;;;
21486                            X;;21486;IN;TENUE VENDEUR(se);MY LOOK;24H;23;0;-;PFL;0GS;;;
21488                            X;;21488;JACINTHE;VESTE;ARTEMIS;25E;61;190;-;PFL;0GY;;;
21489                            X;;21489;JAROSSE;PANTALON;ARTEMIS;25E;32;90;-;PFL;0GY;;;
21490                            X;;21490;JASIONE;VESTE;ARTEMIS;25E;65;190;-;PFL;0GY;;;
21491                            X;;21491;JONC;PANTALON;ARTEMIS;25E;32;90;-;PFL;0GY;;;
21492                            X;;21492;JOUBARBE;ROBE;ARTEMIS;25E;45;140;-;PFL;0GY;;;
21493                            X;;21493;JULIENNE;CHEMISE;ARTEMIS;25E;31;90;-;PFL;0GY;;;
21494                            X;;21494;JURINEE;PANTALON;ARTEMIS;25E;29;90;-;PFL;0GY;;;
21495                            X;;21495;JUSQUIAME;CHEMISE;ARTEMIS;25E;35;100;-;PFL;0GY;;;
21496                            X;;21496;JUSSIE;CHEMISE;ARTEMIS;25E;41;120;-;PFL;0GY;;;
21497                            X;;21497;JONQUILLE;PANTALON;ARTEMIS;25E;33;100;-;PFL;0GY;;;
21498                            X;;21498;JANNA;ROBE;ARTEMIS;25E;47;140;-;PFL;0GY;;;
21499                            X;;21499;JULETTE;CHEMISE;ARTEMIS;25E;35;100;-;;0GY;;;
21500                            X;;21500;JEANNIC;VESTE;ARTEMIS;25E;63;190;-;;0GY;;;
21501                            X;;21501;JUSTINE;CHEMISE;ARTEMIS;25E;45;130;-;;0GY;;;
21502                            X;;21502;JUNE;BLOUSE;ARTEMIS;25E;43;130;-;;0GY;;;
21503                            X;;21503;JOYA;BLOUSE;ARTEMIS;25E;31;90;-;;0GY;;;
21504                            X;;21504;JASSMIN;ROBE;ARTEMIS;25E;43;140;-;;0GY;;;
21505                            X;;21505;JEHIEL;ROBE;SOTTEX;25E;34;100;-;PFL;0GY;;;
21506                            X;;21506;JILAN;PANTALON;SOTTEX;25E;27;80;-;PFL;0GY;;;
21507                            X;;21507;JESSYM;VESTE;SOTTEX;25E;38;140;-;PFL;0GY;;;
21508                            X;;21508;JOHANE;PANTALON;OMRIFEX;25E;26;100;-;PFL;0GY;;;
21509                            X;;21509;JORIAN;PANTALON;OMRIFEX;25E;26;80;-;PFL;0GY;;;
21510                            X;;21510;ISAM;TENUE VENDEUR(se);STE GAT FASHION;24H;26;0;-;PFL;0GS;;;
21511                            X;;21511;JORICK;PANTALON;SOTTEX;25E;26;90;-;PFL;0GY;;;
21512                            X;;21512;JOSSUA;PANTALON;SOTTEX;25E;25;80;-;PFL;0GY;;;
21513                            X;;21513;JOSIA;PANTALON;SOTTEX;25E;26;90;-;PFL;0GY;;;
21514                            X;;21514;JOSU;ROBE;ARTEMIS;25E;48;140;-;PFL;0GY;;;
21515                            X;;21515;JULO;ROBE;ARTEMIS;25E;47;140;-;PFL;0GY;;;
21516                            X;;21516;JEF;ROBE;ARTEMIS;25E;47;140;-;PFL;0GY;;;
21517                            X;;21517;JOSUE;CHEMISE;ARTEMIS;25E;31;90;-;PFL;0GY;;;
21518                            X;;21518;JEFERSON;BLOUSE;ARTEMIS;25E;28;90;-;PFL;0GY;;;
21519                            X;;21519;JETHRO;BLOUSE;ARTEMIS;25E;28;90;-;PFL;0GY;;;
21520                            X;;21520;JEWEL;ROBE;ARTEMIS;25E;51;150;-;PFL;0GY;;;
21521                            X;;21521;JILLIAN;BLOUSE;ARTEMIS;25E;32;90;-;PFL;0GY;;;
21522                            X;;21522;JOAD;VESTE;ROSELLA;25E;70;200;-;PFL;0GY;;;
21523                            X;;21523;JADEN;PANTALON;ROSELLA;25E;36;100;-;PFL;0GY;;;
21524                            X;;21524;JONATHAN;VESTE;ROSELLA;25E;69;200;-;PFL;0GY;;;
21525                            X;;21525;JUSTIN;PANTALON;ROSELLA;25E;36;100;-;PFL;0GY;;;
21526                            X;;21526;JAYDEN;ROBE;ROSELLA;25E;46;130;-;PFL;0GY;;;
21527                            X;;21527;JIMMY;ROBE;ROSELLA;25E;57;170;-;PFL;0GY;;;
21530                            X;;21530;JAROD;ROBE;ROSELLA;25E;59;170;-;PFL;0GY;;;
21531                            X;;21531;JAKY;VESTE;ROSELLA;25E;69;190;-;PFL;0GY;;;
21532                            X;;21532;JABIER;PANTALON;ROSELLA;25E;37;110;-;PFL;0GY;;;
21533                            X;;21533;JONHY;COMBINAISON;ROSELLA;25E;61;170;-;PFL;0GY;;;
21534                            X;;21534;JESSONE;ROBE;ROSELLA;25E;61;170;-;PFL;0GY;;;
21535                            X;;21535;JOSUH;ROBE;ROSELLA;25E;59;170;-;PFL;0GY;;;
21536                            X;;21536;JIMES;PANTALON;ROSELLA;25E;37;110;-;PFL;0GY;;;
21537                            X;;21537;JAMAL;VESTE;ROSELLA;25E;71;210;-;PFL;0GY;;;
21538                            X;;21538;JIBRYL;PANTALON;ROSELLA;25E;39;120;-;PFL;0GY;;;
21539                            X;;21539;JOVICA;VESTE;ROSELLA;25E;39;120;-;PFL;0GY;;;
21540                            X;;21540;JAVIEL;ROBE;ROSELLA;25E;59;170;-;PFL;0GY;;;
21541                            X;;21541;JAQUY;ROBE;ROSELLA;25E;86;250;-;PFL;0H0;;;
21542                            X;;21542;JORIJE;ROBE;ROSELLA;25E;61;170;-;PFL;0GY;;;
21543                            X;;21543;JALLIL;VESTE;ROSELLA;25E;70;210;-;PFL;0GY;;;
21544                            X;;21544;JEFFRAY;PANTALON;ROSELLA;25E;35;110;-;PFL;0GY;;;
21546                            X;;21546;JEZY;CHAUSSURES;JOELLE;25E;41;120;-;PFL;0H1;;;
21547                            X;;21547;JAOIDE;CHAUSSURES;JOELLE;25E;39;110;-;PFL;0H1;;;
21548                            X;;21548;JEREMIAS;CHAUSSURES;JOELLE;25E;39;110;-;PFL;0H1;;;
21549                            X;;21549;JERRY;CHAUSSURES;JOELLE;25E;38;110;-;PFL;0H1;;;
21550                            X;;21550;JOSIP;CHAUSSURES;JOELLE;25E;41;120;-;PFL;0H1;;;
21551                            X;;21551;JUANY;CHAUSSURES;JOELLE;25E;34;100;-;PFL;0H1;;;
21552                            X;;21552;JOSYAN;CHAUSSURES;JOELLE;25E;34;100;-;PFL;0H1;;;
21553                            X;;21553;JARRYS;CHAUSSURES;JOELLE;25E;42;130;-;PFL;0H1;;;
21554                            X;;21554;JOSIC;CHAUSSURES;JOELLE;25E;35;100;-;PFL;0H1;;;
21555                            X;;21555;JOSELITO;CHAUSSURES;JOELLE;25E;36;100;-;PFL;0H1;;;
21556                            X;;21556;JAISON;CHAUSSURES;JOELLE;25E;36;120;-;PFL;0H1;;;
21557                            X;;21557;JULICIEN;CHAUSSURES;JOELLE;25E;42;130;-;PFL;0H1;;;
21560                            X;;21560;JANNA;ROBE;TIN TRADE;25E;43;160;-;PFL;0H0;;;
21561                            X;;21561;JINEN;ROBE;TIN TRADE;25E;45;160;-;PFL;0H0;;;
21562                            X;;21562;JAWHARA;ROBE;TIN TRADE;25E;40;150;-;PFL;0H0;;;
21563                            X;;21563;JOULIA;ROBE;TIN TRADE;25E;64;190;-;PFL;0H0;;;
21564                            X;;21564;JOSET;PANTALON;ARTEMIS;25E;29;90;-;PFL;0GY;;;
21565                            X;;21565;JERZY;PANTALON;ROSELLA;25E;40;120;-;PFL;0GY;;;
21566                            X;;21566;JANNAT;KIMONO;METAPHORE LINE;25E;45;140;-;PFL;0H0;;;
21567                            X;;21567;JOHEINA;KIMONO;METAPHORE LINE;25E;45;140;-;PFL;0H0;;;
21569                            X;;21569;JORIS;TEE SHIRT;TWIN BREEZE;25E;16;50;-;PFL;0GY;;;
21570                            X;;21570;JAAD;TEE SHIRT;TWIN BREEZE;25E;16;50;-;PFL;0GY;;;
21571                            X;;21571;JACK;PULL;COMETEX;25E;28;80;-;PFL;0GY;;;
21572                            X;;21572;JOYCE;GILET;COMETEX;25E;35;100;-;PFL;0GY;;;
21573                            X;;21573;JAWAD;VESTE;SORECO;25E;42;130;-;PFL;0GY;;;
21574                            X;;21574;JOULAIL;PANTALON;SORECO;25E;34;110;-;PFL;0GY;;;
21575                            X;;21575;JOURI;VESTE;SORECO;25E;42;130;-;PFL;0GY;;;
21576                            X;;21576;JIHAD;PANTALON;SORECO;25E;34;110;-;PFL;0GY;;;
21577                            X;;21577;JANEL;PULL;STE GAT FASHION;25E;28;90;-;PFL;0GY;;;
21578                            X;;21578;JAGUAR;PULL;STE GAT FASHION;25E;29;90;-;PFL;0GY;;;
21579                            X;;21579;JALYSE;PULL;STE GAT FASHION;25E;24;80;-;PFL;0GY;;;
21580                            X;;21580;JUL;ROBE;TWIN BREEZE;25E;35;110;-;PFL;0GY;;;
21581                            X;;21581;JODY;SET;TWIN BREEZE;25E;40;130;-;PFL;0GY;;;
21582                            X;;21582;JADOU;PULL;COMETEX;25E;28;80;-;PFL;0GY;;;
21583                            X;;21583;JESS;CHAUSSURES;JOELLE;25E;35;100;-;PFL;0H1;;;
21584                            X;;21584;JUBA;CHAUSSURES;JOELLE;25E;39;110;-;PFL;0H1;;;
21585                            X;;21585;JAKE;CHAUSSURES;JOELLE;25E;23;70;-;PFL;0H1;;;
21586                            X;;21586;JED;CHAUSSURES;JOELLE;25E;22;70;-;PFL;0H1;;;
21587                            X;;21587;JORGEN;CHAUSSURES;JOELLE;25E;43;130;-;PFL;0H1;;;
21588                            X;;21588;JIL;CHAUSSETTES;JOELLE;25E;43;130;-;PFL;0H1;;;
21589                            X;;21589;JOLANE;CHAUSSURES;JOELLE;25E;41;130;-;PFL;0H1;;;
21590                            X;;21590;JONI;CHAUSSURES;JOELLE;25E;41;120;-;PFL;0H1;;;
21591                            X;;21591;JOREL;CHAUSSURES;JOELLE;25E;41;120;-;PFL;0H1;;;
21592                            X;;21592;JANEK;CHAUSSURES;JOELLE;25E;32;90;-;PFL;0H1;;;
21593                            X;;21593;JAIMIE;CHAUSSURES;JOELLE;25E;35;100;-;PFL;0H1;;;
21594                            X;;21594;JOSY;CHAUSSURES;JOELLE;25E;38;100;-;PFL;0H1;;;
21596                            X;;21596;JAIRO;CHAUSSURES;JOELLE;25E;43;130;-;PFL;0H1;;;
21597                            X;;21597;JAWAN;CHAUSSURES;JOELLE;25E;35;110;-;PFL;0H1;;;
21598                            X;;21598;JANNY;CHAUSSURES;JOELLE;25E;38;110;-;PFL;0H1;;;
21599                            X;;21599;JANI;TEE SHIRT;MAILLE CLUB;25E;13;40;-;PFL;0GY;;;
21600                            X;;21600;JEAN;TEE SHIRT;MAILLE CLUB;25E;13;40;-;PFL;0GY;;;
21601                            X;;21601;JULES;ROBE;ARTEMIS;25E;56;180;-;PFL;0GY;;;
21604                            X;;21604;JANE;ROBE;ARTEMIS;25E;39;140;-;PFL;0GY;;;
21605                            X;;21605;JOHANN;ROBE;ARTEMIS;25E;39;130;-;PFL;0GY;;;
21607                            X;;21607;JOANNIS;BLOUSE;ARTEMIS;25E;35;100;-;PFL;0GY;;;
21608                            X;;21608;JEROME;CHEMISE;ARTEMIS;25E;29;90;-;PFL;0GY;;;
21609                            X;;21609;JUDE;CHEMISE;ARTEMIS;25E;45;140;-;PFL;0GY;;;
21611                            X;;21611;JOSINE;ROBE;MB;25E;34;110;-;PFL;0GY;;;
21612                            X;;21612;JOIS;ROBE;MB;25E;46;140;-;PFL;0GY;;;
21613                            X;;21613;JILLUY;ROBE;MB;25E;56;160;-;PFL;0GY;;;
21621                            X;;21621;JAIBI;CHEMISE;ARTEMIS;25E;45;130;-;PFL;0GY;;;
21622                            X;;21622;JERUSALEM;KIMONO;TIN TRADE;25E;55;190;-;PFL;0GZ;;;
21623                            X;;21623;JAYDA;KIMONO;TIN TRADE;25E;55;190;-;PFL;0GZ;;;
21624                            X;;21624;JAMI;KIMONO;TIN TRADE;25E;44;150;-;PFL;0GZ;;;
21625                            X;;21625;JAZE;PYJAMA;MAILLE CLUB;25E;26;80;-;PFL;0GY;;;
21626                            X;;21626;JESSI;CHEMISE DE NUIT;MAILLE CLUB;25E;24;80;-;PFL;0GY;;;
21627                            X;;21627;JESSIKA;TUNIQUE;MY LOOK;25E;24;80;-;PFL;0GY;;;
21636                            X;;21636;JERINE;PANTALON;STE TEX-MODE;25E;31;100;-;PFL;0GY;;;
21637                            X;;21637;JESKO;TEE SHIRT;STE TEX-MODE;25E;16;55;-;PFL;0GY;;;
21638                            X;;21638;JACOMO;TEE SHIRT;STE TEX-MODE;25E;16;55;-;PFL;0GY;;;
21639                            X;;21639;JAFA;TEE SHIRT;STE TEX-MODE;25E;16;55;-;PFL;0GY;;;
21640                            X;;21640;JABBA;TEE SHIRT;STE TEX-MODE;25E;16;55;-;PFL;0GY;;;
21641                            X;;21641;JAIKA;TEE SHIRT;STE TEX-MODE;25E;16;55;-;PFL;0GY;;;
21642                            X;;21642;JAKUZA;TEE SHIRT;STE TEX-MODE;25E;13;55;-;PFL;0GY;;;
21643                            X;;21643;JAIRA;TEE SHIRT;STE TEX-MODE;25E;16;55;-;PFL;0GY;;;
21644                            X;;21644;JALA;TEE SHIRT;STE TEX-MODE;25E;16;55;-;PFL;0GY;;;
21645                            X;;21645;JARO;TEE SHIRT;STE TEX-MODE;25E;16;55;-;PFL;0GY;;;
21646                            X;;21646;JAVA;TEE SHIRT;STE TEX-MODE;25E;17;60;-;PFL;0GY;;;
21647                            X;;21647;JILDA;TEE SHIRT;STE TEX-MODE;25E;16;55;-;PFL;0GY;;;
21648                            X;;21648;JERIKO;TEE SHIRT;STE TEX-MODE;25E;13;50;-;PFL;0GY;;;
21649                            X;;21649;JORNI;TEE SHIRT;STE TEX-MODE;25E;12;40;-;PFL;0GY;;;
21650                            X;;21650;JITTA;TEE SHIRT;STE TEX-MODE;25E;16;55;-;PFL;0GY;;;
21651                            X;;21651;JINA;TEE SHIRT;STE TEX-MODE;25E;16;55;-;PFL;0GY;;;
21652                            X;;21652;JENELLE;TEE SHIRT;STE TEX-MODE;25E;19;60;-;PFL;0GY;;;
21653                            X;;21653;JOVITTA;TEE SHIRT;STE TEX-MODE;25E;17;60;-;PFL;0GY;;;
21654                            X;;21654;JOVED;TEE SHIRT;STE TEX-MODE;25E;14;50;-;PFL;0GY;;;
21655                            X;;21655;JARNAC;TEE SHIRT;STE TEX-MODE;25E;18;60;-;PFL;0GY;;;
21656                            X;;21656;JAMILA;TEE SHIRT;STE TEX-MODE;25E;12;40;-;PFL;0GY;;;
21657                            X;;21657;JENGO;TEE SHIRT;STE TEX-MODE;25E;16;55;-;PFL;0GY;;;
21658                            X;;21658;JANIZ;TEE SHIRT;STE TEX-MODE;25E;19;65;-;PFL;0GY;;;
21659                            X;;21659;JAMMA;TEE SHIRT;STE TEX-MODE;25E;17;60;-;PFL;0GY;;;
21661                            X;;21661;JULIETTE;CHEMISE;STE TEX-MODE;25E;33;100;-;PFL;0GY;;;
21663                            X;;21663;JOURDAN;PONCHO;STE GAT FASHION;25E;34;110;-;PFL;0GZ;;;
21664                            X;;21664;JORDI;PYJAMA;DELFINO;25E;35;100;-;PFL;0GY;;;
21666                            X;;21666;JOUDI;PYJA SHORT;STE TEX-MODE;25E;25;80;-;PFL;0GY;;;
21667                            X;;21667;JIJI;PYJA SHORT;STE TEX-MODE;25E;25;80;-;PFL;0GY;;;
21668                            X;;21668;JANY;PYJA SHORT;STE TEX-MODE;25E;25;80;-;PFL;0GY;;;
21669                            X;;21669;JUDIC;CHEMISE DE NUIT;STE TEX-MODE;25E;19;80;-;PFL;0GY;;;
21670                            X;;21670;JOZEPHA;PYJA SHORT;STE TEX-MODE;25E;26;80;-;PFL;0GY;;;
21679                            X;;21679;JOANY;CHEMISE;STE TEX-MODE;25E;32;110;-;PFL;0GY;;;
21680                            X;;21680;JANSOU;CHEMISE;STE TEX-MODE;25E;33;110;-;PFL;0GY;;;
21682                            X;;21682;JALTTA;KIMONO;STE TEX-MODE;25E;44;140;-;PFL;0GY;;;
21683                            X;;21683;JELLE;PANTALON;STE TEX-MODE;25E;33;110;-;PFL;0GY;;;
21684                            X;;21684;JOSH;JUPE;STE TEX-MODE;25E;27;100;-;PFL;0GY;;;
21686                            X;;21686;JANOT;SHORT;STE TEX-MODE;25E;25;90;-;PFL;0GY;;;
21687                            X;;21687;JERMAIN;PANTALON;STE TEX-MODE;25E;35;120;-;PFL;0GY;;;
21688                            X;;21688;JUGO;VESTE;STE TEX-MODE;25E;30;100;-;PFL;0GY;;;
21689                            X;;21689;JITESK;ROBE;STE TEX-MODE;25E;51;160;-;PFL;0GY;;;
21690                            X;;21690;JUVINE;ROBE;STE TEX-MODE;25E;45;140;-;PFL;0GY;;;
21691                            X;;21691;JER;ROBE;STE TEX-MODE;25E;57;170;-;PFL;0GY;;;
21692                            X;;21692;JANKIEL;ROBE;STE TEX-MODE;25E;57;170;-;PFL;0GY;;;
21695                            X;;21695;JAVOTTE;PANTALON;MY LOOK;25E;26;80;-;PFL;0GY;;;
21696                            X;;21696;JOPHINE;PANTALON;MY LOOK;25E;26;80;-;PFL;0GY;;;
21697                            X;;21697;JIAN;PANTALON;MY LOOK;25E;26;80;-;PFL;0GY;;;
21698                            X;;21698;JOAR;ROBE;MY LOOK;25E;31;100;-;PFL;0GY;;;
21699                            X;;21699;JADIN;TUNIQUE;MY LOOK;25E;18;60;-;PFL;0GY;;;
21700                            X;;21700;JELTY;CHEMISE DE NUIT;STE TEX-MODE;25E;19;80;-;PFL;0GY;;;
21701                            X;;21701;JUNI;PYJA SHORT;STE TEX-MODE;25E;26;80;-;PFL;0GY;;;
21705                            X;;21705;JOSELINE;PANTALON;STE TEX-MODE;25E;33;110;-;PFL;0GY;;;
21707                            X;;21707;JOUNAIDA;CHEMISE DE NUIT;DELFINO;25E;29;90;-;PFL;0GY;;;
21708                            X;;21708;JOSIANE;ROBE;MY LOOK;25E;31;100;-;PFL;0GY;;;
21709                            X;;21709;JAEL;ROBE;MY LOOK;25E;31;100;-;PFL;0GY;;;
21710                            X;;21710;JENIE;ROBE;SOS BESBES DE COMMERCE;25E;33;100;-;PFL;0GY;;;
21711                            X;;21711;JANUS;PANTALON JOGGING;DELFINO;25E;28;85;-;PFL;0GY;;;
21715                            X;;21715;JAUZION;CHEMISE;ARTEMIS;25E;37;110;-;PFL;0GY;;;
21717                            X;;21717;JERTRUD;ROBE;ARTEMIS;25E;49;170;-;PFL;0GY;;;
21718                            X;;21718;JAXS;BLOUSE;ARTEMIS;25E;46;130;-;PFL;0GY;;;
21719                            X;;21719;JELS;BLOUSE;ARTEMIS;25E;50;140;-;PFL;0GY;;;
21720                            X;;21720;JUING;CHEMISE;ARTEMIS;25E;32;110;-;PFL;0GY;;;
21721                            X;;21721;JAXINTO;CHEMISE;ARTEMIS;25E;32;110;-;PFL;0GY;;;
21722                            X;;21722;JUDIO;PANTALON;ARTEMIS;25E;35;110;-;PFL;0GY;;;
21723                            X;;21723;JRNIA;JUPE;ARTEMIS;25E;39;130;-;PFL;0GY;;;
21724                            X;;21724;JRMINE;JUPE;ARTEMIS;25E;46;140;-;PFL;0GY;;;
21725                            X;;21725;JOXIM;ROBE;ARTEMIS;25E;60;170;-;PFL;0GY;;;
21727                            X;;21727;JXY;ROBE;ARTEMIS;25E;47;140;-;PFL;0GY;;;
21740                            X;;21740;JIRANE;PANTALON;STE TEX-MODE;25E;34;110;-;PFL;0GY;;;
21744                            X;;21744;JOSI;PANTALON;OMRIFEX;25E;36;110;-;PFL;0GY;;;
21745                            X;;21745;JAKLINE;PANTALON;OMRIFEX;25E;36;110;-;PFL;0GY;;;
21746                            X;;21746;JOLINE;SHORT;OMRIFEX;25E;29;90;-;PFL;0GY;;;
21747                            X;;21747;JUNIOR;VESTE;OMRIFEX;25E;45;150;-;PFL;0GY;;;
21750                            X;;21750;JONITA;CHEMISE;ROSELLA;25E;35;110;-;PFL;0GY;;;
21751                            X;;21751;JORCY;CHEMISE;ROSELLA;25E;36;110;-;PFL;0GY;;;
21752                            X;;21752;JUSRE;KIMONO;ROSELLA;25E;49;160;-;PFL;0H0;;;
21753                            X;;21753;JOSEANE;VESTE;ROSELLA;25E;58;180;-;PFL;0GY;;;
21754                            X;;21754;JEZEKAEL;PANTALON;ROSELLA;25E;35;110;-;PFL;0GY;;;
21760                            X;;21760;JULITA;PYJA SHORT;DELFINO;25E;30;90;-;PFL;0GY;;;
21761                            X;;21761;JOSIME;BLOUSE;STE TEX-MODE;25E;48;140;-;PFL;0GY;;;
21762                            X;;21762;JOSE;JUPE;STE TEX-MODE;25E;38;140;-;PFL;0GY;;;
21763                            X;;21763;JOIS;BLOUSE;STE TEX-MODE;25E;30;90;-;PFL;0GY;;;
21764                            X;;21764;JAILYS;PANTALON;STE TEX-MODE;25E;33;110;-;PFL;0GY;;;
21765                            X;;21765;JOARIS;VESTE;STE TEX-MODE;25E;30;100;-;PFL;0GY;;;
21766                            X;;21766;JUNIUS;ROBE;SORECO;25E;44;140;-;PFL;0GY;;;
21768                            X;;21768;JOHA;PANTALON;MY LOOK;25E;28;100;-;PFL;0GY;;;
21770                            X;;21770;JIHANY;PYJAMA;DELFINO;25E;32;100;-;PFL;0GY;;;
21771                            X;;21771;JULIE;SET;TIN TRADE;25E;51;170;-;PFL;0GY;;;
21772                            X;;21772;JEMA;ROBE;STE TEX-MODE;25E;59;180;-;PFL;0GY;;;
21774                            X;;21774;JOHANES;ROBE;AICHA FASHION;25E;40;140;-;PFL;0GY;;;
21775                            X;;21775;JOSEFINE;PANTALON;AICHA FASHION;25E;25;90;-;PFL;0GY;;;
21776                            X;;21776;JUDIT;PANTALON;AICHA FASHION;25E;25;90;-;PFL;0GY;;;
21777                            X;;21777;JELINE;CHEMISE;AICHA FASHION;25E;28;90;-;PFL;0GY;;;
21778                            X;;21778;JOAO;TUNIQUE;AICHA FASHION;25E;16;50;-;PFL;0GY;;;
21779                            X;;21779;JORINE;DEBARDEUR;AICHA FASHION;25E;14;50;-;PFL;0GY;;;
21781                            X;;21781;JINAR;CHEMISE;SOS BESBES DE COMMERCE;25E;23;90;-;PFL;0GY;;;
21783                            X;;21783;JANIN;TUNIQUE;METAPHORE LINE;25E;10;50;-;PFL;0GY;;;
21784                            X;;21784;JENITON;TEE SHIRT;METAPHORE LINE;25E;11;50;-;PFL;0GY;;;
21785                            X;;21785;JOUIN;ROBE;METAPHORE LINE;25E;21;90;-;PFL;0GY;;;
21786                            X;;21786;JAZY;DEBARDEUR;METAPHORE LINE;25E;9;50;-;PFL;0GY;;;
21788                            X;;21788;JAUMON;PYJAMA;DELFINO;25E;34;100;-;PFL;0GY;;;
21790                            X;;21790;JNAINA;PANTALON;MY LOOK;25E;24;80;-;PFL;0GY;;;
21791                            X;;21791;JAKOU;PANTALON;SORECO;25E;34;110;-;PFL;0GY;;;
21792                            X;;21792;JOASE;PANTALON;SORECO;25E;35;110;-;PFL;0GY;;;
21793                            X;;21793;JONESE;PANTALON;SORECO;25E;38;120;-;PFL;0GY;;;
21794                            X;;21794;JODEPH;PANTALON;SORECO;25E;33;110;-;PFL;0GY;;;
21795                            X;;21795;JOACHINA;PANTALON;SORECO;25E;37;120;-;PFL;0GY;;;
21796                            X;;21796;JAINE;PANTALON;SORECO;25E;37;120;-;PFL;0GY;;;
21797                            X;;21797;JOSIMA;PANTALON;SORECO;25E;35;110;-;PFL;0GY;;;
21798                            X;;21798;JUBRET;PANTALON;SORECO;25E;35;110;-;PFL;0GY;;;
21799                            X;;21799;JEZMA;PANTALON;SORECO;25E;34;110;-;PFL;0GY;;;
21800                            X;;21800;JEZAN;PANTALON;SORECO;25E;35;110;-;PFL;0GY;;;
21802                            X;;21802;JOANNOU;BLOUSE;AICHA FASHION;25E;22;80;-;PFL;0GY;;;
21805                            X;;21805;JEROMIA;SET;TIN TRADE;25E;50;170;-;PFL;0GY;;;
21806                            X;;21806;JANINNA;ROBE;TIN TRADE;25E;50;170;-;PFL;0GY;;;
21807                            X;;21807;JESULA;PANTALON;STE TEX-MODE;25E;32;110;-;PFL;0GY;;;
21810                            X;;21810;JISELLE;PANTALON;ARTEMIS;25E;29;100;-;PFL;0GY;;;
21811                            X;;21811;JOVANNA;TEE SHIRT;STE TEX-MODE;25E;11;55;-;PFL;0GY;;;
21815                            X;;21815;JULIANA;PYJA SHORT;AICHA FASHION;25E;28;80;-;PFL;0GY;;;
21816                            X;;21816;JINORA;CHEMISE DE NUIT;AICHA FASHION;25E;28;80;-;PFL;0GY;;;
21817                            X;;21817;JULISSA;PYJAMA;AICHA FASHION;25E;29;90;-;PFL;0GY;;;
21818                            X;;21818;JASMINA;CHEMISE DE NUIT;AICHA FASHION;25E;29;80;-;PFL;0GY;;;
21819                            X;;21819;JALIA;PYJA SHORT;AICHA FASHION;25E;28;80;-;PFL;0GY;;;
21820                            X;;21820;JACINDA;PYJAMA;AICHA FASHION;25E;29;90;-;PFL;0GY;;;
21821                            X;;21821;JANESSA;PYJAMA;AICHA FASHION;25E;29;90;-;PFL;0GY;;;
21822                            X;;21822;JELINA;PYJA SHORT;AICHA FASHION;25E;28;80;-;PFL;0GY;;;
21823                            X;;21823;JALYSSEA;ROBE;ARTEMIS;25E;49;150;-;PFL;0GY;;;
21825                            X;;21825;JAZIA;PANTY;GRP GRATTI TEXTILE;25E;10;28;-;PFL;0GY;;;
21826                            X;;21826;JUANA;DEBARDEUR;GRP GRATTI TEXTILE;25E;10;32;-;PFL;0GY;;;
21827                            X;;21827;JAINA;DEBARDEUR;GRP GRATTI TEXTILE;25E;10;30;-;PFL;0GY;;;
21828                            X;;21828;JORINA;DEBARDEUR;GRP GRATTI TEXTILE;25E;10;30;-;PFL;0GY;;;
21829                            X;;21829;JINDARA;SLIP;GRP GRATTI TEXTILE;25E;10;32;-;PFL;0GY;;;
21830                            X;;21830;JARELLE;SLIP;GRP GRATTI TEXTILE;25E;6;22;-;PFL;0GY;;;
21831                            X;;21831;JIA;SLIP;GRP GRATTI TEXTILE;25E;7;24;-;PFL;0GY;;;
21832                            X;;21832;JOVIE;SLIP;GRP GRATTI TEXTILE;25E;7;24;-;PFL;0GY;;;
21833                            X;;21833;JAVINO;SOUTIEN;GRP GRATTI TEXTILE;25E;11;30;-;PFL;0GY;;;
21835                            X;;21835;JEANNE;TEE SHIRT;DELFINO;25E;12;40;-;PFL;0GY;;;
21836                            X;;21836;JOY;ROBE;AICHA FASHION;25E;37;130;-;PFL;0GY;;;
21840                            X;;21840;JIVAN;PANTALON;STE TEX-MODE;25E;33;100;-;PFL;0GY;;;
21841                            X;;21841;JERIAH;BLOUSE;STE TEX-MODE;25E;31;100;-;PFL;0GY;;;
21842                            X;;21842;JAYRO;PANTALON;STE TEX-MODE;25E;31;100;-;PFL;0GY;;;
21843                            X;;21843;JUBIEL;PANTALON;STE TEX-MODE;25E;32;120;-;PFL;0GY;;;
21844                            X;;21844;JUNESIA;CHEMISE;ARTEMIS;25E;35;110;-;PFL;0GY;;;
21845                            X;;21845;JELYA;VESTE;ARTEMIS;25E;79;220;-;PFL;0GY;;;
21846                            X;;21846;JEYNA;CHEMISE;ARTEMIS;25E;51;140;-;PFL;0GY;;;
21847                            X;;21847;JINAE;BLOUSE;ARTEMIS;25E;51;140;-;PFL;0GY;;;
21848                            X;;21848;JUNAYA;BLOUSE;ARTEMIS;25E;33;100;-;PFL;0GY;;;
21849                            X;;21849;JOSALYA;BLOUSE;ARTEMIS;25E;31;100;-;PFL;0GY;;;
21850                            X;;21850;JASELIA;BLOUSE;ARTEMIS;25E;31;100;-;PFL;0GY;;;
21851                            X;;21851;JUNARA;BLOUSE;ARTEMIS;25E;32;100;-;PFL;0GY;;;
21852                            X;;21852;JAVELIA;JUPE;ARTEMIS;25E;35;110;-;PFL;0GY;;;
21859                            X;;21859;JOCELYNE;BLOUSE;ARTEMIS;25E;56;150;-;PFL;0GY;;;
21860                            X;;21860;JELEPHINE;JUPE;AICHA FASHION;25E;27;100;-;PFL;0GY;;;
21861                            X;;21861;JUNA;ROBE;MB;25E;33;110;-;PFL;0GY;;;
21862                            X;;21862;JASNA;ROBE;STE TEX-MODE;25E;59;170;-;PFL;0GY;;;
21863                            X;;21863;JESSIA;BLOUSE;STE TEX-MODE;25E;31;100;-;PFL;0GY;;;
21870                            X;;21870;JOSINA;CHEMISE;ARTEMIS;25E;53;160;-;PFL;0GY;;;
21871                            X;;21871;JALENA;PANTALON;ARTEMIS;25E;31;110;-;PFL;0GY;;;
21872                            X;;21872;JIRENA;BLOUSE;ARTEMIS;25E;36;120;-;PFL;0GY;;;
21873                            X;;21873;JAVINA;PANTALON;ARTEMIS;25E;32;110;-;PFL;0GY;;;
21874                            X;;21874;JANERIA;ROBE;ARTEMIS;25E;44;150;-;PFL;0GY;;;
21875                            X;;21875;JASMIRA;ROBE;ARTEMIS;25E;54;170;-;PFL;0GY;;;
21876                            X;;21876;JELIONA;ROBE;ARTEMIS;25E;51;160;-;PFL;0GY;;;
21878                            X;;21878;JAZEORA;BLOUSE;ARTEMIS;25E;38;120;-;PFL;0GY;;;
21879                            X;;21879;JOLINA;ROBE;ARTEMIS;25E;47;180;-;PFL;0GY;;;
21880                            X;;21880;JOLIRYA;VESTE;ARTEMIS;25E;44;150;-;PFL;0GY;;;
21881                            X;;21881;JANINE;PANTALON;ARTEMIS;25E;36;130;-;PFL;0GY;;;
21883                            X;;21883;JARED;ROBE;STE TEX-MODE;25E;63;200;-;PFL;0GY;;;
21884                            X;;21884;JUNIAR;TEE SHIRT;STE TEX-MODE;25E;11;50;-;PFL;0GY;;;
21885                            X;;21885;JERICHO;TEE SHIRT;STE TEX-MODE;25E;11;50;-;PFL;0GY;;;
21890                            X;;21890;JORVIK;ROBE;TIN TRADE;25E;50;170;-;PFL;0GY;;;
21891                            X;;21891;JAZIELA;ROBE;TIN TRADE;25E;34;130;-;PFL;0GY;;;
21893                            X;;21893;JYNESIA;BLOUSE;ARTEMIS;25E;38;120;-;PFL;0GY;;;
21895                            X;;21895;JOLYSANNE;PANTALON;SORECO;25E;37;120;-;PFL;0GY;;;
21896                            X;;21896;JALIORA;PANTALON;SORECO;25E;37;120;-;PFL;0GY;;;
21897                            X;;21897;JOUL;CHEMISE;MB;25E;33;110;-;PFL;0GY;;;
21898                            X;;21898;JOSIAN;ROBE;MB;25E;42;150;-;PFL;0GY;;;
21899                            X;;21899;JUVENT;PANTALON;MB;25E;25;110;-;PFL;0GY;;;
21900                            X;;21900;JEREMIE;VESTE;SOCIÉTÉ ARCENAY INTERNATIONAL;25E;37;140;-;PFL;0GY;;;
21903                            X;;21903;JORANE;ROBE;TIN TRADE;25E;51;180;-;PFL;0GY;;;
21904                            X;;21904;JOSANE;ROBE;TIN TRADE;25E;51;180;-;PFL;0GY;;;
21905                            X;;21905;JUVENAL;ROBE;DELFINO;25E;36;130;-;PFL;0GY;;;
21906                            X;;21906;JUDAS;TEE SHIRT;DELFINO;25E;19;80;-;PFL;0GY;;;
21907                            X;;21907;JURGEN;PANTALON;ROSELLA;25E;37;120;-;PFL;0GY;;;
21908                            X;;21908;JAMINE;ROBE;ROSELLA;25E;59;180;-;PFL;0GY;;;
21909                            X;;21909;JUCONDE;ROBE;ROSELLA;25E;55;170;-;PFL;0GY;;;
21910                            X;;21910;JULIETTA;ROBE;ROSELLA;25E;58;190;-;PFL;0GY;;;
21911                            X;;21911;JYMMY;ROBE;ROSELLA;25E;60;190;-;PFL;0GY;;;
21912                            X;;21912;JURK;PANTALON;ROSELLA;25E;38;130;-;PFL;0GY;;;
21913                            X;;21913;JIOVANY;BLOUSE;ROSELLA;25E;45;150;-;PFL;0GY;;;
21914                            X;;21914;JAID;ROBE;ROSELLA;25E;64;190;-;PFL;0GY;;;
21915                            X;;21915;JOLAN;CHEMISE;ROSELLA;25E;45;150;-;PFL;0GY;;;
21916                            X;;21916;JOAKIM;ROBE;ROSELLA;25E;57;170;-;PFL;0GY;;;
21918                            X;;21918;JAIME;JUPE;ROSELLA;25E;38;110;-;PFL;0GY;;;
21919                            X;;21919;JARNO;PANTALON;ROSELLA;25E;37;140;-;PFL;0GY;;;
21920                            X;;21920;JOANEL;COMBINAISON;ROSELLA;25E;59;180;-;PFL;0GY;;;
21922                            X;;21922;JOBI;DEBARDEUR;STE GAT FASHION;25E;23;70;-;PFL;0GY;;;
21923                            X;;21923;JESABEL;PANTALON;STE TEX-MODE;25E;33;120;-;PFL;0GY;;;
21925                            X;;21925;JOUNY;TEE SHIRT;DELFINO;25E;19;80;-;PFL;0GY;;;
21926                            X;;21926;JAYDO;ROBE;DELFINO;25E;32;110;-;PFL;0GY;;;
21927                            X;;21927;JACINTA;ROBE;DELFINO;25E;36;130;-;PFL;0GY;;;
21928                            X;;21928;JACOPO;PANTALON;DELFINO;25E;33;140;-;PFL;0GY;;;
21929                            X;;21929;JADRANKA;ROBE;DELFINO;25E;66;200;-;PFL;0GY;;;
21930                            X;;21930;JAIDA;ROBE;DELFINO;25E;32;110;-;PFL;0GY;;;
21931                            X;;21931;JANISE;ROBE;METAPHORE LINE;25E;41;170;-;PFL;0GY;;;
21932                            X;;21932;JAOUEN;DEBARDEUR;AICHA FASHION;25E;12;50;-;PFL;0GY;;;
21933                            X;;21933;JAUFRI;TEE SHIRT;AICHA FASHION;25E;12;50;-;PFL;0GY;;;
21934                            X;;21934;JEVAN;HOMEWEAR;AICHA FASHION;25E;35;120;-;PFL;0GY;;;
21935                            X;;21935;JEANY;HOMEWEAR;AICHA FASHION;25E;35;120;-;PFL;0GY;;;
21936                            X;;21936;JENS;ROBE;AICHA FASHION;25E;30;100;-;PFL;0GY;;;
21938                            X;;21938;JOURA;TENUE VENDEUR(se);METAPHORE LINE;25E;15;0;-;PFL;0GY;;;
21939                            X;;21939;JAZI;TENUE VENDEUR(se);METAPHORE LINE;25E;30;0;-;PFL;0GY;;;
21940                            X;;21940;JOYOUNA;ROBE;AICHA FASHION;25E;30;110;-;PFL;0GY;;;
21941                            X;;21941;JEMUEL;ROBE;AICHA FASHION;25E;32;100;-;PFL;0GY;;;
21942                            X;;21942;JOWAN;JUPE;AICHA FASHION;25E;25;80;-;PFL;0GY;;;
21943                            X;;21943;JANK;ROBE;AICHA FASHION;25E;35;120;-;PFL;0GY;;;
21944                            X;;21944;JAIRUS;ROBE;AICHA FASHION;25E;30;100;-;PFL;0GY;;;
21945                            X;;21945;JONIEL;ROBE;AICHA FASHION;25E;32;100;-;PFL;0GY;;;
21946                            X;;21946;JARWIN;DEBARDEUR;AICHA FASHION;25E;11;50;-;PFL;0GY;;;
21948                            X;;21948;JOEPHINE;ROBE;TIN TRADE;25E;100;280;-;PFL;0GY;;;
21949                            X;;21949;JACLINE;ROBE;TIN TRADE;25E;110;300;-;PFL;0H0;;;
21950                            X;;21950;JAILA;DEBARDEUR;STE GAT FASHION;25E;21;70;-;PFL;0GY;;;
21951                            X;;21951;JOUD;PANTALON;STE PRIMAVET;25E;33;130;-;PFL;0GY;;;
21952                            X;;21952;JOBA;PANTALON;STE PRIMAVET;25E;31;120;-;PFL;0GY;;;
21953                            X;;21953;JALIO;CHEMISE DE NUIT;AICHA FASHION;25E;28;80;-;PFL;0GY;;;
21954                            X;;21954;JAKINE;ROBE;ROSELLA;25E;58;180;-;PFL;0GY;;;
21955                            X;;21955;JOLIE;ROBE;ARTEMIS;25E;57;190;-;PFL;0GY;;;
21956                            X;;21956;JATROPHA;ROBE;TIN TRADE;25E;51;180;-;PFL;0GY;;;
21957                            X;;21957;JUMANAH;SET;TIN TRADE;25E;50;190;-;PFL;0GY;;;
21958                            X;;21958;JOLISE;MAILLOT;MODA MANDORLA;25E;41;130;-;PFL;0GY;;;
21959                            X;;21959;JEZABEL;MAILLOT;MODA MANDORLA;25E;41;140;-;PFL;0GY;;;
21960                            X;;21960;JADELINE;MAILLOT;MODA MANDORLA;25E;41;140;-;PFL;0GY;;;
21961                            X;;21961;JALINA;MAILLOT;MODA MANDORLA;25E;41;140;-;PFL;0GY;;;
21962                            X;;21962;JOLISA;MAILLOT;MODA MANDORLA;25E;41;130;-;PFL;0GY;;;
21963                            X;;21963;JALIANA;DEBARDEUR;DELFINO;25E;20;100;-;PFL;0GY;;;
21964                            X;;21964;JUNIA;ROBE;MB;25E;34;110;-;PFL;0GY;;;
21965                            X;;21965;JOVANAE;ROBE;SOCIÉTÉ ARCENAY INTERNATIONAL;25E;40;160;-;PFL;0GY;;;
21966                            X;;21966;JOALINE;BLOUSE;SOCIÉTÉ ARCENAY INTERNATIONAL;25E;31;120;-;PFL;0GY;;;
21967                            X;;21967;JAZLINE;BLOUSE;MB;25E;27;110;-;PFL;0GY;;;
21968                            X;;21968;JURELLE;DEBARDEUR;MB;25E;27;100;-;PFL;0GY;;;
21969                            X;;21969;JAZERINE;ROBE;TWIN BREEZE;25E;46;160;-;PFL;0GY;;;
21970                            X;;21970;JACIRA;PANTALON;TWIN BREEZE;25E;34;120;-;PFL;0GY;;;
21971                            X;;21971;JESTICE;ROBE;ARTEMIS;25E;71;290;-;PFL;0GY;;;
21972                            X;;21972;JOAN;CHEMISE;ARTEMIS;25E;56;170;-;PFL;0GY;;;
21973                            X;;21973;JAGO;DEBARDEUR;STE TEX-MODE;25E;12;40;-;PFL;0GY;;;
21974                            X;;21974;JUNO;ROBE;TIN TRADE;25E;58;280;-;PFL;0GY;;;
21975                            X;;21975;JISNA;ROBE;TIN TRADE;25E;70;280;-;PFL;0GY;;;
21976                            X;;21976;JADWINE;SHORT;TIN TRADE;25E;35;130;-;PFL;0GY;;;
21977                            X;;21977;JUELZ;CHEMISE;TIN TRADE;25E;35;120;-;PFL;0GY;;;
21978                            X;;21978;JACOBINE;ROBE;TIN TRADE;25E;68;280;-;PFL;0GY;;;
22001                            X;;22001;LOUISA;PULL;NOURRISSON;25H;25;80;-;PFL;25H;;;
22002                            X;;22002;LIVIAN;PULL;NOURRISSON;25H;24;80;-;PFL;25H;;;
22003                            X;;22003;LYDIE;PULL;NOURRISSON;25H;24;90;-;PFL;25H;;;
22004                            X;;22004;LYCILE;PULL;NOURRISSON;25H;24;90;-;PFL;25H;;;
22005                            X;;22005;LEONOR;PULL;NOURRISSON;25H;25;80;-;PFL;25H;;;
22006                            X;;22006;LUCETTE;PULL;NOURRISSON;25H;26;90;-;PFL;25H;;;
22007                            X;;22007;LUYDIA;PULL;NOURRISSON;25H;26;90;-;PFL;25H;;;
22008                            X;;22008;LAUREN;PULL;NOURRISSON;25H;29;100;-;PFL;25H;;;
22009                            X;;22009;LAURA;GILET;NOURRISSON;25H;32;110;-;PFL;25H;;;
22010                            X;;22010;LINE;GILET;NOURRISSON;25H;34;110;-;PFL;25H;;;
22011                            X;;22011;LOUS;GILET;NOURRISSON;25H;30;100;-;PFL;25H;;;
22012                            X;;22012;LORANT;GILET;NOURRISSON;25H;38;130;-;PFL;25H;;;
22013                            X;;22013;LIENDA;LOUNGE WEAR;NOURRISSON;25H;40;140;-;PFL;25H;;;
22014                            X;;22014;LISA;LOUNGE WEAR;NOURRISSON;25H;47;160;-;PFL;25H;;;
22015                            X;;22015;LINA;SET;NOURRISSON;25H;47;150;-;PFL;25H;;;
22017                            X;;22017;LAMIER;GILET;COMETEX;25H;35;110;-;PFL;25H;;;
22018                            X;;22018;LANTANA;GILET;COMETEX;25H;32;110;-;PFL;25H;;;
22019                            X;;22019;LAPACHO;PULL;COMETEX;25H;33;110;-;PFL;25H;;;
22020                            X;;22020;LATHYRUS;PULL;COMETEX;25H;31;110;-;PFL;25H;;;
22021                            X;;22021;LAURIER;PULL;COMETEX;25H;33;120;-;PFL;25H;;;
22022                            X;;22022;LAVANDE;PULL;COMETEX;25H;30;110;-;PFL;25H;;;
22023                            X;;22023;LAVATERE;DEBARDEUR;COMETEX;25H;26;90;-;PFL;25H;;;
22024                            X;;22024;LEONOTIS;PULL;COMETEX;25H;33;120;-;PFL;25H;;;
22025                            X;;22025;LEPTINELLA;PULL;COMETEX;25H;34;120;-;PFL;25H;;;
22026                            X;;22026;LESPEDEZA;PULL;COMETEX;25H;32;110;-;PFL;25H;;;
22027                            X;;22027;LEWISIA;PULL;COMETEX;25H;32;120;-;PFL;25H;;;
22028                            X;;22028;LIATRIS;GILET;COMETEX;25H;34;110;-;PFL;25H;;;
22029                            X;;22029;LICUALA;GILET;COMETEX;25H;32;110;-;PFL;25H;;;
22030                            X;;22030;LIANE;GILET;COMETEX;25H;34;110;-;PFL;25H;;;
22031                            X;;22031;LIGULAIRE;ROBE;COMETEX;25H;34;130;-;PFL;25H;;;
22032                            X;;22032;LIMANTHES;LOUNGE WEAR;COMETEX;25H;60;180;-;PFL;25H;;;
22033                            X;;22033;LIN;PULL;COMETEX;25H;32;100;-;PFL;25H;;;
22036                            X;;22036;LIOARIS;PULL;COMETEX;25H;29;100;-;PFL;25H;;;
22037                            X;;22037;LISERON;PULL;COMETEX;25H;31;100;-;PFL;25H;;;
22038                            X;;22038;LITHODORA;PULL;COMETEX;25H;28;90;-;PFL;25H;;;
22039                            X;;22039;LOBELIA;PULL;COMETEX;25H;31;110;-;PFL;25H;;;
22040                            X;;22040;LOTUS;PULL;COMETEX;25H;28;90;-;PFL;25H;;;
22041                            X;;22041;LUFFA;PULL;COMETEX;25H;29;90;-;PFL;25H;;;
22042                            X;;22042;LUDISIA;GILET;COMETEX;25H;32;110;-;PFL;25H;;;
22043                            X;;22043;LUPIN;LOUNGE WEAR;COMETEX;25H;60;170;-;PFL;25H;;;
22044                            X;;22044;LUZULE;LOUNGE WEAR;COMETEX;25H;60;170;-;PFL;25H;;;
22045                            X;;22045;LYCASTE;PULL;COMETEX;25H;31;100;-;PFL;25H;;;
22046                            X;;22046;LYS;GILET;COMETEX;25H;35;120;-;PFL;25H;;;
22047                            X;;22047;LYSIMAQUE;PULL;COMETEX;25H;33;120;-;PFL;25H;;;
22048                            X;;22048;LYSICHITON;PULL;COMETEX;25H;33;120;-;PFL;25H;;;
22049                            X;;22049;LOTIER;PULL;COMETEX;25H;33;120;-;PFL;25H;;;
22050                            X;;22050;LAITERON;PONCHO;COMETEX;25H;31;110;-;PFL;0H2;;;
22052                            X;;22052;LEVANA;VESTE;ARTEMIS;25H;61;200;-;PFL;25H;;;
22053                            X;;22053;LYNDIA;PANTALON;ARTEMIS;25H;36;120;-;PFL;25H;;;
22054                            X;;22054;LYSIANE;PANTALON;ARTEMIS;25H;34;110;-;PFL;25H;;;
22055                            X;;22055;LUMA;BLOUSE;ARTEMIS;25H;29;100;-;PFL;25H;;;
22056                            X;;22056;LETHICIA;CHEMISE;ARTEMIS;25H;35;120;-;PFL;25H;;;
22057                            X;;22057;LIETTE;CHEMISE;ARTEMIS;25H;31;100;-;PFL;25H;;;
22058                            X;;22058;LAUNA;CHEMISE;ARTEMIS;25H;34;110;-;PFL;25H;;;
22060                            X;;22060;LYSIA;BLOUSE;ARTEMIS;25H;32;110;-;PFL;25H;;;
22061                            X;;22061;LORIE;CHEMISE;ARTEMIS;25H;50;150;-;PFL;25H;;;
22062                            X;;22062;LASSINE;PANTALON;ARTEMIS;25H;33;110;-;PFL;25H;;;
22063                            X;;22063;LUDJI;PANTALON;ARTEMIS;25H;35;120;-;PFL;25H;;;
22064                            X;;22064;LYRON;CHEMISE;ARTEMIS;25H;35;120;-;PFL;25H;;;
22065                            X;;22065;LYNDIE;CHEMISE;ARTEMIS;25H;55;180;-;PFL;25H;;;
22066                            X;;22066;LANA;PANTALON;SORECO;25H;38;140;-;PFL;25H;;;
22067                            X;;22067;LAURALY;PANTALON;SORECO;25H;38;140;-;PFL;25H;;;
22068                            X;;22068;LARA;PANTALON;SORECO;25H;35;130;-;PFL;25H;;;
22069                            X;;22069;LORNA;PANTALON;SORECO;25H;35;120;-;PFL;25H;;;
22070                            X;;22070;LYORA;PANTALON;SORECO;25H;34;110;-;PFL;25H;;;
22071                            X;;22071;LOISE;PANTALON;SORECO;25H;33;110;-;PFL;25H;;;
22072                            X;;22072;LAIDA;PANTALON;SORECO;25H;38;140;-;PFL;25H;;;
22073                            X;;22073;LYANA;PANTALON;SORECO;25H;33;110;-;PFL;25H;;;
22075                            X;;22075;LILANDRA;PANTALON;STE PRIMAVET;25H;30;110;-;PFL;25H;;;
22076                            X;;22076;LORINE;PANTALON;STE PRIMAVET;25H;32;130;-;PFL;25H;;;
22077                            X;;22077;LITAL;PANTALON;STE PRIMAVET;25H;29;120;-;PFL;25H;;;
22078                            X;;22078;LORA;PANTALON;STE PRIMAVET;25H;32;130;-;PFL;25H;;;
22079                            X;;22079;LUBAN;PANTALON;STE PRIMAVET;25H;29;120;-;PFL;25H;;;
22080                            X;;22080;LORELLA;PANTALON;STE PRIMAVET;25H;31;120;-;PFL;25H;;;
22081                            X;;22081;LYNDA;PANTALON;STE PRIMAVET;25H;34;140;-;PFL;25H;;;
22082                            X;;22082;LOLLA;PANTALON;STE PRIMAVET;25H;30;110;-;PFL;25H;;;
22083                            X;;22083;LISANDRE;PANTALON;ARTEMIS;25H;34;120;-;PFL;25H;;;
22084                            X;;22084;LIDA;CHEMISE;STE TEX-MODE;25H;33;120;-;PFL;25H;;;
22085                            X;;22085;LYVANE;ROBE;ROSELLA;25H;64;200;-;PFL;25H;;;
22086                            X;;22086;LEMY;BLOUSE;ROSELLA;25H;35;110;-;PFL;25H;;;
22087                            X;;22087;LONAVLA;ROBE;ROSELLA;25H;66;210;-;PFL;25H;;;
22088                            X;;22088;LOMA;VESTE;ROSELLA;25H;71;230;-;PFL;25H;;;
22089                            X;;22089;LISKAM;PANTALON;ROSELLA;25H;38;120;-;PFL;25H;;;
22090                            X;;22090;LAGOA;VESTE;ROSELLA;25H;69;230;-;PFL;25H;;;
22091                            X;;22091;LYSANDRA;PANTALON;ROSELLA;25H;37;120;-;PFL;25H;;;
22092                            X;;22092;LARPINTA;PANTALON;ROSELLA;25H;38;120;-;PFL;25H;;;
22093                            X;;22093;LIVATA;VESTE;ROSELLA;25H;71;250;-;PFL;25H;;;
22094                            X;;22094;LUKLA;PANTALON;ROSELLA;25H;38;130;-;PFL;25H;;;
22095                            X;;22095;LIRANG;CHEMISE;ROSELLA;25H;37;140;-;PFL;25H;;;
22096                            X;;22096;LANTAU;VESTE;ROSELLA;25H;70;220;-;PFL;25H;;;
22097                            X;;22097;LEMEI;PANTALON;ROSELLA;25H;36;110;-;PFL;25H;;;
22098                            X;;22098;LISBONNE;VESTE;ROSELLA;25H;69;250;-;PFL;25H;;;
22099                            X;;22099;LARNACA;JUPE;ROSELLA;25H;36;130;-;PFL;25H;;;
22100                            X;;22100;LOURDES;PANTALON;ROSELLA;25H;40;140;-;PFL;25H;;;
22101                            X;;22101;LURE;VESTE;ROSELLA;25H;72;250;-;PFL;25H;;;
22102                            X;;22102;LIVINGO;PANTALON;ROSELLA;25H;37;140;-;PFL;25H;;;
22103                            X;;22103;LEMMON;ROBE;ROSELLA;25H;46;220;-;PFL;25H;;;
22105                            X;;22105;LASSEN;CHEMISE;ROSELLA;25H;39;130;-;PFL;25H;;;
22106                            X;;22106;LIAM;PANTALON JOGGING;SOMOTEX;25H;26;90;-;PFL;25H;;;
22108                            X;;22108;LAVINIA;PANTALON;SORECO;25H;37;140;-;PFL;25H;;;
22110                            X;;22110;LAURE;PYJAMA;DELFINO;25H;45;120;-;PFL;25H;;;
22111                            X;;22111;LIV;PYJAMA;DELFINO;25H;41;110;-;PFL;25H;;;
22112                            X;;22112;LENA;TEE SHIRT;DELFINO;25H;22;80;-;PFL;25H;;;
22113                            X;;22113;LESIA;TEE SHIRT;MAILLE CLUB;25H;21;70;-;PFL;25H;;;
22114                            X;;22114;LOHANE;TEE SHIRT;MAILLE CLUB;25H;19;70;-;PFL;25H;;;
22115                            X;;22115;LINIA;TEE SHIRT;MAILLE CLUB;25H;18;70;-;PFL;25H;;;
22116                            X;;22116;LENDA;BLOUSE;MAILLE CLUB;25H;28;100;-;PFL;25H;;;
22117                            X;;22117;LOUBRA;PANTALON;MAILLE CLUB;25H;41;140;-;PFL;25H;;;
22118                            X;;22118;LAENA;JUPE;MAILLE CLUB;25H;33;130;-;PFL;25H;;;
22120                            X;;22120;LEXIE;BLOUSE;MAILLE CLUB;25H;35;110;-;PFL;25H;;;
22121                            X;;22121;LUDIVYNE;legging;MAILLE CLUB;25H;29;110;-;PFL;25H;;;
22122                            X;;22122;LINSHA;legging;MAILLE CLUB;25H;30;110;-;PFL;25H;;;
22123                            X;;22123;LAMIRA;ROBE;MAILLE CLUB;25H;42;150;-;PFL;25H;;;
22124                            X;;22124;LEONELLA;ROBE;MAILLE CLUB;25H;48;170;-;PFL;25H;;;
22125                            X;;22125;LOURENTINE;ROBE;MAILLE CLUB;25H;43;150;-;PFL;25H;;;
22126                            X;;22126;LISSIANE;ROBE;MAILLE CLUB;25H;46;180;-;PFL;25H;;;
22127                            X;;22127;LUDOVINE;PANTALON;MAILLE CLUB;25H;40;130;-;PFL;25H;;;
22128                            X;;22128;LETTONIE;TEE SHIRT;STE TEX-MODE;25H;17;60;-;PFL;25H;;;
22129                            X;;22129;LIBERIA;TEE SHIRT;STE TEX-MODE;25H;14;60;-;PFL;25H;;;
22130                            X;;22130;LONNY;COMBINAISON;ARTEMIS;25H;60;190;-;PFL;25H;;;
22131                            X;;22131;LORAY;ROBE;ARTEMIS;25H;56;180;-;PFL;25H;;;
22132                            X;;22132;LAIGNE;BLOUSE;ARTEMIS;25H;32;100;-;PFL;25H;;;
22133                            X;;22133;LONDE;BLOUSE;ARTEMIS;25H;36;120;-;PFL;25H;;;
22135                            X;;22135;LANCE;BLOUSE;ARTEMIS;25H;34;140;-;PFL;25H;;;
22137                            X;;22137;LARGO;PYJAMA;DELFINO;25H;39;100;-;PFL;25H;;;
22138                            X;;22138;LUBIN;ROBE;METAPHORE LINE;25H;38;130;-;PFL;25H;;;
22139                            X;;22139;LOVA;PULL;STE GAT FASHION;25H;24;90;-;PFL;25H;;;
22140                            X;;22140;LAZARD;LOUNGE WEAR;NOURRISSON;25H;48;170;-;PFL;25H;;;
22142                            X;;22142;LENNY;HOMEWEAR;SOS BESBES DE COMMERCE;25H;34;120;-;PFL;25H;;;
22143                            X;;22143;LIORA;PANTALON;STE PRIMAVET;25H;31;110;-;PFL;25H;;;
22145                            X;;22145;LUDWIN;VESTE;ARTEMIS;25H;58;190;-;PFL;25H;;;
22146                            X;;22146;LUDVICE;PANTALON;ARTEMIS;25H;34;110;-;PFL;25H;;;
22147                            X;;22147;LYA;CHEMISE;TIN TRADE;25H;33;130;-;PFL;25H;;;
22148                            X;;22148;LONIE;PULL;TWIN BREEZE;25H;18;80;-;PFL;25H;;;
22150                            X;;22150;LETICE;BLOUSE;SOS BESBES DE COMMERCE;25H;27;90;-;PFL;25H;;;
22151                            X;;22151;LIEBERT;CHEMISE;SOS BESBES DE COMMERCE;25H;27;90;-;PFL;25H;;;
22152                            X;;22152;LEVINA;JUPE;SOS BESBES DE COMMERCE;25H;25;90;-;PFL;25H;;;
22153                            X;;22153;LARIE;PANTALON;SOS BESBES DE COMMERCE;25H;25;90;-;PFL;25H;;;
22154                            X;;22154;LORAINE;PANTALON;SOS BESBES DE COMMERCE;25H;25;100;-;PFL;25H;;;
22155                            X;;22155;LENARD;PANTALON;SOS BESBES DE COMMERCE;25H;25;110;-;PFL;25H;;;
22156                            X;;22156;LIZE;legging;SOS BESBES DE COMMERCE;25H;25;90;-;PFL;25H;;;
22158                            X;;22158;LUDAN;CHEMISE;TIN TRADE;25H;23;100;-;PFL;25H;;;
22159                            X;;22159;LUKA;JUPE;TIN TRADE;25H;29;130;-;PFL;25H;;;
22160                            X;;22160;LIEVE;SET;TIN TRADE;25H;51;190;-;PFL;25H;;;
22162                            X;;22162;LOURALINE;VESTE;MAILLE CLUB;25H;68;230;-;PFL;25H;;;
22163                            X;;22163;LEONTINE;VESTE;MAILLE CLUB;25H;71;250;-;PFL;25H;;;
22164                            X;;22164;LOUJI;MANTEAU;MAILLE CLUB;25H;106;300;-;PFL;25H;;;
22170                            X;;22170;LORETTE;VESTE;STE TEX-MODE;25H;40;150;-;PFL;25H;;;
22171                            X;;22171;LAZARELLE;PANTALON;STE TEX-MODE;25H;30;110;-;PFL;25H;;;
22172                            X;;22172;LUNIVA;PANTALON;STE TEX-MODE;25H;30;110;-;PFL;25H;;;
22173                            X;;22173;LYOR;BLOUSE;ARTEMIS;25H;35;120;-;PFL;25H;;;
22174                            X;;22174;LYSE;PANTALON;ARTEMIS;25H;35;110;-;PFL;25H;;;
22175                            X;;22175;LYNDIE;PANTALON;ARTEMIS;25H;36;120;-;PFL;25H;;;
22177                            X;;22177;LEONA;CHEMISE;ARTEMIS;25H;30;110;-;PFL;25H;;;
22178                            X;;22178;LYVIO;BLOUSE;ARTEMIS;25H;33;110;-;PFL;25H;;;
22179                            X;;22179;LOUKIA;VESTE;ARTEMIS;25H;66;250;-;PFL;25H;;;
22180                            X;;22180;LOUISETTE;JUPE;ARTEMIS;25H;34;130;-;PFL;25H;;;
22181                            X;;22181;LANDJA;ROBE;ARTEMIS;25H;41;140;-;PFL;25H;;;
22182                            X;;22182;LOVINA;PANTALON;ARTEMIS;25H;35;120;-;PFL;25H;;;
22183                            X;;22183;LOUKINA;PANTALON;ARTEMIS;25H;29;110;-;PFL;25H;;;
22184                            X;;22184;LYONDRA;VESTE;ARTEMIS;25H;57;190;-;PFL;25H;;;
22185                            X;;22185;LOUPZE;JOGGING;MB;25H;54;170;-;PFL;25H;;;
22186                            X;;22186;LUDMILA;PANTALON;TWIN BREEZE;25H;26;90;-;PFL;25H;;;
22187                            X;;22187;LAWRY;DEBARDEUR;NBL;25H;13;35;-;PFL;0H2;;;
22188                            X;;22188;LAIZA;SLIP;NBL;25H;12;30;-;PFL;0H2;;;
22189                            X;;22189;LANI;SLIP;NBL;25H;13;35;-;PFL;0H2;;;
22190                            X;;22190;LATIMY;PANTALON;MY LOOK;25H;27;100;-;PFL;25H;;;
22191                            X;;22191;LYVAN;CHEMISE;MY LOOK;25H;27;90;-;PFL;25H;;;
22192                            X;;22192;LEORA;VESTE;MY LOOK;25H;47;150;-;PFL;25H;;;
22193                            X;;22193;LYRIA;PANTALON;MY LOOK;25H;27;90;-;PFL;25H;;;
22194                            X;;22194;LYSIAN;CHEMISE DE NUIT;DELFINO;25H;31;90;-;PFL;25H;;;
22195                            X;;22195;LYRIA;PYJAMA;DELFINO;25H;39;110;-;PFL;25H;;;
22196                            X;;22196;LYNSEY;JOGGING;STE TEX-MODE;25H;51;180;-;PFL;25H;;;
22197                            X;;22197;LIAZID;CHEMISE;ROSELLA;25H;35;120;-;PFL;25H;;;
22198                            X;;22198;LIDIANE;ROBE;ROSELLA;25H;60;190;-;PFL;25H;;;
22199                            X;;22199;LIBORIO;ROBE;ROSELLA;25H;68;220;-;PFL;25H;;;
22200                            X;;22200;LICINIO;BLOUSE;ROSELLA;25H;37;120;-;PFL;25H;;;
22201                            X;;22201;LIDWINE;BLOUSE;ROSELLA;25H;38;120;-;PFL;25H;;;
22202                            X;;22202;LIDO;ROBE;ROSELLA;25H;60;190;-;PFL;25H;;;
22203                            X;;22203;LILIO;BLOUSE;ROSELLA;25H;37;120;-;PFL;25H;;;
22204                            X;;22204;LILYROSE;PANTALON;ROSELLA;25H;38;140;-;PFL;25H;;;
22205                            X;;22205;LIOUBA;ROBE;TIN TRADE;25H;61;200;-;PFL;25H;;;
22206                            X;;22206;LITA;SET;TIN TRADE;25H;62;220;-;PFL;25H;;;
22207                            X;;22207;LOAN;HOMEWEAR;METAPHORE LINE;25H;42;140;-;PFL;25H;;;
22208                            X;;22208;LENZO;CALECON;METAPHORE LINE;25H;20;60;-;PFL;25H;;;
22209                            X;;22209;LASAL;VESTE;METAPHORE LINE;25H;35;150;-;PFL;25H;;;
22210                            X;;22210;LILIA;JOGGING;DELFINO;25H;79;250;-;PFL;25H;;;
22211                            X;;22211;LYRA;JOGGING;DELFINO;25H;68;210;-;PFL;25H;;;
22212                            X;;22212;LESLIE;CHEMISE DE NUIT;DELFINO;25H;32;100;-;PFL;25H;;;
22213                            X;;22213;LILINE;PULL;STE GAT FASHION;25H;28;100;-;PFL;25H;;;
22214                            X;;22214;LORANI;TENUE VENDEUR(se);METAPHORE LINE;25H;19;0;-;PFL;25H;;;
22215                            X;;22215;LAURENTINE;PYJAMA;DELFINO;25H;38;110;-;PFL;25H;;;
22216                            X;;22216;LORENA;PYJAMA;DELFINO;25H;47;130;-;PFL;25H;;;
22217                            X;;22217;LIKA;BLOUSE;STE TEX-MODE;25H;34;120;-;PFL;25H;;;
22218                            X;;22218;LINOULIA;CHEMISE;STE TEX-MODE;25H;33;130;-;PFL;25H;;;
22219                            X;;22219;LETO;CHEMISE;STE TEX-MODE;25H;35;140;-;PFL;25H;;;
22220                            X;;22220;LETTA;CHEMISE;STE TEX-MODE;25H;33;120;-;PFL;25H;;;
22221                            X;;22221;LORINDA;CHEMISE;STE TEX-MODE;25H;38;140;-;PFL;25H;;;
22222                            X;;22222;LALI;TEE SHIRT;STE TEX-MODE;25H;19;60;-;PFL;25H;;;
22223                            X;;22223;LYZI;TEE SHIRT;STE TEX-MODE;25H;18;60;-;PFL;25H;;;
22224                            X;;22224;LUCINE;BLOUSE;STE TEX-MODE;25H;35;140;-;PFL;25H;;;
22225                            X;;22225;LOTTI;SWEATSHIRT;STE TEX-MODE;25H;35;110;-;PFL;25H;;;
22228                            X;;22228;LYONA;JOGGING;STE TEX-MODE;25H;60;190;-;PFL;25H;;;
22229                            X;;22229;LOANA;PANTALON;STE TEX-MODE;25H;32;100;-;PFL;25H;;;
22230                            X;;22230;LIRIA;PANTALON JOGGING;STE TEX-MODE;25H;32;90;-;PFL;25H;;;
22231                            X;;22231;LYSSIA;PANTALON JOGGING;STE TEX-MODE;25H;32;100;-;PFL;25H;;;
22232                            X;;22232;LORIANE;SWEATSHIRT;STE TEX-MODE;25H;32;110;-;PFL;25H;;;
22233                            X;;22233;LAMISS;CHEMISE;STE TEX-MODE;25H;35;110;-;PFL;25H;;;
22234                            X;;22234;LINCIA;PULL;COMETEX;25H;25;120;-;PFL;0H2;;;
22235                            X;;22235;LYMA;PYJAMA;STE TEX-MODE;25H;56;180;-;PFL;25H;;;
22236                            X;;22236;LORELINE;PYJAMA;STE TEX-MODE;25H;38;130;-;PFL;25H;;;
22237                            X;;22237;LIUDIE;CHEMISE;ARTEMIS;25H;33;120;-;PFL;25H;;;
22238                            X;;22238;LAYAL;CHEMISE;ARTEMIS;25H;33;120;-;PFL;25H;;;
22239                            X;;22239;LINOI;MANTEAU;ARTEMIS;25H;84;260;-;PFL;25H;;;
22240                            X;;22240;LUCIANE;MANTEAU;OMRIFEX;25H;101;350;-;PFL;25H;;;
22241                            X;;22241;LAISA;TEE SHIRT;STE TEX-MODE;25H;17;60;-;PFL;25H;;;
22242                            X;;22242;LOENA;PYJAMA;AICHA FASHION;25H;44;140;-;PFL;25H;;;
22243                            X;;22243;LOREDANA;TEE SHIRT;AICHA FASHION;25H;17;60;-;PFL;25H;;;
22244                            X;;22244;LAURALINE;SOUS PULL;AICHA FASHION;25H;17;60;-;PFL;25H;;;
22245                            X;;22245;LAYELE;CHEMISE;TIN TRADE;25H;39;140;-;PFL;25H;;;
22246                            X;;22246;LOURENCE;PANTALON;TIN TRADE;25H;28;110;-;PFL;25H;;;
22247                            X;;22247;LORETTA;PYJAMA;STE TEX-MODE;25H;29;100;-;PFL;25H;;;
22248                            X;;22248;LIVINE;CHEMISE;TIN TRADE;25H;31;130;-;PFL;25H;;;
22249                            X;;22249;LEVI;MANTEAU;OMRIFEX;25H;101;350;-;PFL;25H;;;
22250                            X;;22250;LAODICE;DOUDOUNE;SOTTEX;25H;58;200;-;PFL;25H;;;
22251                            X;;22251;LAOURA;ROBE;ROSELLA;25H;65;230;-;PFL;25H;;;
22252                            X;;22252;LARINE;VESTE;ROSELLA;25H;70;250;-;PFL;25H;;;
22253                            X;;22253;LAOUENE;PANTALON;ROSELLA;25H;37;140;-;PFL;25H;;;
22254                            X;;22254;LASANE;VESTE;ROSELLA;25H;70;250;-;PFL;25H;;;
22255                            X;;22255;LASLO;JUPE;ROSELLA;25H;38;140;-;PFL;25H;;;
22256                            X;;22256;LAUDE;PANTALON;ROSELLA;25H;38;140;-;PFL;25H;;;
22257                            X;;22257;LAURIANE;CHEMISE;ROSELLA;25H;35;130;-;PFL;25H;;;
22258                            X;;22258;LAURICIA;PANTALON;ROSELLA;25H;36;120;-;PFL;25H;;;
22259                            X;;22259;LAVANIA;CHEMISE;ROSELLA;25H;36;120;-;PFL;25H;;;
22260                            X;;22260;LEONETTE;VESTE;ROSELLA;25H;56;160;-;PFL;25H;;;
22261                            X;;22261;LIRIO;VESTE;ROSELLA;25H;70;230;-;PFL;25H;;;
22262                            X;;22262;LISELOTTE;PANTALON;ROSELLA;25H;37;120;-;PFL;25H;;;
22263                            X;;22263;LOVETTE;MANTEAU;ROSELLA;25H;126;400;-;PFL;25H;;;
22264                            X;;22264;LUANE;MANTEAU;ROSELLA;25H;103;330;-;PFL;25H;;;
22265                            X;;22265;LUCIE;VESTE;ROSELLA;25H;84;250;-;PFL;25H;;;
22266                            X;;22266;LUVIO;PONCHO;ROSELLA;25H;74;250;-;PFL;0H4;;;
22267                            X;;22267;LEOPOLDE;PANTALON;ROSELLA;25H;39;140;-;PFL;25H;;;
22268                            X;;22268;LYNDRA;CHEMISE;SOS BESBES DE COMMERCE;25H;33;120;-;PFL;25H;;;
22269                            X;;22269;LYROSE;PANTALON;SOS BESBES DE COMMERCE;25H;26;110;-;PFL;25H;;;
22270                            X;;22270;LYONI;BLOUSE;MY LOOK;25H;32;120;-;PFL;25H;;;
22271                            X;;22271;LISELLE;GILET;LUX BEBE SON;25H;25;100;-;PFL;25H;;;
22272                            X;;22272;LEONIE;PULL;LUX BEBE SON;25H;25;120;-;PFL;25H;;;
22273                            X;;22273;LUDMILLA;PULL;LUX BEBE SON;25H;25;120;-;PFL;25H;;;
22274                            X;;22274;LORELIE;PULL;LUX BEBE SON;25H;23;120;-;PFL;25H;;;
22275                            X;;22275;LANDRY;JOGGING;DELFINO;25H;75;210;-;PFL;25H;;;
22276                            X;;22276;LASSINA;PANTALON;MAILLE CLUB;25H;37;140;-;PFL;25H;;;
22277                            X;;22277;LAEL;MANTEAU;ARTEMIS;25H;76;240;-;PFL;25H;;;
22278                            X;;22278;LALIA;VESTE;ARTEMIS;25H;64;230;-;PFL;25H;;;
22279                            X;;22279;LAIMA;CHEMISE;ARTEMIS;25H;55;160;-;PFL;25H;;;
22280                            X;;22280;LAMINI;CHEMISE;ARTEMIS;25H;54;150;-;PFL;25H;;;
22281                            X;;22281;LAMBERT;ROBE;ARTEMIS;25H;88;280;-;PFL;25H;;;
22282                            X;;22282;LAMARA;ROBE;ARTEMIS;25H;57;190;-;PFL;25H;;;
22283                            X;;22283;LAMBERTINE;ROBE;ARTEMIS;25H;51;180;-;PFL;25H;;;
22284                            X;;22284;LANDELINE;VESTE;ARTEMIS;25H;66;230;-;PFL;25H;;;
22285                            X;;22285;LANZO;PANTALON;ARTEMIS;25H;34;120;-;PFL;25H;;;
22286                            X;;22286;LARACE;VESTE;ARTEMIS;25H;65;200;-;PFL;25H;;;
22287                            X;;22287;LAURIANA;PANTALON;ARTEMIS;25H;33;110;-;PFL;25H;;;
22288                            X;;22288;LAWSON;PANTALON;ARTEMIS;25H;33;120;-;PFL;25H;;;
22289                            X;;22289;LEART;PANTALON;SORECO;25H;36;140;-;PFL;25H;;;
22290                            X;;22290;LILOU;JUPE;MAILLE CLUB;25H;34;130;-;PFL;25H;;;
22291                            X;;22291;LACENE;ROBE;METAPHORE LINE;25H;33;130;-;PFL;25H;;;
22292                            X;;22292;LAKEN;VESTE;METAPHORE LINE;25H;40;170;-;PFL;25H;;;
22293                            X;;22293;LOELIA;PYJAMA;AICHA FASHION;25H;29;100;-;PFL;25H;;;
22294                            X;;22294;LAYNA;PANTALON;TIN TRADE;25H;42;150;-;PFL;25H;;;
22295                            X;;22295;LAUDE;SET;TIN TRADE;25H;55;230;-;PFL;25H;;;
22296                            X;;22296;LAURIDANE;PYJAMA;AICHA FASHION;25H;29;100;-;PFL;25H;;;
22297                            X;;22297;LAURELIA;PYJAMA;AICHA FASHION;25H;29;100;-;PFL;25H;;;
22298                            X;;22298;LOISA;PANTALON;MAILLE CLUB;25H;37;120;-;PFL;25H;;;
22299                            X;;22299;LIZIA;VESTE;SOTTEX;25H;40;140;-;PFL;25H;;;
22300                            X;;22300;LISSOUNIA;PANTALON;SOS BESBES DE COMMERCE;25H;26;100;-;PFL;25H;;;
22301                            X;;22301;LUCINDE;PYJAMA;AICHA FASHION;25H;29;100;-;PFL;25H;;;
22302                            X;;22302;LUTZEL;PYJAMA;AICHA FASHION;25H;29;100;-;PFL;25H;;;
22303                            X;;22303;LORDINA;SET;TIN TRADE;25H;55;230;-;PFL;25H;;;
22304                            X;;22304;LIDYE;CHEMISE;ARTEMIS;25H;35;120;-;PFL;25H;;;
22306                            X;;22306;LAVERIN;ROBE;ARTEMIS;25H;51;190;-;PFL;25H;;;
22307                            X;;22307;LOUKIA;VESTE;ARTEMIS;25H;66;250;-;PFL;25H;;;
22308                            X;;22308;LILIETTE;legging;SOS BESBES DE COMMERCE;25H;27;90;-;PFL;25H;;;
22309                            X;;22309;LOGANNA;MANTEAU;MY LOOK;25H;43;140;-;PFL;25H;;;
22310                            X;;22310;LUTICIA;TUNIQUE;MY LOOK;25H;26;90;-;PFL;25H;;;
22311                            X;;22311;LUANA;TUNIQUE;MY LOOK;25H;21;80;-;PFL;25H;;;
22312                            X;;22312;LILWEN;ROBE;MY LOOK;25H;33;150;-;PFL;25H;;;
22315                            X;;22315;LORIANE;TENUE VENDEUR(se);SORECO;25H;34;0;-;PFL;25H;;;
22316                            X;;22316;LORALYNE;SHORT;SORECO;25H;35;120;-;PFL;25H;;;
22317                            X;;22317;LAISSA;PANTALON;ROSELLA;25H;39;130;-;PFL;25H;;;
22318                            X;;22318;LEXY;VESTE;ROSELLA;25H;86;250;-;PFL;25H;;;
22319                            X;;22319;LISELOTTE;SHORT;ROSELLA;25H;30;110;-;PFL;25H;;;
22320                            X;;22320;LIRONE;TUNIQUE;ROSELLA;25H;31;100;-;PFL;25H;;;
22321                            X;;22321;LOURALI;PANTALON;ROSELLA;25H;31;100;-;PFL;25H;;;
22322                            X;;22322;LORIDANA;CHEMISE;ROSELLA;25H;34;120;-;PFL;25H;;;
22323                            X;;22323;LOUNIA;VESTE;ROSELLA;25H;55;190;-;PFL;25H;;;
22324                            X;;22324;LIOLIA;PANTALON;ROSELLA;25H;38;130;-;PFL;25H;;;
22325                            X;;22325;LOURALE;ROBE;TIN TRADE;25H;54;180;-;PFL;25H;;;
22326                            X;;22326;LINSAY;TUNIQUE;TIN TRADE;25H;45;130;-;PFL;25H;;;
22328                            X;;22328;LAMRI;JOGGING;ARTEMIS;25H;62;170;-;PFL;25H;;;
22330                            X;;22330;LOTINE;CHEMISE DE NUIT;AICHA FASHION;25H;29;100;-;PFL;25H;;;
22331                            X;;22331;LEONORA;TEE SHIRT;AICHA FASHION;25H;17;60;-;PFL;25H;;;
22332                            X;;22332;LISEMAY;LOUNGE WEAR;STE GAT FASHION;25H;48;160;-;PFL;25H;;;
22333                            X;;22333;LILIROSE;GILET;STE GAT FASHION;25H;29;110;-;PFL;25H;;;
22335                            X;;22335;LUZIA;GILET;COMETEX;25H;25;120;-;PFL;0H2;;;
22336                            X;;22336;LALAO;PULL;COMETEX;25H;25;110;-;PFL;25H;;;
22337                            X;;22337;LOUTSIAN;GILET;COMETEX;25H;25;110;-;PFL;0H2;;;
22338                            X;;22338;LYHANA;CHEMISE;TIN TRADE;25H;41;140;-;PFL;25H;;;
22339                            X;;22339;LUIGIA;PULL;MY LOOK;25H;22;100;-;PFL;25H;;;
22340                            X;;22340;LALAJA;CHEMISE;TWIN BREEZE;25H;19;100;-;PFL;25H;;;
22341                            X;;22341;LAOIRI;CHEMISE;TWIN BREEZE;25H;19;100;-;PFL;25H;;;
22342                            X;;22342;LOURINCIA;CHEMISE;TWIN BREEZE;25H;19;100;-;PFL;25H;;;
22343                            X;;22343;LOUREVA;BLOUSE;TWIN BREEZE;25H;19;100;-;PFL;25H;;;
22344                            X;;22344;LYCARION;ROBE;TWIN BREEZE;25H;19;130;-;PFL;25H;;;
22345                            X;;22345;LTRSION;CHEMISE;TWIN BREEZE;25H;19;100;-;PFL;25H;;;
22346                            X;;22346;LAZANIE;ROBE;TWIN BREEZE;25H;19;100;-;PFL;25H;;;
22347                            X;;22347;LACOBE;TUNIQUE;TWIN BREEZE;25H;19;80;-;PFL;25H;;;
22348                            X;;22348;LAIRA;CHEMISE;TWIN BREEZE;25H;19;100;-;PFL;25H;;;
22349                            X;;22349;LAITRON;JUPE;TWIN BREEZE;25H;19;100;-;PFL;25H;;;
22350                            X;;22350;LAMAL;BLOUSE;TWIN BREEZE;25H;19;100;-;PFL;25H;;;
22351                            X;;22351;LANSELLE;ROBE;TWIN BREEZE;25H;19;130;-;PFL;25H;;;
22352                            X;;22352;LARMA;CHEMISE;TWIN BREEZE;25H;19;100;-;PFL;25H;;;
22353                            X;;22353;LAHOURI;ROBE;TWIN BREEZE;25H;19;130;-;PFL;25H;;;
22354                            X;;22354;LAVIDA;BLOUSE;TWIN BREEZE;25H;19;100;-;PFL;25H;;;
22355                            X;;22355;LOURETTA;PANTALON;TWIN BREEZE;25H;19;110;-;PFL;25H;;;
22356                            X;;22356;LORENZA;DEBARDEUR;TIN TRADE;25H;45;130;-;PFL;25H;;;
22357                            X;;22357;LANIA;TENUE VENDEUR(se);STE GAT FASHION;25H;28;0;-;PFL;25H;;;
22381                            X;;22381;MACATA;ROBE;ARTEMIS;26E;44;180;-;PFL;0H5;;;
22382                            X;;22382;MARJOLINE;CHEMISE;ARTEMIS;26E;32;110;-;PFL;0H5;;;
22383                            X;;22383;MELILOT;SET;ARTEMIS;26E;56;200;-;PFL;0H5;;;
22385                            X;;22385;MOLENE;SET;ARTEMIS;26E;75;240;-;PFL;0H5;;;
22386                            X;;22386;MORICANDI;PANTALON;ARTEMIS;26E;34;120;-;PFL;0H5;;;
22387                            X;;22387;MUGUET;ROBE;ARTEMIS;26E;56;180;-;PFL;0H5;;;
22388                            X;;22388;MUSCARIE;BLOUSE;ARTEMIS;26E;39;130;-;PFL;0H5;;;
22389                            X;;22389;MADO;ROBE;ARTEMIS;26E;40;150;-;PFL;0H5;;;
22390                            X;;22390;MIRA;ROBE;ARTEMIS;26E;51;160;-;PFL;0H8;;;
22392                            X;;22392;MATILD;VESTE;ARTEMIS;26E;41;140;-;PFL;0H5;;;
22393                            X;;22393;MARTINA;PANTALON;ARTEMIS;26E;36;120;-;PFL;0H5;;;
22395                            X;;22395;MANDA;PANTALON;ARTEMIS;26E;34;110;-;PFL;0H5;;;
22397                            X;;22397;MARGO;CHEMISE;ARTEMIS;26E;55;160;-;PFL;0H5;;;
22398                            X;;22398;MARTIE;PANTALON;ARTEMIS;26E;33;110;-;PFL;0H5;;;
22399                            X;;22399;MARIOLA;PANTALON;ARTEMIS;26E;32;110;-;PFL;0H5;;;
22400                            X;;22400;MERIELLE;PANTALON;ARTEMIS;26E;34;120;-;PFL;0H5;;;
22401                            X;;22401;MARFA;PANTALON;ARTEMIS;26E;29;100;-;PFL;0H5;;;
22402                            X;;22402;MILANA;CHEMISE;ARTEMIS;26E;51;150;-;PFL;0H5;;;
22403                            X;;22403;MELINA;PANTALON;STE PRIMAVET;26E;31;120;-;PFL;0H5;;;
22404                            X;;22404;MARTYR;VESTE;STE PRIMAVET;26E;34;130;-;PFL;0H5;;;
22405                            X;;22405;MELANE;PANTALON;STE PRIMAVET;26E;34;130;-;PFL;0H5;;;
22406                            X;;22406;MORANNE;PANTALON;STE PRIMAVET;26E;36;140;-;PFL;0H5;;;
22407                            X;;22407;MELVYNA;PANTALON;STE PRIMAVET;26E;34;130;-;PFL;0H5;;;
22408                            X;;22408;MALIA;PULL;COMETEX;26E;30;90;-;PFL;0H5;;;
22409                            X;;22409;MILA;GILET;COMETEX;26E;33;110;-;PFL;0H5;;;
22410                            X;;22410;MAYA;ROBE;COMETEX;26E;36;120;-;PFL;0H6;;;
22411                            X;;22411;MAYLAN;CHEMISE;MY LOOK;26E;27;90;-;PFL;25H;;;
22412                            X;;22412;MERLIN;CHEMISE;MY LOOK;26E;31;100;-;PFL;25H;;;
22413                            X;;22413;MICARLA;ROBE;TIN TRADE;26E;43;160;-;PFL;0H6;;;
22414                            X;;22414;MAURA;ROBE;TIN TRADE;26E;48;170;-;PFL;0H6;;;
22415                            X;;22415;MAY;BLOUSE;SOCIÉTÉ ARCENAY INTERNATIONAL;26E;19;100;-;PFL;0H5;;;
22416                            X;;22416;MIRNA;CHEMISE;SOCIÉTÉ ARCENAY INTERNATIONAL;26E;19;100;-;PFL;0H5;;;
22417                            X;;22417;MILINE;BLOUSE;SOCIÉTÉ ARCENAY INTERNATIONAL;26E;19;100;-;PFL;0H5;;;
22418                            X;;22418;MAURISSE;BLOUSE;SOCIÉTÉ ARCENAY INTERNATIONAL;26E;19;100;-;PFL;0H5;;;
22419                            X;;22419;MAILISSE;JUPE;SOCIÉTÉ ARCENAY INTERNATIONAL;26E;19;100;-;PFL;0H5;;;
22420                            X;;22420;MIRIANA;BLOUSE;SOCIÉTÉ ARCENAY INTERNATIONAL;26E;19;100;-;PFL;0H5;;;
22421                            X;;22421;MUGE;CHEMISE;SOCIÉTÉ ARCENAY INTERNATIONAL;26E;19;100;-;PFL;0H5;;;
22422                            X;;22422;MARLEN;BLOUSE;SOCIÉTÉ ARCENAY INTERNATIONAL;26E;19;100;-;PFL;0H5;;;
22423                            X;;22423;MANELLA;JUPE;SOCIÉTÉ ARCENAY INTERNATIONAL;26E;19;100;-;PFL;0H5;;;
22424                            X;;22424;MOENA;BLOUSE;SOCIÉTÉ ARCENAY INTERNATIONAL;26E;19;100;-;PFL;0H5;;;
22425                            X;;22425;MONISE;ROBE;SOCIÉTÉ ARCENAY INTERNATIONAL;26E;19;130;-;PFL;0H5;;;
22426                            X;;22426;MAYAR;PANTALON;STE PRIMAVET;26E;36;130;-;PFL;0H5;;;
22427                            X;;22427;MAYLIE;VESTE;ROSELLA;26E;70;210;-;PFL;0H5;;;
22428                            X;;22428;MAIWEN;PANTALON;ROSELLA;26E;37;110;-;PFL;0H5;;;
22429                            X;;22429;MILANI;VESTE;ROSELLA;26E;70;230;-;PFL;0H5;;;
22430                            X;;22430;MARIA;PANTALON;ROSELLA;26E;37;120;-;PFL;0H5;;;
22431                            X;;22431;MARILINA;VESTE;ROSELLA;26E;71;220;-;PFL;0H5;;;
22432                            X;;22432;MARIVONE;PANTALON;ROSELLA;26E;38;120;-;PFL;0H5;;;
22434                            X;;22434;MARISETTE;BLOUSE;ROSELLA;26E;38;120;-;PFL;0H5;;;
22435                            X;;22435;MONOLY;PANTALON;ROSELLA;26E;38;110;-;PFL;0H5;;;
22437                            X;;22437;MARIKA;PANTALON;ROSELLA;26E;36;110;-;PFL;0H5;;;
22438                            X;;22438;MEVENA;ROBE;ROSELLA;26E;60;200;-;PFL;0H5;;;
22439                            X;;22439;MENDIE;CHEMISE;ROSELLA;26E;39;130;-;PFL;0H5;;;
22440                            X;;22440;MABINTO;PANTALON;ROSELLA;26E;37;120;-;PFL;0H5;;;
22441                            X;;22441;MADLIE;ROBE;ROSELLA;26E;60;200;-;PFL;0H5;;;
22442                            X;;22442;MAYSSA;SWEATSHIRT;ROSELLA;26E;30;100;-;PFL;0H5;;;
22443                            X;;22443;MYRTA;PANTALON JOGGING;ROSELLA;26E;30;100;-;PFL;0H5;;;
22444                            X;;22444;MONIQUE;PANTALON;ROSELLA;26E;37;120;-;PFL;0H5;;;
22446                            X;;22446;MARIVEL;ROBE;ROSELLA;26E;54;170;-;PFL;0H5;;;
22447                            X;;22447;MARILISE;CHEMISE;ROSELLA;26E;37;130;-;PFL;0H5;;;
22448                            X;;22448;MARISKA;BLOUSE;SOCIÉTÉ ARCENAY INTERNATIONAL;26E;19;100;-;PFL;0H5;;;
22449                            X;;22449;MAOLINE;CHEMISE;SOCIÉTÉ ARCENAY INTERNATIONAL;26E;19;100;-;PFL;0H5;;;
22450                            X;;22450;MELISANDE;CHEMISE;SOCIÉTÉ ARCENAY INTERNATIONAL;26E;19;100;-;PFL;0H5;;;
22451                            X;;22451;MERYL;ROBE;TIN TRADE;26E;65;200;-;PFL;0H8;;;
22452                            X;;22452;MARCIA;ROBE;TIN TRADE;26E;43;150;-;PFL;0H6;;;
22453                            X;;22453;MARIELLA;KIMONO;TIN TRADE;26E;63;190;-;PFL;0H8;;;
22454                            X;;22454;MELIZA;VESTE;ARTEMIS;26E;62;190;-;PFL;0H5;;;
22455                            X;;22455;MARISIA;PANTALON;ARTEMIS;26E;41;130;-;PFL;0H5;;;
22456                            X;;22456;MELANA;CHEMISE;ARTEMIS;26E;54;160;-;PFL;0H5;;;
22457                            X;;22457;MILVIA;PANTALON;ARTEMIS;26E;36;120;-;PFL;0H5;;;
22458                            X;;22458;MEGANNE;ROBE;ARTEMIS;26E;44;150;-;PFL;0H5;;;
22459                            X;;22459;MURPHY;BLOUSE;ARTEMIS;26E;38;120;-;PFL;0H5;;;
22460                            X;;22460;MILIA;ROBE;ARTEMIS;26E;59;170;-;PFL;0H5;;;
22461                            X;;22461;MEDARD;ROBE;ARTEMIS;26E;53;180;-;PFL;0H5;;;
22462                            X;;22462;MANOA;BLOUSE;ARTEMIS;26E;29;90;-;PFL;0H5;;;
22496                            X;;22496;MARIANA;PONCHO;COMETEX;26E;31;110;-;PFL;0H8;;;
22497                            X;;22497;MAHE;PYJAMA;DELFINO;26E;31;100;-;PFL;0H5;;;
22498                            X;;22498;MELIS;PYJA SHORT;DELFINO;26E;30;90;-;PFL;0H5;;;
22499                            X;;22499;MANAR;KIMONO;ROSELLA;26E;49;170;-;PFL;0H6;;;
22500                            X;;22500;MARINA;TEE SHIRT;STE PRIMAVET;26E;15;60;-;PFL;0H5;;;
22501                            X;;22501;MAXINE;TEE SHIRT;STE PRIMAVET;26E;13;50;-;PFL;0H5;;;
22502                            X;;22502;MELODIE;TEE SHIRT;STE PRIMAVET;26E;16;60;-;PFL;0H5;;;
22503                            X;;22503;MURELLE;CHEMISE;STE PRIMAVET;26E;15;80;-;PFL;0H5;;;
22504                            X;;22504;MARTA;PANTALON;STE PRIMAVET;26E;35;110;-;PFL;0H5;;;
22505                            X;;22505;MURIEL;PANTALON;STE PRIMAVET;26E;30;100;-;PFL;0H5;;;
22506                            X;;22506;MASSILIA;KIMONO;TIN TRADE;26E;99;250;-;PFL;0H8;;;
22507                            X;;22507;MARILO;TEE SHIRT;METAPHORE LINE;26E;15;60;-;PFL;0H5;;;
22508                            X;;22508;MARION;TEE SHIRT;METAPHORE LINE;26E;17;70;-;PFL;0H5;;;
22509                            X;;22509;MADLINE;TEE SHIRT;METAPHORE LINE;26E;15;50;-;PFL;0H5;;;
22510                            X;;22510;MADY;TEE SHIRT;METAPHORE LINE;26E;12;40;-;PFL;0H5;;;
22511                            X;;22511;MELIA;TEE SHIRT;METAPHORE LINE;26E;14;60;-;PFL;0H5;;;
22512                            X;;22512;MARIOTTE;TEE SHIRT;METAPHORE LINE;26E;19;60;-;PFL;0H5;;;
22513                            X;;22513;MARIANIK;TEE SHIRT;METAPHORE LINE;26E;20;70;-;PFL;0H5;;;
22514                            X;;22514;MARIETTE;BLOUSE;METAPHORE LINE;26E;20;90;-;PFL;0H5;;;
22515                            X;;22515;MAXIMILIA;CHEMISE;METAPHORE LINE;26E;36;120;-;PFL;0H5;;;
22516                            X;;22516;MARTIN;VESTE;ROSELLA;26E;70;200;-;PFL;0H5;;;
22517                            X;;22517;MAXIME;PANTALON;ROSELLA;26E;38;120;-;PFL;0H5;;;
22518                            X;;22518;MAURICE;PANTALON;ROSELLA;26E;40;130;-;PFL;0H5;;;
22519                            X;;22519;MARGUERIT;PANTALON;ROSELLA;26E;37;120;-;PFL;0H5;;;
22521                            X;;22521;MELAINE;ROBE;ROSELLA;26E;59;180;-;PFL;0H5;;;
22522                            X;;22522;MIA;COMBINAISON;ROSELLA;26E;70;220;-;PFL;0H5;;;
22523                            X;;22523;MAYKEN;CHEMISE;ROSELLA;26E;40;130;-;PFL;0H5;;;
22524                            X;;22524;MARIANO;PANTALON;ROSELLA;26E;36;120;-;PFL;0H5;;;
22525                            X;;22525;MARIA;PANTALON;ROSELLA;26E;38;130;-;PFL;0H5;;;
22526                            X;;22526;MILANDE;ROBE;ROSELLA;26E;59;190;-;PFL;0H5;;;
22527                            X;;22527;MATURINE;BLOUSE;ROSELLA;26E;35;120;-;PFL;0H5;;;
22528                            X;;22528;MARCIAL;BLOUSE;ROSELLA;26E;36;130;-;PFL;0H5;;;
22529                            X;;22529;MARCIENNE;ROBE;ROSELLA;26E;62;200;-;PFL;0H5;;;
22530                            X;;22530;MARSAL;BLOUSE;ROSELLA;26E;41;130;-;PFL;0H5;;;
22531                            X;;22531;MALVINE;ROBE;ROSELLA;26E;60;200;-;PFL;0H5;;;
22532                            X;;22532;MACLOU;VESTE;ROSELLA;26E;67;200;-;PFL;0H5;;;
22533                            X;;22533;MIRTIL;PANTALON;ROSELLA;26E;42;140;-;PFL;0H5;;;
22534                            X;;22534;MALIKA;BLOUSE;ROSELLA;26E;45;140;-;PFL;0H5;;;
22535                            X;;22535;MIRZA;PANTALON;ROSELLA;26E;40;140;-;PFL;0H5;;;
22536                            X;;22536;MACINE;ROBE;ROSELLA;26E;63;200;-;PFL;0H5;;;
22538                            X;;22538;MANILA;ROBE;ARTEMIS;26E;53;170;-;PFL;0H5;;;
22539                            X;;22539;MARCIN;CHEMISE;ARTEMIS;26E;34;120;-;PFL;0H5;;;
22540                            X;;22540;MARIENNE;BLOUSE;ARTEMIS;26E;44;130;-;PFL;0H5;;;
22541                            X;;22541;MYRENE;BLOUSE;ARTEMIS;26E;34;100;-;PFL;0H5;;;
22542                            X;;22542;MYRIS;PANTALON;ARTEMIS;26E;28;100;-;PFL;0H5;;;
22544                            X;;22544;MEDERIC;CHEMISE;ARTEMIS;26E;41;120;-;PFL;0H5;;;
22545                            X;;22545;MYROSE;CHEMISE;ARTEMIS;26E;36;120;-;PFL;0H5;;;
22546                            X;;22546;MILDA;BLOUSE;ARTEMIS;26E;38;110;-;PFL;0H5;;;
22547                            X;;22547;MILENKO;PANTALON;ARTEMIS;26E;33;110;-;PFL;0H5;;;
22548                            X;;22548;MILONA;ROBE;ARTEMIS;26E;52;160;-;PFL;0H5;;;
22549                            X;;22549;MINDY;ROBE;ARTEMIS;26E;57;180;-;PFL;0H5;;;
22550                            X;;22550;MIODRA;CHEMISE;ARTEMIS;26E;45;130;-;PFL;0H5;;;
22551                            X;;22551;MANOULINE;KIMONO;SORECO;26E;53;170;-;PFL;0H5;;;
22552                            X;;22552;MAURELLIA;PANTALON;SORECO;26E;41;130;-;PFL;0H5;;;
22554                            X;;22554;MELYA;KIMONO;SORECO;26E;53;170;-;PFL;0H5;;;
22555                            X;;22555;MORINE;PANTALON;SORECO;26E;41;130;-;PFL;0H5;;;
22556                            X;;22556;MADONI;PANTALON;SOTTEX;26E;25;90;-;PFL;0H5;;;
22557                            X;;22557;MINDEL;PULL;TUNETEX;26E;31;100;-;PFL;0H5;;;
22558                            X;;22558;MANASSE;PULL;TUNETEX;26E;31;100;-;PFL;0H5;;;
22559                            X;;22559;MELISSA;PULL;TUNETEX;26E;33;110;-;PFL;0H5;;;
22560                            X;;22560;MAYELLE;PULL;TUNETEX;26E;31;100;-;PFL;0H5;;;
22561                            X;;22561;MAZAL;CHEMISE DE NUIT;DELFINO;26E;31;90;-;PFL;0H5;;;
22562                            X;;22562;MERIELLA;PYJAMA;DELFINO;26E;33;110;-;PFL;0H5;;;
22563                            X;;22563;MALICIA;CHEMISE DE NUIT;DELFINO;26E;31;100;-;PFL;0H5;;;
22564                            X;;22564;MALOURY;PYJAMA;DELFINO;26E;44;120;-;PFL;0H5;;;
22567                            X;;22567;MELITA;TUNIQUE;STE TEX-MODE;26E;30;100;-;PFL;0H5;;;
22568                            X;;22568;MAISSEM;CHEMISE;STE TEX-MODE;26E;35;120;-;PFL;0H5;;;
22569                            X;;22569;MARLYNE;ROBE;STE TEX-MODE;26E;55;170;-;PFL;0H6;;;
22571                            X;;22571;MILAGRO;PANTALON;STE TEX-MODE;26E;42;140;-;PFL;0H5;;;
22573                            X;;22573;MAYNA;PULL;TUNETEX;26E;34;110;-;PFL;0H5;;;
22574                            X;;22574;MILINA;PULL;TUNETEX;26E;34;110;-;PFL;0H5;;;
22575                            X;;22575;MILYA;ROBE;TIN TRADE;26E;48;170;-;PFL;0H5;;;
22576                            X;;22576;MOLINA;CHEMISE;ROSELLA;26E;35;120;-;PFL;0H5;;;
22578                            X;;22578;MAYANA;GILET;COMETEX;26E;35;110;-;PFL;0H5;;;
22580                            X;;22580;MARINNE;VESTE;STE TEX-MODE;26E;57;180;-;PFL;0H5;;;
22581                            X;;22581;MERAL;PANTALON;STE TEX-MODE;26E;39;120;-;PFL;0H5;;;
22584                            X;;22584;MIREN;TEE SHIRT;STE TEX-MODE;26E;13;40;-;PFL;0H5;;;
22586                            X;;22586;MAYSSEN;VESTE;OMRIFEX;26E;58;190;-;PFL;0H5;;;
22587                            X;;22587;MAIDI;CHEMISE;ROSELLA;26E;29;100;-;PFL;0H5;;;
22588                            X;;22588;MEROPE;TEE SHIRT;DELFINO;26E;12;40;-;PFL;0H5;;;
44101                            X;;44101;JOSEPH;PANTALON;SORECO;24E;26;70;-;PFL;0GK;;R0;
44102                            X;;44102;JOSH;PANTALON;SORECO;24E;23;70;-;PFL;0GK;;R0;
44103                            X;;44103;JOSIAN;PANTALON;MAILLE CLUB;24E;24;80;-;PFL;0GK;;R0;
44104                            X;;44104;JONNY;CHEMISE;SORECO;24E;25;70;-;PFL;0GK;;R0;
44105                            X;;44105;JORDAN;CHEMISE;SORECO;24E;25;70;-;PFL;0GK;;R0;
44106                            X;;44106;JONAS;CHEMISE;SORECO;24E;25;80;-;PFL;0GK;;R0;
44108                            X;;44108;JONA;CHEMISE;SORECO;24E;24;70;-;PFL;0GK;;R0;
44109                            X;;44109;JANICE;TEE SHIRT;TIN TRADE;24E;15;40;-;PFL;0GK;;R0;
55685                            X;;55685;JACKIE;PYJAMA;MAILLE CLUB;24E;31;80;-;PFM;0GG;;R0;
55686                            X;;55686;JACKSON;PYJAMA;MAILLE CLUB;24E;30;90;-;PFM;0GG;;R0;
55687                            X;;55687;JACQ;PYJAMA;MAILLE CLUB;24E;30;90;-;PFM;0GG;;R0;
55688                            X;;55688;JOULIAN;PANTALON JOGGING;DELFINO;24E;28;80;-;PFL;0GG;;R0;
55689                            X;;55689;JOUMANA;PANTACOURT;DELFINO;24E;26;80;-;PFL;0GG;;R0;
55690                            X;;55690;JOUNAID;SHORT;DELFINO;24E;23;70;-;PFL;0GG;;R0;
556910                           X;;556910;JOUNAYD;TEE SHIRT;DELFINO;24E;13;35;-;PFL;0GG;;R0;
55692                            X;;55692;JAWEN;SHORT;DELFINO;24E;22;70;-;PFL;0GG;;R0;
55694                            X;;55694;JONATHAN;PYJAMA;MAILLE CLUB;24E;24;80;-;PFL;0GG;;R0;
55695                            X;;55695;JANOT;POLO;DELFINO;24E;26;80;-;PFL;0GG;;R0;
55696                            X;;55696;JUBA;POLO;DELFINO;24E;25;80;-;PFL;0GG;;R0;
55697                            X;;55697;JACQUES;POLO;DELFINO;24E;25;80;-;PFL;0GG;;R0;
55698                            X;;55698;JALON;POLO;DELFINO;24E;27;80;-;PFL;0GG;;R0;
55699                            X;;55699;JABLAI;TENUE VENDEUR(se);DELFINO;24E;20;0;-;PFL;0GG;;R0;
55700                            X;;55700;ISAIE;PANTALON JOGGING;DELFINO;24H;29;80;-;PFL;0GH;;;
55701                            X;;55701;IRENA;PANTALON JOGGING;DELFINO;24H;29;80;-;PFL;0GH;;;
55702                            X;;55702;IVON;JOGGING;DELFINO;24H;77;190;-;PFL;0GS;;;
55703                            X;;55703;IZAC;JOGGING;DELFINO;24H;78;190;-;PFL;0GS;;;
55704                            X;;55704;IGNES;JOGGING;DELFINO;24H;77;190;-;PFL;0GS;;;
55705                            X;;55705;INISE;PYJAMA;STE TEX-MODE;24H;27;80;-;PFL;0GS;;;
55706                            X;;55706;IXORA;PYJAMA;DELFINO;24H;36;90;-;PFL;0GS;;;
55707                            X;;55707;ILHAN;POLO;DELFINO;24H;38;100;-;PFL;0GS;;;
55708                            X;;55708;IMRAN;POLO;DELFINO;24H;38;100;-;PFL;0GS;;;
55709                            X;;55709;IDY;CARDIGAN;DELFINO;24H;40;110;-;PFL;0GS;;;
55710                            X;;55710;ITALO;TEE SHIRT;DELFINO;24H;13;35;-;PFL;0GS;;;
55711                            X;;55711;IDER;TEE SHIRT;DELFINO;24H;13;35;-;PFL;0GS;;;
55712                            X;;55712;IRMIN;PYJAMA;DELFINO;24H;36;90;-;PFL;0GS;;;
55713                            X;;55713;ITEB;PYJAMA;DELFINO;24H;44;110;-;PFL;0GS;;;
55714                            X;;55714;ILI;PYJAMA;DELFINO;24H;36;90;-;PFL;0GS;;;
55715                            X;;55715;ISTAVAN;MANTEAU;OMRIFEX;24H;131;360;-;PFL;0GS;;;
55716                            X;;55716;ISMINE;MANTEAU;OMRIFEX;24H;131;360;-;PFL;0GS;;;
55717                            X;;55717;IOHAN;MANTEAU;OMRIFEX;24H;131;360;-;PFL;0GS;;;
55718                            X;;55718;IRAM;MANTEAU;OMRIFEX;24H;131;360;-;PFL;0GS;;;
55719                            X;;55719;IKHLAS;MANTEAU;OMRIFEX;24H;131;360;-;PFL;0GS;;;
55720                            X;;55720;INZA;MANTEAU;OMRIFEX;24H;131;360;-;PFL;0GS;;;
55721                            X;;55721;IRWIN;MANTEAU;OMRIFEX;24H;131;360;-;PFL;0GS;;;
55722                            X;;55722;INDRA;MANTEAU;OMRIFEX;24H;131;360;-;PFL;0GS;;;
55723                            X;;55723;IRMIN;MANTEAU;OMRIFEX;24H;131;360;-;PFL;0GS;;;
55724                            X;;55724;IONI;MANTEAU;OMRIFEX;24H;131;360;-;PFL;0GS;;;
55725                            X;;55725;IOURI;MANTEAU;OMRIFEX;24H;131;360;-;PFL;0GS;;;
55726                            X;;55726;IVANHOE;PYJAMA;STE TEX-MODE;24H;32;100;-;PFL;0GS;;;
55727                            X;;55727;ISMERIE;PYJAMA;STE TEX-MODE;24H;28;80;-;PFL;0GS;;;
55729                            X;;55729;INOUR;TENUE VENDEUR(se);DELFINO;24H;25;0;-;PFL;0GS;;;
55731                            X;;55731;JANNI;PANTALON JOGGING;DELFINO;25E;28;80;-;PFL;0GY;;;
55732                            X;;55732;JASHUA;PANTACOURT;DELFINO;25E;27;80;-;PFL;0GY;;;
55733                            X;;55733;JAKIE;SHORT;DELFINO;25E;24;70;-;PFL;0GY;;;
55734                            X;;55734;JAWHER;POLO;DELFINO;25E;27;80;-;PFL;0GY;;;
55735                            X;;55735;JACOB;PYJAMA;DELFINO;25E;36;100;-;PFL;0GY;;;
55736                            X;;55736;JONAS;PYJA SHORT;DELFINO;25E;36;100;-;PFL;0GY;;;
55737                            X;;55737;JOSEPH;POLO;DELFINO;25E;29;90;-;PFL;0GY;;;
55738                            X;;55738;JAUREL;POLO;DELFINO;25E;29;90;-;PFL;0GY;;;
55740                            X;;55740;JORGE;POLO;DELFINO;25E;29;90;-;PFL;0GY;;;
55741                            X;;55741;JASON;PYJA SHORT;DELFINO;25E;34;90;-;PFL;0GY;;;
55742                            X;;55742;JACE;PYJA SHORT;DELFINO;25E;34;90;-;PFL;0GY;;;
55744                            X;;55744;JAD;TENUE VENDEUR(se);METAPHORE LINE;25E;15;0;-;PFL;0GY;;;
55800                            X;;55800;LEO;PANTALON JOGGING;DELFINO;25H;31;90;-;PFL;25H;;;
55801                            X;;55801;LOGAN;PANTALON JOGGING;DELFINO;25H;31;90;-;PFL;25H;;;
55803                            X;;55803;LUKEN;PYJAMA;STE TEX-MODE;25H;27;90;-;PFL;25H;;;
55804                            X;;55804;LIONEL;PYJAMA;STE TEX-MODE;25H;27;90;-;PFL;25H;;;
55805                            X;;55805;LIOR;PYJAMA;STE TEX-MODE;25H;27;90;-;PFL;25H;;;
55806                            X;;55806;LILIAN;JOGGING;DELFINO;25H;81;210;-;PFL;25H;;;
55807                            X;;55807;LEANDRE;JOGGING;DELFINO;25H;80;210;-;PFL;25H;;;
55808                            X;;55808;LEROY;JOGGING;DELFINO;25H;78;210;-;PFL;25H;;;
55809                            X;;55809;LOUPIN;PULL;STE GAT FASHION;25H;27;100;-;PFL;25H;;;
55810                            X;;55810;LIAMINE;PULL;STE GAT FASHION;25H;27;100;-;PFL;25H;;;
55811                            X;;55811;LOIKA;PYJAMA;STE TEX-MODE;25H;29;100;-;PFL;25H;;;
55813                            X;;55813;LUCIANO;PYJAMA;DELFINO;25H;38;110;-;PFL;25H;;;
55814                            X;;55814;LAYAN;PYJAMA;DELFINO;25H;37;100;-;PFL;25H;;;
55815                            X;;55815;LAUREL;PYJAMA;DELFINO;25H;45;120;-;PFL;25H;;;
55816                            X;;55816;LONY;PYJAMA;DELFINO;25H;38;110;-;PFL;25H;;;
55817                            X;;55817;LAZLO;POLO;DELFINO;25H;35;110;-;PFL;25H;;;
55818                            X;;55818;LEANOR;POLO;DELFINO;25H;31;100;-;PFL;25H;;;
55819                            X;;55819;LAINY;POLO;DELFINO;25H;32;110;-;PFL;25H;;;
55820                            X;;55820;LEZIN;PYJAMA;STE TEX-MODE;25H;29;100;-;PFL;25H;;;
55821                            X;;55821;LORANI;TENUE VENDEUR(se);DELFINO;25H;25;0;-;PFL;25H;;;
55830                            X;;55830;MARK;PANTALON JOGGING;DELFINO;26E;31;90;-;PFL;0H5;;;
55831                            X;;55831;MARCUS;PANTACOURT;DELFINO;26E;27;80;-;PFL;0H5;;;
55832                            X;;55832;MILO;SHORT;DELFINO;26E;25;70;-;PFL;0H5;;;
55833                            X;;55833;MULVIN;POLO;DELFINO;26E;30;100;-;PFL;0H5;;;
55834                            X;;55834;MANUEL;POLO;DELFINO;26E;29;90;-;PFL;0H5;;;
55836                            X;;55836;MARCO;PYJAMA;DELFINO;26E;35;100;-;PFL;0H5;;;
55837                            X;;55837;MEDERIC;PYJA SHORT;DELFINO;26E;33;90;-;PFL;0H5;;;
55838                            X;;55838;MARIUS;TEE SHIRT;DELFINO;26E;13;35;-;PFL;0H5;;;
55839                            X;;55839;MARLON;TEE SHIRT;DELFINO;26E;13;35;-;PFL;0H5;;;
558R4                            X;;558R4;LIONEL;PYJAMA;STE TEX-MODE;25H;27;90;-;PFL;25H;;;
66478                            X;;66478;JESSON;PANTALON;ROSELLA;24E;36;100;-;PFL;0GE;;R0;
66479                            X;;66479;INDYRA;legging;ROSELLA;24H;36;100;-;PFL;0GS;;;
66480                            X;;66480;IRVINE;PANTALON;ROSELLA;24H;36;100;-;PFL;0GS;;;
66481                            X;;66481;IDIATOU;MUM;NBL;24H;11;28;-;PFL;0GV;;;
70081                            X;;70081;ILDA;ROBE;ROSELLA;24H;58;160;-;PFL;0GH;;;
70082                            X;;70082;IMELDA;ROBE;ROSELLA;24H;58;160;-;PFL;0GH;;;
70083                            X;;70083;IVANA;TUNIQUE;ROSELLA;24H;42;120;-;PFL;0GH;;;
70084                            X;;70084;ICARUS;PANTALON;ROSELLA;24H;36;100;-;PFL;0GH;;;
70085                            X;;70085;ICM;PULL;COMETEX;24H;31;90;-;PFL;0GH;;;
70086                            X;;70086;IDOLATRIE;PULL;COMETEX;24H;32;90;-;PFL;0GH;;;
70087                            X;;70087;ISEMBERT;PULL;COMETEX;24H;30;90;-;PFL;0GH;;;
70088                            X;;70088;ISMARIE;CHEMISE;SORECO;24H;42;120;-;PFL;0GH;;;
70089                            X;;70089;IZABELLE;CHEMISE;ARTEMIS;24H;29;90;-;PFL;0GS;;;
70090                            X;;70090;IRONE;CHEMISE;ROSELLA;24H;35;110;-;PFL;0GS;;;
70091                            X;;70091;IPEK;ROBE;ROSELLA;24H;40;140;-;PFL;0GS;;;
70092                            X;;70092;IONEL;ROBE;ROSELLA;24H;59;170;-;PFL;0GS;;;
70093                            X;;70093;IBA;ROBE;ROSELLA;24H;55;160;-;PFL;0GS;;;
70094                            X;;70094;ITZIAR;CHEMISE;STE TEX-MODE;24H;32;90;-;PFL;0GS;;;
70100                            X;;70100;JOJOBA;ROBE;STE TEX-MODE;25E;62;170;-;PFL;0GY;;;
70101                            X;;70101;JOHAINA;ROBE;STE TEX-MODE;25E;62;170;-;PFL;0GY;;;
70102                            X;;70102;JAMBET;CHEMISE;STE TEX-MODE;25E;30;100;-;PFL;0GY;;;
70103                            X;;70103;JUNCADELLA;PANTALON;STE TEX-MODE;25E;30;100;-;PFL;0GY;;;
70104                            X;;70104;JOUDA;ROBE;STE TEX-MODE;25E;51;170;-;PFL;0H0;;;
70105                            X;;70105;JEHIEL;ROBE;SOTTEX;25E;34;100;-;PFL;0GY;;;
70107                            X;;70107;JEASSINE;CHEMISE;ARTEMIS;25E;48;150;-;PFL;0GY;;;
70108                            X;;70108;JEDIDAH;ROBE;ARTEMIS;25E;48;150;-;PFL;0GY;;;
70109                            X;;70109;JULPIA;ROBE;ARTEMIS;25E;49;170;-;PFL;0GY;;;
70120                            X;;70120;JOLYNE;CHEMISE;ROSELLA;25E;36;110;-;PFL;0GY;;;
70121                            X;;70121;JONET;CHEMISE;ROSELLA;25E;36;110;-;PFL;0GY;;;
70122                            X;;70122;JOSANT;BLOUSE;ROSELLA;25E;35;110;-;PFL;0GY;;;
70123                            X;;70123;JORAT;CHEMISE;ROSELLA;25E;37;110;-;PFL;0GY;;;
70124                            X;;70124;JULCE;CHEMISE;ROSELLA;25E;42;130;-;PFL;0GY;;;
70125                            X;;70125;JUSAME;ROBE;ROSELLA;25E;57;180;-;PFL;0GY;;;
70126                            X;;70126;JULIZE;VESTE;ROSELLA;25E;70;220;-;PFL;0GY;;;
70127                            X;;70127;JURISSE;PANTALON;ROSELLA;25E;36;120;-;PFL;0GY;;;
70128                            X;;70128;JILOUNE;ROBE;ROSELLA;25E;57;170;-;PFL;0GY;;;
70129                            X;;70129;JILOUNE;ROBE;ROSELLA;25E;57;170;-;PFL;0GY;;;
70130                            X;;70130;JILOUNE;ROBE;ROSELLA;25E;57;170;-;PFL;0GY;;;
70131                            X;;70131;JILOUNE;ROBE;ROSELLA;25E;57;170;-;PFL;0GY;;;
70132                            X;;70132;JILOUNE;ROBE;ROSELLA;25E;57;170;-;PFL;0GY;;;
70133                            X;;70133;JILOUNE;ROBE;ROSELLA;25E;57;170;-;PFL;0GY;;;
70134                            X;;70134;JILOUNE;ROBE;ROSELLA;25E;57;170;-;PFL;0GY;;;
70145                            X;;70145;JALILA;ROBE;AICHA FASHION;25E;40;140;-;PFL;0GY;;;
70150                            X;;70150;JORENA;BLOUSE;ARTEMIS;25E;34;110;-;PFL;0GY;;;
70151                            X;;70151;JELAYA;BLOUSE;ARTEMIS;25E;34;110;-;PFL;0GY;;;
70152                            X;;70152;JALOUNA;BLOUSE;ARTEMIS;25E;34;110;-;PFL;0GY;;;
70153                            X;;70153;JOLINDRA;PANTALON;ARTEMIS;25E;28;100;-;PFL;0GY;;;
70154                            X;;70154;JELIORA;CHEMISE;ARTEMIS;25E;34;110;-;PFL;0GY;;;
70160                            X;;70160;JESSY;CHEMISE;ROSELLA;25E;44;140;-;PFL;0GY;;;
70161                            X;;70161;JOAN;PANTALON;ROSELLA;25E;36;120;-;PFL;0GY;;;
70162                            X;;70162;JOSELINA;BLOUSE;ARTEMIS;25E;44;130;-;PFL;0GY;;;
70163                            X;;70163;JYLARA;ROBE;ARTEMIS;25E;54;170;-;PFL;0GY;;;
70164                            X;;70164;JACOTTE;CHEMISE;ARTEMIS;25E;32;110;-;PFL;0GY;;;
70166                            X;;70166;JIANY;ROBE;ROSELLA;25E;61;190;-;PFL;0GY;;;
70167                            X;;70167;JASSER;CHEMISE;ROSELLA;25E;45;150;-;PFL;0GY;;;
70170                            X;;70170;JOSHUA;MAILLOT;S.B.C;25E;50;180;-;PFL;0GY;;;
70200                            X;;70200;LOYSE;LOUNGE WEAR;NOURRISSON;25H;47;160;-;PFL;25H;;;
70201                            X;;70201;LADY;PULL;NOURRISSON;25H;33;110;-;PFL;25H;;;
70202                            X;;70202;LILI;DEBARDEUR;NOURRISSON;25H;28;100;-;PFL;25H;;;
70203                            X;;70203;LILIANE;PULL;NOURRISSON;25H;27;110;-;PFL;25H;;;
70205                            X;;70205;LIERRE;PULL;COMETEX;25H;32;110;-;PFL;25H;;;
70206                            X;;70206;LINAIGRETTE;PULL;COMETEX;25H;34;120;-;PFL;25H;;;
70207                            X;;70207;LINAIRE;PULL;COMETEX;25H;32;110;-;PFL;25H;;;
70208                            X;;70208;LITCHI;PULL;COMETEX;25H;33;120;-;PFL;25H;;;
70209                            X;;70209;LOMATIA;PULL;COMETEX;25H;31;120;-;PFL;25H;;;
70210                            X;;70210;LOUCA;CHEMISE;ARTEMIS;25H;50;150;-;PFL;25H;;;
70211                            X;;70211;LHOTSE;CHEMISE;ROSELLA;25H;40;140;-;PFL;25H;;;
70212                            X;;70212;LUNEL;ROBE;ROSELLA;25H;59;180;-;PFL;25H;;;
70213                            X;;70213;LATETTE;ROBE;ARTEMIS;25H;57;180;-;PFL;25H;;;
70214                            X;;70214;LUZERNE;ROBE;ARTEMIS;25H;52;170;-;PFL;25H;;;
70216                            X;;70216;LUBLIN;CHEMISE;METAPHORE LINE;25H;29;100;-;PFL;25H;;;
70217                            X;;70217;LUDMILIA;ROBE;MAILLE CLUB;25H;63;200;-;PFL;25H;;;
70220                            X;;70220;LIDIJA;ROBE;ROSELLA;25H;66;210;-;PFL;25H;;;
70221                            X;;70221;LIEL;ROBE;ROSELLA;25H;60;190;-;PFL;25H;;;
70222                            X;;70222;LISIANNE;CHEMISE;STE TEX-MODE;25H;33;130;-;PFL;25H;;;
70223                            X;;70223;LISEMAY;PANTALON;STE TEX-MODE;25H;33;120;-;PFL;25H;;;
70224                            X;;70224;LOEVAN;JOGGING;DELFINO;25H;75;220;-;PFL;25H;;;
70226                            X;;70226;LEONARA;BLOUSE;ROSELLA;25H;39;130;-;PFL;25H;;;
70227                            X;;70227;LEXIA;CHEMISE;ROSELLA;25H;39;140;-;PFL;25H;;;
70228                            X;;70228;LAROSA;BLOUSE;MY LOOK;25H;34;130;-;PFL;25H;;;
70229                            X;;70229;LUHAN;ROBE;STE TEX-MODE;25H;61;190;-;PFL;25H;;;
70230                            X;;70230;LASHWANA;TUNIQUE;MY LOOK;25H;23;90;-;PFL;25H;;;
70231                            X;;70231;LALAINA;VESTE;ROSELLA;25H;95;270;-;PFL;25H;;;
70232                            X;;70232;LOUISANE;PANTALON;ROSELLA;25H;38;130;-;PFL;25H;;;
70233                            X;;70233;LAVY;PANTALON;ROSELLA;25H;38;130;-;PFL;25H;;;
70234                            X;;70234;LISANDRINA;PULL;COMETEX;25H;25;120;-;PFL;25H;;;
70235                            X;;70235;LORINZIA;PULL;COMETEX;25H;25;110;-;PFL;25H;;;
70241                            X;;70241;MARISSA;ROBE;ARTEMIS;26E;62;180;-;PFL;0H5;;;
70242                            X;;70242;MARISSA;SET;ARTEMIS;26E;66;220;-;PFL;0H5;;;
70248                            X;;70248;MARTINI;VESTE;ROSELLA;26E;75;240;-;PFL;0H5;;;
70249                            X;;70249;MATIO;PANTALON;ROSELLA;26E;39;130;-;PFL;0H5;;;
70250                            X;;70250;MILETTE;CHEMISE;ROSELLA;26E;60;190;-;PFL;0H5;;;
70251                            X;;70251;MATRIE;PANTALON;ROSELLA;26E;42;140;-;PFL;0H5;;;
70252                            X;;70252;MERRY;CHEMISE;ROSELLA;26E;45;140;-;PFL;0H5;;;
70253                            X;;70253;MINNA;PANTALON;ROSELLA;26E;42;140;-;PFL;0H5;;;
70255                            X;;70255;MAYEDA;SET;STE TEX-MODE;26E;94;260;-;PFL;0H5;;;
70256                            X;;70256;MARVE;ROBE;STE TEX-MODE;26E;62;180;-;PFL;0H5;;;
70257                            X;;70257;MERIETTA;VESTE;ROSELLA;26E;72;230;-;PFL;0H5;;;
70258                            X;;70258;MILIJANA;PANTALON;ROSELLA;26E;34;120;-;PFL;0H5;;;
90366                            X;;90366;JALOUSE;ECHARPE;AICHA FASHION;25E;10;50;-;PFL;0GZ;;;
90367                            X;;90367;JEVELINA;ECHARPE;AICHA FASHION;25E;9;40;-;PFL;0GZ;;;
91305                            X;;91305;JUSTINE;ECHARPE;AICHA FASHION;24E;13;40;-;ACL;0GJ;;R0;
91306                            X;;91306;JUSTINA;ECHARPE;AICHA FASHION;24E;14;50;-;ACL;0GJ;;R0;
91307                            X;;91307;JUSTIN;ECHARPE;AICHA FASHION;24E;14;40;-;ACL;0GJ;;R0;
91308                            X;;91308;JURGEN;ECHARPE;AICHA FASHION;24E;11;30;-;ACL;0GJ;;R0;
91309                            X;;91309;JUNON;ECHARPE;AICHA FASHION;24E;14;40;-;ACL;0GJ;;R0;
91312                            X;;91312;JAYANA;BOUCLES D'OREILLE;MC ACCESSOIRES;24E;10;30;-;ACL;0GJ;;R0;
91313                            X;;91313;JAYCE;COLLIER;MC ACCESSOIRES;24E;10;40;-;ACL;0GJ;;R0;
91314                            X;;91314;JAYDEN;BRACELET;MC ACCESSOIRES;24E;10;30;-;ACL;0GJ;;R0;
91315                            X;;91315;JEMUEL;BOUCLES D'OREILLE;MC ACCESSOIRES;24E;13;30;-;ACL;0GJ;;R0;
91316                            X;;91316;JENA;COLLIER;MC ACCESSOIRES;24E;13;40;-;ACL;0GJ;;R0;
91318                            X;;91318;JAKI;SAC A MAIN;SHADO;24E;35;100;-;ACL;0GJ;;R0;
91319                            X;;91319;JAKUB;SAC A MAIN;SHADO;24E;32;90;-;ACL;0GJ;;R0;
91320                            X;;91320;JAKY;SAC A MAIN;SHADO;24E;31;90;-;ACL;0GJ;;R0;
91321                            X;;91321;JALAL;SAC A MAIN;SHADO;24E;35;100;-;ACL;0GJ;;R0;
91322                            X;;91322;JALANE;SAC A MAIN;SHADO;24E;31;90;-;ACL;0GJ;;R0;
91323                            X;;91323;JADA;SAC A MAIN;SHADO;24E;35;100;-;ACL;0GJ;;R0;
91324                            X;;91324;JEANIE;SAC A MAIN;SHADO;24E;32;90;-;ACL;0GJ;;R0;
91325                            X;;91325;JEANINA;SAC A MAIN;SHADO;24E;30;90;-;ACL;0GJ;;R0;
91326                            X;;91326;JESON;SAC A MAIN;SHADO;24E;34;100;-;ACL;0GJ;;R0;
91327                            X;;91327;JALLAL;COLLIER;MC ACCESSOIRES;24E;9;40;-;ACL;0GJ;;R0;
91328                            X;;91328;JALYS;BOUCLES D'OREILLE;MC ACCESSOIRES;24E;9;30;-;ACL;0GJ;;R0;
91329                            X;;91329;JAMAL;BRACELET;MC ACCESSOIRES;24E;8;30;-;ACL;0GJ;;R0;
91330                            X;;91330;JAMES;BAGUE;MC ACCESSOIRES;24E;10;30;-;ACL;0GJ;;R0;
91331                            X;;91331;JEFF;BRACELET;MC ACCESSOIRES;24E;10;40;-;ACL;0GJ;;R0;
91332                            X;;91332;JESSY;BOUCLES D'OREILLE;MC ACCESSOIRES;24E;5;30;-;ACL;0GJ;;R0;
91333                            X;;91333;JESSI;BAGUE;MC ACCESSOIRES;24E;9;30;-;ACL;0GJ;;R0;
91334                            X;;91334;JESSE;BOUCLES D'OREILLE;MC ACCESSOIRES;24E;20;50;-;ACL;0GJ;;R0;
91335                            X;;91335;JESSICA;BRACELET;MC ACCESSOIRES;24E;5;20;-;ACL;0GJ;;R0;
91336                            X;;91336;IDALIA;ECHARPE;COMETEX;24H;8;30;-;PFL;0GH;;;
91337                            X;;91337;IBERIS;CEINTURE;MARC TCHOU;24H;24;70;-;PFL;0GW;;;
91338                            X;;91338;IYOKAN;CEINTURE;MARC TCHOU;24H;24;70;-;PFL;0GW;;;
91339                            X;;91339;INGA;CEINTURE;MARC TCHOU;24H;24;70;-;PFL;0GW;;;
91340                            X;;91340;IRIVINE;CEINTURE;MARC TCHOU;24H;23;70;-;PFL;0GW;;;
91341                            X;;91341;ICHIGO;ECHARPE;AICHA FASHION;24H;8;30;-;PFL;0GT;;;
91342                            X;;91342;IZA;ECHARPE;AICHA FASHION;24H;10;30;-;PFL;0GT;;;
91343                            X;;91343;IDIL;ECHARPE;AICHA FASHION;24H;14;40;-;PFL;0GT;;;
91344                            X;;91344;INEL;BIJOUX;MC ACCESSOIRES;24H;10;30;-;PFL;0GT;;;
91345                            X;;91345;ISAIA;BIJOUX;MC ACCESSOIRES;24H;9;30;-;PFL;0GT;;;
91346                            X;;91346;IZEM;BIJOUX;MC ACCESSOIRES;24H;9;30;-;PFL;0GT;;;
91347                            X;;91347;IZIA;BIJOUX;MC ACCESSOIRES;24H;11;40;-;PFL;0GT;;;
91348                            X;;91348;IOLE;BIJOUX;MC ACCESSOIRES;24H;11;40;-;PFL;0GT;;;
91349                            X;;91349;INZI;BIJOUX;MC ACCESSOIRES;24H;11;40;-;PFL;0GT;;;
91350                            X;;91350;ISELT;BIJOUX;MC ACCESSOIRES;24H;11;40;-;PFL;0GT;;;
91351                            X;;91351;IMELINE;BIJOUX;MC ACCESSOIRES;24H;14;50;-;PFL;0GT;;;
91352                            X;;91352;IZILD;BIJOUX;MC ACCESSOIRES;24H;20;70;-;PFL;0GT;;;
91353                            X;;91353;IO;BIJOUX;MC ACCESSOIRES;24H;20;70;-;PFL;0GT;;;
91354                            X;;91354;IRMO;BIJOUX;MC ACCESSOIRES;24H;20;70;-;PFL;0GT;;;
91355                            X;;91355;ICLAL;BIJOUX;MC ACCESSOIRES;24H;10;70;-;PFL;0GT;;;
91356                            X;;91356;ITA;BIJOUX;MC ACCESSOIRES;24H;6;40;-;PFL;0GT;;;
91357                            X;;91357;IRENCA;BIJOUX;MC ACCESSOIRES;24H;10;30;-;PFL;0GT;;;
91358                            X;;91358;IKLIL;BIJOUX;MC ACCESSOIRES;24H;18;50;-;PFL;0GT;;;
91366                            X;;91366;JALOUSE;ECHARPE;AICHA FASHION;25E;10;50;-;PFL;0GZ;;;
91367                            X;;91367;JEVELINA;ECHARPE;AICHA FASHION;25E;9;40;-;PFL;0GZ;;;
91368                            X;;91368;JIHANNA;ECHARPE;AICHA FASHION;25E;15;50;-;PFL;0GZ;;;
91370                            X;;91370;JAYLEN;BOUCLES D'OREILLE;MC ACCESSOIRES;25E;7;30;-;PFL;0GZ;;;
91371                            X;;91371;JOULINE;BOUCLES D'OREILLE;MC ACCESSOIRES;25E;8;40;-;PFL;0GZ;;;
91372                            X;;91372;JANOU;BOUCLES D'OREILLE;MC ACCESSOIRES;25E;9;70;-;PFL;0GZ;;;
91373                            X;;91373;JOUAN;COLLIER;MC ACCESSOIRES;25E;7;30;-;PFL;0GZ;;;
91374                            X;;91374;JALI;COLLIER;MC ACCESSOIRES;25E;8;40;-;PFL;0GZ;;;
91375                            X;;91375;JABI;COLLIER;MC ACCESSOIRES;25E;10;50;-;PFL;0GZ;;;
91376                            X;;91376;JAWANA;COLLIER;MC ACCESSOIRES;25E;11;70;-;PFL;0GZ;;;
91377                            X;;91377;JONIS;COLLIER;MC ACCESSOIRES;25E;12;80;-;PFL;0GZ;;;
91378                            X;;91378;JIHAN;BRACELET;MC ACCESSOIRES;25E;7;30;-;PFL;0GZ;;;
91379                            X;;91379;JERBI;BRACELET;MC ACCESSOIRES;25E;8;40;-;PFL;0GZ;;;
91380                            X;;91380;JARIS;BRACELET;MC ACCESSOIRES;25E;9;50;-;PFL;0GZ;;;
91381                            X;;91381;JANO;BIJOUX;MC ACCESSOIRES;25E;6;40;-;PFL;0GZ;;;
91385                            X;;91385;JONNA;SAC A MAIN;SHADO;25E;29;90;-;PFL;0GZ;;;
91386                            X;;91386;JANKIZ;SAC A MAIN;SHADO;25E;31;100;-;PFL;0GZ;;;
91387                            X;;91387;JOANA;SAC A MAIN;SHADO;25E;33;100;-;PFL;0GZ;;;
91388                            X;;91388;JOLANTE;SAC A MAIN;SHADO;25E;32;100;-;PFL;0GZ;;;
91389                            X;;91389;JARA;SAC A MAIN;SHADO;25E;35;110;-;PFL;0GZ;;;
91390                            X;;91390;JAULME;SAC A MAIN;SHADO;25E;34;110;-;PFL;0GZ;;;
91391                            X;;91391;JAGUE;SAC A MAIN;SHADO;25E;37;110;-;PFL;0GZ;;;
91392                            X;;91392;JURE;SAC A MAIN;SHADO;25E;36;110;-;PFL;0GZ;;;
91400                            X;;91400;JEOFFREY;SAC A MAIN;SHADO;25E;37;120;-;PFL;0GZ;;;
91401                            X;;91401;JORAGE;SAC A MAIN;SHADO;25E;34;110;-;PFL;0GZ;;;
91403                            X;;91403;JOULY;BIJOUX;MC ACCESSOIRES;25E;5;30;-;PFL;0GZ;;;
91404                            X;;91404;JAINO;BIJOUX;MC ACCESSOIRES;25E;6;40;-;PFL;0GZ;;;
91405                            X;;91405;JAKI;BIJOUX;MC ACCESSOIRES;25E;7;70;-;PFL;0GZ;;;
91406                            X;;91406;JALNA;BIJOUX;MC ACCESSOIRES;25E;7;40;-;PFL;0GZ;;;
91407                            X;;91407;JANKA;BIJOUX;MC ACCESSOIRES;25E;8;50;-;PFL;0GZ;;;
91408                            X;;91408;JANVY;BIJOUX;MC ACCESSOIRES;25E;9;70;-;PFL;0GZ;;;
91409                            X;;91409;JARON;BIJOUX;MC ACCESSOIRES;25E;6;20;-;PFL;0GZ;;;
91410                            X;;91410;JAZON;BIJOUX;MC ACCESSOIRES;25E;7;30;-;PFL;0GZ;;;
91411                            X;;91411;JEMINA;BIJOUX;MC ACCESSOIRES;25E;8;40;-;PFL;0GZ;;;
91412                            X;;91412;JENI;BIJOUX;MC ACCESSOIRES;25E;9;50;-;PFL;0GZ;;;
91413                            X;;91413;JERIEL;BIJOUX;MC ACCESSOIRES;25E;5;20;-;PFL;0GZ;;;
91414                            X;;91414;JAZY;BIJOUX;MC ACCESSOIRES;25E;7;40;-;PFL;0GZ;;;
91500                            X;;91500;LAVRAUT;SAC A MAIN;SHADO;25H;42;130;-;PFL;0H4;;;
91501                            X;;91501;LAVERINE;SAC A MAIN;SHADO;25H;37;120;-;PFL;0H4;;;
91502                            X;;91502;LAYETA;SAC A MAIN;SHADO;25H;35;120;-;PFL;0H4;;;
91503                            X;;91503;LAZARINE;SAC A MAIN;SHADO;25H;41;120;-;PFL;0H4;;;
91504                            X;;91504;LOUWEN;SAC A MAIN;SHADO;25H;28;110;-;PFL;0H4;;;
91505                            X;;91505;LIF;SAC A MAIN;SHADO;25H;42;130;-;PFL;0H4;;;
91506                            X;;91506;LURAIS;SAC A MAIN;SHADO;25H;46;130;-;PFL;0H4;;;
91507                            X;;91507;LISOIRE;SAC A MAIN;SHADO;25H;35;120;-;PFL;0H4;;;
91508                            X;;91508;LOUNA;CHAUSSURES;STE MOHSEN PLUS;25H;51;150;-;PFL;0H3;;;
91509                            X;;91509;LORENZ;CHAUSSURES;JOELLE;25H;35;130;-;PFL;0H3;;;
91510                            X;;91510;LEONCE;CHAUSSURES;JOELLE;25H;36;120;-;PFL;0H3;;;
91511                            X;;91511;LIVIA;BIJOUX;MC ACCESSOIRES;25H;7;30;-;PFL;0H4;;;
91512                            X;;91512;LELIA;SAC A MAIN;SHADO;25H;44;130;-;PFL;0H4;;;
91513                            X;;91513;LIDOIR;BIJOUX;MC ACCESSOIRES;25H;10;50;-;PFL;0H4;;;
91514                            X;;91514;LEZINE;BIJOUX;MC ACCESSOIRES;25H;12;70;-;PFL;0H4;;;
91515                            X;;91515;LAMY;BIJOUX;MC ACCESSOIRES;25H;9;40;-;PFL;0H4;;;
91516                            X;;91516;LETIZIA;BIJOUX;MC ACCESSOIRES;25H;11;50;-;PFL;0H4;;;
91517                            X;;91517;LIVIE;BIJOUX;MC ACCESSOIRES;25H;12;70;-;PFL;0H4;;;
91518                            X;;91518;LONGIN;BIJOUX;MC ACCESSOIRES;25H;13;80;-;PFL;0H4;;;
91519                            X;;91519;LODIE;BIJOUX;MC ACCESSOIRES;25H;5;20;-;PFL;0H4;;;
91520                            X;;91520;LAFOYE;BIJOUX;MC ACCESSOIRES;25H;10;40;-;PFL;0H4;;;
91521                            X;;91521;LAFON;BIJOUX;MC ACCESSOIRES;25H;13;50;-;PFL;0H4;;;
91522                            X;;91522;LAZARO;BIJOUX;MC ACCESSOIRES;25H;10;40;-;PFL;0H4;;;
91523                            X;;91523;LAURIA;BIJOUX;MC ACCESSOIRES;25H;11;50;-;PFL;0H4;;;
91524                            X;;91524;LENIE;BIJOUX;MC ACCESSOIRES;25H;12;50;-;PFL;0H4;;;
91525                            X;;91525;LEVY;BIJOUX;MC ACCESSOIRES;25H;9;40;-;PFL;0H4;;;
91526                            X;;91526;LEOPOL;CHAUSSURES;JOELLE;25H;61;180;-;PFL;0H3;;;
91527                            X;;91527;LASKALO;CHAUSSURES;JOELLE;25H;55;160;-;PFL;0H3;;;
91528                            X;;91528;LIROY;CHAUSSURES;JOELLE;25H;35;120;-;PFL;0H3;;;
91529                            X;;91529;LISSANDE;CHAUSSURES;JOELLE;25H;35;120;-;PFL;0H3;;;
91530                            X;;91530;LUCILLA;SAC A MAIN;STE MARVOLLOS CHICO;25H;53;140;-;PFL;0H4;;;
91531                            X;;91531;LIDIA;SAC A MAIN;STE MARVOLLOS CHICO;25H;45;140;-;PFL;0H4;;;
91532                            X;;91532;LORINZA;SAC A MAIN;STE MARVOLLOS CHICO;25H;45;150;-;PFL;0H4;;;
91533                            X;;91533;LOVELY;SAC A MAIN;STE MARVOLLOS CHICO;25H;56;150;-;PFL;0H4;;;
91540                            X;;91540;MARCEL;CHAUSSURES;JOELLE;26E;38;110;-;PFL;0H7;;;
91541                            X;;91541;MARVIN;CHAUSSURES;JOELLE;26E;40;120;-;PFL;0H7;;;
91542                            X;;91542;MILANIE;CHAUSSURES;JOELLE;26E;41;130;-;PFL;0H7;;;
91543                            X;;91543;MIRELLA;CHAUSSURES;JOELLE;26E;41;130;-;PFL;0H7;;;
91545                            X;;91545;MELI;CEINTURE;MARC TCHOU;26E;21;80;-;PFL;0H9;;;
91546                            X;;91546;MILVA;CEINTURE;MARC TCHOU;26E;21;70;-;PFL;0H9;;;
91547                            X;;91547;MERIANA;CEINTURE;MARC TCHOU;26E;21;65;-;PFL;0H9;;;
91548                            X;;91548;MARIDZA;CEINTURE;MARC TCHOU;26E;21;65;-;PFL;0H9;;;
91549                            X;;91549;METISSE;CEINTURE;MARC TCHOU;26E;21;65;-;PFL;0H9;;;
91550                            X;;91550;MIRKA;CHAUSSURES;SOCIÉTÉ FEKI;26E;36;120;-;PFL;0H7;;;
91551                            X;;91551;MELINE;CHAUSSURES;SOCIÉTÉ FEKI;26E;34;120;-;PFL;0H7;;;
91552                            X;;91552;MENIAR;CHAUSSURES;SOCIÉTÉ FEKI;26E;33;120;-;PFL;0H7;;;
91553                            X;;91553;MARLA;CHAUSSURES;SOCIÉTÉ FEKI;26E;33;110;-;PFL;0H7;;;
91554                            X;;91554;MARTINE;CHAUSSURES;SOCIÉTÉ FEKI;26E;33;110;-;PFL;0H7;;;
91555                            X;;91555;MIRIELLE;SAC A MAIN;SHADO;26E;28;90;-;PFL;0H8;;;
91556                            X;;91556;MELANI;SAC A MAIN;SHADO;26E;34;110;-;PFL;0H8;;;
91557                            X;;91557;MAUDA;SAC A MAIN;SHADO;26E;34;110;-;PFL;0H8;;;
91558                            X;;91558;MELVINE;SAC A MAIN;SHADO;26E;34;120;-;PFL;0H8;;;
91559                            X;;91559;MANOU;SAC A MAIN;SHADO;26E;35;100;-;PFL;0H8;;;
91560                            X;;91560;MIRTO;SAC A MAIN;SHADO;26E;33;110;-;PFL;0H8;;;
91561                            X;;91561;MELIANE;SAC A MAIN;SHADO;26E;34;100;-;PFL;0H8;;;
91562                            X;;91562;MILIE;SAC A MAIN;SHADO;26E;34;100;-;PFL;0H8;;;
91563                            X;;91563;MERLENE;SAC A MAIN;SHADO;26E;41;130;-;PFL;0H8;;;
91564                            X;;91564;MALORIE;SAC A MAIN;SHADO;26E;42;130;-;PFL;0H8;;;
91565                            X;;91565;MELINDE;SAC A MAIN;SHADO;26E;43;130;-;PFL;0H8;;;
91566                            X;;91566;MARCELINE;SAC A MAIN;SHADO;26E;41;120;-;PFL;0H8;;;
91567                            X;;91567;MAYLA;SAC A MAIN;SHADO;26E;40;120;-;PFL;0H8;;;
TESTY2                           X;;TESTY2;TEST1;CHEMISE;STE TEX-MODE;24E;28;90;-;PFL;0GH;;;
