Date document;Etablissement ligne doc.;Code article;Code-barres article;Taille;Couleur;Saison;
01/02/2026;002;20445;6191114299269;XXL;740;23H;;2,00;
01/02/2026;002;21126;6191114462113;XL;R634;24H;;1,00;
01/02/2026;002;21325;6191114497726;XXL;995;24H;;1,00;
01/02/2026;002;21381;6191114508545;XXL;875;24H;;1,00;
01/02/2026;002;21826;6191114582927;3XL;200;25E;;1,00;
01/02/2026;002;21827;6191114583092;3XL;000;25E;;1,00;
01/02/2026;002;22005;6191114606586;M;995;25H;;1,00;
01/02/2026;002;22019;6191114609440;XL;815;25H;;1,00;
01/02/2026;002;22025;6191114610118;XL;010;25H;;1,00;
01/02/2026;002;22028;6191114610453;L;940;25H;;1,00;
01/02/2026;002;22030;6191114610675;M;010;25H;;1,00;
01/02/2026;002;22036;6191114611122;S;R995;25H;;1,00;
01/02/2026;002;22036;6191114611177;L;R010;25H;;1,00;
01/02/2026;002;22048;6191114612013;XL;995;25H;;1,00;
01/02/2026;002;22066;6191114615618;XL;815;25H;;1,00;
01/02/2026;002;22071;6191114616110;L;784;25H;;1,00;
01/02/2026;002;22085;6191114619395;L;195;25H;;1,00;
01/02/2026;002;22085;6191114619401;L;740;25H;;-1,00;
01/02/2026;002;22117;6191114648999;L;940;25H;;1,00;
01/02/2026;002;22160;6191114626249;XL;820;25H;;1,00;
01/02/2026;002;22198;6191114630222;3XL;385;25H;;1,00;
01/02/2026;002;22205;6191114630833;3XL;870;25H;;1,00;
01/02/2026;002;22209;6191114640719;L;815;25H;;1,00;
01/02/2026;002;22212;6191114641594;XXL;235;25H;;1,00;
01/02/2026;002;22258;6191114650879;4XL;195;25H;;1,00;
01/02/2026;002;22274;6191114652880;XL;995;25H;;1,00;
01/02/2026;002;22279;6191114653719;3XL;645;25H;;1,00;
01/02/2026;002;22279;6191114653733;3XL;000;25H;;1,00;
01/02/2026;002;22291;6191114655423;L;995;25H;;1,00;
01/02/2026;002;22302;6191114657298;3XL;995;25H;;1,00;
01/02/2026;002;22304;6191114660465;XL;MCO;25H;;1,00;
01/02/2026;002;22319;6191114670235;M;995;25H;;1,00;
01/02/2026;002;22320;6191114659247;4XL;870;25H;;1,00;
01/02/2026;002;55808;6191114641211;L;385;25H;;1,00;
01/02/2026;002;55808;6191114641259;XL;995;25H;;1,00;
01/02/2026;002;55808;6191114641297;XXL;975;25H;;2,00;
01/02/2026;002;55809;6191114642065;S;010;25H;;1,00;
01/02/2026;002;55811;6191114644625;XL;R784;25H;;1,00;
01/02/2026;002;55818;6191114654945;M;995;25H;;1,00;
01/02/2026;002;70201;6191114608085;XXL;R385;25H;;1,00;
01/02/2026;002;70206;6191114612471;3XL;870;25H;;1,00;
01/02/2026;002;91500;6191114626287;TU;195;25H;;1,00;
01/02/2026;002;91502;6191114669123;TU;695;25H;;1,00;
01/02/2026;002;91509;6191114625327;39;815;25H;;1,00;
01/02/2026;005;20110;6191114223479;S;995;23E;;1,00;
01/02/2026;005;21214;6191114476837;S;385;24H;;1,00;
01/02/2026;005;21301;6191114491908;S;995;24H;;1,00;
01/02/2026;005;22009;6191114607125;S;880;25H;;1,00;
01/02/2026;005;22023;6191114609907;3XL;R385;25H;;1,00;
01/02/2026;005;22037;6191114611245;S;995;25H;;1,00;
01/02/2026;005;22070;6191114615991;L;385;25H;;1,00;
01/02/2026;005;22080;6191114616981;L;380;25H;;1,00;
01/02/2026;005;22146;6191114630017;XL;995;25H;;1,00;
01/02/2026;005;22186;6191114627758;XL;385;25H;;1,00;
01/02/2026;005;22295;6191114656246;XL;995;25H;;1,00;
01/02/2026;005;22308;6191114657717;L;870;25H;;1,00;
01/02/2026;005;22310;6191114658035;S;995;25H;;1,00;
01/02/2026;005;22311;6191114658103;XL;I995;25H;;1,00;
01/02/2026;005;55811;6191114644649;XXL;R784;25H;;1,00;
01/02/2026;005;55820;6191114657892;XXL;R995;25H;;1,00;
01/02/2026;005;70217;6191114649378;M;I385;25H;;1,00;
01/02/2026;009;22024;6191114653313;L;815;25H;;1,00;
01/02/2026;009;22036;6191114611160;L;R995;25H;;1,00;
01/02/2026;009;22066;6191114615588;M;875;25H;;1,00;
01/02/2026;009;22068;6191114642379;M;695;25H;;1,00;
01/02/2026;009;22078;6191114616745;S;995;25H;;1,00;
01/02/2026;009;22118;6191114646421;XL;874;25H;;1,00;
01/02/2026;009;22124;6191114646865;L;995;25H;;1,00;
01/02/2026;009;22195;6191114628397;XL;310;25H;;1,00;
01/02/2026;009;22197;6191114630062;M;815;25H;;1,00;
01/02/2026;009;22197;6191114630079;L;815;25H;;-1,00;
01/02/2026;009;22198;6191114630161;L;385;25H;;1,00;
01/02/2026;009;22216;6191114642683;L;I385;25H;;1,00;
01/02/2026;009;22244;6191114647916;S;695;25H;;1,00;
01/02/2026;009;22244;6191114647992;XL;215;25H;;1,00;
01/02/2026;009;22244;6191114648005;XL;695;25H;;1,00;
01/02/2026;009;22257;6191114650527;M;I195;25H;;1,00;
01/02/2026;009;22274;6191114652859;S;995;25H;;1,00;
01/02/2026;009;22295;6191114656192;S;695;25H;;1,00;
01/02/2026;009;22301;6191114657106;M;215;25H;;1,00;
01/02/2026;009;22312;6191114658141;L;995;25H;;1,00;
01/02/2026;009;55815;6191114645547;M;385;25H;;1,00;
01/02/2026;009;55816;6191114648425;M;R990;25H;;1,00;
01/02/2026;009;55817;6191114654754;M;790;25H;;1,00;
01/02/2026;009;55818;6191114654938;M;385;25H;;1,00;
01/02/2026;009;55818;6191114654945;M;995;25H;;1,00;
01/02/2026;011;22005;6191114606661;XL;995;25H;;1,00;
01/02/2026;011;22020;6191114619289;L;815;25H;;1,00;
01/02/2026;011;22025;6191114610101;XL;995;25H;;1,00;
01/02/2026;011;22066;6191114615618;XL;815;25H;;1,00;
01/02/2026;011;22066;6191114615625;XL;875;25H;;1,00;
01/02/2026;011;22072;6191114616219;L;476;25H;;1,00;
01/02/2026;011;22098;6191114620889;3XL;995;25H;;1,00;
01/02/2026;011;22108;6191114622159;L;870;25H;;1,00;
01/02/2026;011;22111;6191114622678;XL;255;25H;;1,00;
01/02/2026;011;22115;6191114645998;L;005;25H;;1,00;
01/02/2026;011;22117;6191114648999;L;940;25H;;1,00;
01/02/2026;011;22128;6191114623019;L;870;25H;;1,00;
01/02/2026;011;22163;6191114659773;XL;C490;25H;;1,00;
01/02/2026;011;22182;6191114629424;XXL;870;25H;;1,00;
01/02/2026;011;22197;6191114630086;XL;815;25H;;1,00;
01/02/2026;011;22201;6191114630451;XXL;995;25H;;1,00;
01/02/2026;011;22211;6191114641396;XL;694;25H;;1,00;
01/02/2026;011;22241;6191114647381;XL;R000;25H;;1,00;
01/02/2026;011;22244;6191114647961;L;215;25H;;1,00;
01/02/2026;011;22246;6191114648852;XL;995;25H;;1,00;
01/02/2026;011;22257;6191114650619;XXL;I195;25H;;1,00;
01/02/2026;011;22257;6191114650657;4XL;I350;25H;;1,00;
01/02/2026;011;22259;6191114650954;XL;010;25H;;1,00;
01/02/2026;011;22287;6191114654556;L;815;25H;;1,00;
01/02/2026;011;22287;6191114654587;XL;995;25H;;1,00;
01/02/2026;011;22289;6191114655232;M;476;25H;;1,00;
01/02/2026;011;22294;6191114656154;XXL;950;25H;;1,00;
01/02/2026;011;22294;6191114656161;3XL;870;25H;;1,00;
01/02/2026;011;22295;6191114656239;L;695;25H;;1,00;
01/02/2026;011;22303;6191114657342;S;195;25H;;1,00;
01/02/2026;011;22306;6191114669079;L;995;25H;;1,00;
01/02/2026;011;22312;6191114658158;XL;995;25H;;1,00;
01/02/2026;011;22322;6191114659568;3XL;740;25H;;1,00;
01/02/2026;011;22347;6191114668614;XL;I815;25H;;1,00;
01/02/2026;011;55808;6191114641297;XXL;975;25H;;1,00;
01/02/2026;011;55813;6191114645240;L;940;25H;;-1,00;
01/02/2026;011;55813;6191114645257;XL;385;25H;;1,00;
01/02/2026;011;55816;6191114648456;L;R990;25H;;-1,00;
01/02/2026;011;55816;6191114648470;XL;R385;25H;;1,00;
01/02/2026;011;55816;6191114648487;XL;R990;25H;;1,00;
01/02/2026;011;70203;6191114608276;L;R995;25H;;1,00;
01/02/2026;011;70205;6191114612273;M;385;25H;;1,00;
01/02/2026;011;70206;6191114612419;L;870;25H;;1,00;
01/02/2026;011;70211;6191114621305;L;995;25H;;1,00;
01/02/2026;011;70220;6191114631182;L;695;25H;;1,00;
01/02/2026;011;70220;6191114631205;XL;695;25H;;1,00;
01/02/2026;014;21827;6191114583085;3XL;995;25E;;1,00;
01/02/2026;014;21828;6191114583214;XL;000;25E;;1,00;
01/02/2026;014;21828;6191114583221;XL;200;25E;;1,00;
01/02/2026;014;22003;6191114606302;XXL;R870;25H;;1,00;
01/02/2026;014;22013;6191114607712;3XL;995;25H;;1,00;
01/02/2026;014;22017;6191114609167;M;995;25H;;1,00;
01/02/2026;014;22017;6191114609181;L;995;25H;;1,00;
01/02/2026;014;22017;6191114609235;XXL;010;25H;;1,00;
01/02/2026;014;22020;6191114619289;L;815;25H;;1,00;
01/02/2026;014;22022;6191114609778;XXL;R010;25H;;2,00;
01/02/2026;014;22023;6191114609808;S;R385;25H;;1,00;
01/02/2026;014;22023;6191114609907;3XL;R385;25H;;1,00;
01/02/2026;014;22025;6191114610088;L;995;25H;;1,00;
01/02/2026;014;22025;6191114610118;XL;010;25H;;1,00;
01/02/2026;014;22025;6191114610125;XXL;995;25H;;1,00;
01/02/2026;014;22025;6191114610149;3XL;995;25H;;1,00;
01/02/2026;014;22030;6191114610699;L;010;25H;;1,00;
01/02/2026;014;22030;6191114610712;XL;010;25H;;1,00;
01/02/2026;014;22032;6191114610880;S;995;25H;;1,00;
01/02/2026;014;22032;6191114610996;3XL;940;25H;;1,00;
01/02/2026;014;22033;6191114611047;L;815;25H;;2,00;
01/02/2026;014;22037;6191114611269;M;995;25H;;1,00;
01/02/2026;014;22039;6191114611436;S;010;25H;;1,00;
01/02/2026;014;22043;6191114611658;3XL;784;25H;;1,00;
01/02/2026;014;22044;6191114622050;XXL;695;25H;;1,00;
01/02/2026;014;22049;6191114612099;M;815;25H;;1,00;
01/02/2026;014;22049;6191114612105;M;995;25H;;1,00;
01/02/2026;014;22052;6191114617223;XL;995;25H;;1,00;
01/02/2026;014;22058;6191114617919;M;000;25H;;1,00;
01/02/2026;014;22060;6191114618046;L;215;25H;;1,00;
01/02/2026;014;22060;6191114618084;XXL;215;25H;;1,00;
01/02/2026;014;22062;6191114618398;3XL;870;25H;;1,00;
01/02/2026;014;22064;6191114618602;S;815;25H;;1,00;
01/02/2026;014;22070;6191114615977;M;385;25H;;1,00;
01/02/2026;014;22072;6191114616202;M;476;25H;;1,00;
01/02/2026;014;22084;6191114616479;L;000;25H;;1,00;
01/02/2026;014;22086;6191114619517;L;995;25H;;1,00;
01/02/2026;014;22088;6191114619807;XL;995;25H;;1,00;
01/02/2026;014;22089;6191114619920;L;995;25H;;1,00;
01/02/2026;014;22098;6191114620872;XXL;995;25H;;1,00;
01/02/2026;014;22111;6191114622661;L;255;25H;;-1,00;
01/02/2026;014;22113;6191114645653;S;990;25H;;1,00;
01/02/2026;014;22113;6191114645707;L;820;25H;;1,00;
01/02/2026;014;22113;6191114645714;L;990;25H;;1,00;
01/02/2026;014;22113;6191114645738;XL;820;25H;;1,00;
01/02/2026;014;22113;6191114645745;XL;990;25H;;1,00;
01/02/2026;014;22113;6191114645752;XXL;820;25H;;1,00;
01/02/2026;014;22113;6191114645783;3XL;990;25H;;1,00;
01/02/2026;014;22114;6191114645851;XL;815;25H;;2,00;
01/02/2026;014;22115;6191114645974;L;820;25H;;1,00;
01/02/2026;014;22115;6191114646001;XL;820;25H;;1,00;
01/02/2026;014;22115;6191114646063;3XL;820;25H;;1,00;
01/02/2026;014;22116;6191114646131;L;995;25H;;1,00;
01/02/2026;014;22116;6191114646148;L;770;25H;;1,00;
01/02/2026;014;22116;6191114646193;3XL;995;25H;;1,00;
01/02/2026;014;22117;6191114648982;M;940;25H;;1,00;
01/02/2026;014;22126;6191114649330;XL;760;25H;;1,00;
01/02/2026;014;22127;6191114647114;L;995;25H;;1,00;
01/02/2026;014;22127;6191114649064;L;770;25H;;1,00;
01/02/2026;014;22129;6191114623101;S;995;25H;;1,00;
01/02/2026;014;22129;6191114623118;S;010;25H;;1,00;
01/02/2026;014;22137;6191114623316;S;385;25H;;1,00;
01/02/2026;014;22139;6191114624474;XL;385;25H;;1,00;
01/02/2026;014;22139;6191114624481;XL;995;25H;;1,00;
01/02/2026;014;22142;6191114624726;L;995;25H;;1,00;
01/02/2026;014;22146;6191114630017;XL;995;25H;;1,00;
01/02/2026;014;22148;6191114625549;M;995;25H;;1,00;
01/02/2026;014;22148;6191114625556;L;995;25H;;1,00;
01/02/2026;014;22162;6191114647282;3XL;995;25H;;1,00;
01/02/2026;014;22170;6191114626850;M;R000;25H;;1,00;
01/02/2026;014;22171;6191114627253;XXL;R000;25H;;1,00;
01/02/2026;014;22175;6191114628830;3XL;990;25H;;1,00;
01/02/2026;014;22177;6191114628892;L;215;25H;;1,00;
01/02/2026;014;22182;6191114629349;M;995;25H;;1,00;
01/02/2026;014;22182;6191114629431;XXL;995;25H;;1,00;
01/02/2026;014;22182;6191114629479;3XL;784;25H;;1,00;
01/02/2026;014;22183;6191114629561;XXL;385;25H;;1,00;
01/02/2026;014;22183;6191114629578;XXL;995;25H;;1,00;
01/02/2026;014;22191;6191114627895;M;P995;25H;;1,00;
01/02/2026;014;22191;6191114627932;XL;P995;25H;;1,00;
01/02/2026;014;22194;6191114628137;S;I255;25H;;1,00;
01/02/2026;014;22194;6191114628212;XL;I385;25H;;1,00;
01/02/2026;014;22194;6191114628229;XL;I255;25H;;1,00;
01/02/2026;014;22194;6191114628250;XXL;I255;25H;;1,00;
01/02/2026;014;22207;6191114640443;L;880;25H;;1,00;
01/02/2026;014;22207;6191114640450;L;784;25H;;1,00;
01/02/2026;014;22211;6191114641372;L;694;25H;;1,00;
01/02/2026;014;22216;6191114642690;XL;I385;25H;;2,00;
01/02/2026;014;22229;6191114644014;L;995;25H;;1,00;
01/02/2026;014;22233;6191114644380;M;000;25H;;-1,00;
01/02/2026;014;22237;6191114644847;3XL;I815;25H;;1,00;
01/02/2026;014;22243;6191114647824;XL;695;25H;;1,00;
01/02/2026;014;22243;6191114647886;3XL;695;25H;;1,00;
01/02/2026;014;22244;6191114647954;L;995;25H;;1,00;
01/02/2026;014;22244;6191114648029;XXL;215;25H;;1,00;
01/02/2026;014;22247;6191114648630;S;R385;25H;;1,00;
01/02/2026;014;22250;6191114649637;XL;815;25H;;1,00;
01/02/2026;014;22250;6191114649668;XXL;815;25H;;1,00;
01/02/2026;014;22255;6191114650367;L;995;25H;;1,00;
01/02/2026;014;22257;6191114650527;M;I195;25H;;1,00;
01/02/2026;014;22258;6191114650862;4XL;385;25H;;1,00;
01/02/2026;014;22263;6191114651456;XS;870;25H;;1,00;
01/02/2026;014;22263;6191114651524;M;995;25H;;1,00;
01/02/2026;014;22263;6191114651586;XL;995;25H;;1,00;
01/02/2026;014;22268;6191114649743;M;870;25H;;1,00;
01/02/2026;014;22268;6191114649750;L;870;25H;;1,00;
01/02/2026;014;22269;6191114649811;M;870;25H;;1,00;
01/02/2026;014;22270;6191114649941;L;995;25H;;1,00;
01/02/2026;014;22272;6191114652521;M;870;25H;;1,00;
01/02/2026;014;22272;6191114652545;M;010;25H;;1,00;
01/02/2026;014;22275;6191114652934;M;385;25H;;1,00;
01/02/2026;014;22277;6191114653351;XS;815;25H;;1,00;
01/02/2026;014;22279;6191114653726;3XL;995;25H;;1,00;
01/02/2026;014;22284;6191114654259;XXL;385;25H;;1,00;
01/02/2026;014;22284;6191114654280;3XL;995;25H;;1,00;
01/02/2026;014;22285;6191114654372;XL;385;25H;;1,00;
01/02/2026;014;22287;6191114654549;M;995;25H;;1,00;
01/02/2026;014;22287;6191114654624;3XL;995;25H;;1,00;
01/02/2026;014;22295;6191114656253;XL;695;25H;;1,00;
01/02/2026;014;22296;6191114656543;XL;215;25H;;1,00;
01/02/2026;014;22300;6191114656826;L;870;25H;;1,00;
01/02/2026;014;22301;6191114657113;L;995;25H;;1,00;
01/02/2026;014;22302;6191114657243;L;245;25H;;1,00;
01/02/2026;014;22310;6191114658035;S;995;25H;;1,00;
01/02/2026;014;22311;6191114658097;L;I995;25H;;1,00;
01/02/2026;014;22330;6191114660021;S;220;25H;;1,00;
01/02/2026;014;22330;6191114660038;M;724;25H;;1,00;
01/02/2026;014;22330;6191114660090;XXL;724;25H;;1,00;
01/02/2026;014;22330;6191114660113;3XL;724;25H;;1,00;
01/02/2026;014;22330;6191114660120;3XL;220;25H;;1,00;
01/02/2026;014;22331;6191114660243;L;390;25H;;1,00;
01/02/2026;014;22333;6191114660656;L;990;25H;;1,00;
01/02/2026;014;22333;6191114660670;XL;990;25H;;1,00;
01/02/2026;014;22347;6191114668607;L;I815;25H;;1,00;
01/02/2026;014;55807;6191114641068;XL;385;25H;;1,00;
01/02/2026;014;55813;6191114645226;L;385;25H;;2,00;
01/02/2026;014;55813;6191114645271;XL;940;25H;;1,00;
01/02/2026;014;55815;6191114645561;L;385;25H;;2,00;
01/02/2026;014;55815;6191114669338;XL;995;25H;;1,00;
01/02/2026;014;55816;6191114648432;L;R995;25H;;1,00;
01/02/2026;014;55816;6191114648463;XL;R995;25H;;1,00;
01/02/2026;014;55816;6191114648487;XL;R990;25H;;1,00;
01/02/2026;014;55817;6191114654716;S;695;25H;;1,00;
01/02/2026;014;55817;6191114654792;XL;385;25H;;1,00;
01/02/2026;014;55817;6191114654808;XL;695;25H;;2,00;
01/02/2026;014;55817;6191114654815;XL;790;25H;;2,00;
01/02/2026;014;55817;6191114654839;XXL;695;25H;;1,00;
01/02/2026;014;55818;6191114655058;XL;824;25H;;1,00;
01/02/2026;014;55818;6191114658325;XL;535;25H;;1,00;
01/02/2026;014;70201;6191114608030;L;R870;25H;;1,00;
01/02/2026;014;70201;6191114608054;XL;R870;25H;;1,00;
01/02/2026;014;70201;6191114608092;3XL;R870;25H;;1,00;
01/02/2026;014;70201;6191114608108;3XL;R385;25H;;1,00;
01/02/2026;014;70202;6191114608139;M;995;25H;;1,00;
01/02/2026;014;70203;6191114608306;XL;R355;25H;;1,00;
01/02/2026;014;70203;6191114608337;3XL;R995;25H;;1,00;
01/02/2026;014;70206;6191114612426;L;995;25H;;1,00;
01/02/2026;014;70206;6191114612488;3XL;995;25H;;1,00;
01/02/2026;014;70224;6191114641808;L;694;25H;;1,00;
01/02/2026;014;70231;6191114658721;XL;C995;25H;;1,00;
01/02/2026;014;70232;6191114658813;L;995;25H;;1,00;
01/02/2026;014;70233;6191114658899;XL;995;25H;;1,00;
01/02/2026;014;91501;6191114626300;TU;195;25H;;1,00;
01/02/2026;014;91503;6191114626317;TU;385;25H;;1,00;
01/02/2026;014;91506;6191114626386;TU;880;25H;;1,00;
01/02/2026;014;91507;6191114626416;TU;824;25H;;1,00;
01/02/2026;014;91526;6191114639973;37;995;25H;;1,00;
01/02/2026;014;91528;6191114640184;36;995;25H;;1,00;
01/02/2026;015;21827;6191114583016;L;200;25E;;1,00;
01/02/2026;015;21827;6191114583085;3XL;995;25E;;1,00;
01/02/2026;015;21827;6191114583108;3XL;200;25E;;1,00;
01/02/2026;015;21835;6191114584198;XL;385;25E;;1,00;
01/02/2026;015;21835;6191114584204;XL;995;25E;;1,00;
01/02/2026;015;22013;6191114607637;M;995;25H;;1,00;
01/02/2026;015;22021;6191114609679;3XL;385;25H;;1,00;
01/02/2026;015;22055;6191114624870;XL;995;25H;;1,00;
01/02/2026;015;22060;6191114618046;L;215;25H;;1,00;
01/02/2026;015;22060;6191114618053;L;310;25H;;1,00;
01/02/2026;015;22064;6191114618831;XXL;175;25H;;1,00;
01/02/2026;015;22064;6191114618886;3XL;175;25H;;1,00;
01/02/2026;015;22080;6191114616998;L;476;25H;;1,00;
01/02/2026;015;22089;6191114619920;L;995;25H;;1,00;
01/02/2026;015;22089;6191114620001;4XL;995;25H;;1,00;
01/02/2026;015;22114;6191114645899;3XL;815;25H;;1,00;
01/02/2026;015;22116;6191114646124;M;770;25H;;1,00;
01/02/2026;015;22133;6191114625211;XXL;995;25H;;1,00;
01/02/2026;015;22137;6191114623378;L;385;25H;;1,00;
01/02/2026;015;22137;6191114623392;L;235;25H;;1,00;
01/02/2026;015;22148;6191114625563;XL;995;25H;;1,00;
01/02/2026;015;22162;6191114647206;M;995;25H;;1,00;
01/02/2026;015;22162;6191114647220;L;995;25H;;-1,00;
01/02/2026;015;22181;6191114629257;M;995;25H;;1,00;
01/02/2026;015;22183;6191114629554;XL;995;25H;;1,00;
01/02/2026;015;22199;6191114631359;S;995;25H;;1,00;
01/02/2026;015;22206;6191114630949;3XL;995;25H;;1,00;
01/02/2026;015;22207;6191114640481;XL;784;25H;;1,00;
01/02/2026;015;22209;6191114640757;XXL;815;25H;;1,00;
01/02/2026;015;22213;6191114642348;XXL;815;25H;;1,00;
01/02/2026;015;22222;6191114643406;L;685;25H;;1,00;
01/02/2026;015;22247;6191114648753;XXL;R385;25H;;1,00;
01/02/2026;015;22257;6191114650640;3XL;I195;25H;;1,00;
01/02/2026;015;22261;6191114651258;L;385;25H;;1,00;
01/02/2026;015;22262;6191114651371;L;385;25H;;1,00;
01/02/2026;015;22275;6191114652965;L;790;25H;;1,00;
01/02/2026;015;22276;6191114655843;3XL;385;25H;;1,00;
01/02/2026;015;22286;6191114654440;M;995;25H;;1,00;
01/02/2026;015;22292;6191114655683;XL;870;25H;;1,00;
01/02/2026;015;22298;6191114658257;M;R385;25H;;1,00;
01/02/2026;015;22298;6191114658264;L;R385;25H;;1,00;
01/02/2026;015;22300;6191114656857;3XL;870;25H;;1,00;
01/02/2026;015;22316;6191114658516;L;476;25H;;1,00;
01/02/2026;015;22318;6191114659025;XL;C000;25H;;1,00;
01/02/2026;015;22320;6191114659131;S;825;25H;;1,00;
01/02/2026;015;22321;6191114659315;L;825;25H;;1,00;
01/02/2026;015;22328;6191114661424;XXL;995;25H;;1,00;
01/02/2026;015;22328;6191114661431;3XL;995;25H;;-1,00;
01/02/2026;015;55800;6191114621602;L;975;25H;;1,00;
01/02/2026;015;55801;6191114621756;M;975;25H;;1,00;
01/02/2026;015;55813;6191114645165;S;385;25H;;1,00;
01/02/2026;015;55813;6191114645189;S;940;25H;;1,00;
01/02/2026;015;55815;6191114645585;XL;385;25H;;1,00;
01/02/2026;015;70213;6191114623705;XL;P385;25H;;1,00;
01/02/2026;015;70231;6191114658691;L;C000;25H;;1,00;
01/02/2026;016;22049;6191114612129;L;995;25H;;1,00;
01/02/2026;016;22067;6191114615687;L;380;25H;;1,00;
01/02/2026;016;22071;6191114616110;L;784;25H;;1,00;
01/02/2026;016;22117;6191114648982;M;940;25H;;1,00;
01/02/2026;016;22194;6191114628182;L;I385;25H;;1,00;
01/02/2026;016;22216;6191114642751;XL;I255;25H;;1,00;
01/02/2026;016;22244;6191114647916;S;695;25H;;1,00;
01/02/2026;016;22285;6191114654310;S;385;25H;;1,00;
01/02/2026;016;22285;6191114654334;M;385;25H;;-1,00;
01/02/2026;016;55818;6191114654938;M;385;25H;;1,00;
01/02/2026;016;55818;6191114654952;M;824;25H;;1,00;
01/02/2026;016;70201;6191114608054;XL;R870;25H;;1,00;
01/02/2026;021;21351;6191114502055;L/XL;200;24H;;1,00;
01/02/2026;021;21832;6191114583733;XL;200;25E;;1,00;
01/02/2026;021;22005;6191114606654;XL;645;25H;;1,00;
01/02/2026;021;22020;6191114619289;L;815;25H;;1,00;
01/02/2026;021;22021;6191114609655;XL;385;25H;;1,00;
01/02/2026;021;22021;6191114609679;3XL;385;25H;;1,00;
01/02/2026;021;22025;6191114610095;L;010;25H;;2,00;
01/02/2026;021;22025;6191114610118;XL;010;25H;;1,00;
01/02/2026;021;22026;6191114610248;XXL;815;25H;;1,00;
01/02/2026;021;22032;6191114610880;S;995;25H;;1,00;
01/02/2026;021;22032;6191114610941;XL;995;25H;;1,00;
01/02/2026;021;22033;6191114611023;M;815;25H;;1,00;
01/02/2026;021;22033;6191114611061;XL;815;25H;;1,00;
01/02/2026;021;22044;6191114622012;S;695;25H;;1,00;
01/02/2026;021;22055;6191114624863;L;995;25H;;1,00;
01/02/2026;021;22058;6191114617940;XL;995;25H;;1,00;
01/02/2026;021;22060;6191114618046;L;215;25H;;1,00;
01/02/2026;021;22085;6191114619449;XXL;740;25H;;1,00;
01/02/2026;021;22086;6191114619524;L;010;25H;;1,00;
01/02/2026;021;22088;6191114619777;L;385;25H;;1,00;
01/02/2026;021;22088;6191114619791;XL;385;25H;;1,00;
01/02/2026;021;22089;6191114619937;XL;385;25H;;2,00;
01/02/2026;021;22089;6191114619999;4XL;385;25H;;1,00;
01/02/2026;021;22089;6191114620001;4XL;995;25H;;1,00;
01/02/2026;021;22090;6191114620070;XL;815;25H;;1,00;
01/02/2026;021;22092;6191114620315;XL;815;25H;;1,00;
01/02/2026;021;22110;6191114622432;XL;385;25H;;1,00;
01/02/2026;021;22113;6191114645646;S;820;25H;;1,00;
01/02/2026;021;22113;6191114645707;L;820;25H;;1,00;
01/02/2026;021;22114;6191114645899;3XL;815;25H;;1,00;
01/02/2026;021;22117;6191114646254;M;995;25H;;1,00;
01/02/2026;021;22131;6191114623637;L;995;25H;;1,00;
01/02/2026;021;22139;6191114624498;XL;940;25H;;1,00;
01/02/2026;021;22140;6191114624634;XL;995;25H;;1,00;
01/02/2026;021;22184;6191114629646;L;995;25H;;1,00;
01/02/2026;021;22187;6191114644694;L/XL;995;25H;;1,00;
01/02/2026;021;22189;6191114644786;L/XL;200;25H;;1,00;
01/02/2026;021;22194;6191114628205;XL;I880;25H;;1,00;
01/02/2026;021;22195;6191114628298;S;215;25H;;1,00;
01/02/2026;021;22195;6191114628601;XXL;310;25H;;1,00;
01/02/2026;021;22197;6191114630086;XL;815;25H;;1,00;
01/02/2026;021;22198;6191114630154;M;695;25H;;1,00;
01/02/2026;021;22201;6191114630437;XL;995;25H;;1,00;
01/02/2026;021;22201;6191114630468;3XL;815;25H;;1,00;
01/02/2026;021;22207;6191114640474;XL;880;25H;;1,00;
01/02/2026;021;22211;6191114641396;XL;694;25H;;1,00;
01/02/2026;021;22216;6191114642751;XL;I255;25H;;1,00;
01/02/2026;021;22223;6191114643512;M;645;25H;;1,00;
01/02/2026;021;22223;6191114643536;M;995;25H;;1,00;
01/02/2026;021;22229;6191114644021;XL;995;25H;;1,00;
01/02/2026;021;22240;6191114645141;XL;010;25H;;-1,00;
01/02/2026;021;22243;6191114647756;M;215;25H;;1,00;
01/02/2026;021;22250;6191114649545;S;815;25H;;1,00;
01/02/2026;021;22250;6191114649576;M;815;25H;;1,00;
01/02/2026;021;22250;6191114649590;M;784;25H;;1,00;
01/02/2026;021;22257;6191114650503;M;I350;25H;;2,00;
01/02/2026;021;22257;6191114650558;L;I195;25H;;1,00;
01/02/2026;021;22257;6191114650565;XL;I350;25H;;1,00;
01/02/2026;021;22257;6191114650596;XXL;I350;25H;;1,00;
01/02/2026;021;22257;6191114650633;3XL;I740;25H;;1,00;
01/02/2026;021;22257;6191114650640;3XL;I195;25H;;1,00;
01/02/2026;021;22260;6191114651067;S;815;25H;;1,00;
01/02/2026;021;22261;6191114651258;L;385;25H;;1,00;
01/02/2026;021;22262;6191114651357;M;385;25H;;1,00;
01/02/2026;021;22263;6191114651500;S;010;25H;;1,00;
01/02/2026;021;22263;6191114651555;L;995;25H;;1,00;
01/02/2026;021;22267;6191114651845;L;815;25H;;1,00;
01/02/2026;021;22268;6191114653092;S;695;25H;;1,00;
01/02/2026;021;22268;6191114656314;S;890;25H;;1,00;
01/02/2026;021;22269;6191114653207;XL;695;25H;;1,00;
01/02/2026;021;22270;6191114649958;XL;995;25H;;1,00;
01/02/2026;021;22276;6191114655751;S;995;25H;;1,00;
01/02/2026;021;22286;6191114654464;XL;995;25H;;1,00;
01/02/2026;021;22287;6191114654518;S;815;25H;;1,00;
01/02/2026;021;22287;6191114654594;XXL;815;25H;;1,00;
01/02/2026;021;22296;6191114656536;XL;385;25H;;1,00;
01/02/2026;021;22298;6191114658288;XXL;R385;25H;;1,00;
01/02/2026;021;22300;6191114656802;S;870;25H;;1,00;
01/02/2026;021;22307;6191114670006;XL;M815;25H;;1,00;
01/02/2026;021;22317;6191114658646;XXL;195;25H;;1,00;
01/02/2026;021;22328;6191114661424;XXL;995;25H;;-1,00;
01/02/2026;021;22331;6191114660175;M;815;25H;;1,00;
01/02/2026;021;22343;6191114661356;L;I634;25H;;1,00;
01/02/2026;021;55800;6191114621589;L;385;25H;;1,00;
01/02/2026;021;55809;6191114642027;XL;995;25H;;-1,00;
01/02/2026;021;55811;6191114644656;3XL;R310;25H;;1,00;
01/02/2026;021;55811;6191114644663;3XL;R784;25H;;1,00;
01/02/2026;021;55813;6191114645325;3XL;310;25H;;1,00;
01/02/2026;021;55816;6191114648449;L;R385;25H;;1,00;
01/02/2026;021;55816;6191114648494;XXL;R995;25H;;1,00;
01/02/2026;021;55816;6191114648524;3XL;R995;25H;;1,00;
01/02/2026;021;55816;6191114648548;3XL;R990;25H;;1,00;
01/02/2026;021;55817;6191114654846;XXL;790;25H;;1,00;
01/02/2026;021;55818;6191114654983;L;385;25H;;1,00;
01/02/2026;021;70205;6191114612297;L;385;25H;;1,00;
01/02/2026;021;70206;6191114612440;XL;995;25H;;1,00;
01/02/2026;021;70226;6191114652019;L;I880;25H;;1,00;
01/02/2026;021;70226;6191114652132;4XL;I880;25H;;1,00;
01/02/2026;021;70228;6191114649880;L;995;25H;;1,00;
01/02/2026;021;70231;6191114658714;XL;C000;25H;;1,00;
01/02/2026;021;91529;6191114640306;37;875;25H;;1,00;
01/02/2026;024;20452;6191114301108;XXL;815;23H;;1,00;
01/02/2026;024;21126;6191114462014;S;R195;24H;;1,00;
01/02/2026;024;21126;6191114462106;XL;R195;24H;;1,00;
01/02/2026;024;21126;6191114462144;XXL;R634;24H;;1,00;
01/02/2026;024;21131;6191114462700;XL;010;24H;;1,00;
01/02/2026;024;21221;6191114479050;3XL;935;24H;;1,00;
01/02/2026;024;21246;6191114481473;XXL;995;24H;;1,00;
01/02/2026;024;21310;6191114485846;M;995;24H;;1,00;
01/02/2026;024;21334;6191114499577;XL;784;24H;;1,00;
01/02/2026;024;21336;6191114499973;3XL;870;24H;;1,00;
01/02/2026;024;21337;6191114508118;L;634;24H;;2,00;
01/02/2026;024;21341;6191114500693;XL;995;24H;;1,00;
01/02/2026;024;21351;6191114502055;L/XL;200;24H;;1,00;
01/02/2026;024;21355;6191114503472;3XL;995;24H;;1,00;
01/02/2026;024;21381;6191114508453;S;995;24H;;1,00;
01/02/2026;024;21381;6191114508484;M;875;24H;;1,00;
01/02/2026;024;21417;6191114513761;XXL;995;24H;;1,00;
01/02/2026;024;21452;6191114530140;L/XL;I740;24H;;1,00;
01/02/2026;024;21461;6191114530409;S;995;24H;;1,00;
01/02/2026;024;21468;6191114531628;3XL;385;24H;;1,00;
01/02/2026;024;21826;6191114582774;S;200;25E;;1,00;
01/02/2026;024;21908;6191114600416;XL;385;25E;;1,00;
01/02/2026;024;22011;6191114607422;XL;010;25H;;1,00;
01/02/2026;024;22023;6191114609815;S;R010;25H;;1,00;
01/02/2026;024;22024;6191114653283;3XL;870;25H;;1,00;
01/02/2026;024;22025;6191114610088;L;995;25H;;1,00;
01/02/2026;024;22025;6191114610125;XXL;995;25H;;1,00;
01/02/2026;024;22025;6191114610132;XXL;010;25H;;1,00;
01/02/2026;024;22025;6191114610156;3XL;010;25H;;1,00;
01/02/2026;024;22026;6191114610170;S;645;25H;;1,00;
01/02/2026;024;22030;6191114610682;L;995;25H;;1,00;
01/02/2026;024;22033;6191114611078;XL;695;25H;;1,00;
01/02/2026;024;22036;6191114611160;L;R995;25H;;1,00;
01/02/2026;024;22044;6191114622067;3XL;695;25H;;1,00;
01/02/2026;024;22049;6191114612105;M;995;25H;;1,00;
01/02/2026;024;22055;6191114617568;L;870;25H;;1,00;
01/02/2026;024;22060;6191114618046;L;215;25H;;1,00;
01/02/2026;024;22060;6191114618053;L;310;25H;;1,00;
01/02/2026;024;22062;6191114618329;L;195;25H;;1,00;
01/02/2026;024;22064;6191114618718;L;010;25H;;1,00;
01/02/2026;024;22064;6191114618725;L;695;25H;;1,00;
01/02/2026;024;22068;6191114642362;S;695;25H;;1,00;
01/02/2026;024;22070;6191114616042;XXL;995;25H;;1,00;
01/02/2026;024;22087;6191114619654;L;385;25H;;-1,00;
01/02/2026;024;22102;6191114621084;M;995;25H;;1,00;
01/02/2026;024;22114;6191114645905;3XL;020;25H;;1,00;
01/02/2026;024;22115;6191114645912;S;820;25H;;1,00;
01/02/2026;024;22117;6191114648975;S;940;25H;;2,00;
01/02/2026;024;22117;6191114648999;L;940;25H;;1,00;
01/02/2026;024;22117;6191114649002;XL;940;25H;;1,00;
01/02/2026;024;22117;6191114649026;XS;940;25H;;2,00;
01/02/2026;024;22122;6191114646667;XL;995;25H;;1,00;
01/02/2026;024;22122;6191114646674;XXL;995;25H;;1,00;
01/02/2026;024;22123;6191114646728;M;695;25H;;1,00;
01/02/2026;024;22124;6191114646926;3XL;995;25H;;1,00;
01/02/2026;024;22127;6191114649064;L;770;25H;;1,00;
01/02/2026;024;22129;6191114623101;S;995;25H;;1,00;
01/02/2026;024;22129;6191114623132;M;995;25H;;1,00;
01/02/2026;024;22132;6191114623897;XXL;794;25H;;1,00;
01/02/2026;024;22137;6191114623323;S;255;25H;;1,00;
01/02/2026;024;22137;6191114623330;S;235;25H;;1,00;
01/02/2026;024;22137;6191114623415;XL;255;25H;;1,00;
01/02/2026;024;22139;6191114624351;XS;385;25H;;1,00;
01/02/2026;024;22139;6191114624429;M;995;25H;;1,00;
01/02/2026;024;22139;6191114624481;XL;995;25H;;1,00;
01/02/2026;024;22139;6191114624504;XXL;385;25H;;1,00;
01/02/2026;024;22140;6191114624634;XL;995;25H;;1,00;
01/02/2026;024;22140;6191114624641;XXL;995;25H;;1,00;
01/02/2026;024;22163;6191114659841;XL;C790;25H;;1,00;
01/02/2026;024;22163;6191114659889;3XL;C490;25H;;1,00;
01/02/2026;024;22164;6191114649446;M;995;25H;;1,00;
01/02/2026;024;22175;6191114628809;L;990;25H;;1,00;
01/02/2026;024;22177;6191114628847;S;010;25H;;1,00;
01/02/2026;024;22182;6191114629394;XL;870;25H;;2,00;
01/02/2026;024;22182;6191114629455;3XL;870;25H;;1,00;
01/02/2026;024;22183;6191114629561;XXL;385;25H;;1,00;
01/02/2026;024;22194;6191114628236;XXL;I880;25H;;1,00;
01/02/2026;024;22197;6191114630062;M;815;25H;;1,00;
01/02/2026;024;22197;6191114630079;L;815;25H;;1,00;
01/02/2026;024;22197;6191114630086;XL;815;25H;;1,00;
01/02/2026;024;22198;6191114630239;3XL;695;25H;;1,00;
01/02/2026;024;22199;6191114631113;XXL;995;25H;;1,00;
01/02/2026;024;22200;6191114630284;L;010;25H;;1,00;
01/02/2026;024;22200;6191114630307;XL;010;25H;;1,00;
01/02/2026;024;22204;6191114630741;L;995;25H;;1,00;
01/02/2026;024;22206;6191114630918;XL;195;25H;;1,00;
01/02/2026;024;22207;6191114640375;S;995;25H;;1,00;
01/02/2026;024;22207;6191114640399;S;784;25H;;1,00;
01/02/2026;024;22207;6191114640405;M;995;25H;;1,00;
01/02/2026;024;22207;6191114640481;XL;784;25H;;1,00;
01/02/2026;024;22207;6191114640511;XXL;784;25H;;1,00;
01/02/2026;024;22212;6191114641488;M;385;25H;;1,00;
01/02/2026;024;22216;6191114642751;XL;I255;25H;;1,00;
01/02/2026;024;22222;6191114643321;S;995;25H;;1,00;
01/02/2026;024;22222;6191114643338;S;010;25H;;1,00;
01/02/2026;024;22222;6191114643468;3XL;995;25H;;1,00;
01/02/2026;024;22223;6191114643482;S;645;25H;;1,00;
01/02/2026;024;22223;6191114643550;L;870;25H;;1,00;
01/02/2026;024;22242;6191114647558;L;724;25H;;1,00;
01/02/2026;024;22242;6191114647626;XXL;380;25H;;1,00;
01/02/2026;024;22244;6191114647930;M;215;25H;;1,00;
01/02/2026;024;22244;6191114647947;M;695;25H;;1,00;
01/02/2026;024;22244;6191114648067;3XL;695;25H;;1,00;
01/02/2026;024;22250;6191114649545;S;815;25H;;1,00;
01/02/2026;024;22250;6191114649576;M;815;25H;;1,00;
01/02/2026;024;22250;6191114649651;XL;784;25H;;1,00;
01/02/2026;024;22251;6191114650084;3XL;995;25H;;1,00;
01/02/2026;024;22253;6191114650244;L;995;25H;;1,00;
01/02/2026;024;22254;6191114650282;S;995;25H;;1,00;
01/02/2026;024;22256;6191114650428;L;995;25H;;1,00;
01/02/2026;024;22257;6191114650626;3XL;I350;25H;;1,00;
01/02/2026;024;22258;6191114650800;XXL;385;25H;;1,00;
01/02/2026;024;22258;6191114650817;XXL;195;25H;;1,00;
01/02/2026;024;22258;6191114650862;4XL;385;25H;;1,00;
01/02/2026;024;22261;6191114651258;L;385;25H;;1,00;
01/02/2026;024;22261;6191114651319;3XL;385;25H;;1,00;
01/02/2026;024;22262;6191114651371;L;385;25H;;1,00;
01/02/2026;024;22267;6191114651838;M;995;25H;;1,00;
01/02/2026;024;22271;6191114652453;XXL;695;25H;;1,00;
01/02/2026;024;22278;6191114653498;L;995;25H;;1,00;
01/02/2026;024;22279;6191114653603;M;995;25H;;1,00;
01/02/2026;024;22287;6191114654518;S;815;25H;;1,00;
01/02/2026;024;22287;6191114654570;XL;815;25H;;1,00;
01/02/2026;024;22288;6191114654655;M;995;25H;;1,00;
01/02/2026;024;22288;6191114654679;XL;995;25H;;1,00;
01/02/2026;024;22289;6191114655287;XXL;995;25H;;1,00;
01/02/2026;024;22290;6191114657939;M;R385;25H;;1,00;
01/02/2026;024;22291;6191114655409;M;995;25H;;1,00;
01/02/2026;024;22292;6191114655485;XS;870;25H;;1,00;
01/02/2026;024;22295;6191114656185;S;995;25H;;1,00;
01/02/2026;024;22296;6191114656543;XL;215;25H;;1,00;
01/02/2026;024;22300;6191114656840;XXL;870;25H;;1,00;
01/02/2026;024;22300;6191114656857;3XL;870;25H;;1,00;
01/02/2026;024;22301;6191114657113;L;995;25H;;1,00;
01/02/2026;024;22301;6191114657120;L;215;25H;;1,00;
01/02/2026;024;22301;6191114657137;XL;995;25H;;1,00;
01/02/2026;024;22302;6191114657267;XL;245;25H;;1,00;
01/02/2026;024;22307;6191114670020;XL;M940;25H;;1,00;
01/02/2026;024;22308;6191114657717;L;870;25H;;1,00;
01/02/2026;024;22310;6191114658042;M;995;25H;;1,00;
01/02/2026;024;22311;6191114658080;M;I995;25H;;1,00;
01/02/2026;024;22318;6191114658967;S;C000;25H;;1,00;
01/02/2026;024;22321;6191114659322;XL;870;25H;;1,00;
01/02/2026;024;22322;6191114659483;L;190;25H;;2,00;
01/02/2026;024;22322;6191114659575;3XL;190;25H;;1,00;
01/02/2026;024;22323;6191114659629;XXL;995;25H;;1,00;
01/02/2026;024;22330;6191114660038;M;724;25H;;1,00;
01/02/2026;024;22341;6191114661226;S;R950;25H;;1,00;
01/02/2026;024;22341;6191114661233;M;R950;25H;;1,00;
01/02/2026;024;22343;6191114661363;XL;I634;25H;;1,00;
01/02/2026;024;22343;6191114661479;3XL;I634;25H;;-1,00;
01/02/2026;024;55800;6191114621589;L;385;25H;;1,00;
01/02/2026;024;55800;6191114621695;3XL;975;25H;;1,00;
01/02/2026;024;55806;6191114640917;XXL;385;25H;;1,00;
01/02/2026;024;55808;6191114641211;L;385;25H;;1,00;
01/02/2026;024;55808;6191114641280;XXL;995;25H;;1,00;
01/02/2026;024;55811;6191114644595;L;R310;25H;;1,00;
01/02/2026;024;55811;6191114644601;L;R784;25H;;1,00;
01/02/2026;024;55811;6191114644625;XL;R784;25H;;2,00;
01/02/2026;024;55811;6191114644656;3XL;R310;25H;;1,00;
01/02/2026;024;55811;6191114644663;3XL;R784;25H;;1,00;
01/02/2026;024;55813;6191114645240;L;940;25H;;1,00;
01/02/2026;024;55813;6191114645264;XL;310;25H;;1,00;
01/02/2026;024;55816;6191114648456;L;R990;25H;;1,00;
01/02/2026;024;55816;6191114648500;XXL;R385;25H;;1,00;
01/02/2026;024;55816;6191114648531;3XL;R385;25H;;1,00;
01/02/2026;024;55817;6191114654761;L;385;25H;;1,00;
01/02/2026;024;55817;6191114654792;XL;385;25H;;1,00;
01/02/2026;024;55818;6191114654983;L;385;25H;;1,00;
01/02/2026;024;55818;6191114655003;L;824;25H;;1,00;
01/02/2026;024;55818;6191114655034;XL;385;25H;;1,00;
01/02/2026;024;55818;6191114655041;XL;995;25H;;1,00;
01/02/2026;024;55818;6191114655089;XXL;385;25H;;1,00;
01/02/2026;024;55818;6191114655126;XXL;694;25H;;1,00;
01/02/2026;024;55818;6191114655157;3XL;824;25H;;1,00;
01/02/2026;024;55820;6191114657847;M;R784;25H;;1,00;
01/02/2026;024;70200;6191114607965;XXL;R940;25H;;1,00;
01/02/2026;024;70201;6191114608016;M;R870;25H;;1,00;
01/02/2026;024;70201;6191114608023;M;R385;25H;;1,00;
01/02/2026;024;70201;6191114608054;XL;R870;25H;;2,00;
01/02/2026;024;70201;6191114608078;XXL;R870;25H;;1,00;
01/02/2026;024;70202;6191114608177;XL;995;25H;;1,00;
01/02/2026;024;70202;6191114608184;XL;010;25H;;1,00;
01/02/2026;024;70210;6191114619180;L;R385;25H;;1,00;
01/02/2026;024;70210;6191114619227;XXL;R385;25H;;1,00;
01/02/2026;024;70213;6191114624566;XXL;P385;25H;;1,00;
01/02/2026;024;70216;6191114624290;S;R385;25H;;1,00;
01/02/2026;024;70216;6191114624320;XL;R385;25H;;1,00;
01/02/2026;024;70224;6191114641822;XL;694;25H;;1,00;
01/02/2026;024;70226;6191114651999;M;I815;25H;;1,00;
01/02/2026;024;70226;6191114652033;XL;I995;25H;;1,00;
01/02/2026;024;70226;6191114652125;4XL;I995;25H;;1,00;
01/02/2026;024;70228;6191114649897;XL;995;25H;;1,00;
01/02/2026;024;70231;6191114658707;L;C995;25H;;1,00;
01/02/2026;024;70232;6191114658813;L;995;25H;;1,00;
01/02/2026;024;70232;6191114658851;4XL;995;25H;;1,00;
01/02/2026;024;70233;6191114658868;S;995;25H;;1,00;
01/02/2026;024;70233;6191114658905;XXL;995;25H;;1,00;
01/02/2026;024;91272;6194444115667;TU;815;22H;;1,00;
01/02/2026;024;91273;6194444115674;TU;815;22H;;2,00;
01/02/2026;024;91502;6191114669116;TU;385;25H;;1,00;
01/02/2026;024;91507;6191114626409;TU;195;25H;;1,00;
01/02/2026;024;91510;6191114625440;37;995;25H;;1,00;
01/02/2026;024;91510;6191114625464;38;995;25H;;1,00;
01/02/2026;024;91510;6191114625471;39;815;25H;;1,00;
01/02/2026;024;91511;6191114627420;TU;MCO;25H;;1,00;
01/02/2026;024;91512;6191114626423;TU;995;25H;;1,00;
01/02/2026;024;91513;6191114627444;TU;MCO;25H;;1,00;
01/02/2026;024;91521;6191114627550;TU;MCO;25H;;1,00;
01/02/2026;024;91527;6191114640085;36;995;25H;;1,00;
01/02/2026;024;91528;6191114640221;38;995;25H;;1,00;
01/02/2026;024;91528;6191114640269;40;995;25H;;1,00;
01/02/2026;024;91532;6191114648609;TU;695;25H;;1,00;
01/02/2026;029;21358;6191114503694;L;995;24H;;1,00;
01/02/2026;029;21550;6191114543379;41;010;25E;;1,00;
01/02/2026;029;21583;6191114549692;36;170;25E;;1,00;
01/02/2026;029;21591;6191114567702;36;920;25E;;1,00;
01/02/2026;029;21863;6191114589377;S;310;25E;;1,00;
01/02/2026;029;22004;6191114606425;L;R815;25H;;1,00;
01/02/2026;029;22019;6191114609433;L;995;25H;;1,00;
01/02/2026;029;22022;6191114609754;XL;R010;25H;;1,00;
01/02/2026;029;22023;6191114609860;XL;R385;25H;;1,00;
01/02/2026;029;22026;6191114610200;L;815;25H;;1,00;
01/02/2026;029;22026;6191114610231;XL;645;25H;;1,00;
01/02/2026;029;22027;6191114653061;XL;870;25H;;1,00;
01/02/2026;029;22033;6191114611047;L;815;25H;;1,00;
01/02/2026;029;22045;6191114611689;M;995;25H;;1,00;
01/02/2026;029;22047;6191114611917;XL;695;25H;;1,00;
01/02/2026;029;22052;6191114617162;S;995;25H;;1,00;
01/02/2026;029;22060;6191114618060;XL;215;25H;;1,00;
01/02/2026;029;22064;6191114618671;M;695;25H;;1,00;
01/02/2026;029;22066;6191114615601;L;875;25H;;1,00;
01/02/2026;029;22073;6191114616295;L;870;25H;;1,00;
01/02/2026;029;22077;6191114626140;L;326;25H;;1,00;
01/02/2026;029;22082;6191114617117;L;380;25H;;1,00;
01/02/2026;029;22090;6191114620100;XXL;995;25H;;1,00;
01/02/2026;029;22091;6191114620186;L;995;25H;;1,00;
01/02/2026;029;22091;6191114620247;3XL;995;25H;;1,00;
01/02/2026;029;22096;6191114620599;L;385;25H;;1,00;
01/02/2026;029;22097;6191114620735;L;385;25H;;1,00;
01/02/2026;029;22101;6191114621022;M;995;25H;;1,00;
01/02/2026;029;22102;6191114621091;L;995;25H;;1,00;
01/02/2026;029;22113;6191114645684;M;990;25H;;1,00;
01/02/2026;029;22127;6191114647152;XXL;995;25H;;1,00;
01/02/2026;029;22128;6191114622951;S;870;25H;;1,00;
01/02/2026;029;22131;6191114623620;M;995;25H;;1,00;
01/02/2026;029;22163;6191114659773;XL;C490;25H;;1,00;
01/02/2026;029;22164;6191114649460;L;995;25H;;1,00;
01/02/2026;029;22175;6191114628809;L;990;25H;;1,00;
01/02/2026;029;22183;6191114629585;3XL;385;25H;;1,00;
01/02/2026;029;22186;6191114627710;M;385;25H;;1,00;
01/02/2026;029;22201;6191114630406;L;815;25H;;1,00;
01/02/2026;029;22202;6191114630598;3XL;790;25H;;1,00;
01/02/2026;029;22207;6191114640429;M;784;25H;;1,00;
01/02/2026;029;22222;6191114643383;L;995;25H;;1,00;
01/02/2026;029;22241;6191114647381;XL;R000;25H;;1,00;
01/02/2026;029;22253;6191114650237;M;995;25H;;1,00;
01/02/2026;029;22262;6191114651340;S;490;25H;;1,00;
01/02/2026;029;22262;6191114651371;L;385;25H;;1,00;
01/02/2026;029;22265;6191114651777;L;995;25H;;1,00;
01/02/2026;029;22277;6191114653368;XS;784;25H;;1,00;
01/02/2026;029;22288;6191114654662;L;995;25H;;1,00;
01/02/2026;029;22292;6191114655645;M;870;25H;;1,00;
01/02/2026;029;22295;6191114656222;L;995;25H;;1,00;
01/02/2026;029;22295;6191114656253;XL;695;25H;;1,00;
01/02/2026;029;22303;6191114657373;L;870;25H;;1,00;
01/02/2026;029;22307;6191114670020;XL;M940;25H;;1,00;
01/02/2026;029;22351;6191114668850;XXL;I815;25H;;1,00;
01/02/2026;029;70202;6191114608146;M;010;25H;;1,00;
01/02/2026;029;70202;6191114608160;L;010;25H;;1,00;
01/02/2026;029;70205;6191114612303;L;695;25H;;1,00;
01/02/2026;029;70223;6191114631069;XXL;476;25H;;1,00;
01/02/2026;030;22005;6191114606623;L;995;25H;;1,00;
01/02/2026;030;22013;6191114607644;L;870;25H;;1,00;
01/02/2026;030;22017;6191114609242;3XL;995;25H;;1,00;
01/02/2026;030;22020;6191114619272;M;815;25H;;1,00;
01/02/2026;030;22023;6191114609907;3XL;R385;25H;;1,00;
01/02/2026;030;22030;6191114610712;XL;010;25H;;1,00;
01/02/2026;030;22030;6191114610743;3XL;995;25H;;1,00;
01/02/2026;030;22030;6191114610750;3XL;010;25H;;1,00;
01/02/2026;030;22031;6191114610781;M;995;25H;;1,00;
01/02/2026;030;22031;6191114610798;M;695;25H;;1,00;
01/02/2026;030;22031;6191114610866;3XL;995;25H;;1,00;
01/02/2026;030;22045;6191114611726;XL;995;25H;;1,00;
01/02/2026;030;22048;6191114612020;XL;010;25H;;1,00;
01/02/2026;030;22053;6191114617292;M;995;25H;;1,00;
01/02/2026;030;22055;6191114624870;XL;995;25H;;1,00;
01/02/2026;030;22056;6191114617711;XL;000;25H;;1,00;
01/02/2026;030;22058;6191114617919;M;000;25H;;1,00;
01/02/2026;030;22064;6191114618817;XXL;010;25H;;1,00;
01/02/2026;030;22068;6191114642379;M;695;25H;;1,00;
01/02/2026;030;22068;6191114642393;XL;695;25H;;1,00;
01/02/2026;030;22068;6191114642409;XXL;695;25H;;1,00;
01/02/2026;030;22070;6191114616004;L;995;25H;;1,00;
01/02/2026;030;22077;6191114626140;L;326;25H;;1,00;
01/02/2026;030;22084;6191114616530;3XL;000;25H;;1,00;
01/02/2026;030;22085;6191114619432;XXL;195;25H;;1,00;
01/02/2026;030;22088;6191114619739;S;385;25H;;1,00;
01/02/2026;030;22100;6191114620971;L;995;25H;;1,00;
01/02/2026;030;22110;6191114622470;M;255;25H;;1,00;
01/02/2026;030;22113;6191114645707;L;820;25H;;1,00;
01/02/2026;030;22113;6191114645721;L;005;25H;;1,00;
01/02/2026;030;22113;6191114645745;XL;990;25H;;1,00;
01/02/2026;030;22114;6191114645868;XL;020;25H;;2,00;
01/02/2026;030;22116;6191114646148;L;770;25H;;1,00;
01/02/2026;030;22116;6191114646155;XL;995;25H;;1,00;
01/02/2026;030;22117;6191114648999;L;940;25H;;1,00;
01/02/2026;030;22125;6191114646964;XL;E385;25H;;1,00;
01/02/2026;030;22127;6191114649057;M;770;25H;;1,00;
01/02/2026;030;22133;6191114623965;M;815;25H;;1,00;
01/02/2026;030;22133;6191114623972;M;645;25H;;1,00;
01/02/2026;030;22140;6191114624610;M;995;25H;;1,00;
01/02/2026;030;22147;6191114625143;L;815;25H;;1,00;
01/02/2026;030;22152;6191114625785;XXL;995;25H;;1,00;
01/02/2026;030;22160;6191114626249;XL;820;25H;;1,00;
01/02/2026;030;22163;6191114659872;3XL;C790;25H;;1,00;
01/02/2026;030;22174;6191114628748;L;990;25H;;1,00;
01/02/2026;030;22182;6191114629301;S;870;25H;;1,00;
01/02/2026;030;22182;6191114629424;XXL;870;25H;;1,00;
01/02/2026;030;22182;6191114629448;XXL;784;25H;;1,00;
01/02/2026;030;22183;6191114629516;M;995;25H;;1,00;
01/02/2026;030;22183;6191114629554;XL;995;25H;;1,00;
01/02/2026;030;22183;6191114629561;XXL;385;25H;;1,00;
01/02/2026;030;22184;6191114629646;L;995;25H;;1,00;
01/02/2026;030;22186;6191114627765;XL;784;25H;;1,00;
01/02/2026;030;22189;6191114644762;S/M;200;25H;;1,00;
01/02/2026;030;22189;6191114644786;L/XL;200;25H;;2,00;
01/02/2026;030;22194;6191114628151;M;I385;25H;;1,00;
01/02/2026;030;22194;6191114628236;XXL;I880;25H;;1,00;
01/02/2026;030;22197;6191114630055;S;815;25H;;1,00;
01/02/2026;030;22197;6191114630086;XL;815;25H;;1,00;
01/02/2026;030;22198;6191114630147;M;385;25H;;1,00;
01/02/2026;030;22199;6191114631113;XXL;995;25H;;1,00;
01/02/2026;030;22201;6191114630390;M;995;25H;;1,00;
01/02/2026;030;22204;6191114630741;L;995;25H;;1,00;
01/02/2026;030;22207;6191114640375;S;995;25H;;1,00;
01/02/2026;030;22207;6191114640504;XXL;880;25H;;1,00;
01/02/2026;030;22207;6191114640511;XXL;784;25H;;1,00;
01/02/2026;030;22211;6191114641372;L;694;25H;;1,00;
01/02/2026;030;22212;6191114641556;XL;255;25H;;1,00;
01/02/2026;030;22223;6191114649293;3XL;870;25H;;1,00;
01/02/2026;030;22230;6191114644076;M;880;25H;;1,00;
01/02/2026;030;22238;6191114644861;M;I995;25H;;1,00;
01/02/2026;030;22238;6191114644885;XL;I995;25H;;1,00;
01/02/2026;030;22243;6191114647770;L;995;25H;;1,00;
01/02/2026;030;22244;6191114647916;S;695;25H;;1,00;
01/02/2026;030;22244;6191114647923;M;995;25H;;1,00;
01/02/2026;030;22244;6191114647985;XL;995;25H;;1,00;
01/02/2026;030;22244;6191114648005;XL;695;25H;;1,00;
01/02/2026;030;22250;6191114649545;S;815;25H;;2,00;
01/02/2026;030;22250;6191114649620;L;784;25H;;1,00;
01/02/2026;030;22252;6191114650107;S;995;25H;;1,00;
01/02/2026;030;22252;6191114650169;XL;995;25H;;1,00;
01/02/2026;030;22253;6191114650244;L;995;25H;;1,00;
01/02/2026;030;22256;6191114650428;L;995;25H;;1,00;
01/02/2026;030;22257;6191114650503;M;I350;25H;;1,00;
01/02/2026;030;22257;6191114650558;L;I195;25H;;1,00;
01/02/2026;030;22257;6191114650671;4XL;I195;25H;;1,00;
01/02/2026;030;22258;6191114650787;XL;195;25H;;1,00;
01/02/2026;030;22262;6191114651388;L;490;25H;;1,00;
01/02/2026;030;22263;6191114651579;XL;870;25H;;1,00;
01/02/2026;030;22263;6191114651609;XXL;870;25H;;1,00;
01/02/2026;030;22265;6191114651753;S;995;25H;;1,00;
01/02/2026;030;22267;6191114651920;4XL;815;25H;;1,00;
01/02/2026;030;22268;6191114653146;3XL;695;25H;;1,00;
01/02/2026;030;22269;6191114653221;3XL;695;25H;;1,00;
01/02/2026;030;22276;6191114655782;L;385;25H;;1,00;
01/02/2026;030;22276;6191114655836;XXL;995;25H;;1,00;
01/02/2026;030;22277;6191114653405;M;784;25H;;1,00;
01/02/2026;030;22277;6191114653450;XXL;815;25H;;1,00;
01/02/2026;030;22284;6191114654211;L;385;25H;;1,00;
01/02/2026;030;22285;6191114654327;S;995;25H;;1,00;
01/02/2026;030;22288;6191114654655;M;995;25H;;1,00;
01/02/2026;030;22292;6191114655669;L;870;25H;;1,00;
01/02/2026;030;22295;6191114656239;L;695;25H;;1,00;
01/02/2026;030;22295;6191114656253;XL;695;25H;;1,00;
01/02/2026;030;22301;6191114657113;L;995;25H;;1,00;
01/02/2026;030;22302;6191114657243;L;245;25H;;1,00;
01/02/2026;030;22303;6191114657397;XL;870;25H;;1,00;
01/02/2026;030;22303;6191114657403;XL;195;25H;;1,00;
01/02/2026;030;22304;6191114660465;XL;MCO;25H;;1,00;
01/02/2026;030;22306;6191114669109;3XL;995;25H;;1,00;
01/02/2026;030;22308;6191114657731;XXL;870;25H;;1,00;
01/02/2026;030;22312;6191114658158;XL;995;25H;;1,00;
01/02/2026;030;22317;6191114658592;L;385;25H;;1,00;
01/02/2026;030;22320;6191114659179;L;825;25H;;1,00;
01/02/2026;030;22321;6191114659377;3XL;825;25H;;1,00;
01/02/2026;030;22322;6191114659469;L;645;25H;;1,00;
01/02/2026;030;22324;6191114659674;XL;995;25H;;1,00;
01/02/2026;030;22328;6191114661431;3XL;995;25H;;1,00;
01/02/2026;030;22330;6191114660076;XL;724;25H;;1,00;
01/02/2026;030;22330;6191114660083;XL;220;25H;;1,00;
01/02/2026;030;55806;6191114640870;L;995;25H;;1,00;
01/02/2026;030;55816;6191114648401;M;R995;25H;;1,00;
01/02/2026;030;55818;6191114654938;M;385;25H;;1,00;
01/02/2026;030;55818;6191114654945;M;995;25H;;1,00;
01/02/2026;030;55820;6191114657847;M;R784;25H;;1,00;
01/02/2026;030;70202;6191114608153;L;995;25H;;1,00;
01/02/2026;030;70214;6191114623712;S;995;25H;;1,00;
01/02/2026;030;70216;6191114624313;L;R385;25H;;2,00;
01/02/2026;030;70217;6191114647336;XXL;E385;25H;;1,00;
01/02/2026;030;70224;6191114641808;L;694;25H;;1,00;
01/02/2026;030;70226;6191114651999;M;I815;25H;;1,00;
01/02/2026;030;70226;6191114652002;L;I995;25H;;1,00;
01/02/2026;030;70228;6191114649866;S;995;25H;;1,00;
01/02/2026;030;70231;6191114658691;L;C000;25H;;1,00;
01/02/2026;030;70232;6191114658790;S;995;25H;;1,00;
01/02/2026;030;91501;6191114626300;TU;195;25H;;2,00;
01/02/2026;030;91507;6191114626416;TU;824;25H;;1,00;
01/02/2026;031;22021;6191114609662;XXL;385;25H;;1,00;
01/02/2026;031;22067;6191114615694;XL;380;25H;;1,00;
01/02/2026;031;22068;6191114615748;M;995;25H;;1,00;
01/02/2026;031;22072;6191114616219;L;476;25H;;1,00;
01/02/2026;031;22092;6191114620308;L;995;25H;;1,00;
01/02/2026;031;22092;6191114620339;XXL;815;25H;;1,00;
01/02/2026;031;22113;6191114645721;L;005;25H;;1,00;
01/02/2026;031;22117;6191114646254;M;995;25H;;1,00;
01/02/2026;031;22125;6191114646964;XL;E385;25H;;1,00;
01/02/2026;031;22137;6191114623415;XL;255;25H;;1,00;
01/02/2026;031;22139;6191114624498;XL;940;25H;;1,00;
01/02/2026;031;22177;6191114628878;M;215;25H;;1,00;
01/02/2026;031;22177;6191114628915;XL;215;25H;;1,00;
01/02/2026;031;22182;6191114629424;XXL;870;25H;;1,00;
01/02/2026;031;22194;6191114628236;XXL;I880;25H;;1,00;
01/02/2026;031;22198;6191114630178;L;695;25H;;1,00;
01/02/2026;031;22202;6191114630512;M;790;25H;;1,00;
01/02/2026;031;22202;6191114630550;XL;790;25H;;1,00;
01/02/2026;031;22206;6191114630956;3XL;195;25H;;1,00;
01/02/2026;031;22212;6191114641600;3XL;385;25H;;1,00;
01/02/2026;031;22216;6191114642621;L;I880;25H;;1,00;
01/02/2026;031;22229;6191114644045;3XL;995;25H;;1,00;
01/02/2026;031;22242;6191114647435;S;695;25H;;1,00;
01/02/2026;031;22242;6191114647527;L;380;25H;;1,00;
01/02/2026;031;22242;6191114647534;L;695;25H;;1,00;
01/02/2026;031;22242;6191114647558;L;724;25H;;1,00;
01/02/2026;031;22248;6191114649132;M;815;25H;;1,00;
01/02/2026;031;22250;6191114649712;3XL;784;25H;;1,00;
01/02/2026;031;22263;6191114651524;M;995;25H;;1,00;
01/02/2026;031;22263;6191114651555;L;995;25H;;1,00;
01/02/2026;031;22269;6191114653207;XL;695;25H;;1,00;
01/02/2026;031;22275;6191114652996;XXL;385;25H;;1,00;
01/02/2026;031;22275;6191114653023;3XL;790;25H;;1,00;
01/02/2026;031;22276;6191114655829;XXL;385;25H;;1,00;
01/02/2026;031;22286;6191114654471;XXL;995;25H;;1,00;
01/02/2026;031;22292;6191114655683;XL;870;25H;;1,00;
01/02/2026;031;22300;6191114656802;S;870;25H;;1,00;
01/02/2026;031;22301;6191114657076;S;995;25H;;1,00;
01/02/2026;031;22301;6191114657182;3XL;215;25H;;1,00;
01/02/2026;031;22303;6191114657335;S;870;25H;;1,00;
01/02/2026;031;22303;6191114657410;XXL;870;25H;;1,00;
01/02/2026;031;22307;6191114669956;M;M870;25H;;1,00;
01/02/2026;031;22308;6191114657724;XL;870;25H;;1,00;
01/02/2026;031;22330;6191114660083;XL;220;25H;;1,00;
01/02/2026;031;22333;6191114660694;XXL;990;25H;;1,00;
01/02/2026;031;70202;6191114608122;S;010;25H;;1,00;
01/02/2026;031;70206;6191114612471;3XL;870;25H;;1,00;
01/02/2026;031;70207;6191114612570;XXL;R385;25H;;1,00;
01/02/2026;031;70214;6191114623750;L;995;25H;;2,00;
01/02/2026;031;70220;6191114631205;XL;695;25H;;1,00;
01/02/2026;031;70226;6191114652057;XL;I815;25H;;1,00;
01/02/2026;031;70226;6191114652095;3XL;I995;25H;;1,00;
01/02/2026;031;70228;6191114649897;XL;995;25H;;1,00;
01/02/2026;032;21351;6191114502055;L/XL;200;24H;;2,00;
01/02/2026;032;21357;6191114503649;XL;995;24H;;1,00;
01/02/2026;032;22004;6191114606371;M;R000;25H;;1,00;
01/02/2026;032;22005;6191114606609;L;815;25H;;1,00;
01/02/2026;032;22011;6191114607408;L;010;25H;;1,00;
01/02/2026;032;22022;6191114609730;L;R010;25H;;2,00;
01/02/2026;032;22025;6191114610040;S;995;25H;;1,00;
01/02/2026;032;22025;6191114610125;XXL;995;25H;;1,00;
01/02/2026;032;22031;6191114610798;M;695;25H;;1,00;
01/02/2026;032;22032;6191114610897;S;940;25H;;1,00;
01/02/2026;032;22033;6191114611030;M;695;25H;;1,00;
01/02/2026;032;22055;6191114624863;L;995;25H;;1,00;
01/02/2026;032;22057;6191114617803;L;010;25H;;1,00;
01/02/2026;032;22096;6191114620643;XXL;995;25H;;1,00;
01/02/2026;032;22097;6191114620711;M;385;25H;;1,00;
01/02/2026;032;22097;6191114620742;L;995;25H;;1,00;
01/02/2026;032;22103;6191114621183;3XL;995;25H;;1,00;
01/02/2026;032;22111;6191114622609;L;385;25H;;1,00;
01/02/2026;032;22115;6191114645936;S;005;25H;;1,00;
01/02/2026;032;22115;6191114645943;M;820;25H;;1,00;
01/02/2026;032;22115;6191114645974;L;820;25H;;1,00;
01/02/2026;032;22117;6191114648999;L;940;25H;;1,00;
01/02/2026;032;22121;6191114646599;L;995;25H;;1,00;
01/02/2026;032;22126;6191114647022;XL;E385;25H;;1,00;
01/02/2026;032;22130;6191114623552;L;995;25H;;1,00;
01/02/2026;032;22133;6191114623965;M;815;25H;;1,00;
01/02/2026;032;22133;6191114624023;XL;815;25H;;1,00;
01/02/2026;032;22137;6191114623415;XL;255;25H;;1,00;
01/02/2026;032;22137;6191114623446;XXL;255;25H;;1,00;
01/02/2026;032;22138;6191114624245;S;995;25H;;1,00;
01/02/2026;032;22138;6191114624283;XXL;995;25H;;1,00;
01/02/2026;032;22142;6191114624672;S;875;25H;;1,00;
01/02/2026;032;22163;6191114659773;XL;C490;25H;;1,00;
01/02/2026;032;22173;6191114628670;M;995;25H;;1,00;
01/02/2026;032;22195;6191114628632;3XL;310;25H;;1,00;
01/02/2026;032;22202;6191114630505;M;995;25H;;1,00;
01/02/2026;032;22207;6191114640450;L;784;25H;;1,00;
01/02/2026;032;22244;6191114647909;S;215;25H;;1,00;
01/02/2026;032;22244;6191114647954;L;995;25H;;1,00;
01/02/2026;032;22244;6191114647961;L;215;25H;;1,00;
01/02/2026;032;22247;6191114648715;L;R270;25H;;1,00;
01/02/2026;032;22253;6191114650251;XL;995;25H;;1,00;
01/02/2026;032;22257;6191114650602;XXL;I740;25H;;1,00;
01/02/2026;032;22258;6191114650824;XXL;740;25H;;1,00;
01/02/2026;032;22259;6191114650954;XL;010;25H;;1,00;
01/02/2026;032;22267;6191114651845;L;815;25H;;1,00;
01/02/2026;032;22284;6191114654150;XS;385;25H;;-1,00;
01/02/2026;032;22284;6191114654198;M;385;25H;;2,00;
01/02/2026;032;22284;6191114654235;XL;385;25H;;1,00;
01/02/2026;032;22285;6191114654358;L;385;25H;;1,00;
01/02/2026;032;22285;6191114654396;XXL;385;25H;;1,00;
01/02/2026;032;22287;6191114654556;L;815;25H;;1,00;
01/02/2026;032;22295;6191114656222;L;995;25H;;1,00;
01/02/2026;032;22295;6191114656239;L;695;25H;;1,00;
01/02/2026;032;22303;6191114657397;XL;870;25H;;1,00;
01/02/2026;032;22307;6191114670013;XL;M870;25H;;1,00;
01/02/2026;032;55808;6191114641273;XXL;385;25H;;1,00;
01/02/2026;032;55813;6191114645288;XXL;385;25H;;1,00;
01/02/2026;032;55815;6191114645561;L;385;25H;;1,00;
01/02/2026;032;55816;6191114648449;L;R385;25H;;1,00;
01/02/2026;032;55816;6191114648456;L;R990;25H;;1,00;
01/02/2026;032;55816;6191114648470;XL;R385;25H;;1,00;
01/02/2026;032;55816;6191114648494;XXL;R995;25H;;1,00;
01/02/2026;032;55818;6191114654938;M;385;25H;;1,00;
01/02/2026;032;55818;6191114654945;M;995;25H;;1,00;
01/02/2026;032;70205;6191114612259;S;385;25H;;1,00;
01/02/2026;032;70210;6191114619166;M;R385;25H;;1,00;
01/02/2026;032;70231;6191114658769;3XL;C995;25H;;1,00;
02/02/2026;002;20322;6191114273764;L;I235;23H;;1,00;
02/02/2026;002;20322;6191114273788;XXL;I235;23H;;1,00;
02/02/2026;002;20398;6191114288508;L;010;23H;;1,00;
02/02/2026;002;20416;6191114293601;L;995;23H;;1,00;
02/02/2026;002;20417;6191114293748;3XL;995;23H;;1,00;
02/02/2026;002;20445;6191114299269;XXL;740;23H;;1,00;
02/02/2026;002;20452;6191114301009;3XL;805;23H;;1,00;
02/02/2026;002;21073;6191114448438;XS;I815;24H;;1,00;
02/02/2026;002;21112;6191114452916;3XL;M940;24H;;1,00;
02/02/2026;002;21131;6191114462700;XL;010;24H;;1,00;
02/02/2026;002;21136;6191114463264;XL;995;24H;;1,00;
02/02/2026;002;21137;6191114463332;S;870;24H;;1,00;
02/02/2026;002;21156;6191114465473;M;190;24H;;1,00;
02/02/2026;002;21221;6191114478954;S;935;24H;;1,00;
02/02/2026;002;21221;6191114478978;M;935;24H;;1,00;
02/02/2026;002;21242;6191114479944;XXL;950;24H;;2,00;
02/02/2026;002;21249;6191114481824;L;385;24H;;1,00;
02/02/2026;002;21279;6191114496613;M;695;24H;;1,00;
02/02/2026;002;21343;6191114501034;XL;895;24H;;1,00;
02/02/2026;002;21344;6191114501096;S;895;24H;;1,00;
02/02/2026;002;21397;6191114511668;6XL;385;24H;;1,00;
02/02/2026;002;21402;6191114513334;XXL;995;24H;;1,00;
02/02/2026;002;21403;6191114513365;S;824;24H;;1,00;
02/02/2026;002;21403;6191114513419;L;995;24H;;1,00;
02/02/2026;002;21405;6191114513648;L;950;24H;;1,00;
02/02/2026;002;21419;6191114514232;XXL;695;24H;;1,00;
02/02/2026;002;21472;6191114532175;3XL;815;24H;;1,00;
02/02/2026;002;21472;6191114536920;XXL;940;24H;;1,00;
02/02/2026;002;21475;6191114532489;L;695;24H;;1,00;
02/02/2026;002;21567;6191114545991;L/XL;995;25E;;1,00;
02/02/2026;002;21659;6191114588899;L;005;25E;;1,00;
02/02/2026;002;21835;6191114584136;L;000;25E;;1,00;
02/02/2026;002;22005;6191114606661;XL;995;25H;;1,00;
02/02/2026;002;22013;6191114607699;XXL;995;25H;;1,00;
02/02/2026;002;22019;6191114609433;L;995;25H;;1,00;
02/02/2026;002;22025;6191114610088;L;995;25H;;1,00;
02/02/2026;002;22026;6191114610217;L;645;25H;;1,00;
02/02/2026;002;22026;6191114610231;XL;645;25H;;1,00;
02/02/2026;002;22027;6191114610347;XL;645;25H;;1,00;
02/02/2026;002;22028;6191114610477;XL;940;25H;;1,00;
02/02/2026;002;22030;6191114610644;S;995;25H;;1,00;
02/02/2026;002;22032;6191114610934;L;940;25H;;1,00;
02/02/2026;002;22033;6191114611047;L;815;25H;;1,00;
02/02/2026;002;22036;6191114611139;S;R010;25H;;1,00;
02/02/2026;002;22036;6191114611153;M;R010;25H;;-1,00;
02/02/2026;002;22038;6191114611405;XXL;R385;25H;;1,00;
02/02/2026;002;22050;6191114614468;S/M;995;25H;;1,00;
02/02/2026;002;22052;6191114617223;XL;995;25H;;1,00;
02/02/2026;002;22055;6191114617605;XXL;870;25H;;1,00;
02/02/2026;002;22060;6191114618084;XXL;215;25H;;1,00;
02/02/2026;002;22063;6191114618466;XS;995;25H;;1,00;
02/02/2026;002;22063;6191114618480;S;870;25H;;1,00;
02/02/2026;002;22063;6191114618558;L;995;25H;;1,00;
02/02/2026;002;22063;6191114618589;XL;995;25H;;1,00;
02/02/2026;002;22064;6191114618794;XL;855;25H;;1,00;
02/02/2026;002;22070;6191114616004;L;995;25H;;1,00;
02/02/2026;002;22072;6191114616219;L;476;25H;;1,00;
02/02/2026;002;22073;6191114616349;XXL;395;25H;;1,00;
02/02/2026;002;22084;6191114616486;XL;310;25H;;1,00;
02/02/2026;002;22085;6191114619401;L;740;25H;;1,00;
02/02/2026;002;22088;6191114619784;L;995;25H;;1,00;
02/02/2026;002;22088;6191114619807;XL;995;25H;;1,00;
02/02/2026;002;22088;6191114619845;3XL;995;25H;;1,00;
02/02/2026;002;22089;6191114619876;S;385;25H;;1,00;
02/02/2026;002;22091;6191114620162;M;995;25H;;1,00;
02/02/2026;002;22098;6191114620865;XL;995;25H;;1,00;
02/02/2026;002;22108;6191114622159;L;870;25H;;2,00;
02/02/2026;002;22111;6191114622647;S;255;25H;;1,00;
02/02/2026;002;22112;6191114622784;L;815;25H;;1,00;
02/02/2026;002;22112;6191114622838;M;R995;25H;;1,00;
02/02/2026;002;22113;6191114645677;M;820;25H;;1,00;
02/02/2026;002;22113;6191114645714;L;990;25H;;1,00;
02/02/2026;002;22113;6191114645721;L;005;25H;;1,00;
02/02/2026;002;22113;6191114645738;XL;820;25H;;2,00;
02/02/2026;002;22115;6191114646070;3XL;990;25H;;1,00;
02/02/2026;002;22116;6191114646131;L;995;25H;;1,00;
02/02/2026;002;22117;6191114648999;L;940;25H;;1,00;
02/02/2026;002;22123;6191114646735;L;995;25H;;1,00;
02/02/2026;002;22128;6191114622975;M;385;25H;;1,00;
02/02/2026;002;22128;6191114623002;L;385;25H;;2,00;
02/02/2026;002;22128;6191114623033;XL;385;25H;;1,00;
02/02/2026;002;22129;6191114623125;M;385;25H;;1,00;
02/02/2026;002;22129;6191114623156;L;385;25H;;1,00;
02/02/2026;002;22129;6191114623194;XL;995;25H;;1,00;
02/02/2026;002;22129;6191114623217;XXL;385;25H;;1,00;
02/02/2026;002;22135;6191114624177;XL;870;25H;;1,00;
02/02/2026;002;22139;6191114624399;S;995;25H;;1,00;
02/02/2026;002;22139;6191114624436;M;940;25H;;1,00;
02/02/2026;002;22140;6191114624658;3XL;995;25H;;1,00;
02/02/2026;002;22142;6191114624733;L;875;25H;;1,00;
02/02/2026;002;22142;6191114624764;XL;875;25H;;1,00;
02/02/2026;002;22142;6191114624795;XXL;875;25H;;1,00;
02/02/2026;002;22145;6191114629974;3XL;995;25H;;1,00;
02/02/2026;002;22146;6191114629998;M;995;25H;;1,00;
02/02/2026;002;22152;6191114625761;L;995;25H;;1,00;
02/02/2026;002;22164;6191114649422;S;995;25H;;1,00;
02/02/2026;002;22173;6191114628694;XL;995;25H;;1,00;
02/02/2026;002;22174;6191114628731;M;990;25H;;1,00;
02/02/2026;002;22177;6191114628847;S;010;25H;;1,00;
02/02/2026;002;22182;6191114629363;L;870;25H;;1,00;
02/02/2026;002;22182;6191114629455;3XL;870;25H;;-1,00;
02/02/2026;002;22182;6191114629479;3XL;784;25H;;1,00;
02/02/2026;002;22186;6191114627758;XL;385;25H;;1,00;
02/02/2026;002;22188;6191114644731;L/XL;995;25H;;1,00;
02/02/2026;002;22188;6191114644748;L/XL;200;25H;;1,00;
02/02/2026;002;22190;6191114627819;S;995;25H;;1,00;
02/02/2026;002;22190;6191114627833;L;995;25H;;1,00;
02/02/2026;002;22193;6191114628069;M;995;25H;;1,00;
02/02/2026;002;22194;6191114628212;XL;I385;25H;;1,00;
02/02/2026;002;22194;6191114628250;XXL;I255;25H;;2,00;
02/02/2026;002;22195;6191114628632;3XL;310;25H;;1,00;
02/02/2026;002;22197;6191114630086;XL;815;25H;;1,00;
02/02/2026;002;22198;6191114630208;XXL;385;25H;;1,00;
02/02/2026;002;22202;6191114630543;XL;995;25H;;1,00;
02/02/2026;002;22202;6191114630567;XXL;995;25H;;1,00;
02/02/2026;002;22203;6191114630710;3XL;010;25H;;1,00;
02/02/2026;002;22204;6191114630734;M;995;25H;;1,00;
02/02/2026;002;22207;6191114640443;L;880;25H;;1,00;
02/02/2026;002;22209;6191114640740;XL;870;25H;;1,00;
02/02/2026;002;22209;6191114640757;XXL;815;25H;;1,00;
02/02/2026;002;22215;6191114642539;XL;210;25H;;1,00;
02/02/2026;002;22222;6191114643444;XXL;995;25H;;1,00;
02/02/2026;002;22233;6191114644397;L;815;25H;;1,00;
02/02/2026;002;22237;6191114644823;XL;I815;25H;;1,00;
02/02/2026;002;22243;6191114647763;M;695;25H;;1,00;
02/02/2026;002;22243;6191114647770;L;995;25H;;2,00;
02/02/2026;002;22243;6191114647787;L;215;25H;;1,00;
02/02/2026;002;22244;6191114647961;L;215;25H;;1,00;
02/02/2026;002;22244;6191114648029;XXL;215;25H;;1,00;
02/02/2026;002;22244;6191114648036;XXL;695;25H;;1,00;
02/02/2026;002;22244;6191114648050;3XL;215;25H;;1,00;
02/02/2026;002;22250;6191114649576;M;815;25H;;-1,00;
02/02/2026;002;22263;6191114651494;S;995;25H;;1,00;
02/02/2026;002;22263;6191114651500;S;010;25H;;1,00;
02/02/2026;002;22263;6191114651555;L;995;25H;;1,00;
02/02/2026;002;22264;6191114651692;L;995;25H;;1,00;
02/02/2026;002;22268;6191114653108;M;695;25H;;1,00;
02/02/2026;002;22269;6191114653177;S;695;25H;;1,00;
02/02/2026;002;22275;6191114652958;L;385;25H;;-1,00;
02/02/2026;002;22276;6191114655751;S;995;25H;;1,00;
02/02/2026;002;22276;6191114655799;L;995;25H;;1,00;
02/02/2026;002;22276;6191114655805;XL;385;25H;;1,00;
02/02/2026;002;22277;6191114653405;M;784;25H;;1,00;
02/02/2026;002;22279;6191114653610;M;000;25H;;1,00;
02/02/2026;002;22285;6191114654365;L;995;25H;;1,00;
02/02/2026;002;22287;6191114654563;L;995;25H;;1,00;
02/02/2026;002;22288;6191114654662;L;995;25H;;1,00;
02/02/2026;002;22289;6191114655294;XXL;476;25H;;1,00;
02/02/2026;002;22294;6191114655980;XS;870;25H;;1,00;
02/02/2026;002;22295;6191114656222;L;995;25H;;1,00;
02/02/2026;002;22300;6191114656826;L;870;25H;;1,00;
02/02/2026;002;22301;6191114657137;XL;995;25H;;1,00;
02/02/2026;002;22301;6191114657144;XL;215;25H;;1,00;
02/02/2026;002;22301;6191114657182;3XL;215;25H;;1,00;
02/02/2026;002;22302;6191114657243;L;245;25H;;2,00;
02/02/2026;002;22302;6191114657250;XL;995;25H;;1,00;
02/02/2026;002;22303;6191114657380;L;195;25H;;1,00;
02/02/2026;002;22303;6191114657397;XL;870;25H;;1,00;
02/02/2026;002;22304;6191114660434;S;MCO;25H;;1,00;
02/02/2026;002;22330;6191114660045;M;220;25H;;1,00;
02/02/2026;002;22330;6191114660113;3XL;724;25H;;2,00;
02/02/2026;002;22331;6191114660151;S;995;25H;;1,00;
02/02/2026;002;22331;6191114660182;M;385;25H;;1,00;
02/02/2026;002;22331;6191114660212;L;815;25H;;1,00;
02/02/2026;002;22331;6191114660236;L;995;25H;;1,00;
02/02/2026;002;22331;6191114660373;S;495;25H;;1,00;
02/02/2026;002;22331;6191114660403;XL;495;25H;;2,00;
02/02/2026;002;22341;6191114661240;L;R950;25H;;1,00;
02/02/2026;002;22343;6191114661479;3XL;I634;25H;;1,00;
02/02/2026;002;22355;6191114669031;XXL;995;25H;;1,00;
02/02/2026;002;55716;6191114526389;3XL;385;24H;;1,00;
02/02/2026;002;55800;6191114621589;L;385;25H;;1,00;
02/02/2026;002;55800;6191114621619;XL;385;25H;;1,00;
02/02/2026;002;55800;6191114621633;XL;975;25H;;-1,00;
02/02/2026;002;55811;6191114644564;S;R784;25H;;1,00;
02/02/2026;002;55811;6191114644595;L;R310;25H;;1,00;
02/02/2026;002;55811;6191114644601;L;R784;25H;;1,00;
02/02/2026;002;55813;6191114645219;M;940;25H;;1,00;
02/02/2026;002;55813;6191114645233;L;310;25H;;2,00;
02/02/2026;002;55813;6191114645264;XL;310;25H;;1,00;
02/02/2026;002;55813;6191114645295;XXL;310;25H;;1,00;
02/02/2026;002;55813;6191114645318;3XL;385;25H;;1,00;
02/02/2026;002;55815;6191114645622;3XL;385;25H;;1,00;
02/02/2026;002;55816;6191114648432;L;R995;25H;;2,00;
02/02/2026;002;55816;6191114648456;L;R990;25H;;2,00;
02/02/2026;002;55816;6191114648487;XL;R990;25H;;1,00;
02/02/2026;002;55817;6191114654792;XL;385;25H;;1,00;
02/02/2026;002;55817;6191114654815;XL;790;25H;;1,00;
02/02/2026;002;55817;6191114654860;3XL;695;25H;;1,00;
02/02/2026;002;55820;6191114657908;XXL;R784;25H;;1,00;
02/02/2026;002;70201;6191114608016;M;R870;25H;;1,00;
02/02/2026;002;70201;6191114608092;3XL;R870;25H;;1,00;
02/02/2026;002;70202;6191114608115;S;995;25H;;1,00;
02/02/2026;002;70202;6191114608221;3XL;010;25H;;1,00;
02/02/2026;002;70203;6191114608238;S;R995;25H;;1,00;
02/02/2026;002;70203;6191114608283;L;R355;25H;;1,00;
02/02/2026;002;70209;6191114612792;XL;R170;25H;;1,00;
02/02/2026;002;70210;6191114619180;L;R385;25H;;1,00;
02/02/2026;002;70217;6191114647312;L;E385;25H;;1,00;
02/02/2026;002;70217;6191114649408;XXL;I385;25H;;1,00;
02/02/2026;002;70226;6191114652132;4XL;I880;25H;;1,00;
02/02/2026;002;91502;6191114669123;TU;695;25H;;1,00;
02/02/2026;002;91507;6191114626416;TU;824;25H;;1,00;
02/02/2026;002;91525;6191114627567;TU;MCO;25H;;1,00;
02/02/2026;005;20708;6191114421462;S;940;24E;;1,00;
02/02/2026;005;21126;6191114462106;XL;R195;24H;;1,00;
02/02/2026;005;21135;6191114463134;L;940;24H;;1,00;
02/02/2026;005;21380;6191114508422;XL;875;24H;;2,00;
02/02/2026;005;22009;6191114607187;XL;880;25H;;1,00;
02/02/2026;005;22010;6191114607316;XL;995;25H;;1,00;
02/02/2026;005;22024;6191114653313;L;815;25H;;1,00;
02/02/2026;005;22027;6191114653061;XL;870;25H;;1,00;
02/02/2026;005;22040;6191114611566;L;R010;25H;;1,00;
02/02/2026;005;22064;6191114618701;L;815;25H;;1,00;
02/02/2026;005;22064;6191114618756;XL;815;25H;;1,00;
02/02/2026;005;22064;6191114618787;XL;175;25H;;-1,00;
02/02/2026;005;22064;6191114618831;XXL;175;25H;;1,00;
02/02/2026;005;22065;6191114618909;S;350;25H;;1,00;
02/02/2026;005;22068;6191114615786;XL;995;25H;;1,00;
02/02/2026;005;22071;6191114616110;L;784;25H;;1,00;
02/02/2026;005;22083;6191114619029;S;350;25H;;1,00;
02/02/2026;005;22091;6191114620148;S;995;25H;;1,00;
02/02/2026;005;22114;6191114645837;L;815;25H;;1,00;
02/02/2026;005;22120;6191114646506;L;495;25H;;1,00;
02/02/2026;005;22147;6191114625068;S;000;25H;;1,00;
02/02/2026;005;22148;6191114625563;XL;995;25H;;1,00;
02/02/2026;005;22181;6191114629271;XL;995;25H;;1,00;
02/02/2026;005;22183;6191114629578;XXL;995;25H;;1,00;
02/02/2026;005;22188;6191114644731;L/XL;995;25H;;1,00;
02/02/2026;005;22190;6191114627840;XL;995;25H;;1,00;
02/02/2026;005;22216;6191114642751;XL;I255;25H;;1,00;
02/02/2026;005;22237;6191114644816;L;I815;25H;;1,00;
02/02/2026;005;22246;6191114648814;M;995;25H;;1,00;
02/02/2026;005;22246;6191114648838;L;995;25H;;1,00;
02/02/2026;005;22250;6191114649590;M;784;25H;;1,00;
02/02/2026;005;22250;6191114649620;L;784;25H;;1,00;
02/02/2026;005;22250;6191114649682;XXL;784;25H;;1,00;
02/02/2026;005;22257;6191114650503;M;I350;25H;;1,00;
02/02/2026;005;22257;6191114650541;L;I740;25H;;1,00;
02/02/2026;005;22257;6191114650589;XL;I195;25H;;1,00;
02/02/2026;005;22258;6191114650756;L;195;25H;;1,00;
02/02/2026;005;22263;6191114651494;S;995;25H;;1,00;
02/02/2026;005;22263;6191114651548;L;870;25H;;1,00;
02/02/2026;005;22263;6191114651579;XL;870;25H;;1,00;
02/02/2026;005;22276;6191114655843;3XL;385;25H;;1,00;
02/02/2026;005;22276;6191114655850;3XL;995;25H;;1,00;
02/02/2026;005;22285;6191114654358;L;385;25H;;1,00;
02/02/2026;005;22286;6191114654464;XL;995;25H;;1,00;
02/02/2026;005;22287;6191114654570;XL;815;25H;;1,00;
02/02/2026;005;22291;6191114655454;XL;495;25H;;1,00;
02/02/2026;005;22294;6191114656017;S;870;25H;;1,00;
02/02/2026;005;22294;6191114656147;XXL;820;25H;;1,00;
02/02/2026;005;22294;6191114656178;3XL;950;25H;;1,00;
02/02/2026;005;22300;6191114656802;S;870;25H;;1,00;
02/02/2026;005;22303;6191114657434;3XL;870;25H;;1,00;
02/02/2026;005;22304;6191114660465;XL;MCO;25H;;1,00;
02/02/2026;005;22308;6191114657717;L;870;25H;;1,00;
02/02/2026;005;22311;6191114658103;XL;I995;25H;;1,00;
02/02/2026;005;22321;6191114659292;M;825;25H;;1,00;
02/02/2026;005;22321;6191114659339;XL;825;25H;;1,00;
02/02/2026;005;22321;6191114659346;XXL;870;25H;;1,00;
02/02/2026;005;22321;6191114659384;4XL;870;25H;;1,00;
02/02/2026;005;22333;6191114660656;L;990;25H;;1,00;
02/02/2026;005;29041;6191114036369;XXL;195;22H;;1,00;
02/02/2026;005;55808;6191114641235;L;975;25H;;1,00;
02/02/2026;005;70226;6191114652040;XL;I880;25H;;1,00;
02/02/2026;005;70226;6191114652057;XL;I815;25H;;1,00;
02/02/2026;005;70227;6191114652194;L;I740;25H;;1,00;
02/02/2026;009;22010;6191114607286;L;815;25H;;1,00;
02/02/2026;009;22031;6191114610828;XL;995;25H;;1,00;
02/02/2026;009;22043;6191114622098;L;855;25H;;1,00;
02/02/2026;009;22045;6191114611740;XXL;995;25H;;1,00;
02/02/2026;009;22205;6191114630819;XL;870;25H;;1,00;
02/02/2026;009;22209;6191114640719;L;815;25H;;1,00;
02/02/2026;009;22239;6191114645004;XL;815;25H;;1,00;
02/02/2026;009;22242;6191114647527;L;380;25H;;1,00;
02/02/2026;009;22250;6191114649576;M;815;25H;;1,00;
02/02/2026;009;22262;6191114651388;L;490;25H;;1,00;
02/02/2026;009;22263;6191114651470;XS;010;25H;;1,00;
02/02/2026;009;22263;6191114651500;S;010;25H;;1,00;
02/02/2026;009;22265;6191114651777;L;995;25H;;1,00;
02/02/2026;009;22277;6191114653399;M;815;25H;;1,00;
02/02/2026;009;22286;6191114654457;L;995;25H;;1,00;
02/02/2026;009;22287;6191114654518;S;815;25H;;1,00;
02/02/2026;009;22308;6191114657700;M;870;25H;;1,00;
02/02/2026;009;22320;6191114659179;L;825;25H;;1,00;
02/02/2026;009;22321;6191114659315;L;825;25H;;1,00;
02/02/2026;009;22322;6191114659469;L;645;25H;;1,00;
02/02/2026;009;55813;6191114645271;XL;940;25H;;1,00;
02/02/2026;009;55816;6191114648395;S;R990;25H;;1,00;
02/02/2026;009;55816;6191114648463;XL;R995;25H;;1,00;
02/02/2026;009;70200;6191114607934;XL;R385;25H;;1,00;
02/02/2026;009;70201;6191114608092;3XL;R870;25H;;1,00;
02/02/2026;009;70206;6191114612426;L;995;25H;;1,00;
02/02/2026;009;70226;6191114652002;L;I995;25H;;1,00;
02/02/2026;009;70227;6191114652224;XL;I875;25H;;1,00;
02/02/2026;009;91503;6191114626317;TU;385;25H;;1,00;
02/02/2026;009;91507;6191114626393;TU;995;25H;;1,00;
02/02/2026;011;20168;6191114236134;3XL;010;23H;;1,00;
02/02/2026;011;20256;6191114258426;XXL;010;23H;;1,00;
02/02/2026;011;20256;6191114258532;XXL;310;23H;;1,00;
02/02/2026;011;20372;6191114283060;S;995;23H;;1,00;
02/02/2026;011;21940;6191114604261;XL;625;25E;;1,00;
02/02/2026;011;22006;6191114606845;L;815;25H;;1,00;
02/02/2026;011;22012;6191114607507;M;995;25H;;1,00;
02/02/2026;011;22018;6191114609365;3XL;R385;25H;;1,00;
02/02/2026;011;22053;6191114617292;M;995;25H;;1,00;
02/02/2026;011;22064;6191114618695;M;855;25H;;1,00;
02/02/2026;011;22064;6191114618718;L;010;25H;;1,00;
02/02/2026;011;22080;6191114616981;L;380;25H;;1,00;
02/02/2026;011;22113;6191114645738;XL;820;25H;;1,00;
02/02/2026;011;22114;6191114645851;XL;815;25H;;1,00;
02/02/2026;011;22114;6191114645868;XL;020;25H;;1,00;
02/02/2026;011;22116;6191114646148;L;770;25H;;1,00;
02/02/2026;011;22120;6191114646513;XL;995;25H;;1,00;
02/02/2026;011;22125;6191114646957;L;E385;25H;;1,00;
02/02/2026;011;22128;6191114623019;L;870;25H;;1,00;
02/02/2026;011;22128;6191114623026;L;995;25H;;1,00;
02/02/2026;011;22129;6191114623170;L;010;25H;;1,00;
02/02/2026;011;22151;6191114625716;L;995;25H;;1,00;
02/02/2026;011;22177;6191114628892;L;215;25H;;1,00;
02/02/2026;011;22183;6191114629530;L;995;25H;;1,00;
02/02/2026;011;22201;6191114630413;L;995;25H;;1,00;
02/02/2026;011;22202;6191114630598;3XL;790;25H;;1,00;
02/02/2026;011;22209;6191114640719;L;815;25H;;1,00;
02/02/2026;011;22239;6191114644960;M;784;25H;;1,00;
02/02/2026;011;22239;6191114645028;XL;784;25H;;1,00;
02/02/2026;011;22244;6191114647992;XL;215;25H;;1,00;
02/02/2026;011;22268;6191114653146;3XL;695;25H;;1,00;
02/02/2026;011;22269;6191114653177;S;695;25H;;1,00;
02/02/2026;011;22284;6191114654211;L;385;25H;;1,00;
02/02/2026;011;22289;6191114655218;S;476;25H;;1,00;
02/02/2026;011;22289;6191114655249;L;995;25H;;1,00;
02/02/2026;011;22292;6191114655669;L;870;25H;;1,00;
02/02/2026;011;22295;6191114656239;L;695;25H;;1,00;
02/02/2026;011;22321;6191114659308;L;870;25H;;1,00;
02/02/2026;011;22351;6191114668843;XL;I815;25H;;1,00;
02/02/2026;011;29595;6191114136878;XL;815;23E;;1,00;
02/02/2026;011;55811;6191114644588;M;R784;25H;;1,00;
02/02/2026;011;55817;6191114654778;L;695;25H;;1,00;
02/02/2026;011;55817;6191114654808;XL;695;25H;;-1,00;
02/02/2026;011;70205;6191114612297;L;385;25H;;1,00;
02/02/2026;011;70217;6191114649378;M;I385;25H;;1,00;
02/02/2026;011;70217;6191114649415;3XL;I385;25H;;1,00;
02/02/2026;011;91528;6191114640207;37;995;25H;;1,00;
02/02/2026;014;21688;6191114566194;S;476;25E;;1,00;
02/02/2026;014;22017;6191114609204;XL;995;25H;;1,00;
02/02/2026;014;22018;6191114609372;3XL;R010;25H;;1,00;
02/02/2026;014;22025;6191114610118;XL;010;25H;;2,00;
02/02/2026;014;22026;6191114610224;XL;815;25H;;1,00;
02/02/2026;014;22030;6191114610736;XXL;010;25H;;1,00;
02/02/2026;014;22033;6191114611009;S;815;25H;;1,00;
02/02/2026;014;22033;6191114611061;XL;815;25H;;1,00;
02/02/2026;014;22048;6191114611962;S;010;25H;;1,00;
02/02/2026;014;22048;6191114612037;XXL;995;25H;;1,00;
02/02/2026;014;22052;6191114617193;L;385;25H;;2,00;
02/02/2026;014;22054;6191114617421;L;385;25H;;1,00;
02/02/2026;014;22064;6191114618749;L;855;25H;;1,00;
02/02/2026;014;22064;6191114618817;XXL;010;25H;;1,00;
02/02/2026;014;22065;6191114618947;L;350;25H;;2,00;
02/02/2026;014;22065;6191114618961;XL;350;25H;;1,00;
02/02/2026;014;22066;6191114615557;S;815;25H;;1,00;
02/02/2026;014;22072;6191114616196;S;476;25H;;1,00;
02/02/2026;014;22083;6191114619067;L;350;25H;;1,00;
02/02/2026;014;22083;6191114619081;XL;350;25H;;1,00;
02/02/2026;014;22113;6191114645684;M;990;25H;;1,00;
02/02/2026;014;22116;6191114646124;M;770;25H;;1,00;
02/02/2026;014;22117;6191114646216;XS;995;25H;;1,00;
02/02/2026;014;22117;6191114649002;XL;940;25H;;1,00;
02/02/2026;014;22121;6191114646599;L;995;25H;;1,00;
02/02/2026;014;22140;6191114624641;XXL;995;25H;;1,00;
02/02/2026;014;22147;6191114625051;XS;000;25H;;1,00;
02/02/2026;014;22159;6191114626034;XS;880;25H;;1,00;
02/02/2026;014;22164;6191114649460;L;995;25H;;1,00;
02/02/2026;014;22178;6191114629011;3XL;P010;25H;;1,00;
02/02/2026;014;22180;6191114629219;M;995;25H;;1,00;
02/02/2026;014;22181;6191114629240;S;995;25H;;1,00;
02/02/2026;014;22182;6191114629455;3XL;870;25H;;1,00;
02/02/2026;014;22183;6191114629547;XL;385;25H;;1,00;
02/02/2026;014;22191;6191114627918;L;P995;25H;;1,00;
02/02/2026;014;22196;6191114629745;S;010;25H;;1,00;
02/02/2026;014;22206;6191114630901;XL;995;25H;;1,00;
02/02/2026;014;22207;6191114640443;L;880;25H;;1,00;
02/02/2026;014;22217;6191114642898;3XL;000;25H;;1,00;
02/02/2026;014;22223;6191114643529;M;870;25H;;1,00;
02/02/2026;014;22223;6191114643567;L;995;25H;;1,00;
02/02/2026;014;22233;6191114644366;S;000;25H;;1,00;
02/02/2026;014;22243;6191114647718;S;995;25H;;1,00;
02/02/2026;014;22244;6191114648050;3XL;215;25H;;1,00;
02/02/2026;014;22244;6191114648067;3XL;695;25H;;1,00;
02/02/2026;014;22245;6191114648142;S;740;25H;;1,00;
02/02/2026;014;22245;6191114648272;M;010;25H;;1,00;
02/02/2026;014;22247;6191114648685;M;R270;25H;;1,00;
02/02/2026;014;22247;6191114648715;L;R270;25H;;1,00;
02/02/2026;014;22250;6191114649569;S;784;25H;;1,00;
02/02/2026;014;22250;6191114649637;XL;815;25H;;1,00;
02/02/2026;014;22255;6191114650381;XXL;995;25H;;1,00;
02/02/2026;014;22261;6191114651326;3XL;490;25H;;1,00;
02/02/2026;014;22262;6191114651449;3XL;490;25H;;1,00;
02/02/2026;014;22263;6191114651470;XS;010;25H;;1,00;
02/02/2026;014;22263;6191114651500;S;010;25H;;1,00;
02/02/2026;014;22268;6191114649729;XS;870;25H;;1,00;
02/02/2026;014;22275;6191114652958;L;385;25H;;1,00;
02/02/2026;014;22284;6191114654211;L;385;25H;;1,00;
02/02/2026;014;22285;6191114654372;XL;385;25H;;1,00;
02/02/2026;014;22288;6191114654648;S;995;25H;;1,00;
02/02/2026;014;22288;6191114654686;XXL;995;25H;;1,00;
02/02/2026;014;22289;6191114655218;S;476;25H;;1,00;
02/02/2026;014;22292;6191114655683;XL;870;25H;;1,00;
02/02/2026;014;22295;6191114656208;M;995;25H;;1,00;
02/02/2026;014;22297;6191114656666;L;215;25H;;1,00;
02/02/2026;014;22299;6191114656994;XL;385;25H;;1,00;
02/02/2026;014;22301;6191114657144;XL;215;25H;;1,00;
02/02/2026;014;22302;6191114657212;M;995;25H;;1,00;
02/02/2026;014;22312;6191114658141;L;995;25H;;1,00;
02/02/2026;014;22320;6191114659131;S;825;25H;;1,00;
02/02/2026;014;22321;6191114659292;M;825;25H;;1,00;
02/02/2026;014;22322;6191114659520;XXL;645;25H;;1,00;
02/02/2026;014;22328;6191114661417;XL;995;25H;;1,00;
02/02/2026;014;22331;6191114660168;S;390;25H;;1,00;
02/02/2026;014;22331;6191114660205;M;390;25H;;1,00;
02/02/2026;014;22331;6191114660298;XXL;815;25H;;1,00;
02/02/2026;014;22331;6191114660335;3XL;815;25H;;1,00;
02/02/2026;014;22331;6191114660380;M;495;25H;;1,00;
02/02/2026;014;55806;6191114640856;L;385;25H;;-1,00;
02/02/2026;014;55806;6191114640887;XL;385;25H;;1,00;
02/02/2026;014;55810;6191114642201;M;385;25H;;1,00;
02/02/2026;014;55813;6191114645301;XXL;940;25H;;1,00;
02/02/2026;014;55815;6191114645585;XL;385;25H;;1,00;
02/02/2026;014;55816;6191114648494;XXL;R995;25H;;1,00;
02/02/2026;014;55817;6191114654730;M;385;25H;;1,00;
02/02/2026;014;55817;6191114654815;XL;790;25H;;1,00;
02/02/2026;014;55818;6191114655034;XL;385;25H;;1,00;
02/02/2026;014;55818;6191114658325;XL;535;25H;;1,00;
02/02/2026;014;70200;6191114607927;L;R940;25H;;1,00;
02/02/2026;014;70201;6191114608054;XL;R870;25H;;-1,00;
02/02/2026;014;70202;6191114608160;L;010;25H;;-1,00;
02/02/2026;014;70202;6191114608177;XL;995;25H;;1,00;
02/02/2026;014;70203;6191114608306;XL;R355;25H;;-1,00;
02/02/2026;014;70216;6191114624290;S;R385;25H;;1,00;
02/02/2026;014;70216;6191114624313;L;R385;25H;;1,00;
02/02/2026;014;70220;6191114631212;XXL;870;25H;;1,00;
02/02/2026;014;70226;6191114652088;XXL;I815;25H;;1,00;
02/02/2026;014;70226;6191114652101;3XL;I880;25H;;1,00;
02/02/2026;014;70227;6191114652224;XL;I875;25H;;1,00;
02/02/2026;014;70231;6191114658653;S;C000;25H;;1,00;
02/02/2026;014;70231;6191114658721;XL;C995;25H;;1,00;
02/02/2026;014;70231;6191114658783;4XL;C995;25H;;1,00;
02/02/2026;014;70233;6191114658905;XXL;995;25H;;1,00;
02/02/2026;015;22011;6191114607408;L;010;25H;;1,00;
02/02/2026;015;22024;6191114653269;XL;870;25H;;1,00;
02/02/2026;015;22037;6191114611337;XXL;010;25H;;1,00;
02/02/2026;015;22040;6191114611597;3XL;R010;25H;;1,00;
02/02/2026;015;22049;6191114612174;3XL;815;25H;;1,00;
02/02/2026;015;22113;6191114645646;S;820;25H;;1,00;
02/02/2026;015;22115;6191114645943;M;820;25H;;1,00;
02/02/2026;015;22125;6191114646940;M;E385;25H;;1,00;
02/02/2026;015;22127;6191114647091;M;995;25H;;1,00;
02/02/2026;015;22127;6191114647114;L;995;25H;;1,00;
02/02/2026;015;22127;6191114647138;XL;995;25H;;-1,00;
02/02/2026;015;22128;6191114622968;S;995;25H;;1,00;
02/02/2026;015;22129;6191114623125;M;385;25H;;1,00;
02/02/2026;015;22129;6191114623132;M;995;25H;;1,00;
02/02/2026;015;22137;6191114623453;XXL;235;25H;;1,00;
02/02/2026;015;22194;6191114628250;XXL;I255;25H;;-1,00;
02/02/2026;015;22195;6191114628625;3XL;215;25H;;1,00;
02/02/2026;015;22205;6191114630826;XXL;870;25H;;1,00;
02/02/2026;015;22205;6191114630833;3XL;870;25H;;-1,00;
02/02/2026;015;22213;6191114642355;3XL;815;25H;;-1,00;
02/02/2026;015;22250;6191114649637;XL;815;25H;;1,00;
02/02/2026;015;22262;6191114651371;L;385;25H;;1,00;
02/02/2026;015;22275;6191114652958;L;385;25H;;1,00;
02/02/2026;015;22276;6191114655799;L;995;25H;;1,00;
02/02/2026;015;22287;6191114654570;XL;815;25H;;1,00;
02/02/2026;015;22290;6191114657953;XL;R385;25H;;1,00;
02/02/2026;015;22320;6191114659148;M;870;25H;;1,00;
02/02/2026;015;22321;6191114659308;L;870;25H;;1,00;
02/02/2026;015;55809;6191114642027;XL;995;25H;;1,00;
02/02/2026;015;55810;6191114642201;M;385;25H;;1,00;
02/02/2026;015;55810;6191114642249;XL;385;25H;;1,00;
02/02/2026;015;55811;6191114644663;3XL;R784;25H;;1,00;
02/02/2026;015;55816;6191114648401;M;R995;25H;;1,00;
02/02/2026;015;55816;6191114648524;3XL;R995;25H;;1,00;
02/02/2026;015;70220;6191114631243;3XL;695;25H;;1,00;
02/02/2026;015;70226;6191114652149;4XL;I815;25H;;-1,00;
02/02/2026;015;91500;6191114626270;TU;995;25H;;1,00;
02/02/2026;015;91529;6191114640306;37;875;25H;;1,00;
02/02/2026;016;21131;6191114462649;S;010;24H;;1,00;
02/02/2026;016;21200;6191114471474;M;385;24H;;1,00;
02/02/2026;016;22007;6191114607040;XXL;905;25H;;1,00;
02/02/2026;016;22020;6191114609549;L;695;25H;;1,00;
02/02/2026;016;22032;6191114610965;XXL;995;25H;;1,00;
02/02/2026;016;22045;6191114611702;L;995;25H;;1,00;
02/02/2026;016;22049;6191114612167;XXL;995;25H;;1,00;
02/02/2026;016;22061;6191114618183;XL;R385;25H;;1,00;
02/02/2026;016;22062;6191114618251;S;995;25H;;1,00;
02/02/2026;016;22063;6191114618572;XL;870;25H;;1,00;
02/02/2026;016;22064;6191114618855;3XL;815;25H;;1,00;
02/02/2026;016;22066;6191114615595;L;815;25H;;1,00;
02/02/2026;016;22068;6191114642386;L;695;25H;;1,00;
02/02/2026;016;22085;6191114619425;XL;740;25H;;1,00;
02/02/2026;016;22108;6191114622166;XL;870;25H;;1,00;
02/02/2026;016;22113;6191114645783;3XL;990;25H;;1,00;
02/02/2026;016;22114;6191114645820;M;020;25H;;1,00;
02/02/2026;016;22116;6191114646155;XL;995;25H;;1,00;
02/02/2026;016;22117;6191114648975;S;940;25H;;1,00;
02/02/2026;016;22117;6191114648982;M;940;25H;;1,00;
02/02/2026;016;22123;6191114646742;L;695;25H;;1,00;
02/02/2026;016;22137;6191114623361;M;235;25H;;1,00;
02/02/2026;016;22139;6191114624351;XS;385;25H;;1,00;
02/02/2026;016;22142;6191114624726;L;995;25H;;1,00;
02/02/2026;016;22142;6191114624733;L;875;25H;;1,00;
02/02/2026;016;22142;6191114624764;XL;875;25H;;1,00;
02/02/2026;016;22182;6191114629349;M;995;25H;;1,00;
02/02/2026;016;22182;6191114629424;XXL;870;25H;;1,00;
02/02/2026;016;22193;6191114628076;L;995;25H;;1,00;
02/02/2026;016;22212;6191114641495;M;255;25H;;1,00;
02/02/2026;016;22223;6191114643529;M;870;25H;;1,00;
02/02/2026;016;22237;6191114644793;S;I815;25H;;1,00;
02/02/2026;016;22239;6191114645011;XL;995;25H;;1,00;
02/02/2026;016;22246;6191114648845;XL;870;25H;;1,00;
02/02/2026;016;22253;6191114650268;XXL;995;25H;;1,00;
02/02/2026;016;22255;6191114650374;XL;995;25H;;2,00;
02/02/2026;016;22263;6191114651470;XS;010;25H;;1,00;
02/02/2026;016;22265;6191114651791;XXL;995;25H;;1,00;
02/02/2026;016;22273;6191114652835;3XL;695;25H;;1,00;
02/02/2026;016;22276;6191114655799;L;995;25H;;1,00;
02/02/2026;016;22276;6191114655812;XL;995;25H;;2,00;
02/02/2026;016;22276;6191114655829;XXL;385;25H;;1,00;
02/02/2026;016;22281;6191114653993;XL;995;25H;;1,00;
02/02/2026;016;22285;6191114654358;L;385;25H;;1,00;
02/02/2026;016;22285;6191114654365;L;995;25H;;1,00;
02/02/2026;016;22288;6191114654662;L;995;25H;;1,00;
02/02/2026;016;22288;6191114654679;XL;995;25H;;1,00;
02/02/2026;016;22294;6191114656024;S;820;25H;;1,00;
02/02/2026;016;22296;6191114656512;L;215;25H;;1,00;
02/02/2026;016;22300;6191114656802;S;870;25H;;1,00;
02/02/2026;016;22300;6191114656833;XL;870;25H;;1,00;
02/02/2026;016;22301;6191114657182;3XL;215;25H;;1,00;
02/02/2026;016;22302;6191114657250;XL;995;25H;;1,00;
02/02/2026;016;22303;6191114657397;XL;870;25H;;1,00;
02/02/2026;016;22312;6191114658158;XL;995;25H;;1,00;
02/02/2026;016;22323;6191114659582;S;995;25H;;1,00;
02/02/2026;016;22324;6191114659650;M;995;25H;;1,00;
02/02/2026;016;22325;6191114659964;L;695;25H;;1,00;
02/02/2026;016;55806;6191114640924;XXL;870;25H;;1,00;
02/02/2026;016;55809;6191114642027;XL;995;25H;;1,00;
02/02/2026;016;55816;6191114648371;S;R995;25H;;1,00;
02/02/2026;016;55816;6191114648418;M;R385;25H;;1,00;
02/02/2026;016;55816;6191114648449;L;R385;25H;;1,00;
02/02/2026;016;55818;6191114655072;XL;694;25H;;1,00;
02/02/2026;016;70202;6191114608184;XL;010;25H;;1,00;
02/02/2026;016;70203;6191114608290;XL;R995;25H;;1,00;
02/02/2026;016;70220;6191114631175;L;870;25H;;1,00;
02/02/2026;016;70226;6191114652002;L;I995;25H;;1,00;
02/02/2026;016;70227;6191114652200;L;I875;25H;;1,00;
02/02/2026;016;70227;6191114652224;XL;I875;25H;;1,00;
02/02/2026;016;70233;6191114658875;M;995;25H;;1,00;
02/02/2026;016;91272;6194444115667;TU;815;22H;;2,00;
02/02/2026;016;91502;6191114669116;TU;385;25H;;1,00;
02/02/2026;019;20162;6191114234468;XL;410;23H;;1,00;
02/02/2026;019;20420;6191114294073;3XL;995;23H;;1,00;
02/02/2026;019;20447;6191114299788;XXL;190;23H;;1,00;
02/02/2026;019;20577;6191114326019;M;995;24E;;1,00;
02/02/2026;019;21156;6191114465435;M;784;24H;;1,00;
02/02/2026;019;21346;6191114501331;S;895;24H;;1,00;
02/02/2026;019;21835;6191114584136;L;000;25E;;1,00;
02/02/2026;019;22015;6191114607842;S;695;25H;;1,00;
02/02/2026;019;22021;6191114609655;XL;385;25H;;1,00;
02/02/2026;019;22032;6191114610934;L;940;25H;;1,00;
02/02/2026;019;22045;6191114611665;S;995;25H;;1,00;
02/02/2026;019;22048;6191114611962;S;010;25H;;1,00;
02/02/2026;019;22052;6191114617223;XL;995;25H;;1,00;
02/02/2026;019;22068;6191114642393;XL;695;25H;;1,00;
02/02/2026;019;22092;6191114620308;L;995;25H;;1,00;
02/02/2026;019;22093;6191114620377;S;350;25H;;1,00;
02/02/2026;019;22094;6191114620438;S;350;25H;;1,00;
02/02/2026;019;22097;6191114620735;L;385;25H;;1,00;
02/02/2026;019;22124;6191114646872;XL;645;25H;;1,00;
02/02/2026;019;22127;6191114649057;M;770;25H;;1,00;
02/02/2026;019;22139;6191114624399;S;995;25H;;1,00;
02/02/2026;019;22177;6191114628885;L;010;25H;;1,00;
02/02/2026;019;22181;6191114629257;M;995;25H;;1,00;
02/02/2026;019;22193;6191114628083;XL;995;25H;;1,00;
02/02/2026;019;22194;6191114628182;L;I385;25H;;1,00;
02/02/2026;019;22198;6191114630161;L;385;25H;;1,00;
02/02/2026;019;22202;6191114630499;S;790;25H;;1,00;
02/02/2026;019;22215;6191114642485;L;215;25H;;1,00;
02/02/2026;019;22239;6191114645035;XXL;815;25H;;1,00;
02/02/2026;019;22247;6191114648685;M;R270;25H;;1,00;
02/02/2026;019;22250;6191114649576;M;815;25H;;1,00;
02/02/2026;019;22255;6191114650350;M;995;25H;;1,00;
02/02/2026;019;22255;6191114650367;L;995;25H;;1,00;
02/02/2026;019;22255;6191114650374;XL;995;25H;;1,00;
02/02/2026;019;22258;6191114650770;XL;385;25H;;1,00;
02/02/2026;019;22263;6191114651456;XS;870;25H;;1,00;
02/02/2026;019;22263;6191114651593;XL;010;25H;;1,00;
02/02/2026;019;22274;6191114652866;M;995;25H;;1,00;
02/02/2026;019;22274;6191114652880;XL;995;25H;;1,00;
02/02/2026;019;22281;6191114653979;M;995;25H;;1,00;
02/02/2026;019;22284;6191114654259;XXL;385;25H;;1,00;
02/02/2026;019;22285;6191114654419;3XL;385;25H;;1,00;
02/02/2026;019;22290;6191114657946;L;R385;25H;;1,00;
02/02/2026;019;22291;6191114655447;XL;995;25H;;1,00;
02/02/2026;019;22292;6191114655645;M;870;25H;;1,00;
02/02/2026;019;22298;6191114658288;XXL;R385;25H;;1,00;
02/02/2026;019;22319;6191114670242;L;995;25H;;1,00;
02/02/2026;019;22324;6191114659667;L;995;25H;;1,00;
02/02/2026;019;29543;6191114124547;XL;385;23E;;1,00;
02/02/2026;019;55811;6191114644588;M;R784;25H;;1,00;
02/02/2026;019;55816;6191114648401;M;R995;25H;;1,00;
02/02/2026;019;55816;6191114648418;M;R385;25H;;2,00;
02/02/2026;019;55816;6191114648432;L;R995;25H;;1,00;
02/02/2026;019;55816;6191114648449;L;R385;25H;;1,00;
02/02/2026;019;55818;6191114654983;L;385;25H;;1,00;
02/02/2026;019;55818;6191114655003;L;824;25H;;1,00;
02/02/2026;019;70207;6191114612549;L;R695;25H;;1,00;
02/02/2026;019;70213;6191114623682;M;P385;25H;;1,00;
02/02/2026;021;21355;6191114503472;3XL;995;24H;;-1,00;
02/02/2026;021;21827;6191114583054;XXL;995;25E;;1,00;
02/02/2026;021;22018;6191114609303;L;R385;25H;;1,00;
02/02/2026;021;22019;6191114609426;L;815;25H;;1,00;
02/02/2026;021;22028;6191114610514;3XL;940;25H;;1,00;
02/02/2026;021;22036;6191114611184;XL;R995;25H;;1,00;
02/02/2026;021;22045;6191114611740;XXL;995;25H;;1,00;
02/02/2026;021;22046;6191114611795;M;C385;25H;;1,00;
02/02/2026;021;22056;6191114617704;XL;310;25H;;1,00;
02/02/2026;021;22060;6191114618091;XXL;310;25H;;1,00;
02/02/2026;021;22061;6191114618169;L;R385;25H;;1,00;
02/02/2026;021;22061;6191114618183;XL;R385;25H;;1,00;
02/02/2026;021;22064;6191114618657;M;815;25H;;1,00;
02/02/2026;021;22064;6191114618671;M;695;25H;;1,00;
02/02/2026;021;22064;6191114618725;L;695;25H;;1,00;
02/02/2026;021;22086;6191114619500;M;010;25H;;1,00;
02/02/2026;021;22090;6191114620100;XXL;995;25H;;1,00;
02/02/2026;021;22091;6191114620223;XXL;995;25H;;1,00;
02/02/2026;021;22111;6191114622722;L;235;25H;;1,00;
02/02/2026;021;22112;6191114622807;XXL;815;25H;;1,00;
02/02/2026;021;22117;6191114646254;M;995;25H;;1,00;
02/02/2026;021;22127;6191114647091;M;995;25H;;1,00;
02/02/2026;021;22139;6191114624528;XXL;940;25H;;1,00;
02/02/2026;021;22142;6191114624733;L;875;25H;;1,00;
02/02/2026;021;22146;6191114630017;XL;995;25H;;1,00;
02/02/2026;021;22148;6191114625563;XL;995;25H;;1,00;
02/02/2026;021;22152;6191114625754;M;995;25H;;1,00;
02/02/2026;021;22173;6191114628687;L;995;25H;;1,00;
02/02/2026;021;22177;6191114628885;L;010;25H;;1,00;
02/02/2026;021;22178;6191114629004;XXL;P010;25H;;1,00;
02/02/2026;021;22186;6191114627789;XXL;784;25H;;1,00;
02/02/2026;021;22186;6191114627802;3XL;784;25H;;1,00;
02/02/2026;021;22194;6191114628250;XXL;I255;25H;;1,00;
02/02/2026;021;22195;6191114628342;M;210;25H;;1,00;
02/02/2026;021;22197;6191114630079;L;815;25H;;1,00;
02/02/2026;021;22206;6191114630888;L;995;25H;;1,00;
02/02/2026;021;22209;6191114640733;XL;815;25H;;1,00;
02/02/2026;021;22216;6191114642683;L;I385;25H;;1,00;
02/02/2026;021;22257;6191114650572;XL;I740;25H;;1,00;
02/02/2026;021;22257;6191114650640;3XL;I195;25H;;1,00;
02/02/2026;021;22258;6191114650770;XL;385;25H;;1,00;
02/02/2026;021;22262;6191114651388;L;490;25H;;1,00;
02/02/2026;021;22263;6191114651487;S;870;25H;;1,00;
02/02/2026;021;22266;6191114652309;TU;995;25H;;1,00;
02/02/2026;021;22267;6191114651883;XXL;815;25H;;2,00;
02/02/2026;021;22267;6191114651906;3XL;815;25H;;-1,00;
02/02/2026;021;22270;6191114649941;L;995;25H;;1,00;
02/02/2026;021;22270;6191114649965;XXL;995;25H;;1,00;
02/02/2026;021;22275;6191114652934;M;385;25H;;1,00;
02/02/2026;021;22275;6191114652958;L;385;25H;;1,00;
02/02/2026;021;22276;6191114655768;M;385;25H;;1,00;
02/02/2026;021;22276;6191114655775;M;995;25H;;1,00;
02/02/2026;021;22291;6191114655386;S;995;25H;;1,00;
02/02/2026;021;22295;6191114656253;XL;695;25H;;1,00;
02/02/2026;021;22296;6191114656543;XL;215;25H;;1,00;
02/02/2026;021;22301;6191114657106;M;215;25H;;1,00;
02/02/2026;021;22301;6191114657144;XL;215;25H;;1,00;
02/02/2026;021;22302;6191114657267;XL;245;25H;;1,00;
02/02/2026;021;22303;6191114657359;M;870;25H;;1,00;
02/02/2026;021;22303;6191114657397;XL;870;25H;;1,00;
02/02/2026;021;22304;6191114660465;XL;MCO;25H;;1,00;
02/02/2026;021;22307;6191114670044;XXL;M870;25H;;1,00;
02/02/2026;021;22308;6191114657724;XL;870;25H;;1,00;
02/02/2026;021;22317;6191114658578;M;385;25H;;1,00;
02/02/2026;021;22328;6191114661394;M;995;25H;;1,00;
02/02/2026;021;22328;6191114661431;3XL;995;25H;;1,00;
02/02/2026;021;22330;6191114660083;XL;220;25H;;1,00;
02/02/2026;021;22331;6191114660403;XL;495;25H;;1,00;
02/02/2026;021;55808;6191114641273;XXL;385;25H;;1,00;
02/02/2026;021;55816;6191114648401;M;R995;25H;;1,00;
02/02/2026;021;70201;6191114608047;L;R385;25H;;1,00;
02/02/2026;021;70202;6191114608146;M;010;25H;;1,00;
02/02/2026;021;70214;6191114623774;XL;995;25H;;1,00;
02/02/2026;021;70220;6191114631137;S;870;25H;;1,00;
02/02/2026;021;70220;6191114631229;XXL;695;25H;;1,00;
02/02/2026;021;70227;6191114652231;XXL;I740;25H;;1,00;
02/02/2026;021;70227;6191114652248;XXL;I875;25H;;-1,00;
02/02/2026;021;70228;6191114649897;XL;995;25H;;1,00;
02/02/2026;024;20384;6191114285668;XXL;385;23H;;1,00;
02/02/2026;024;20416;6191114293625;XXL;995;23H;;1,00;
02/02/2026;024;21073;6191114448506;M;740;24H;;1,00;
02/02/2026;024;21126;6191114462083;L;R634;24H;;1,00;
02/02/2026;024;21131;6191114462717;XL;530;24H;;1,00;
02/02/2026;024;21246;6191114481466;XL;995;24H;;1,00;
02/02/2026;024;21247;6191114481527;XL;995;24H;;2,00;
02/02/2026;024;21282;6191114502574;S;995;24H;;1,00;
02/02/2026;024;21325;6191114497726;XXL;995;24H;;1,00;
02/02/2026;024;21334;6191114499577;XL;784;24H;;1,00;
02/02/2026;024;21336;6191114499911;XL;870;24H;;1,00;
02/02/2026;024;21337;6191114508125;XL;634;24H;;1,00;
02/02/2026;024;21337;6191114508149;3XL;634;24H;;1,00;
02/02/2026;024;21447;6191114529311;S;385;24H;;1,00;
02/02/2026;024;21468;6191114531703;3XL;390;24H;;1,00;
02/02/2026;024;22005;6191114606609;L;815;25H;;1,00;
02/02/2026;024;22007;6191114607002;S;905;25H;;1,00;
02/02/2026;024;22011;6191114607422;XL;010;25H;;1,00;
02/02/2026;024;22026;6191114610224;XL;815;25H;;1,00;
02/02/2026;024;22036;6191114611122;S;R995;25H;;1,00;
02/02/2026;024;22062;6191114618411;3XL;195;25H;;1,00;
02/02/2026;024;22064;6191114618732;L;175;25H;;1,00;
02/02/2026;024;22072;6191114616202;M;476;25H;;1,00;
02/02/2026;024;22080;6191114617018;XL;476;25H;;1,00;
02/02/2026;024;22090;6191114620070;XL;815;25H;;1,00;
02/02/2026;024;22091;6191114620216;XXL;815;25H;;1,00;
02/02/2026;024;22095;6191114620513;M;R350;25H;;1,00;
02/02/2026;024;22103;6191114621183;3XL;995;25H;;-1,00;
02/02/2026;024;22108;6191114622159;L;870;25H;;1,00;
02/02/2026;024;22110;6191114622463;S;255;25H;;1,00;
02/02/2026;024;22113;6191114645646;S;820;25H;;1,00;
02/02/2026;024;22113;6191114645714;L;990;25H;;1,00;
02/02/2026;024;22113;6191114645738;XL;820;25H;;1,00;
02/02/2026;024;22113;6191114645745;XL;990;25H;;1,00;
02/02/2026;024;22116;6191114646186;XXL;770;25H;;1,00;
02/02/2026;024;22123;6191114646742;L;695;25H;;1,00;
02/02/2026;024;22123;6191114646797;3XL;995;25H;;1,00;
02/02/2026;024;22138;6191114624283;XXL;995;25H;;-1,00;
02/02/2026;024;22139;6191114624504;XXL;385;25H;;1,00;
02/02/2026;024;22142;6191114624771;XL;195;25H;;1,00;
02/02/2026;024;22182;6191114629363;L;870;25H;;1,00;
02/02/2026;024;22182;6191114629479;3XL;784;25H;;1,00;
02/02/2026;024;22197;6191114630093;XXL;815;25H;;2,00;
02/02/2026;024;22198;6191114630130;S;695;25H;;1,00;
02/02/2026;024;22200;6191114648333;L;210;25H;;1,00;
02/02/2026;024;22202;6191114630567;XXL;995;25H;;1,00;
02/02/2026;024;22203;6191114630628;M;995;25H;;1,00;
02/02/2026;024;22209;6191114640672;S;815;25H;;1,00;
02/02/2026;024;22209;6191114640719;L;815;25H;;1,00;
02/02/2026;024;22209;6191114640733;XL;815;25H;;1,00;
02/02/2026;024;22212;6191114641464;S;255;25H;;1,00;
02/02/2026;024;22212;6191114641471;S;235;25H;;1,00;
02/02/2026;024;22222;6191114643413;XL;995;25H;;1,00;
02/02/2026;024;22238;6191114644892;XXL;I995;25H;;1,00;
02/02/2026;024;22239;6191114645035;XXL;815;25H;;1,00;
02/02/2026;024;22241;6191114647398;XXL;R000;25H;;1,00;
02/02/2026;024;22245;6191114648296;XL;010;25H;;1,00;
02/02/2026;024;22250;6191114649637;XL;815;25H;;1,00;
02/02/2026;024;22257;6191114650480;S;I740;25H;;1,00;
02/02/2026;024;22258;6191114650770;XL;385;25H;;1,00;
02/02/2026;024;22262;6191114651371;L;385;25H;;1,00;
02/02/2026;024;22263;6191114651517;M;870;25H;;1,00;
02/02/2026;024;22263;6191114651579;XL;870;25H;;1,00;
02/02/2026;024;22270;6191114649934;M;995;25H;;1,00;
02/02/2026;024;22271;6191114652385;L;010;25H;;1,00;
02/02/2026;024;22287;6191114654570;XL;815;25H;;1,00;
02/02/2026;024;22288;6191114654693;3XL;995;25H;;1,00;
02/02/2026;024;22291;6191114655423;L;995;25H;;1,00;
02/02/2026;024;22291;6191114655430;L;495;25H;;1,00;
02/02/2026;024;22295;6191114656239;L;695;25H;;1,00;
02/02/2026;024;22298;6191114658240;S;R385;25H;;1,00;
02/02/2026;024;22299;6191114659735;L;695;25H;;1,00;
02/02/2026;024;22300;6191114656802;S;870;25H;;1,00;
02/02/2026;024;22301;6191114657083;S;215;25H;;1,00;
02/02/2026;024;22301;6191114657175;3XL;995;25H;;1,00;
02/02/2026;024;22301;6191114657182;3XL;215;25H;;1,00;
02/02/2026;024;22302;6191114657236;L;995;25H;;1,00;
02/02/2026;024;22306;6191114669079;L;995;25H;;1,00;
02/02/2026;024;22307;6191114669987;L;M870;25H;;1,00;
02/02/2026;024;22310;6191114658073;XXL;995;25H;;1,00;
02/02/2026;024;22312;6191114658127;S;995;25H;;1,00;
02/02/2026;024;22320;6191114659124;S;870;25H;;1,00;
02/02/2026;024;22321;6191114659261;S;870;25H;;1,00;
02/02/2026;024;22333;6191114660656;L;990;25H;;1,00;
02/02/2026;024;22348;6191114668652;M;I995;25H;;1,00;
02/02/2026;024;55810;6191114642249;XL;385;25H;;1,00;
02/02/2026;024;55813;6191114645226;L;385;25H;;1,00;
02/02/2026;024;55816;6191114648425;M;R990;25H;;1,00;
02/02/2026;024;55817;6191114654785;L;790;25H;;1,00;
02/02/2026;024;70202;6191114608153;L;995;25H;;1,00;
02/02/2026;024;70202;6191114608191;XXL;995;25H;;1,00;
02/02/2026;024;70206;6191114612426;L;995;25H;;1,00;
02/02/2026;024;70210;6191114619173;M;R350;25H;;1,00;
02/02/2026;024;70211;6191114621329;XL;995;25H;;1,00;
02/02/2026;024;70226;6191114651975;M;I995;25H;;1,00;
02/02/2026;024;70226;6191114651982;M;I880;25H;;1,00;
02/02/2026;024;70226;6191114652118;3XL;I815;25H;;1,00;
02/02/2026;024;70228;6191114649873;M;995;25H;;1,00;
02/02/2026;024;70233;6191114658899;XL;995;25H;;1,00;
02/02/2026;024;70233;6191114658912;3XL;995;25H;;1,00;
02/02/2026;024;91272;6194444115667;TU;815;22H;;2,00;
02/02/2026;024;91273;6194444115674;TU;815;22H;;2,00;
02/02/2026;024;91502;6191114669123;TU;695;25H;;1,00;
02/02/2026;024;91506;6191114626386;TU;880;25H;;1,00;
02/02/2026;029;20612;6191114332850;41;995;24E;;1,00;
02/02/2026;029;21131;6191114462700;XL;010;24H;;1,00;
02/02/2026;029;21131;6191114462717;XL;530;24H;;1,00;
02/02/2026;029;21223;6191114479265;XL;995;24H;;1,00;
02/02/2026;029;21412;6191114513884;XL;995;24H;;1,00;
02/02/2026;029;21554;6191114543799;39;995;25E;;1,00;
02/02/2026;029;22005;6191114606654;XL;645;25H;;1,00;
02/02/2026;029;22006;6191114606913;XL;995;25H;;1,00;
02/02/2026;029;22013;6191114607675;XL;995;25H;;1,00;
02/02/2026;029;22019;6191114609457;XL;995;25H;;1,00;
02/02/2026;029;22032;6191114610965;XXL;995;25H;;1,00;
02/02/2026;029;22032;6191114610972;XXL;940;25H;;1,00;
02/02/2026;029;22062;6191114618329;L;195;25H;;1,00;
02/02/2026;029;22071;6191114616134;XL;784;25H;;1,00;
02/02/2026;029;22111;6191114622678;XL;255;25H;;1,00;
02/02/2026;029;22113;6191114645677;M;820;25H;;1,00;
02/02/2026;029;22117;6191114646315;XXL;995;25H;;1,00;
02/02/2026;029;22117;6191114648999;L;940;25H;;1,00;
02/02/2026;029;22117;6191114649002;XL;940;25H;;1,00;
02/02/2026;029;22151;6191114625716;L;995;25H;;1,00;
02/02/2026;029;22159;6191114626034;XS;880;25H;;1,00;
02/02/2026;029;22164;6191114649446;M;995;25H;;1,00;
02/02/2026;029;22178;6191114628991;XL;P010;25H;;1,00;
02/02/2026;029;22183;6191114629516;M;995;25H;;1,00;
02/02/2026;029;22184;6191114629622;S;995;25H;;1,00;
02/02/2026;029;22185;6191114627680;XXL;784;25H;;1,00;
02/02/2026;029;22186;6191114627789;XXL;784;25H;;1,00;
02/02/2026;029;22194;6191114628199;L;I255;25H;;1,00;
02/02/2026;029;22203;6191114630659;L;010;25H;;1,00;
02/02/2026;029;22211;6191114641396;XL;694;25H;;2,00;
02/02/2026;029;22216;6191114642690;XL;I385;25H;;1,00;
02/02/2026;029;22216;6191114642768;XXL;I255;25H;;1,00;
02/02/2026;029;22247;6191114648722;XL;R385;25H;;1,00;
02/02/2026;029;22250;6191114649576;M;815;25H;;1,00;
02/02/2026;029;22259;6191114650893;S;010;25H;;1,00;
02/02/2026;029;22262;6191114651388;L;490;25H;;1,00;
02/02/2026;029;22301;6191114657151;XXL;995;25H;;1,00;
02/02/2026;029;22303;6191114657397;XL;870;25H;;1,00;
02/02/2026;029;22307;6191114669956;M;M870;25H;;1,00;
02/02/2026;029;22328;6191114661417;XL;995;25H;;1,00;
02/02/2026;029;22351;6191114668829;M;I815;25H;;1,00;
02/02/2026;029;22351;6191114668843;XL;I815;25H;;1,00;
02/02/2026;029;70207;6191114612501;S;R695;25H;;1,00;
02/02/2026;029;70207;6191114612570;XXL;R385;25H;;1,00;
02/02/2026;029;70224;6191114641860;3XL;694;25H;;1,00;
02/02/2026;029;70227;6191114652194;L;I740;25H;;1,00;
02/02/2026;030;22004;6191114606487;XXL;R815;25H;;1,00;
02/02/2026;030;22004;6191114606494;3XL;R000;25H;;1,00;
02/02/2026;030;22006;6191114606845;L;815;25H;;1,00;
02/02/2026;030;22006;6191114606951;XXL;995;25H;;1,00;
02/02/2026;030;22012;6191114607491;S;010;25H;;1,00;
02/02/2026;030;22017;6191114609211;XL;010;25H;;1,00;
02/02/2026;030;22019;6191114609488;3XL;815;25H;;1,00;
02/02/2026;030;22024;6191114653344;3XL;815;25H;;1,00;
02/02/2026;030;22028;6191114610507;3XL;870;25H;;1,00;
02/02/2026;030;22061;6191114618183;XL;R385;25H;;1,00;
02/02/2026;030;22064;6191114618671;M;695;25H;;1,00;
02/02/2026;030;22077;6191114626140;L;326;25H;;-1,00;
02/02/2026;030;22086;6191114619524;L;010;25H;;1,00;
02/02/2026;030;22088;6191114619852;4XL;385;25H;;1,00;
02/02/2026;030;22088;6191114619869;4XL;995;25H;;1,00;
02/02/2026;030;22092;6191114620308;L;995;25H;;1,00;
02/02/2026;030;22114;6191114645820;M;020;25H;;1,00;
02/02/2026;030;22114;6191114645844;L;020;25H;;1,00;
02/02/2026;030;22115;6191114645974;L;820;25H;;1,00;
02/02/2026;030;22115;6191114645981;L;990;25H;;1,00;
02/02/2026;030;22116;6191114646131;L;995;25H;;1,00;
02/02/2026;030;22116;6191114646148;L;770;25H;;2,00;
02/02/2026;030;22118;6191114646445;XXL;874;25H;;1,00;
02/02/2026;030;22126;6191114647022;XL;E385;25H;;1,00;
02/02/2026;030;22127;6191114649071;XL;770;25H;;1,00;
02/02/2026;030;22128;6191114623019;L;870;25H;;1,00;
02/02/2026;030;22139;6191114624436;M;940;25H;;1,00;
02/02/2026;030;22150;6191114625617;M;995;25H;;1,00;
02/02/2026;030;22152;6191114625778;XL;995;25H;;1,00;
02/02/2026;030;22174;6191114628755;XL;990;25H;;1,00;
02/02/2026;030;22183;6191114629530;L;995;25H;;1,00;
02/02/2026;030;22190;6191114627840;XL;995;25H;;1,00;
02/02/2026;030;22200;6191114648333;L;210;25H;;1,00;
02/02/2026;030;22201;6191114630420;XL;815;25H;;1,00;
02/02/2026;030;22202;6191114630529;L;995;25H;;1,00;
02/02/2026;030;22207;6191114640481;XL;784;25H;;1,00;
02/02/2026;030;22207;6191114640511;XXL;784;25H;;-1,00;
02/02/2026;030;22207;6191114640542;3XL;784;25H;;1,00;
02/02/2026;030;22222;6191114643413;XL;995;25H;;1,00;
02/02/2026;030;22222;6191114643420;XL;010;25H;;1,00;
02/02/2026;030;22222;6191114643451;XXL;010;25H;;1,00;
02/02/2026;030;22238;6191114644878;L;I995;25H;;1,00;
02/02/2026;030;22244;6191114647947;M;695;25H;;1,00;
02/02/2026;030;22244;6191114647978;L;695;25H;;1,00;
02/02/2026;030;22244;6191114647992;XL;215;25H;;1,00;
02/02/2026;030;22244;6191114648067;3XL;695;25H;;1,00;
02/02/2026;030;22251;6191114650022;L;995;25H;;1,00;
02/02/2026;030;22252;6191114650145;L;995;25H;;1,00;
02/02/2026;030;22252;6191114650152;L;255;25H;;1,00;
02/02/2026;030;22253;6191114669246;M;255;25H;;1,00;
02/02/2026;030;22254;6191114650299;M;995;25H;;1,00;
02/02/2026;030;22257;6191114650497;S;I195;25H;;1,00;
02/02/2026;030;22264;6191114651722;3XL;995;25H;;1,00;
02/02/2026;030;22268;6191114649750;L;870;25H;;1,00;
02/02/2026;030;22268;6191114653153;XS;695;25H;;1,00;
02/02/2026;030;22269;6191114653160;XS;695;25H;;1,00;
02/02/2026;030;22269;6191114653177;S;695;25H;;1,00;
02/02/2026;030;22271;6191114652484;3XL;695;25H;;1,00;
02/02/2026;030;22276;6191114655812;XL;995;25H;;1,00;
02/02/2026;030;22276;6191114655850;3XL;995;25H;;1,00;
02/02/2026;030;22277;6191114653436;XL;815;25H;;1,00;
02/02/2026;030;22287;6191114654532;M;815;25H;;1,00;
02/02/2026;030;22288;6191114654655;M;995;25H;;1,00;
02/02/2026;030;22294;6191114656017;S;870;25H;;1,00;
02/02/2026;030;22295;6191114656239;L;695;25H;;1,00;
02/02/2026;030;22295;6191114656246;XL;995;25H;;1,00;
02/02/2026;030;22297;6191114656666;L;215;25H;;1,00;
02/02/2026;030;22302;6191114657205;S;245;25H;;1,00;
02/02/2026;030;22303;6191114657397;XL;870;25H;;1,00;
02/02/2026;030;22303;6191114657434;3XL;870;25H;;1,00;
02/02/2026;030;22304;6191114660441;M;MCO;25H;;1,00;
02/02/2026;030;22307;6191114669987;L;M870;25H;;1,00;
02/02/2026;030;22320;6191114659209;XXL;870;25H;;1,00;
02/02/2026;030;22331;6191114660403;XL;495;25H;;1,00;
02/02/2026;030;22331;6191114660410;XXL;495;25H;;1,00;
02/02/2026;030;22332;6191114660595;3XL;940;25H;;1,00;
02/02/2026;030;22338;6191114660908;L;170;25H;;1,00;
02/02/2026;030;22351;6191114668812;S;I815;25H;;1,00;
02/02/2026;030;55806;6191114640955;3XL;870;25H;;1,00;
02/02/2026;030;55811;6191114644564;S;R784;25H;;1,00;
02/02/2026;030;55818;6191114654990;L;995;25H;;-1,00;
02/02/2026;030;55818;6191114655041;XL;995;25H;;1,00;
02/02/2026;030;70213;6191114623699;L;P385;25H;;1,00;
02/02/2026;030;70217;6191114647305;M;E385;25H;;1,00;
02/02/2026;030;70217;6191114647329;XL;E385;25H;;1,00;
02/02/2026;030;70226;6191114652149;4XL;I815;25H;;1,00;
02/02/2026;030;70227;6191114652255;3XL;I740;25H;;1,00;
02/02/2026;030;70231;6191114658691;L;C000;25H;;1,00;
02/02/2026;030;70231;6191114658776;4XL;C000;25H;;1,00;
02/02/2026;030;70232;6191114658844;3XL;995;25H;;1,00;
02/02/2026;030;91527;6191114640139;39;870;25H;;1,00;
02/02/2026;031;22011;6191114607446;XXL;010;25H;;1,00;
02/02/2026;031;22032;6191114610958;XL;940;25H;;1,00;
02/02/2026;031;22045;6191114611726;XL;995;25H;;1,00;
02/02/2026;031;22101;6191114621046;XL;995;25H;;1,00;
02/02/2026;031;22113;6191114645691;M;005;25H;;1,00;
02/02/2026;031;22117;6191114649002;XL;940;25H;;1,00;
02/02/2026;031;22182;6191114629363;L;870;25H;;1,00;
02/02/2026;031;22184;6191114629646;L;995;25H;;1,00;
02/02/2026;031;22201;6191114630437;XL;995;25H;;1,00;
02/02/2026;031;22201;6191114630444;XXL;815;25H;;1,00;
02/02/2026;031;22216;6191114642744;L;I255;25H;;1,00;
02/02/2026;031;22223;6191114643543;L;645;25H;;1,00;
02/02/2026;031;22239;6191114645059;XXL;784;25H;;1,00;
02/02/2026;031;22246;6191114648852;XL;995;25H;;1,00;
02/02/2026;031;22258;6191114650770;XL;385;25H;;1,00;
02/02/2026;031;22262;6191114651401;XL;490;25H;;1,00;
02/02/2026;031;22286;6191114654488;3XL;995;25H;;1,00;
02/02/2026;031;22287;6191114654624;3XL;995;25H;;1,00;
02/02/2026;031;22300;6191114656833;XL;870;25H;;1,00;
02/02/2026;031;22301;6191114657182;3XL;215;25H;;1,00;
02/02/2026;031;22316;6191114658523;XL;476;25H;;1,00;
02/02/2026;031;22338;6191114660922;XXL;170;25H;;1,00;
02/02/2026;031;22343;6191114661462;XXL;I634;25H;;1,00;
02/02/2026;031;70206;6191114612419;L;870;25H;;1,00;
02/02/2026;031;70217;6191114649392;XL;I385;25H;;1,00;
02/02/2026;031;91272;6194444115667;TU;815;22H;;1,00;
02/02/2026;032;21923;6191114602045;XS;476;25E;;1,00;
02/02/2026;032;22006;6191114606791;S;995;25H;;1,00;
02/02/2026;032;22011;6191114607361;S;010;25H;;1,00;
02/02/2026;032;22012;6191114607484;S;995;25H;;1,00;
02/02/2026;032;22031;6191114610866;3XL;995;25H;;1,00;
02/02/2026;032;22033;6191114611023;M;815;25H;;1,00;
02/02/2026;032;22042;6191114609013;L;995;25H;;1,00;
02/02/2026;032;22049;6191114612129;L;995;25H;;1,00;
02/02/2026;032;22073;6191114616318;XL;870;25H;;1,00;
02/02/2026;032;22117;6191114649026;XS;940;25H;;1,00;
02/02/2026;032;22118;6191114646377;M;995;25H;;1,00;
02/02/2026;032;22173;6191114628700;XXL;995;25H;;1,00;
02/02/2026;032;22184;6191114629653;XL;995;25H;;1,00;
02/02/2026;032;22204;6191114630772;3XL;995;25H;;1,00;
02/02/2026;032;22212;6191114641457;S;385;25H;;1,00;
02/02/2026;032;22257;6191114650619;XXL;I195;25H;;1,00;
02/02/2026;032;22265;6191114651753;S;995;25H;;1,00;
02/02/2026;032;22267;6191114651869;XL;815;25H;;1,00;
02/02/2026;032;22268;6191114656338;L;890;25H;;1,00;
02/02/2026;032;22269;6191114653184;M;695;25H;;1,00;
02/02/2026;032;22301;6191114657090;M;995;25H;;1,00;
02/02/2026;032;22328;6191114661431;3XL;995;25H;;1,00;
02/02/2026;032;55813;6191114645219;M;940;25H;;1,00;
02/02/2026;032;55817;6191114654877;3XL;790;25H;;1,00;
02/02/2026;032;55818;6191114655133;3XL;385;25H;;1,00;
02/02/2026;032;55818;6191114655140;3XL;995;25H;;1,00;
02/02/2026;032;70231;6191114658714;XL;C000;25H;;1,00;
02/02/2026;033;22026;6191114610224;XL;815;25H;;1,00;
02/02/2026;033;22028;6191114610484;XXL;870;25H;;1,00;
02/02/2026;033;22032;6191114610965;XXL;995;25H;;1,00;
02/02/2026;033;22037;6191114611245;S;995;25H;;1,00;
02/02/2026;033;22044;6191114622067;3XL;695;25H;;1,00;
02/02/2026;033;22045;6191114611689;M;995;25H;;1,00;
02/02/2026;033;22052;6191114617254;3XL;385;25H;;1,00;
02/02/2026;033;22054;6191114617469;XXL;385;25H;;1,00;
02/02/2026;033;22062;6191114618435;4XL;995;25H;;1,00;
02/02/2026;033;22064;6191114618756;XL;815;25H;;1,00;
02/02/2026;033;22064;6191114618770;XL;695;25H;;1,00;
02/02/2026;033;22089;6191114619999;4XL;385;25H;;1,00;
02/02/2026;033;22113;6191114645653;S;990;25H;;1,00;
02/02/2026;033;22121;6191114646629;3XL;995;25H;;1,00;
02/02/2026;033;22164;6191114649507;XXL;995;25H;;1,00;
02/02/2026;033;22183;6191114629554;XL;995;25H;;1,00;
02/02/2026;033;22184;6191114629677;3XL;995;25H;;1,00;
02/02/2026;033;22202;6191114630529;L;995;25H;;1,00;
02/02/2026;033;22258;6191114650862;4XL;385;25H;;1,00;
02/02/2026;033;22265;6191114651791;XXL;995;25H;;1,00;
02/02/2026;033;22331;6191114660175;M;815;25H;;1,00;
02/02/2026;033;22331;6191114660311;XXL;995;25H;;1,00;
02/02/2026;033;91273;6194444115674;TU;815;22H;;2,00;
03/02/2026;002;20354;6191114297463;XL;790;23H;;1,00;
03/02/2026;002;20836;6191114396760;S/M;990;24E;;1,00;
03/02/2026;002;20880;6191114407107;40;010;24E;;-1,00;
03/02/2026;002;21306;6191114504486;4XL;195;24H;;1,00;
03/02/2026;002;21472;6191114532021;S;815;24H;;1,00;
03/02/2026;002;21727;6191114572669;M;145;25E;;1,00;
03/02/2026;002;21835;6191114584204;XL;995;25E;;1,00;
03/02/2026;002;21835;6191114584228;XL;145;25E;;1,00;
03/02/2026;002;21835;6191114584235;XL;235;25E;;1,00;
03/02/2026;002;21835;6191114584341;XXL;645;25E;;-1,00;
03/02/2026;002;21835;6191114584372;3XL;000;25E;;1,00;
03/02/2026;002;21863;6191114589438;XL;310;25E;;1,00;
03/02/2026;002;21908;6191114600393;L;385;25E;;1,00;
03/02/2026;002;22002;6191114606111;XXL;645;25H;;1,00;
03/02/2026;002;22003;6191114606173;S;R724;25H;;1,00;
03/02/2026;002;22004;6191114606500;3XL;R995;25H;;1,00;
03/02/2026;002;22005;6191114606654;XL;645;25H;;1,00;
03/02/2026;002;22019;6191114609389;S;815;25H;;-1,00;
03/02/2026;002;22020;6191114609563;XL;695;25H;;1,00;
03/02/2026;002;22023;6191114609839;M;R010;25H;;1,00;
03/02/2026;002;22023;6191114609853;L;R010;25H;;1,00;
03/02/2026;002;22023;6191114609907;3XL;R385;25H;;1,00;
03/02/2026;002;22033;6191114611054;L;695;25H;;1,00;
03/02/2026;002;22033;6191114611061;XL;815;25H;;1,00;
03/02/2026;002;22036;6191114611238;3XL;R010;25H;;1,00;
03/02/2026;002;22045;6191114611726;XL;995;25H;;1,00;
03/02/2026;002;22045;6191114611764;3XL;995;25H;;1,00;
03/02/2026;002;22046;6191114611788;S;C385;25H;;1,00;
03/02/2026;002;22060;6191114618114;3XL;310;25H;;1,00;
03/02/2026;002;22063;6191114618589;XL;995;25H;;1,00;
03/02/2026;002;22064;6191114618862;3XL;010;25H;;1,00;
03/02/2026;002;22066;6191114615564;S;875;25H;;1,00;
03/02/2026;002;22066;6191114615595;L;815;25H;;-1,00;
03/02/2026;002;22067;6191114615663;S;380;25H;;1,00;
03/02/2026;002;22067;6191114615687;L;380;25H;;1,00;
03/02/2026;002;22071;6191114616127;L;195;25H;;1,00;
03/02/2026;002;22071;6191114616134;XL;784;25H;;1,00;
03/02/2026;002;22071;6191114616165;XXL;195;25H;;1,00;
03/02/2026;002;22080;6191114616967;M;380;25H;;1,00;
03/02/2026;002;22086;6191114619500;M;010;25H;;1,00;
03/02/2026;002;22086;6191114619579;3XL;995;25H;;1,00;
03/02/2026;002;22108;6191114622135;S;870;25H;;1,00;
03/02/2026;002;22108;6191114622159;L;870;25H;;1,00;
03/02/2026;002;22111;6191114622593;M;385;25H;;1,00;
03/02/2026;002;22113;6191114645714;L;990;25H;;1,00;
03/02/2026;002;22114;6191114645844;L;020;25H;;1,00;
03/02/2026;002;22116;6191114646186;XXL;770;25H;;1,00;
03/02/2026;002;22120;6191114646551;3XL;995;25H;;1,00;
03/02/2026;002;22127;6191114647152;XXL;995;25H;;1,00;
03/02/2026;002;22127;6191114649071;XL;770;25H;;1,00;
03/02/2026;002;22128;6191114623040;XL;870;25H;;1,00;
03/02/2026;002;22128;6191114623057;XL;995;25H;;1,00;
03/02/2026;002;22129;6191114623217;XXL;385;25H;;1,00;
03/02/2026;002;22133;6191114625204;XL;995;25H;;1,00;
03/02/2026;002;22139;6191114624375;XS;940;25H;;1,00;
03/02/2026;002;22139;6191114624528;XXL;940;25H;;1,00;
03/02/2026;002;22143;6191114624900;S;476;25H;;1,00;
03/02/2026;002;22171;6191114627130;M;R925;25H;;1,00;
03/02/2026;002;22180;6191114629233;XL;995;25H;;2,00;
03/02/2026;002;22182;6191114629424;XXL;870;25H;;1,00;
03/02/2026;002;22183;6191114629554;XL;995;25H;;2,00;
03/02/2026;002;22183;6191114629561;XXL;385;25H;;1,00;
03/02/2026;002;22185;6191114627673;XXL;695;25H;;1,00;
03/02/2026;002;22185;6191114627680;XXL;784;25H;;-1,00;
03/02/2026;002;22194;6191114628182;L;I385;25H;;1,00;
03/02/2026;002;22194;6191114628229;XL;I255;25H;;-1,00;
03/02/2026;002;22200;6191114630307;XL;010;25H;;1,00;
03/02/2026;002;22201;6191114630413;L;995;25H;;1,00;
03/02/2026;002;22201;6191114630468;3XL;815;25H;;1,00;
03/02/2026;002;22201;6191114630475;3XL;995;25H;;1,00;
03/02/2026;002;22203;6191114630659;L;010;25H;;1,00;
03/02/2026;002;22203;6191114630680;XXL;995;25H;;1,00;
03/02/2026;002;22216;6191114642737;M;I255;25H;;1,00;
03/02/2026;002;22223;6191114643505;S;995;25H;;1,00;
03/02/2026;002;22223;6191114643536;M;995;25H;;1,00;
03/02/2026;002;22242;6191114647602;XL;724;25H;;1,00;
03/02/2026;002;22242;6191114647626;XXL;380;25H;;1,00;
03/02/2026;002;22242;6191114647671;3XL;380;25H;;1,00;
03/02/2026;002;22242;6191114647688;3XL;695;25H;;1,00;
03/02/2026;002;22244;6191114647954;L;995;25H;;1,00;
03/02/2026;002;22244;6191114647978;L;695;25H;;1,00;
03/02/2026;002;22244;6191114648005;XL;695;25H;;1,00;
03/02/2026;002;22246;6191114648852;XL;995;25H;;1,00;
03/02/2026;002;22247;6191114648722;XL;R385;25H;;1,00;
03/02/2026;002;22247;6191114648746;XL;R270;25H;;1,00;
03/02/2026;002;22253;6191114650244;L;995;25H;;1,00;
03/02/2026;002;22255;6191114650381;XXL;995;25H;;1,00;
03/02/2026;002;22257;6191114650602;XXL;I740;25H;;1,00;
03/02/2026;002;22258;6191114650770;XL;385;25H;;1,00;
03/02/2026;002;22262;6191114651371;L;385;25H;;1,00;
03/02/2026;002;22263;6191114651500;S;010;25H;;-1,00;
03/02/2026;002;22275;6191114652972;XL;385;25H;;1,00;
03/02/2026;002;22276;6191114655775;M;995;25H;;-1,00;
03/02/2026;002;22276;6191114655843;3XL;385;25H;;1,00;
03/02/2026;002;22281;6191114653986;L;995;25H;;1,00;
03/02/2026;002;22288;6191114654648;S;995;25H;;1,00;
03/02/2026;002;22288;6191114654679;XL;995;25H;;1,00;
03/02/2026;002;22288;6191114654686;XXL;995;25H;;1,00;
03/02/2026;002;22288;6191114654693;3XL;995;25H;;1,00;
03/02/2026;002;22294;6191114656062;M;950;25H;;1,00;
03/02/2026;002;22296;6191114656574;XXL;215;25H;;1,00;
03/02/2026;002;22301;6191114657120;L;215;25H;;1,00;
03/02/2026;002;22302;6191114657250;XL;995;25H;;1,00;
03/02/2026;002;22302;6191114657267;XL;245;25H;;1,00;
03/02/2026;002;22302;6191114657281;XXL;245;25H;;1,00;
03/02/2026;002;22306;6191114669062;M;995;25H;;1,00;
03/02/2026;002;22306;6191114669079;L;995;25H;;1,00;
03/02/2026;002;22308;6191114657717;L;870;25H;;1,00;
03/02/2026;002;22308;6191114657748;3XL;870;25H;;1,00;
03/02/2026;002;22311;6191114658103;XL;I995;25H;;1,00;
03/02/2026;002;22312;6191114658141;L;995;25H;;1,00;
03/02/2026;002;22322;6191114659513;XL;190;25H;;1,00;
03/02/2026;002;22326;6191114668348;XXL;995;25H;;1,00;
03/02/2026;002;22331;6191114660151;S;995;25H;;-1,00;
03/02/2026;002;22331;6191114660274;XL;995;25H;;1,00;
03/02/2026;002;22331;6191114660328;XXL;390;25H;;1,00;
03/02/2026;002;22331;6191114660373;S;495;25H;;-1,00;
03/02/2026;002;22331;6191114660397;L;495;25H;;1,00;
03/02/2026;002;55723;6191114526693;S;385;24H;;1,00;
03/02/2026;002;55724;6191114526778;S;815;24H;;1,00;
03/02/2026;002;55800;6191114621619;XL;385;25H;;1,00;
03/02/2026;002;55800;6191114621633;XL;975;25H;;1,00;
03/02/2026;002;55801;6191114621879;3XL;975;25H;;1,00;
03/02/2026;002;55810;6191114642256;XL;010;25H;;1,00;
03/02/2026;002;55811;6191114644571;M;R310;25H;;1,00;
03/02/2026;002;55811;6191114644595;L;R310;25H;;1,00;
03/02/2026;002;55811;6191114644601;L;R784;25H;;1,00;
03/02/2026;002;55811;6191114644618;XL;R310;25H;;1,00;
03/02/2026;002;55811;6191114644632;XXL;R310;25H;;1,00;
03/02/2026;002;55813;6191114645196;M;385;25H;;1,00;
03/02/2026;002;55813;6191114645240;L;940;25H;;1,00;
03/02/2026;002;55813;6191114645257;XL;385;25H;;1,00;
03/02/2026;002;55815;6191114669345;XXL;995;25H;;1,00;
03/02/2026;002;55816;6191114648432;L;R995;25H;;2,00;
03/02/2026;002;55816;6191114648487;XL;R990;25H;;1,00;
03/02/2026;002;55818;6191114654983;L;385;25H;;1,00;
03/02/2026;002;55818;6191114654990;L;995;25H;;1,00;
03/02/2026;002;55818;6191114655126;XXL;694;25H;;1,00;
03/02/2026;002;55820;6191114657908;XXL;R784;25H;;1,00;
03/02/2026;002;70201;6191114608061;XL;R385;25H;;1,00;
03/02/2026;002;70202;6191114608177;XL;995;25H;;1,00;
03/02/2026;002;70208;6191114612723;3XL;R385;25H;;1,00;
03/02/2026;002;70220;6191114631182;L;695;25H;;1,00;
03/02/2026;002;70223;6191114631038;M;476;25H;;1,00;
03/02/2026;002;70228;6191114649897;XL;995;25H;;1,00;
03/02/2026;002;70231;6191114658783;4XL;C995;25H;;1,00;
03/02/2026;002;70232;6191114658844;3XL;995;25H;;1,00;
03/02/2026;002;70233;6191114658905;XXL;995;25H;;1,00;
03/02/2026;002;91509;6191114625280;37;995;25H;;1,00;
03/02/2026;002;91509;6191114625389;41;815;25H;;1,00;
03/02/2026;002;91510;6191114625518;41;815;25H;;1,00;
03/02/2026;005;22020;6191114609600;3XL;695;25H;;1,00;
03/02/2026;005;22031;6191114610798;M;695;25H;;1,00;
03/02/2026;005;22031;6191114610835;XL;695;25H;;1,00;
03/02/2026;005;22033;6191114611054;L;695;25H;;1,00;
03/02/2026;005;22036;6191114611238;3XL;R010;25H;;1,00;
03/02/2026;005;22064;6191114618756;XL;815;25H;;1,00;
03/02/2026;005;22064;6191114618855;3XL;815;25H;;1,00;
03/02/2026;005;22070;6191114616011;XL;385;25H;;1,00;
03/02/2026;005;22071;6191114616127;L;195;25H;;1,00;
03/02/2026;005;22071;6191114616134;XL;784;25H;;1,00;
03/02/2026;005;22071;6191114616141;XL;195;25H;;1,00;
03/02/2026;005;22098;6191114620858;L;995;25H;;1,00;
03/02/2026;005;22111;6191114622661;L;255;25H;;1,00;
03/02/2026;005;22132;6191114623859;L;794;25H;;1,00;
03/02/2026;005;22132;6191114623866;L;224;25H;;1,00;
03/02/2026;005;22139;6191114624467;L;940;25H;;1,00;
03/02/2026;005;22153;6191114625822;XL;995;25H;;1,00;
03/02/2026;005;22164;6191114649422;S;995;25H;;1,00;
03/02/2026;005;22188;6191114644717;S/M;995;25H;;1,00;
03/02/2026;005;22188;6191114644731;L/XL;995;25H;;-1,00;
03/02/2026;005;22190;6191114627857;XXL;995;25H;;1,00;
03/02/2026;005;22197;6191114630055;S;815;25H;;1,00;
03/02/2026;005;22198;6191114630147;M;385;25H;;1,00;
03/02/2026;005;22204;6191114630741;L;995;25H;;1,00;
03/02/2026;005;22212;6191114641532;L;235;25H;;1,00;
03/02/2026;005;22233;6191114644434;XXL;815;25H;;1,00;
03/02/2026;005;22254;6191114650305;L;995;25H;;1,00;
03/02/2026;005;22255;6191114650367;L;995;25H;;1,00;
03/02/2026;005;22257;6191114650596;XXL;I350;25H;;1,00;
03/02/2026;005;22262;6191114651418;XXL;385;25H;;1,00;
03/02/2026;005;22274;6191114652897;XXL;995;25H;;1,00;
03/02/2026;005;22284;6191114654235;XL;385;25H;;1,00;
03/02/2026;005;22285;6191114654372;XL;385;25H;;1,00;
03/02/2026;005;22285;6191114654389;XL;995;25H;;1,00;
03/02/2026;005;22286;6191114654464;XL;995;25H;;1,00;
03/02/2026;005;22295;6191114656222;L;995;25H;;1,00;
03/02/2026;005;22295;6191114656260;XXL;995;25H;;1,00;
03/02/2026;005;22298;6191114658271;XL;R385;25H;;1,00;
03/02/2026;005;22303;6191114657397;XL;870;25H;;1,00;
03/02/2026;005;22311;6191114658103;XL;I995;25H;;1,00;
03/02/2026;005;22320;6191114659179;L;825;25H;;-1,00;
03/02/2026;005;22320;6191114659193;XL;825;25H;;1,00;
03/02/2026;005;22325;6191114659964;L;695;25H;;1,00;
03/02/2026;005;22343;6191114661363;XL;I634;25H;;1,00;
03/02/2026;005;29215;6191114066601;XL;I815;22H;;1,00;
03/02/2026;005;55811;6191114644595;L;R310;25H;;1,00;
03/02/2026;005;55811;6191114644601;L;R784;25H;;1,00;
03/02/2026;005;55811;6191114644625;XL;R784;25H;;1,00;
03/02/2026;005;55816;6191114648463;XL;R995;25H;;1,00;
03/02/2026;005;55816;6191114648524;3XL;R995;25H;;1,00;
03/02/2026;005;55816;6191114648531;3XL;R385;25H;;1,00;
03/02/2026;005;66481;6191114502222;L/XL;200;24H;;1,00;
03/02/2026;005;70201;6191114608054;XL;R870;25H;;1,00;
03/02/2026;005;70206;6191114612471;3XL;870;25H;;1,00;
03/02/2026;005;70216;6191114624320;XL;R385;25H;;1,00;
03/02/2026;005;70227;6191114652194;L;I740;25H;;1,00;
03/02/2026;005;70231;6191114658714;XL;C000;25H;;2,00;
03/02/2026;005;70232;6191114658820;XL;995;25H;;1,00;
03/02/2026;005;91341;6191114512245;TU;995;24H;;1,00;
03/02/2026;009;21835;6191114584105;M;645;25E;;1,00;
03/02/2026;009;22010;6191114607248;S;815;25H;;1,00;
03/02/2026;009;22018;6191114609280;M;R385;25H;;1,00;
03/02/2026;009;22033;6191114611047;L;815;25H;;1,00;
03/02/2026;009;22036;6191114611146;M;R995;25H;;1,00;
03/02/2026;009;22063;6191114618572;XL;870;25H;;1,00;
03/02/2026;009;22088;6191114619784;L;995;25H;;1,00;
03/02/2026;009;22096;6191114620636;XXL;385;25H;;1,00;
03/02/2026;009;22118;6191114646445;XXL;874;25H;;1,00;
03/02/2026;009;22126;6191114647015;L;E385;25H;;1,00;
03/02/2026;009;22126;6191114647046;3XL;E385;25H;;1,00;
03/02/2026;009;22182;6191114629400;XL;995;25H;;1,00;
03/02/2026;009;22205;6191114630789;S;870;25H;;1,00;
03/02/2026;009;22216;6191114642683;L;I385;25H;;1,00;
03/02/2026;009;22216;6191114642751;XL;I255;25H;;1,00;
03/02/2026;009;22217;6191114642812;M;000;25H;;1,00;
03/02/2026;009;22242;6191114647572;XL;380;25H;;1,00;
03/02/2026;009;22252;6191114650169;XL;995;25H;;1,00;
03/02/2026;009;22253;6191114650251;XL;995;25H;;1,00;
03/02/2026;009;22255;6191114650374;XL;995;25H;;1,00;
03/02/2026;009;22257;6191114650534;L;I350;25H;;1,00;
03/02/2026;009;22262;6191114651432;3XL;385;25H;;1,00;
03/02/2026;009;22265;6191114651777;L;995;25H;;1,00;
03/02/2026;009;22275;6191114652941;M;790;25H;;1,00;
03/02/2026;009;22275;6191114652958;L;385;25H;;1,00;
03/02/2026;009;22276;6191114655799;L;995;25H;;1,00;
03/02/2026;009;22277;6191114653405;M;784;25H;;1,00;
03/02/2026;009;22287;6191114654549;M;995;25H;;1,00;
03/02/2026;009;55809;6191114642010;L;995;25H;;-1,00;
03/02/2026;009;55809;6191114642027;XL;995;25H;;1,00;
03/02/2026;009;55811;6191114644625;XL;R784;25H;;1,00;
03/02/2026;009;55820;6191114657854;L;R995;25H;;1,00;
03/02/2026;009;70203;6191114608290;XL;R995;25H;;1,00;
03/02/2026;009;70203;6191114608306;XL;R355;25H;;1,00;
03/02/2026;009;70228;6191114649880;L;995;25H;;1,00;
03/02/2026;011;22006;6191114606951;XXL;995;25H;;1,00;
03/02/2026;011;22006;6191114606968;3XL;815;25H;;1,00;
03/02/2026;011;22013;6191114607668;XL;870;25H;;1,00;
03/02/2026;011;22013;6191114607712;3XL;995;25H;;1,00;
03/02/2026;011;22019;6191114609488;3XL;815;25H;;1,00;
03/02/2026;011;22020;6191114609563;XL;695;25H;;1,00;
03/02/2026;011;22024;6191114653306;M;815;25H;;1,00;
03/02/2026;011;22026;6191114610224;XL;815;25H;;1,00;
03/02/2026;011;22028;6191114610484;XXL;870;25H;;1,00;
03/02/2026;011;22030;6191114610729;XXL;995;25H;;1,00;
03/02/2026;011;22036;6191114611184;XL;R995;25H;;1,00;
03/02/2026;011;22049;6191114612167;XXL;995;25H;;1,00;
03/02/2026;011;22049;6191114612181;3XL;995;25H;;1,00;
03/02/2026;011;22053;6191114617148;S;995;25H;;1,00;
03/02/2026;011;22060;6191114618091;XXL;310;25H;;1,00;
03/02/2026;011;22064;6191114618749;L;855;25H;;1,00;
03/02/2026;011;22073;6191114616349;XXL;395;25H;;1,00;
03/02/2026;011;22084;6191114616530;3XL;000;25H;;1,00;
03/02/2026;011;22087;6191114619692;XXL;385;25H;;1,00;
03/02/2026;011;22099;6191114620926;XL;995;25H;;1,00;
03/02/2026;011;22110;6191114622432;XL;385;25H;;1,00;
03/02/2026;011;22114;6191114645875;XXL;815;25H;;1,00;
03/02/2026;011;22114;6191114645882;XXL;020;25H;;1,00;
03/02/2026;011;22117;6191114646292;XL;995;25H;;1,00;
03/02/2026;011;22128;6191114622944;S;385;25H;;1,00;
03/02/2026;011;22137;6191114623439;XXL;385;25H;;1,00;
03/02/2026;011;22142;6191114624702;M;875;25H;;1,00;
03/02/2026;011;22162;6191114647268;XXL;995;25H;;1,00;
03/02/2026;011;22163;6191114659773;XL;C490;25H;;1,00;
03/02/2026;011;22190;6191114627857;XXL;995;25H;;1,00;
03/02/2026;011;22194;6191114628168;M;I255;25H;;1,00;
03/02/2026;011;22204;6191114630772;3XL;995;25H;;1,00;
03/02/2026;011;22207;6191114640375;S;995;25H;;1,00;
03/02/2026;011;22208;6191114640641;XXL;995;25H;;1,00;
03/02/2026;011;22212;6191114641501;M;235;25H;;1,00;
03/02/2026;011;22238;6191114644892;XXL;I995;25H;;1,00;
03/02/2026;011;22239;6191114645042;XXL;995;25H;;1,00;
03/02/2026;011;22243;6191114647800;XL;995;25H;;1,00;
03/02/2026;011;22248;6191114649187;XL;995;25H;;1,00;
03/02/2026;011;22250;6191114649637;XL;815;25H;;1,00;
03/02/2026;011;22250;6191114649651;XL;784;25H;;1,00;
03/02/2026;011;22257;6191114650626;3XL;I350;25H;;1,00;
03/02/2026;011;22263;6191114651562;L;010;25H;;1,00;
03/02/2026;011;22263;6191114651616;XXL;995;25H;;1,00;
03/02/2026;011;22268;6191114653108;M;695;25H;;1,00;
03/02/2026;011;22269;6191114653160;XS;695;25H;;1,00;
03/02/2026;011;22275;6191114652958;L;385;25H;;1,00;
03/02/2026;011;22278;6191114653481;M;995;25H;;1,00;
03/02/2026;011;22278;6191114653504;XL;995;25H;;1,00;
03/02/2026;011;22280;6191114653825;M;000;25H;;1,00;
03/02/2026;011;22287;6191114654563;L;995;25H;;1,00;
03/02/2026;011;22291;6191114655478;XXL;495;25H;;1,00;
03/02/2026;011;22294;6191114656161;3XL;870;25H;;1,00;
03/02/2026;011;22301;6191114657090;M;995;25H;;1,00;
03/02/2026;011;22301;6191114657175;3XL;995;25H;;1,00;
03/02/2026;011;22302;6191114657243;L;245;25H;;1,00;
03/02/2026;011;22303;6191114657342;S;195;25H;;-1,00;
03/02/2026;011;22303;6191114657373;L;870;25H;;1,00;
03/02/2026;011;22320;6191114659186;XL;870;25H;;1,00;
03/02/2026;011;22321;6191114659346;XXL;870;25H;;1,00;
03/02/2026;011;22322;6191114659506;XL;740;25H;;1,00;
03/02/2026;011;22330;6191114660045;M;220;25H;;1,00;
03/02/2026;011;22330;6191114660076;XL;724;25H;;1,00;
03/02/2026;011;22330;6191114660083;XL;220;25H;;1,00;
03/02/2026;011;22330;6191114660090;XXL;724;25H;;1,00;
03/02/2026;011;55806;6191114640894;XL;870;25H;;1,00;
03/02/2026;011;55806;6191114640900;XL;995;25H;;1,00;
03/02/2026;011;55810;6191114642225;L;385;25H;;1,00;
03/02/2026;011;55813;6191114645240;L;940;25H;;1,00;
03/02/2026;011;55813;6191114645257;XL;385;25H;;1,00;
03/02/2026;011;55816;6191114648456;L;R990;25H;;1,00;
03/02/2026;011;55816;6191114648494;XXL;R995;25H;;1,00;
03/02/2026;011;70214;6191114623804;XXL;195;25H;;1,00;
03/02/2026;011;70216;6191114624344;3XL;R385;25H;;1,00;
03/02/2026;011;70217;6191114647343;3XL;E385;25H;;1,00;
03/02/2026;011;70217;6191114649392;XL;I385;25H;;1,00;
03/02/2026;011;70220;6191114631205;XL;695;25H;;-1,00;
03/02/2026;011;70220;6191114631267;4XL;695;25H;;1,00;
03/02/2026;011;70233;6191114658899;XL;995;25H;;1,00;
03/02/2026;011;91273;6194444115674;TU;815;22H;;3,00;
03/02/2026;011;91505;6191114657311;TU;815;25H;;1,00;
03/02/2026;011;91509;6191114625297;38;815;25H;;1,00;
03/02/2026;014;21688;6191114566224;XL;476;25E;;1,00;
03/02/2026;014;21754;6191114588332;XXL;815;25E;;1,00;
03/02/2026;014;21827;6191114583108;3XL;200;25E;;1,00;
03/02/2026;014;22003;6191114606173;S;R724;25H;;1,00;
03/02/2026;014;22012;6191114607514;M;010;25H;;1,00;
03/02/2026;014;22020;6191114609549;L;695;25H;;1,00;
03/02/2026;014;22022;6191114609792;3XL;R010;25H;;1,00;
03/02/2026;014;22024;6191114653269;XL;870;25H;;1,00;
03/02/2026;014;22024;6191114653344;3XL;815;25H;;1,00;
03/02/2026;014;22026;6191114610262;3XL;815;25H;;1,00;
03/02/2026;014;22030;6191114610729;XXL;995;25H;;1,00;
03/02/2026;014;22057;6191114617834;XL;195;25H;;1,00;
03/02/2026;014;22063;6191114618503;S;784;25H;;1,00;
03/02/2026;014;22068;6191114615762;L;995;25H;;1,00;
03/02/2026;014;22098;6191114620834;S;995;25H;;1,00;
03/02/2026;014;22099;6191114620896;S;995;25H;;1,00;
03/02/2026;014;22099;6191114620933;XXL;995;25H;;1,00;
03/02/2026;014;22112;6191114622807;XXL;815;25H;;-1,00;
03/02/2026;014;22114;6191114645882;XXL;020;25H;;1,00;
03/02/2026;014;22123;6191114646797;3XL;995;25H;;1,00;
03/02/2026;014;22128;6191114623088;XXL;995;25H;;1,00;
03/02/2026;014;22129;6191114623101;S;995;25H;;1,00;
03/02/2026;014;22133;6191114625211;XXL;995;25H;;1,00;
03/02/2026;014;22137;6191114623392;L;235;25H;;1,00;
03/02/2026;014;22139;6191114624498;XL;940;25H;;1,00;
03/02/2026;014;22139;6191114624511;XXL;995;25H;;1,00;
03/02/2026;014;22139;6191114624559;3XL;940;25H;;1,00;
03/02/2026;014;22142;6191114624672;S;875;25H;;1,00;
03/02/2026;014;22148;6191114625556;L;995;25H;;1,00;
03/02/2026;014;22160;6191114626225;L;820;25H;;1,00;
03/02/2026;014;22162;6191114647244;XL;995;25H;;1,00;
03/02/2026;014;22172;6191114627321;S;195;25H;;1,00;
03/02/2026;014;22177;6191114628908;XL;010;25H;;1,00;
03/02/2026;014;22178;6191114629011;3XL;P010;25H;;1,00;
03/02/2026;014;22193;6191114628076;L;995;25H;;1,00;
03/02/2026;014;22201;6191114630444;XXL;815;25H;;-1,00;
03/02/2026;014;22201;6191114630468;3XL;815;25H;;1,00;
03/02/2026;014;22203;6191114630703;3XL;995;25H;;1,00;
03/02/2026;014;22212;6191114641563;XL;235;25H;;1,00;
03/02/2026;014;22223;6191114643642;3XL;995;25H;;1,00;
03/02/2026;014;22237;6191114644823;XL;I815;25H;;1,00;
03/02/2026;014;22242;6191114647602;XL;724;25H;;1,00;
03/02/2026;014;22243;6191114647800;XL;995;25H;;1,00;
03/02/2026;014;22244;6191114647923;M;995;25H;;1,00;
03/02/2026;014;22244;6191114647978;L;695;25H;;1,00;
03/02/2026;014;22256;6191114650411;M;995;25H;;1,00;
03/02/2026;014;22265;6191114651777;L;995;25H;;1,00;
03/02/2026;014;22265;6191114651784;XL;995;25H;;1,00;
03/02/2026;014;22269;6191114653191;L;695;25H;;1,00;
03/02/2026;014;22275;6191114652958;L;385;25H;;1,00;
03/02/2026;014;22275;6191114652989;XL;790;25H;;1,00;
03/02/2026;014;22280;6191114653795;S;000;25H;;1,00;
03/02/2026;014;22287;6191114654556;L;815;25H;;1,00;
03/02/2026;014;22287;6191114654563;L;995;25H;;1,00;
03/02/2026;014;22291;6191114655478;XXL;495;25H;;1,00;
03/02/2026;014;22296;6191114656451;S;215;25H;;1,00;
03/02/2026;014;22298;6191114658271;XL;R385;25H;;1,00;
03/02/2026;014;22301;6191114657113;L;995;25H;;-1,00;
03/02/2026;014;22301;6191114657144;XL;215;25H;;2,00;
03/02/2026;014;22302;6191114657250;XL;995;25H;;1,00;
03/02/2026;014;22306;6191114669109;3XL;995;25H;;1,00;
03/02/2026;014;22310;6191114658035;S;995;25H;;1,00;
03/02/2026;014;22311;6191114658097;L;I995;25H;;1,00;
03/02/2026;014;22316;6191114658516;L;476;25H;;1,00;
03/02/2026;014;22322;6191114659469;L;645;25H;;1,00;
03/02/2026;014;22322;6191114659568;3XL;740;25H;;1,00;
03/02/2026;014;22325;6191114659957;L;995;25H;;1,00;
03/02/2026;014;22328;6191114661400;L;995;25H;;1,00;
03/02/2026;014;22328;6191114661417;XL;995;25H;;1,00;
03/02/2026;014;22331;6191114660274;XL;995;25H;;1,00;
03/02/2026;014;22333;6191114660694;XXL;990;25H;;1,00;
03/02/2026;014;22343;6191114661462;XXL;I634;25H;;1,00;
03/02/2026;014;55809;6191114642089;M;010;25H;;1,00;
03/02/2026;014;55815;6191114669321;L;995;25H;;1,00;
03/02/2026;014;55816;6191114648432;L;R995;25H;;1,00;
03/02/2026;014;55816;6191114648517;XXL;R990;25H;;2,00;
03/02/2026;014;55818;6191114655102;XXL;824;25H;;2,00;
03/02/2026;014;55818;6191114658318;L;535;25H;;1,00;
03/02/2026;014;70201;6191114608108;3XL;R385;25H;;1,00;
03/02/2026;014;70206;6191114612426;L;995;25H;;1,00;
03/02/2026;014;70213;6191114623705;XL;P385;25H;;1,00;
03/02/2026;014;70224;6191114641778;M;385;25H;;1,00;
03/02/2026;014;70226;6191114651975;M;I995;25H;;1,00;
03/02/2026;014;70226;6191114652132;4XL;I880;25H;;1,00;
03/02/2026;014;70227;6191114652200;L;I875;25H;;1,00;
03/02/2026;014;91506;6191114626379;TU;995;25H;;1,00;
03/02/2026;014;91509;6191114625402;41;995;25H;;1,00;
03/02/2026;015;22025;6191114610156;3XL;010;25H;;1,00;
03/02/2026;015;22026;6191114610224;XL;815;25H;;2,00;
03/02/2026;015;22030;6191114610699;L;010;25H;;-1,00;
03/02/2026;015;22038;6191114611412;3XL;R385;25H;;1,00;
03/02/2026;015;22040;6191114611573;XL;R010;25H;;1,00;
03/02/2026;015;22046;6191114611801;L;C385;25H;;1,00;
03/02/2026;015;22055;6191114624863;L;995;25H;;1,00;
03/02/2026;015;22058;6191114617926;L;995;25H;;1,00;
03/02/2026;015;22060;6191114618077;XL;310;25H;;1,00;
03/02/2026;015;22086;6191114619562;XXL;010;25H;;1,00;
03/02/2026;015;22113;6191114645738;XL;820;25H;;1,00;
03/02/2026;015;22125;6191114646964;XL;E385;25H;;1,00;
03/02/2026;015;22139;6191114624474;XL;385;25H;;1,00;
03/02/2026;015;22142;6191114624696;M;995;25H;;1,00;
03/02/2026;015;22142;6191114624702;M;875;25H;;1,00;
03/02/2026;015;22182;6191114629363;L;870;25H;;1,00;
03/02/2026;015;22200;6191114630284;L;010;25H;;1,00;
03/02/2026;015;22206;6191114630888;L;995;25H;;1,00;
03/02/2026;015;22213;6191114642355;3XL;815;25H;;1,00;
03/02/2026;015;22215;6191114642508;L;210;25H;;1,00;
03/02/2026;015;22223;6191114643628;XXL;995;25H;;1,00;
03/02/2026;015;22247;6191114648777;XXL;R270;25H;;1,00;
03/02/2026;015;22261;6191114651258;L;385;25H;;1,00;
03/02/2026;015;22262;6191114651395;XL;385;25H;;1,00;
03/02/2026;015;22267;6191114651814;S;995;25H;;1,00;
03/02/2026;015;22271;6191114652392;L;695;25H;;1,00;
03/02/2026;015;22275;6191114652972;XL;385;25H;;1,00;
03/02/2026;015;22292;6191114655669;L;870;25H;;1,00;
03/02/2026;015;22298;6191114658271;XL;R385;25H;;1,00;
03/02/2026;015;22304;6191114660458;L;MCO;25H;;1,00;
03/02/2026;015;22331;6191114660175;M;815;25H;;1,00;
03/02/2026;015;22331;6191114660199;M;995;25H;;1,00;
03/02/2026;015;22331;6191114660397;L;495;25H;;1,00;
03/02/2026;015;70220;6191114631212;XXL;870;25H;;1,00;
03/02/2026;015;70224;6191114641815;XL;385;25H;;1,00;
03/02/2026;015;70224;6191114641822;XL;694;25H;;1,00;
03/02/2026;015;70227;6191114652170;M;I740;25H;;1,00;
03/02/2026;015;70231;6191114658752;3XL;C000;25H;;1,00;
03/02/2026;015;70232;6191114658837;XXL;995;25H;;1,00;
03/02/2026;015;91272;6194444115667;TU;815;22H;;1,00;
03/02/2026;015;91340;6191114504059;90;995;24H;;1,00;
03/02/2026;015;91505;6191114657311;TU;815;25H;;1,00;
03/02/2026;015;91505;6191114657328;TU;385;25H;;1,00;
03/02/2026;015;91507;6191114626416;TU;824;25H;;1,00;
03/02/2026;015;91528;6191114640214;38;870;25H;;1,00;
03/02/2026;016;20569;6191114324350;S;I870;24E;;1,00;
03/02/2026;016;20694;6191114356887;XXL;815;24E;;1,00;
03/02/2026;016;20694;6191114356955;XXL;925;24E;;1,00;
03/02/2026;016;20694;6191114356962;3XL;925;24E;;1,00;
03/02/2026;016;21222;6191114479111;L;645;24H;;1,00;
03/02/2026;016;21343;6191114500969;S;995;24H;;1,00;
03/02/2026;016;21344;6191114501089;S;995;24H;;1,00;
03/02/2026;016;21380;6191114508446;XXL;875;24H;;1,00;
03/02/2026;016;21381;6191114508491;L;995;24H;;1,00;
03/02/2026;016;21472;6191114536920;XXL;940;24H;;1,00;
03/02/2026;016;21570;6191114546196;L;784;25E;;1,00;
03/02/2026;016;22005;6191114606661;XL;995;25H;;1,00;
03/02/2026;016;22022;6191114609785;3XL;R385;25H;;1,00;
03/02/2026;016;22023;6191114609846;L;R385;25H;;1,00;
03/02/2026;016;22023;6191114609877;XL;R010;25H;;1,00;
03/02/2026;016;22025;6191114610101;XL;995;25H;;1,00;
03/02/2026;016;22032;6191114610941;XL;995;25H;;1,00;
03/02/2026;016;22033;6191114611016;S;695;25H;;1,00;
03/02/2026;016;22036;6191114611184;XL;R995;25H;;1,00;
03/02/2026;016;22038;6191114611399;XL;R385;25H;;1,00;
03/02/2026;016;22064;6191114618602;S;815;25H;;1,00;
03/02/2026;016;22064;6191114618657;M;815;25H;;1,00;
03/02/2026;016;22064;6191114618701;L;815;25H;;1,00;
03/02/2026;016;22065;6191114618992;XXL;820;25H;;1,00;
03/02/2026;016;22088;6191114619869;4XL;995;25H;;1,00;
03/02/2026;016;22113;6191114645677;M;820;25H;;1,00;
03/02/2026;016;22113;6191114645684;M;990;25H;;1,00;
03/02/2026;016;22114;6191114645851;XL;815;25H;;1,00;
03/02/2026;016;22127;6191114649064;L;770;25H;;1,00;
03/02/2026;016;22128;6191114623026;L;995;25H;;1,00;
03/02/2026;016;22132;6191114623859;L;794;25H;;1,00;
03/02/2026;016;22132;6191114623880;XL;224;25H;;1,00;
03/02/2026;016;22132;6191114623927;3XL;224;25H;;1,00;
03/02/2026;016;22133;6191114624054;XXL;815;25H;;1,00;
03/02/2026;016;22142;6191114624702;M;875;25H;;1,00;
03/02/2026;016;22142;6191114624726;L;995;25H;;1,00;
03/02/2026;016;22180;6191114629219;M;995;25H;;1,00;
03/02/2026;016;22182;6191114629349;M;995;25H;;-1,00;
03/02/2026;016;22193;6191114628076;L;995;25H;;1,00;
03/02/2026;016;22201;6191114630369;S;815;25H;;1,00;
03/02/2026;016;22201;6191114630406;L;815;25H;;1,00;
03/02/2026;016;22201;6191114630420;XL;815;25H;;4,00;
03/02/2026;016;22201;6191114630444;XXL;815;25H;;1,00;
03/02/2026;016;22202;6191114630536;L;790;25H;;1,00;
03/02/2026;016;22202;6191114630598;3XL;790;25H;;1,00;
03/02/2026;016;22206;6191114630871;M;195;25H;;1,00;
03/02/2026;016;22206;6191114630925;XXL;995;25H;;1,00;
03/02/2026;016;22207;6191114640511;XXL;784;25H;;1,00;
03/02/2026;016;22222;6191114643383;L;995;25H;;1,00;
03/02/2026;016;22229;6191114644038;XXL;995;25H;;1,00;
03/02/2026;016;22242;6191114647602;XL;724;25H;;1,00;
03/02/2026;016;22243;6191114647756;M;215;25H;;1,00;
03/02/2026;016;22247;6191114648746;XL;R270;25H;;1,00;
03/02/2026;016;22249;6191114649231;L;010;25H;;1,00;
03/02/2026;016;22250;6191114649569;S;784;25H;;1,00;
03/02/2026;016;22251;6191114650084;3XL;995;25H;;1,00;
03/02/2026;016;22252;6191114650176;XL;255;25H;;1,00;
03/02/2026;016;22253;6191114669253;L;255;25H;;1,00;
03/02/2026;016;22254;6191114650312;XL;995;25H;;1,00;
03/02/2026;016;22254;6191114650329;XXL;995;25H;;1,00;
03/02/2026;016;22255;6191114650367;L;995;25H;;1,00;
03/02/2026;016;22255;6191114650381;XXL;995;25H;;1,00;
03/02/2026;016;22258;6191114650794;XL;740;25H;;1,00;
03/02/2026;016;22261;6191114651289;XL;490;25H;;1,00;
03/02/2026;016;22262;6191114651388;L;490;25H;;1,00;
03/02/2026;016;22263;6191114651586;XL;995;25H;;1,00;
03/02/2026;016;22264;6191114651661;XS;995;25H;;1,00;
03/02/2026;016;22272;6191114652590;XL;995;25H;;1,00;
03/02/2026;016;22274;6191114652859;S;995;25H;;1,00;
03/02/2026;016;22284;6191114654150;XS;385;25H;;1,00;
03/02/2026;016;22284;6191114654198;M;385;25H;;1,00;
03/02/2026;016;22285;6191114654310;S;385;25H;;1,00;
03/02/2026;016;22285;6191114654327;S;995;25H;;1,00;
03/02/2026;016;22285;6191114654358;L;385;25H;;1,00;
03/02/2026;016;22287;6191114654549;M;995;25H;;1,00;
03/02/2026;016;22290;6191114657960;XXL;R385;25H;;1,00;
03/02/2026;016;22297;6191114656680;XL;215;25H;;1,00;
03/02/2026;016;22303;6191114657434;3XL;870;25H;;1,00;
03/02/2026;016;22307;6191114669994;L;M940;25H;;1,00;
03/02/2026;016;22311;6191114658103;XL;I995;25H;;1,00;
03/02/2026;016;22318;6191114659001;L;C000;25H;;1,00;
03/02/2026;016;22321;6191114659346;XXL;870;25H;;1,00;
03/02/2026;016;22326;6191114668300;L;995;25H;;1,00;
03/02/2026;016;22330;6191114660038;M;724;25H;;-1,00;
03/02/2026;016;22347;6191114668591;M;I815;25H;;1,00;
03/02/2026;016;55808;6191114641242;XL;385;25H;;1,00;
03/02/2026;016;55816;6191114648494;XXL;R995;25H;;1,00;
03/02/2026;016;55818;6191114654945;M;995;25H;;1,00;
03/02/2026;016;55820;6191114657878;XL;R995;25H;;1,00;
03/02/2026;016;70202;6191114608191;XXL;995;25H;;1,00;
03/02/2026;016;70209;6191114612785;L;R920;25H;;1,00;
03/02/2026;016;70224;6191114641808;L;694;25H;;1,00;
03/02/2026;016;70226;6191114652125;4XL;I995;25H;;1,00;
03/02/2026;016;70227;6191114652262;3XL;I875;25H;;1,00;
03/02/2026;016;91272;6194444115667;TU;815;22H;;1,00;
03/02/2026;016;91273;6194444115674;TU;815;22H;;4,00;
03/02/2026;016;91504;6191114626348;TU;695;25H;;1,00;
03/02/2026;016;91505;6191114657328;TU;385;25H;;1,00;
03/02/2026;016;91509;6191114625297;38;815;25H;;1,00;
03/02/2026;016;91528;6191114640184;36;995;25H;;1,00;
03/02/2026;019;20726;6191114363359;3XL;705;24E;;1,00;
03/02/2026;019;21235;6191114477704;36;815;24H;;1,00;
03/02/2026;019;21273;6191114485297;TU;815;24H;;1,00;
03/02/2026;019;21604;6191114549104;M;R815;25E;;1,00;
03/02/2026;019;21659;6191114553897;XL;995;25E;;1,00;
03/02/2026;019;21863;6191114589407;L;000;25E;;1,00;
03/02/2026;019;21863;6191114589414;L;310;25E;;1,00;
03/02/2026;019;21863;6191114589452;XXL;310;25E;;1,00;
03/02/2026;019;21908;6191114600416;XL;385;25E;;1,00;
03/02/2026;019;21910;6191114600782;3XL;310;25E;;1,00;
03/02/2026;019;21916;6191114601345;3XL;000;25E;;1,00;
03/02/2026;019;22012;6191114607590;3XL;010;25H;;1,00;
03/02/2026;019;22023;6191114609877;XL;R010;25H;;1,00;
03/02/2026;019;22024;6191114653269;XL;870;25H;;1,00;
03/02/2026;019;22031;6191114610804;L;995;25H;;1,00;
03/02/2026;019;22032;6191114610996;3XL;940;25H;;1,00;
03/02/2026;019;22036;6191114611191;XL;R010;25H;;1,00;
03/02/2026;019;22045;6191114611702;L;995;25H;;1,00;
03/02/2026;019;22048;6191114612020;XL;010;25H;;1,00;
03/02/2026;019;22054;6191114617438;L;995;25H;;1,00;
03/02/2026;019;22062;6191114618312;L;995;25H;;1,00;
03/02/2026;019;22065;6191114618954;L;820;25H;;1,00;
03/02/2026;019;22067;6191114615687;L;380;25H;;1,00;
03/02/2026;019;22068;6191114615762;L;995;25H;;1,00;
03/02/2026;019;22072;6191114616219;L;476;25H;;1,00;
03/02/2026;019;22077;6191114626140;L;326;25H;;1,00;
03/02/2026;019;22081;6191114617063;L;380;25H;;1,00;
03/02/2026;019;22089;6191114619982;3XL;995;25H;;1,00;
03/02/2026;019;22098;6191114620889;3XL;995;25H;;1,00;
03/02/2026;019;22099;6191114620919;L;995;25H;;1,00;
03/02/2026;019;22108;6191114622159;L;870;25H;;1,00;
03/02/2026;019;22108;6191114622166;XL;870;25H;;1,00;
03/02/2026;019;22114;6191114645844;L;020;25H;;1,00;
03/02/2026;019;22115;6191114646001;XL;820;25H;;1,00;
03/02/2026;019;22117;6191114646278;L;995;25H;;1,00;
03/02/2026;019;22118;6191114646391;L;995;25H;;1,00;
03/02/2026;019;22124;6191114646902;XXL;995;25H;;1,00;
03/02/2026;019;22127;6191114649057;M;770;25H;;1,00;
03/02/2026;019;22127;6191114649071;XL;770;25H;;1,00;
03/02/2026;019;22128;6191114622944;S;385;25H;;1,00;
03/02/2026;019;22128;6191114622951;S;870;25H;;1,00;
03/02/2026;019;22129;6191114623132;M;995;25H;;1,00;
03/02/2026;019;22129;6191114623149;M;010;25H;;1,00;
03/02/2026;019;22151;6191114625730;XXL;995;25H;;2,00;
03/02/2026;019;22173;6191114628717;3XL;995;25H;;1,00;
03/02/2026;019;22174;6191114628748;L;990;25H;;1,00;
03/02/2026;019;22183;6191114629561;XXL;385;25H;;1,00;
03/02/2026;019;22186;6191114627802;3XL;784;25H;;1,00;
03/02/2026;019;22193;6191114628083;XL;995;25H;;1,00;
03/02/2026;019;22202;6191114630598;3XL;790;25H;;1,00;
03/02/2026;019;22213;6191114642331;XL;815;25H;;1,00;
03/02/2026;019;22216;6191114642706;XXL;I385;25H;;1,00;
03/02/2026;019;22240;6191114645141;XL;010;25H;;1,00;
03/02/2026;019;22242;6191114647572;XL;380;25H;;1,00;
03/02/2026;019;22244;6191114647992;XL;215;25H;;1,00;
03/02/2026;019;22250;6191114649699;3XL;815;25H;;1,00;
03/02/2026;019;22255;6191114650398;3XL;995;25H;;1,00;
03/02/2026;019;22258;6191114650831;3XL;385;25H;;1,00;
03/02/2026;019;22263;6191114651487;S;870;25H;;1,00;
03/02/2026;019;22266;6191114652309;TU;995;25H;;1,00;
03/02/2026;019;22274;6191114652859;S;995;25H;;1,00;
03/02/2026;019;22274;6191114652866;M;995;25H;;1,00;
03/02/2026;019;22274;6191114652903;3XL;995;25H;;1,00;
03/02/2026;019;22284;6191114654280;3XL;995;25H;;1,00;
03/02/2026;019;22288;6191114654686;XXL;995;25H;;1,00;
03/02/2026;019;22289;6191114655256;L;476;25H;;1,00;
03/02/2026;019;22294;6191114656161;3XL;870;25H;;1,00;
03/02/2026;019;22298;6191114658240;S;R385;25H;;1,00;
03/02/2026;019;22298;6191114658271;XL;R385;25H;;1,00;
03/02/2026;019;22301;6191114657151;XXL;995;25H;;1,00;
03/02/2026;019;22303;6191114657373;L;870;25H;;1,00;
03/02/2026;019;22307;6191114670082;3XL;M940;25H;;1,00;
03/02/2026;019;22328;6191114661431;3XL;995;25H;;1,00;
03/02/2026;019;22332;6191114660557;XL;940;25H;;1,00;
03/02/2026;019;22341;6191114661233;M;R950;25H;;1,00;
03/02/2026;019;22349;6191114668706;M;I815;25H;;1,00;
03/02/2026;019;55811;6191114644663;3XL;R784;25H;;1,00;
03/02/2026;019;55816;6191114648548;3XL;R990;25H;;1,00;
03/02/2026;019;70202;6191114608177;XL;995;25H;;1,00;
03/02/2026;019;70210;6191114619241;3XL;R385;25H;;1,00;
03/02/2026;019;70211;6191114621305;L;995;25H;;1,00;
03/02/2026;019;70211;6191114621909;L;870;25H;;1,00;
03/02/2026;019;70213;6191114623705;XL;P385;25H;;2,00;
03/02/2026;019;70216;6191114624313;L;R385;25H;;1,00;
03/02/2026;019;70220;6191114631144;S;695;25H;;1,00;
03/02/2026;019;91509;6191114625341;39;995;25H;;1,00;
03/02/2026;019;91527;6191114640160;40;995;25H;;1,00;
03/02/2026;019;91528;6191114640252;40;870;25H;;1,00;
03/02/2026;021;21859;6191114588707;S;000;25E;;1,00;
03/02/2026;021;22013;6191114607668;XL;870;25H;;1,00;
03/02/2026;021;22013;6191114607675;XL;995;25H;;1,00;
03/02/2026;021;22017;6191114609235;XXL;010;25H;;1,00;
03/02/2026;021;22033;6191114611115;3XL;695;25H;;1,00;
03/02/2026;021;22054;6191114617445;XL;385;25H;;1,00;
03/02/2026;021;22061;6191114618190;XL;R350;25H;;1,00;
03/02/2026;021;22091;6191114620162;M;995;25H;;1,00;
03/02/2026;021;22111;6191114622661;L;255;25H;;1,00;
03/02/2026;021;22117;6191114648999;L;940;25H;;1,00;
03/02/2026;021;22128;6191114623002;L;385;25H;;1,00;
03/02/2026;021;22128;6191114623019;L;870;25H;;1,00;
03/02/2026;021;22129;6191114623101;S;995;25H;;1,00;
03/02/2026;021;22132;6191114623903;XXL;224;25H;;1,00;
03/02/2026;021;22138;6191114624269;L;995;25H;;1,00;
03/02/2026;021;22142;6191114624696;M;995;25H;;1,00;
03/02/2026;021;22146;6191114630017;XL;995;25H;;-1,00;
03/02/2026;021;22181;6191114629295;3XL;995;25H;;1,00;
03/02/2026;021;22184;6191114629677;3XL;995;25H;;1,00;
03/02/2026;021;22186;6191114627703;S;784;25H;;1,00;
03/02/2026;021;22194;6191114628236;XXL;I880;25H;;1,00;
03/02/2026;021;22194;6191114628243;XXL;I385;25H;;1,00;
03/02/2026;021;22200;6191114630307;XL;010;25H;;1,00;
03/02/2026;021;22200;6191114630345;3XL;010;25H;;1,00;
03/02/2026;021;22202;6191114630581;3XL;995;25H;;1,00;
03/02/2026;021;22203;6191114630611;S;010;25H;;1,00;
03/02/2026;021;22204;6191114630727;S;995;25H;;1,00;
03/02/2026;021;22209;6191114640733;XL;815;25H;;1,00;
03/02/2026;021;22212;6191114641594;XXL;235;25H;;1,00;
03/02/2026;021;22239;6191114644960;M;784;25H;;1,00;
03/02/2026;021;22241;6191114647404;3XL;R000;25H;;1,00;
03/02/2026;021;22250;6191114649606;L;815;25H;;1,00;
03/02/2026;021;22251;6191114650084;3XL;995;25H;;1,00;
03/02/2026;021;22253;6191114650275;3XL;995;25H;;1,00;
03/02/2026;021;22254;6191114650299;M;995;25H;;1,00;
03/02/2026;021;22258;6191114650701;S;740;25H;;1,00;
03/02/2026;021;22259;6191114650893;S;010;25H;;1,00;
03/02/2026;021;22259;6191114650916;M;010;25H;;1,00;
03/02/2026;021;22261;6191114651289;XL;490;25H;;1,00;
03/02/2026;021;22262;6191114651449;3XL;490;25H;;1,00;
03/02/2026;021;22263;6191114651609;XXL;870;25H;;1,00;
03/02/2026;021;22263;6191114651630;3XL;870;25H;;1,00;
03/02/2026;021;22267;6191114651890;XXL;995;25H;;1,00;
03/02/2026;021;22271;6191114652354;M;010;25H;;1,00;
03/02/2026;021;22277;6191114653405;M;784;25H;;1,00;
03/02/2026;021;22287;6191114654563;L;995;25H;;1,00;
03/02/2026;021;22300;6191114656833;XL;870;25H;;1,00;
03/02/2026;021;22306;6191114669109;3XL;995;25H;;-1,00;
03/02/2026;021;22311;6191114658097;L;I995;25H;;1,00;
03/02/2026;021;22311;6191114658110;XXL;I995;25H;;2,00;
03/02/2026;021;22312;6191114658165;XXL;995;25H;;1,00;
03/02/2026;021;22322;6191114659476;L;740;25H;;1,00;
03/02/2026;021;22331;6191114660199;M;995;25H;;1,00;
03/02/2026;021;22331;6191114660410;XXL;495;25H;;1,00;
03/02/2026;021;22332;6191114660557;XL;940;25H;;1,00;
03/02/2026;021;22338;6191114660892;M;170;25H;;1,00;
03/02/2026;021;55801;6191114621824;XXL;385;25H;;1,00;
03/02/2026;021;55808;6191114641211;L;385;25H;;1,00;
03/02/2026;021;55816;6191114648401;M;R995;25H;;1,00;
03/02/2026;021;91526;6191114639966;36;880;25H;;1,00;
03/02/2026;021;91529;6191114640337;39;385;25H;;1,00;
03/02/2026;024;20752;6191114378926;2XL;235;24E;;1,00;
03/02/2026;024;21122;6191114461567;L;R385;24H;;1,00;
03/02/2026;024;21126;6191114462045;M;R195;24H;;1,00;
03/02/2026;024;21220;6191114478893;XL;995;24H;;1,00;
03/02/2026;024;21223;6191114479227;M;995;24H;;1,00;
03/02/2026;024;21223;6191114479265;XL;995;24H;;1,00;
03/02/2026;024;21247;6191114481527;XL;995;24H;;1,00;
03/02/2026;024;21254;6191114482968;S;695;24H;;1,00;
03/02/2026;024;21334;6191114499478;S;634;24H;;1,00;
03/02/2026;024;21334;6191114499577;XL;784;24H;;1,00;
03/02/2026;024;21336;6191114499881;L;870;24H;;1,00;
03/02/2026;024;21351;6191114502055;L/XL;200;24H;;1,00;
03/02/2026;024;21358;6191114503694;L;995;24H;;1,00;
03/02/2026;024;21359;6191114503755;L;995;24H;;1,00;
03/02/2026;024;21359;6191114503779;XXL;995;24H;;1,00;
03/02/2026;024;21381;6191114508514;XL;995;24H;;1,00;
03/02/2026;024;21384;6191114508828;M;995;24H;;1,00;
03/02/2026;024;21384;6191114508866;XL;995;24H;;1,00;
03/02/2026;024;21394;6191114509801;XXL;995;24H;;1,00;
03/02/2026;024;21394;6191114509825;XXL;724;24H;;1,00;
03/02/2026;024;21472;6191114532120;XL;995;24H;;1,00;
03/02/2026;024;21472;6191114536883;S;940;24H;;1,00;
03/02/2026;024;21484;6191114537361;3XL;695;24H;;1,00;
03/02/2026;024;22019;6191114609433;L;995;25H;;1,00;
03/02/2026;024;22019;6191114609440;XL;815;25H;;1,00;
03/02/2026;024;22021;6191114609679;3XL;385;25H;;1,00;
03/02/2026;024;22046;6191114611818;XL;C385;25H;;1,00;
03/02/2026;024;22048;6191114612020;XL;010;25H;;1,00;
03/02/2026;024;22052;6191114617230;XXL;385;25H;;1,00;
03/02/2026;024;22055;6191114624894;3XL;995;25H;;1,00;
03/02/2026;024;22064;6191114618688;M;175;25H;;1,00;
03/02/2026;024;22065;6191114618978;XL;820;25H;;1,00;
03/02/2026;024;22072;6191114616219;L;476;25H;;1,00;
03/02/2026;024;22089;6191114619890;M;385;25H;;2,00;
03/02/2026;024;22090;6191114620070;XL;815;25H;;1,00;
03/02/2026;024;22091;6191114620193;XL;815;25H;;1,00;
03/02/2026;024;22095;6191114620506;S;R350;25H;;1,00;
03/02/2026;024;22108;6191114622135;S;870;25H;;1,00;
03/02/2026;024;22113;6191114645684;M;990;25H;;1,00;
03/02/2026;024;22113;6191114645721;L;005;25H;;1,00;
03/02/2026;024;22116;6191114646148;L;770;25H;;1,00;
03/02/2026;024;22117;6191114646216;XS;995;25H;;1,00;
03/02/2026;024;22117;6191114649019;XXL;940;25H;;1,00;
03/02/2026;024;22123;6191114646742;L;695;25H;;-1,00;
03/02/2026;024;22123;6191114646766;XL;695;25H;;2,00;
03/02/2026;024;22127;6191114649040;S;770;25H;;1,00;
03/02/2026;024;22130;6191114623576;XL;995;25H;;1,00;
03/02/2026;024;22139;6191114624535;3XL;385;25H;;1,00;
03/02/2026;024;22142;6191114624757;XL;995;25H;;1,00;
03/02/2026;024;22142;6191114624764;XL;875;25H;;1,00;
03/02/2026;024;22142;6191114624771;XL;195;25H;;1,00;
03/02/2026;024;22163;6191114659780;S;C790;25H;;1,00;
03/02/2026;024;22163;6191114659797;S;C490;25H;;1,00;
03/02/2026;024;22170;6191114626942;L;R990;25H;;1,00;
03/02/2026;024;22170;6191114626997;XL;R990;25H;;1,00;
03/02/2026;024;22171;6191114627246;XL;R990;25H;;1,00;
03/02/2026;024;22177;6191114628908;XL;010;25H;;1,00;
03/02/2026;024;22195;6191114628588;XL;210;25H;;1,00;
03/02/2026;024;22197;6191114630109;3XL;815;25H;;1,00;
03/02/2026;024;22198;6191114630178;L;695;25H;;1,00;
03/02/2026;024;22202;6191114630529;L;995;25H;;1,00;
03/02/2026;024;22203;6191114630659;L;010;25H;;1,00;
03/02/2026;024;22207;6191114640467;XL;995;25H;;1,00;
03/02/2026;024;22207;6191114640511;XXL;784;25H;;-1,00;
03/02/2026;024;22207;6191114640535;3XL;880;25H;;1,00;
03/02/2026;024;22209;6191114640689;S;870;25H;;1,00;
03/02/2026;024;22216;6191114642638;XL;I880;25H;;1,00;
03/02/2026;024;22223;6191114643505;S;995;25H;;1,00;
03/02/2026;024;22223;6191114643581;XL;870;25H;;1,00;
03/02/2026;024;22254;6191114650329;XXL;995;25H;;1,00;
03/02/2026;024;22255;6191114650374;XL;995;25H;;1,00;
03/02/2026;024;22259;6191114651012;4XL;010;25H;;1,00;
03/02/2026;024;22262;6191114651418;XXL;385;25H;;1,00;
03/02/2026;024;22263;6191114651623;XXL;010;25H;;1,00;
03/02/2026;024;22275;6191114652958;L;385;25H;;1,00;
03/02/2026;024;22280;6191114653825;M;000;25H;;1,00;
03/02/2026;024;22280;6191114653887;XL;000;25H;;1,00;
03/02/2026;024;22284;6191114654242;XL;995;25H;;1,00;
03/02/2026;024;22287;6191114654556;L;815;25H;;1,00;
03/02/2026;024;22295;6191114656246;XL;995;25H;;1,00;
03/02/2026;024;22296;6191114656512;L;215;25H;;1,00;
03/02/2026;024;22301;6191114657144;XL;215;25H;;1,00;
03/02/2026;024;22307;6191114669963;M;M940;25H;;1,00;
03/02/2026;024;22307;6191114670013;XL;M870;25H;;1,00;
03/02/2026;024;22308;6191114657717;L;870;25H;;1,00;
03/02/2026;024;22320;6191114659124;S;870;25H;;1,00;
03/02/2026;024;22320;6191114659193;XL;825;25H;;1,00;
03/02/2026;024;22321;6191114659261;S;870;25H;;1,00;
03/02/2026;024;22321;6191114659339;XL;825;25H;;1,00;
03/02/2026;024;22331;6191114660182;M;385;25H;;1,00;
03/02/2026;024;22340;6191114661165;S;MCO;25H;;1,00;
03/02/2026;024;55723;6191114526747;L;995;24H;;1,00;
03/02/2026;024;55813;6191114645226;L;385;25H;;-1,00;
03/02/2026;024;55813;6191114645240;L;940;25H;;1,00;
03/02/2026;024;55813;6191114645271;XL;940;25H;;1,00;
03/02/2026;024;55816;6191114648470;XL;R385;25H;;1,00;
03/02/2026;024;55817;6191114654778;L;695;25H;;1,00;
03/02/2026;024;55818;6191114655102;XXL;824;25H;;1,00;
03/02/2026;024;55818;6191114658332;XXL;535;25H;;1,00;
03/02/2026;024;55819;6191114657618;XXL;R385;25H;;1,00;
03/02/2026;024;55819;6191114657625;XXL;R790;25H;;1,00;
03/02/2026;024;55819;6191114657632;XXL;R824;25H;;1,00;
03/02/2026;024;66481;6191114502215;S/M;200;24H;;1,00;
03/02/2026;024;66481;6191114502222;L/XL;200;24H;;3,00;
03/02/2026;024;70207;6191114612495;S;R385;25H;;1,00;
03/02/2026;024;70217;6191114647312;L;E385;25H;;1,00;
03/02/2026;024;70226;6191114652125;4XL;I995;25H;;1,00;
03/02/2026;024;70231;6191114658684;M;C995;25H;;1,00;
03/02/2026;024;70231;6191114658691;L;C000;25H;;1,00;
03/02/2026;024;70231;6191114658776;4XL;C000;25H;;1,00;
03/02/2026;024;70232;6191114658790;S;995;25H;;1,00;
03/02/2026;024;70232;6191114658844;3XL;995;25H;;1,00;
03/02/2026;024;91502;6191114669116;TU;385;25H;;1,00;
03/02/2026;024;91509;6191114625372;40;995;25H;;1,00;
03/02/2026;024;91510;6191114625433;37;815;25H;;1,00;
03/02/2026;024;91521;6191114627550;TU;MCO;25H;;2,00;
03/02/2026;024;91523;6191114627536;TU;MCO;25H;;1,00;
03/02/2026;029;21402;6191114513303;XL;824;24H;;1,00;
03/02/2026;029;22019;6191114609464;XXL;815;25H;;1,00;
03/02/2026;029;22020;6191114619272;M;815;25H;;1,00;
03/02/2026;029;22061;6191114618220;3XL;R385;25H;;1,00;
03/02/2026;029;22080;6191114616943;S;380;25H;;1,00;
03/02/2026;029;22080;6191114616981;L;380;25H;;1,00;
03/02/2026;029;22088;6191114619845;3XL;995;25H;;1,00;
03/02/2026;029;22096;6191114620643;XXL;995;25H;;1,00;
03/02/2026;029;22108;6191114622142;M;870;25H;;1,00;
03/02/2026;029;22108;6191114622166;XL;870;25H;;1,00;
03/02/2026;029;22110;6191114622562;XXL;235;25H;;1,00;
03/02/2026;029;22114;6191114645882;XXL;020;25H;;1,00;
03/02/2026;029;22122;6191114646681;3XL;995;25H;;1,00;
03/02/2026;029;22132;6191114623866;L;224;25H;;1,00;
03/02/2026;029;22142;6191114624696;M;995;25H;;1,00;
03/02/2026;029;22163;6191114659872;3XL;C790;25H;;1,00;
03/02/2026;029;22174;6191114628748;L;990;25H;;1,00;
03/02/2026;029;22193;6191114628083;XL;995;25H;;1,00;
03/02/2026;029;22198;6191114630208;XXL;385;25H;;1,00;
03/02/2026;029;22198;6191114630222;3XL;385;25H;;1,00;
03/02/2026;029;22201;6191114630413;L;995;25H;;1,00;
03/02/2026;029;22206;6191114630956;3XL;195;25H;;1,00;
03/02/2026;029;22207;6191114640467;XL;995;25H;;1,00;
03/02/2026;029;22212;6191114641570;XXL;385;25H;;1,00;
03/02/2026;029;22216;6191114642683;L;I385;25H;;1,00;
03/02/2026;029;22241;6191114647381;XL;R000;25H;;1,00;
03/02/2026;029;22250;6191114649712;3XL;784;25H;;1,00;
03/02/2026;029;22253;6191114650251;XL;995;25H;;1,00;
03/02/2026;029;22276;6191114655850;3XL;995;25H;;1,00;
03/02/2026;029;22286;6191114654464;XL;995;25H;;1,00;
03/02/2026;029;22287;6191114654495;XS;815;25H;;1,00;
03/02/2026;029;22287;6191114654532;M;815;25H;;1,00;
03/02/2026;029;22301;6191114657137;XL;995;25H;;1,00;
03/02/2026;029;22307;6191114669987;L;M870;25H;;1,00;
03/02/2026;029;22321;6191114659308;L;870;25H;;1,00;
03/02/2026;029;22321;6191114659384;4XL;870;25H;;1,00;
03/02/2026;029;22331;6191114660175;M;815;25H;;1,00;
03/02/2026;029;70200;6191114607927;L;R940;25H;;1,00;
03/02/2026;029;70202;6191114608184;XL;010;25H;;1,00;
03/02/2026;029;70217;6191114649415;3XL;I385;25H;;1,00;
03/02/2026;029;91367;6191114542501;TU;010;25E;;1,00;
03/02/2026;029;91367;6191114542594;TU;205;25E;;2,00;
03/02/2026;029;91503;6191114626317;TU;385;25H;;1,00;
03/02/2026;030;20322;6191114273788;XXL;I235;23H;;1,00;
03/02/2026;030;21221;6191114479036;XXL;935;24H;;1,00;
03/02/2026;030;21835;6191114584273;XXL;385;25E;;1,00;
03/02/2026;030;22004;6191114606463;XXL;R000;25H;;1,00;
03/02/2026;030;22004;6191114606487;XXL;R815;25H;;1,00;
03/02/2026;030;22007;6191114607057;3XL;905;25H;;1,00;
03/02/2026;030;22013;6191114607606;S;870;25H;;1,00;
03/02/2026;030;22013;6191114607637;M;995;25H;;1,00;
03/02/2026;030;22027;6191114653047;M;870;25H;;1,00;
03/02/2026;030;22061;6191114618176;L;R350;25H;;1,00;
03/02/2026;030;22061;6191114618206;XXL;R385;25H;;1,00;
03/02/2026;030;22063;6191114618558;L;995;25H;;1,00;
03/02/2026;030;22064;6191114618718;L;010;25H;;1,00;
03/02/2026;030;22070;6191114616066;3XL;995;25H;;1,00;
03/02/2026;030;22088;6191114619746;S;995;25H;;1,00;
03/02/2026;030;22089;6191114619920;L;995;25H;;1,00;
03/02/2026;030;22108;6191114622173;XXL;870;25H;;1,00;
03/02/2026;030;22113;6191114645684;M;990;25H;;1,00;
03/02/2026;030;22113;6191114645714;L;990;25H;;1,00;
03/02/2026;030;22113;6191114645776;3XL;820;25H;;1,00;
03/02/2026;030;22114;6191114645837;L;815;25H;;1,00;
03/02/2026;030;22114;6191114645851;XL;815;25H;;1,00;
03/02/2026;030;22116;6191114646162;XL;770;25H;;1,00;
03/02/2026;030;22120;6191114646520;XL;495;25H;;1,00;
03/02/2026;030;22120;6191114646544;XXL;495;25H;;1,00;
03/02/2026;030;22124;6191114646858;L;645;25H;;1,00;
03/02/2026;030;22124;6191114646872;XL;645;25H;;1,00;
03/02/2026;030;22124;6191114646919;3XL;645;25H;;1,00;
03/02/2026;030;22127;6191114649071;XL;770;25H;;1,00;
03/02/2026;030;22128;6191114623040;XL;870;25H;;1,00;
03/02/2026;030;22129;6191114623163;L;995;25H;;1,00;
03/02/2026;030;22139;6191114624429;M;995;25H;;1,00;
03/02/2026;030;22164;6191114649484;XL;995;25H;;1,00;
03/02/2026;030;22178;6191114629011;3XL;P010;25H;;1,00;
03/02/2026;030;22180;6191114629226;L;995;25H;;1,00;
03/02/2026;030;22181;6191114629264;L;995;25H;;1,00;
03/02/2026;030;22182;6191114629400;XL;995;25H;;1,00;
03/02/2026;030;22182;6191114629424;XXL;870;25H;;1,00;
03/02/2026;030;22183;6191114629523;L;385;25H;;1,00;
03/02/2026;030;22189;6191114644762;S/M;200;25H;;1,00;
03/02/2026;030;22189;6191114644786;L/XL;200;25H;;1,00;
03/02/2026;030;22198;6191114630185;XL;385;25H;;1,00;
03/02/2026;030;22207;6191114640511;XXL;784;25H;;1,00;
03/02/2026;030;22211;6191114641396;XL;694;25H;;1,00;
03/02/2026;030;22222;6191114643444;XXL;995;25H;;2,00;
03/02/2026;030;22223;6191114643512;M;645;25H;;1,00;
03/02/2026;030;22223;6191114643543;L;645;25H;;1,00;
03/02/2026;030;22238;6191114644854;S;I995;25H;;1,00;
03/02/2026;030;22238;6191114644885;XL;I995;25H;;1,00;
03/02/2026;030;22246;6191114648852;XL;995;25H;;-1,00;
03/02/2026;030;22257;6191114650527;M;I195;25H;;1,00;
03/02/2026;030;22258;6191114650770;XL;385;25H;;-1,00;
03/02/2026;030;22258;6191114650794;XL;740;25H;;1,00;
03/02/2026;030;22264;6191114651739;4XL;995;25H;;1,00;
03/02/2026;030;22268;6191114653092;S;695;25H;;1,00;
03/02/2026;030;22269;6191114653160;XS;695;25H;;1,00;
03/02/2026;030;22276;6191114655768;M;385;25H;;1,00;
03/02/2026;030;22289;6191114655263;XL;995;25H;;1,00;
03/02/2026;030;22294;6191114656031;S;950;25H;;1,00;
03/02/2026;030;22297;6191114656628;S;215;25H;;1,00;
03/02/2026;030;22307;6191114669987;L;M870;25H;;1,00;
03/02/2026;030;22310;6191114658035;S;995;25H;;1,00;
03/02/2026;030;22325;6191114659971;XL;995;25H;;1,00;
03/02/2026;030;22331;6191114660175;M;815;25H;;1,00;
03/02/2026;030;22331;6191114660373;S;495;25H;;1,00;
03/02/2026;030;22331;6191114660380;M;495;25H;;1,00;
03/02/2026;030;22332;6191114660519;M;940;25H;;1,00;
03/02/2026;030;22341;6191114661240;L;R950;25H;;-1,00;
03/02/2026;030;22347;6191114668621;XXL;I815;25H;;1,00;
03/02/2026;030;55808;6191114641204;M;975;25H;;1,00;
03/02/2026;030;70217;6191114649378;M;I385;25H;;1,00;
03/02/2026;030;70230;6191114658202;L;I995;25H;;1,00;
03/02/2026;030;70232;6191114658851;4XL;995;25H;;1,00;
03/02/2026;030;91505;6191114657311;TU;815;25H;;-1,00;
03/02/2026;030;91505;6191114657328;TU;385;25H;;1,00;
03/02/2026;030;91509;6191114625280;37;995;25H;;1,00;
03/02/2026;030;91526;6191114640061;41;880;25H;;1,00;
03/02/2026;030;91527;6191114640160;40;995;25H;;1,00;
03/02/2026;031;22003;6191114606296;XXL;R724;25H;;1,00;
03/02/2026;031;22010;6191114607255;S;995;25H;;1,00;
03/02/2026;031;22011;6191114607453;XXL;215;25H;;1,00;
03/02/2026;031;22019;6191114609426;L;815;25H;;1,00;
03/02/2026;031;22019;6191114609433;L;995;25H;;1,00;
03/02/2026;031;22023;6191114609877;XL;R010;25H;;1,00;
03/02/2026;031;22033;6191114611078;XL;695;25H;;1,00;
03/02/2026;031;22048;6191114612013;XL;995;25H;;1,00;
03/02/2026;031;22052;6191114617186;M;995;25H;;1,00;
03/02/2026;031;22061;6191114618190;XL;R350;25H;;1,00;
03/02/2026;031;22126;6191114649330;XL;760;25H;;1,00;
03/02/2026;031;22132;6191114623903;XXL;224;25H;;1,00;
03/02/2026;031;22163;6191114659834;L;C490;25H;;1,00;
03/02/2026;031;22182;6191114629479;3XL;784;25H;;1,00;
03/02/2026;031;22212;6191114641549;XL;385;25H;;1,00;
03/02/2026;031;22212;6191114641556;XL;255;25H;;1,00;
03/02/2026;031;22216;6191114642676;M;I385;25H;;1,00;
03/02/2026;031;22216;6191114642706;XXL;I385;25H;;1,00;
03/02/2026;031;22223;6191114643512;M;645;25H;;1,00;
03/02/2026;031;22223;6191114643536;M;995;25H;;1,00;
03/02/2026;031;22239;6191114644977;L;815;25H;;1,00;
03/02/2026;031;22246;6191114648821;L;870;25H;;1,00;
03/02/2026;031;22246;6191114648838;L;995;25H;;1,00;
03/02/2026;031;22252;6191114650169;XL;995;25H;;1,00;
03/02/2026;031;22253;6191114650251;XL;995;25H;;1,00;
03/02/2026;031;22263;6191114651647;3XL;995;25H;;1,00;
03/02/2026;031;22266;6191114652309;TU;995;25H;;1,00;
03/02/2026;031;22279;6191114653610;M;000;25H;;1,00;
03/02/2026;031;22279;6191114653641;L;000;25H;;1,00;
03/02/2026;031;22285;6191114654358;L;385;25H;;1,00;
03/02/2026;031;22285;6191114654419;3XL;385;25H;;1,00;
03/02/2026;031;22288;6191114654662;L;995;25H;;1,00;
03/02/2026;031;22296;6191114656574;XXL;215;25H;;1,00;
03/02/2026;031;22301;6191114657090;M;995;25H;;1,00;
03/02/2026;031;70207;6191114612495;S;R385;25H;;1,00;
03/02/2026;031;70210;6191114619203;XL;R385;25H;;1,00;
03/02/2026;031;70210;6191114619241;3XL;R385;25H;;1,00;
03/02/2026;031;70217;6191114647329;XL;E385;25H;;1,00;
03/02/2026;031;70217;6191114649392;XL;I385;25H;;1,00;
03/02/2026;031;70220;6191114631243;3XL;695;25H;;1,00;
03/02/2026;031;70227;6191114652248;XXL;I875;25H;;1,00;
03/02/2026;032;21353;6191114502109;L/XL;995;24H;;1,00;
03/02/2026;032;21358;6191114503724;3XL;995;24H;;1,00;
03/02/2026;032;22023;6191114609884;XXL;R385;25H;;1,00;
03/02/2026;032;22033;6191114611085;XXL;815;25H;;1,00;
03/02/2026;032;22036;6191114611160;L;R995;25H;;1,00;
03/02/2026;032;22045;6191114611689;M;995;25H;;1,00;
03/02/2026;032;22047;6191114611931;XXL;695;25H;;1,00;
03/02/2026;032;22063;6191114618565;L;784;25H;;1,00;
03/02/2026;032;22073;6191114616295;L;870;25H;;1,00;
03/02/2026;032;22089;6191114619937;XL;385;25H;;1,00;
03/02/2026;032;22100;6191114620995;XXL;995;25H;;1,00;
03/02/2026;032;22137;6191114623439;XXL;385;25H;;1,00;
03/02/2026;032;22138;6191114624252;M;995;25H;;1,00;
03/02/2026;032;22142;6191114624696;M;995;25H;;1,00;
03/02/2026;032;22142;6191114624757;XL;995;25H;;1,00;
03/02/2026;032;22142;6191114624801;XXL;195;25H;;1,00;
03/02/2026;032;22151;6191114625723;XL;995;25H;;1,00;
03/02/2026;032;22174;6191114628755;XL;990;25H;;1,00;
03/02/2026;032;22182;6191114629332;M;870;25H;;1,00;
03/02/2026;032;22197;6191114630093;XXL;815;25H;;1,00;
03/02/2026;032;22253;6191114669246;M;255;25H;;1,00;
03/02/2026;032;22257;6191114650510;M;I740;25H;;1,00;
03/02/2026;032;22258;6191114650763;L;740;25H;;1,00;
03/02/2026;032;22265;6191114651777;L;995;25H;;1,00;
03/02/2026;032;22276;6191114655775;M;995;25H;;1,00;
03/02/2026;032;22287;6191114654570;XL;815;25H;;1,00;
03/02/2026;032;22301;6191114657151;XXL;995;25H;;1,00;
03/02/2026;032;22320;6191114659186;XL;870;25H;;1,00;
03/02/2026;032;22321;6191114659261;S;870;25H;;1,00;
03/02/2026;032;22351;6191114668829;M;I815;25H;;1,00;
03/02/2026;032;55815;6191114645561;L;385;25H;;1,00;
03/02/2026;032;55817;6191114654815;XL;790;25H;;1,00;
03/02/2026;032;66481;6191114502222;L/XL;200;24H;;1,00;
03/02/2026;032;70209;6191114612815;XXL;R170;25H;;1,00;
03/02/2026;032;70227;6191114652231;XXL;I740;25H;;1,00;
03/02/2026;032;91507;6191114626393;TU;995;25H;;1,00;
03/02/2026;032;91507;6191114626416;TU;824;25H;;1,00;
03/02/2026;032;91531;6191114648579;TU;870;25H;;1,00;
03/02/2026;033;22028;6191114610484;XXL;870;25H;;-1,00;
03/02/2026;033;22028;6191114610507;3XL;870;25H;;1,00;
03/02/2026;033;22033;6191114611023;M;815;25H;;1,00;
03/02/2026;033;22045;6191114611665;S;995;25H;;1,00;
03/02/2026;033;22083;6191114619135;3XL;820;25H;;1,00;
03/02/2026;033;22117;6191114649026;XS;940;25H;;1,00;
03/02/2026;033;22137;6191114623453;XXL;235;25H;;1,00;
04/02/2026;002;20354;6191114279834;3XL;995;23H;;1,00;
04/02/2026;002;20354;6191114297470;XXL;790;23H;;1,00;
04/02/2026;002;20416;6191114293618;XL;995;23H;;1,00;
04/02/2026;002;20416;6191114293632;3XL;995;23H;;1,00;
04/02/2026;002;21156;6191114465411;S;940;24H;;1,00;
04/02/2026;002;21182;6191114469501;M;915;24H;;1,00;
04/02/2026;002;21182;6191114469532;XXL;915;24H;;1,00;
04/02/2026;002;21201;6191114471627;L;995;24H;;1,00;
04/02/2026;002;21220;6191114478930;3XL;995;24H;;1,00;
04/02/2026;002;21254;6191114483026;XL;695;24H;;1,00;
04/02/2026;002;21282;6191114502673;3XL;995;24H;;1,00;
04/02/2026;002;21314;6191114496866;37;825;24H;;1,00;
04/02/2026;002;21340;6191114500617;XL;724;24H;;1,00;
04/02/2026;002;21344;6191114501102;M;995;24H;;1,00;
04/02/2026;002;21348;6191114501645;XXL;995;24H;;1,00;
04/02/2026;002;21394;6191114509986;5XL;995;24H;;1,00;
04/02/2026;002;21426;6191114527140;XXL;695;24H;;1,00;
04/02/2026;002;21429;6191114527270;S;170;24H;;1,00;
04/02/2026;002;21439;6191114528345;XL;880;24H;;1,00;
04/02/2026;002;21447;6191114529441;XL;790;24H;;1,00;
04/02/2026;002;21469;6191114531741;XL;995;24H;;1,00;
04/02/2026;002;21472;6191114532175;3XL;815;24H;;1,00;
04/02/2026;002;21472;6191114536913;XL;940;24H;;1,00;
04/02/2026;002;21500;6191114539051;L;R995;25E;;1,00;
04/02/2026;002;21863;6191114589438;XL;310;25E;;1,00;
04/02/2026;002;21922;6191114601796;XL;000;25E;;1,00;
04/02/2026;002;22004;6191114606494;3XL;R000;25H;;1,00;
04/02/2026;002;22005;6191114606739;3XL;645;25H;;1,00;
04/02/2026;002;22012;6191114607484;S;995;25H;;1,00;
04/02/2026;002;22019;6191114609389;S;815;25H;;1,00;
04/02/2026;002;22020;6191114619272;M;815;25H;;1,00;
04/02/2026;002;22020;6191114619289;L;815;25H;;1,00;
04/02/2026;002;22022;6191114609686;S;R385;25H;;1,00;
04/02/2026;002;22023;6191114609891;XXL;R010;25H;;1,00;
04/02/2026;002;22024;6191114653238;S;870;25H;;1,00;
04/02/2026;002;22025;6191114610088;L;995;25H;;1,00;
04/02/2026;002;22029;6191114610620;3XL;010;25H;;1,00;
04/02/2026;002;22033;6191114611078;XL;695;25H;;1,00;
04/02/2026;002;22036;6191114611153;M;R010;25H;;1,00;
04/02/2026;002;22036;6191114611160;L;R995;25H;;1,00;
04/02/2026;002;22036;6191114611214;XXL;R010;25H;;1,00;
04/02/2026;002;22041;6191114608955;3XL;R010;25H;;1,00;
04/02/2026;002;22049;6191114612136;XL;815;25H;;1,00;
04/02/2026;002;22052;6191114617216;XL;385;25H;;1,00;
04/02/2026;002;22053;6191114617353;XXL;995;25H;;1,00;
04/02/2026;002;22054;6191114617469;XXL;385;25H;;1,00;
04/02/2026;002;22060;6191114618091;XXL;310;25H;;1,00;
04/02/2026;002;22062;6191114618343;XL;995;25H;;1,00;
04/02/2026;002;22064;6191114618787;XL;175;25H;;1,00;
04/02/2026;002;22064;6191114618794;XL;855;25H;;2,00;
04/02/2026;002;22067;6191114615656;XS;380;25H;;1,00;
04/02/2026;002;22068;6191114642386;L;695;25H;;1,00;
04/02/2026;002;22069;6191114615861;M;784;25H;;1,00;
04/02/2026;002;22075;6191114616561;M;385;25H;;1,00;
04/02/2026;002;22079;6191114626485;XXL;476;25H;;1,00;
04/02/2026;002;22080;6191114616950;S;476;25H;;1,00;
04/02/2026;002;22102;6191114621084;M;995;25H;;1,00;
04/02/2026;002;22106;6191114621466;S;990;25H;;1,00;
04/02/2026;002;22114;6191114645790;S;815;25H;;1,00;
04/02/2026;002;22114;6191114645837;L;815;25H;;1,00;
04/02/2026;002;22114;6191114645844;L;020;25H;;1,00;
04/02/2026;002;22116;6191114646124;M;770;25H;;1,00;
04/02/2026;002;22117;6191114646216;XS;995;25H;;1,00;
04/02/2026;002;22118;6191114646360;S;874;25H;;1,00;
04/02/2026;002;22124;6191114646902;XXL;995;25H;;1,00;
04/02/2026;002;22127;6191114647091;M;995;25H;;1,00;
04/02/2026;002;22127;6191114649040;S;770;25H;;1,00;
04/02/2026;002;22127;6191114649064;L;770;25H;;1,00;
04/02/2026;002;22129;6191114623231;XXL;010;25H;;1,00;
04/02/2026;002;22130;6191114623576;XL;995;25H;;1,00;
04/02/2026;002;22135;6191114624153;L;870;25H;;1,00;
04/02/2026;002;22137;6191114623361;M;235;25H;;1,00;
04/02/2026;002;22142;6191114624764;XL;875;25H;;1,00;
04/02/2026;002;22170;6191114626973;XL;R385;25H;;1,00;
04/02/2026;002;22170;6191114627017;XXL;R995;25H;;1,00;
04/02/2026;002;22171;6191114627178;L;R385;25H;;1,00;
04/02/2026;002;22171;6191114627260;XXL;R995;25H;;1,00;
04/02/2026;002;22172;6191114649262;XS;195;25H;;1,00;
04/02/2026;002;22175;6191114628786;S;990;25H;;1,00;
04/02/2026;002;22177;6191114628861;M;010;25H;;1,00;
04/02/2026;002;22177;6191114628908;XL;010;25H;;1,00;
04/02/2026;002;22184;6191114629660;XXL;995;25H;;1,00;
04/02/2026;002;22186;6191114627758;XL;385;25H;;1,00;
04/02/2026;002;22186;6191114627772;XXL;385;25H;;1,00;
04/02/2026;002;22187;6191114644670;S/M;995;25H;;1,00;
04/02/2026;002;22194;6191114628229;XL;I255;25H;;1,00;
04/02/2026;002;22194;6191114628243;XXL;I385;25H;;1,00;
04/02/2026;002;22195;6191114628588;XL;210;25H;;1,00;
04/02/2026;002;22197;6191114630062;M;815;25H;;1,00;
04/02/2026;002;22197;6191114630086;XL;815;25H;;1,00;
04/02/2026;002;22200;6191114630284;L;010;25H;;1,00;
04/02/2026;002;22201;6191114630444;XXL;815;25H;;1,00;
04/02/2026;002;22202;6191114630550;XL;790;25H;;1,00;
04/02/2026;002;22207;6191114640443;L;880;25H;;1,00;
04/02/2026;002;22209;6191114640733;XL;815;25H;;1,00;
04/02/2026;002;22209;6191114640757;XXL;815;25H;;1,00;
04/02/2026;002;22216;6191114642669;S;I385;25H;;2,00;
04/02/2026;002;22222;6191114643383;L;995;25H;;1,00;
04/02/2026;002;22223;6191114643635;3XL;645;25H;;1,00;
04/02/2026;002;22239;6191114644984;L;995;25H;;1,00;
04/02/2026;002;22242;6191114647657;XXL;724;25H;;1,00;
04/02/2026;002;22243;6191114647794;L;695;25H;;1,00;
04/02/2026;002;22247;6191114648630;S;R385;25H;;1,00;
04/02/2026;002;22247;6191114648661;M;R385;25H;;1,00;
04/02/2026;002;22247;6191114648739;XL;R310;25H;;1,00;
04/02/2026;002;22250;6191114649569;S;784;25H;;1,00;
04/02/2026;002;22255;6191114650381;XXL;995;25H;;1,00;
04/02/2026;002;22257;6191114650497;S;I195;25H;;1,00;
04/02/2026;002;22257;6191114650541;L;I740;25H;;1,00;
04/02/2026;002;22257;6191114650558;L;I195;25H;;2,00;
04/02/2026;002;22257;6191114650596;XXL;I350;25H;;1,00;
04/02/2026;002;22257;6191114650626;3XL;I350;25H;;1,00;
04/02/2026;002;22257;6191114650640;3XL;I195;25H;;1,00;
04/02/2026;002;22258;6191114650749;L;385;25H;;1,00;
04/02/2026;002;22258;6191114650763;L;740;25H;;1,00;
04/02/2026;002;22265;6191114651760;M;995;25H;;1,00;
04/02/2026;002;22267;6191114651883;XXL;815;25H;;1,00;
04/02/2026;002;22268;6191114653115;L;695;25H;;1,00;
04/02/2026;002;22270;6191114649934;M;995;25H;;1,00;
04/02/2026;002;22273;6191114652774;XL;695;25H;;1,00;
04/02/2026;002;22274;6191114652859;S;995;25H;;1,00;
04/02/2026;002;22274;6191114652873;L;995;25H;;1,00;
04/02/2026;002;22276;6191114655812;XL;995;25H;;1,00;
04/02/2026;002;22279;6191114653597;M;645;25H;;1,00;
04/02/2026;002;22284;6191114654211;L;385;25H;;1,00;
04/02/2026;002;22285;6191114654372;XL;385;25H;;1,00;
04/02/2026;002;22285;6191114654419;3XL;385;25H;;1,00;
04/02/2026;002;22287;6191114654563;L;995;25H;;1,00;
04/02/2026;002;22292;6191114655683;XL;870;25H;;1,00;
04/02/2026;002;22297;6191114656703;XXL;215;25H;;1,00;
04/02/2026;002;22298;6191114658240;S;R385;25H;;1,00;
04/02/2026;002;22301;6191114657090;M;995;25H;;1,00;
04/02/2026;002;22306;6191114669086;XL;995;25H;;1,00;
04/02/2026;002;22307;6191114669994;L;M940;25H;;1,00;
04/02/2026;002;22307;6191114670068;3XL;M815;25H;;1,00;
04/02/2026;002;22316;6191114658516;L;476;25H;;1,00;
04/02/2026;002;22319;6191114670228;S;995;25H;;1,00;
04/02/2026;002;22322;6191114659537;XXL;740;25H;;1,00;
04/02/2026;002;22322;6191114659544;XXL;190;25H;;1,00;
04/02/2026;002;22331;6191114660250;XL;815;25H;;1,00;
04/02/2026;002;22331;6191114660328;XXL;390;25H;;1,00;
04/02/2026;002;22331;6191114660410;XXL;495;25H;;1,00;
04/02/2026;002;22338;6191114660908;L;170;25H;;1,00;
04/02/2026;002;22351;6191114668812;S;I815;25H;;1,00;
04/02/2026;002;55716;6191114526389;3XL;385;24H;;1,00;
04/02/2026;002;55717;6191114526419;6XL;940;24H;;1,00;
04/02/2026;002;55718;6191114528444;5XL;995;24H;;1,00;
04/02/2026;002;55719;6191114526525;3XL;995;24H;;1,00;
04/02/2026;002;55720;6191114526549;M;385;24H;;1,00;
04/02/2026;002;55724;6191114526778;S;815;24H;;2,00;
04/02/2026;002;55725;6191114526792;M;385;24H;;1,00;
04/02/2026;002;55800;6191114621695;3XL;975;25H;;-1,00;
04/02/2026;002;55806;6191114640931;XXL;995;25H;;1,00;
04/02/2026;002;55806;6191114640962;3XL;995;25H;;-1,00;
04/02/2026;002;55808;6191114641228;L;995;25H;;1,00;
04/02/2026;002;55809;6191114642096;L;870;25H;;1,00;
04/02/2026;002;55810;6191114642232;L;010;25H;;1,00;
04/02/2026;002;55813;6191114645219;M;940;25H;;1,00;
04/02/2026;002;55816;6191114648463;XL;R995;25H;;1,00;
04/02/2026;002;70084;6191114450332;S;995;24H;;1,00;
04/02/2026;002;70201;6191114608030;L;R870;25H;;1,00;
04/02/2026;002;70202;6191114608191;XXL;995;25H;;1,00;
04/02/2026;002;70214;6191114623774;XL;995;25H;;1,00;
04/02/2026;002;70234;6191114660762;L;010;25H;;1,00;
04/02/2026;002;91405;6191114601871;TU;MCO;25E;;1,00;
04/02/2026;005;21137;6191114463356;M;870;24H;;1,00;
04/02/2026;005;21254;6191114482975;M;995;24H;;1,00;
04/02/2026;005;22027;6191114653061;XL;870;25H;;1,00;
04/02/2026;005;22043;6191114622098;L;855;25H;;1,00;
04/02/2026;005;22055;6191114617582;XL;870;25H;;1,00;
04/02/2026;005;22055;6191114624870;XL;995;25H;;1,00;
04/02/2026;005;22058;6191114617971;XXL;000;25H;;1,00;
04/02/2026;005;22064;6191114618671;M;695;25H;;1,00;
04/02/2026;005;22067;6191114615694;XL;380;25H;;1,00;
04/02/2026;005;22071;6191114616103;M;195;25H;;1,00;
04/02/2026;005;22098;6191114620841;M;995;25H;;1,00;
04/02/2026;005;22098;6191114620858;L;995;25H;;1,00;
04/02/2026;005;22108;6191114622166;XL;870;25H;;1,00;
04/02/2026;005;22115;6191114645998;L;005;25H;;1,00;
04/02/2026;005;22115;6191114646025;XL;005;25H;;1,00;
04/02/2026;005;22123;6191114646735;L;995;25H;;1,00;
04/02/2026;005;22124;6191114646841;M;995;25H;;1,00;
04/02/2026;005;22124;6191114646896;XXL;645;25H;;1,00;
04/02/2026;005;22146;6191114630017;XL;995;25H;;1,00;
04/02/2026;005;22150;6191114625631;L;995;25H;;1,00;
04/02/2026;005;22163;6191114659865;XXL;C490;25H;;1,00;
04/02/2026;005;22200;6191114630307;XL;010;25H;;1,00;
04/02/2026;005;22202;6191114630567;XXL;995;25H;;1,00;
04/02/2026;005;22207;6191114640382;S;880;25H;;1,00;
04/02/2026;005;22207;6191114640474;XL;880;25H;;1,00;
04/02/2026;005;22222;6191114643369;M;010;25H;;1,00;
04/02/2026;005;22239;6191114645004;XL;815;25H;;1,00;
04/02/2026;005;22239;6191114645011;XL;995;25H;;1,00;
04/02/2026;005;22244;6191114647954;L;995;25H;;1,00;
04/02/2026;005;22244;6191114647961;L;215;25H;;1,00;
04/02/2026;005;22244;6191114647978;L;695;25H;;1,00;
04/02/2026;005;22258;6191114650763;L;740;25H;;1,00;
04/02/2026;005;22268;6191114653139;XXL;695;25H;;1,00;
04/02/2026;005;22269;6191114653207;XL;695;25H;;1,00;
04/02/2026;005;22276;6191114655782;L;385;25H;;1,00;
04/02/2026;005;22282;6191114654082;3XL;I815;25H;;1,00;
04/02/2026;005;22294;6191114655980;XS;870;25H;;1,00;
04/02/2026;005;22294;6191114655997;XS;820;25H;;1,00;
04/02/2026;005;22301;6191114657113;L;995;25H;;1,00;
04/02/2026;005;22301;6191114657182;3XL;215;25H;;1,00;
04/02/2026;005;22308;6191114657717;L;870;25H;;1,00;
04/02/2026;005;22318;6191114659001;L;C000;25H;;1,00;
04/02/2026;005;22322;6191114659575;3XL;190;25H;;1,00;
04/02/2026;005;22328;6191114661417;XL;995;25H;;1,00;
04/02/2026;005;22331;6191114660427;3XL;495;25H;;1,00;
04/02/2026;005;22351;6191114668829;M;I815;25H;;1,00;
04/02/2026;005;22351;6191114668836;L;I815;25H;;-1,00;
04/02/2026;005;55808;6191114641228;L;995;25H;;1,00;
04/02/2026;005;55808;6191114641235;L;975;25H;;1,00;
04/02/2026;005;55809;6191114642119;XL;870;25H;;1,00;
04/02/2026;005;55811;6191114644625;XL;R784;25H;;2,00;
04/02/2026;005;55813;6191114645240;L;940;25H;;-1,00;
04/02/2026;005;55817;6191114654747;M;695;25H;;-1,00;
04/02/2026;005;55817;6191114654785;L;790;25H;;1,00;
04/02/2026;005;55817;6191114654808;XL;695;25H;;1,00;
04/02/2026;005;70201;6191114608030;L;R870;25H;;1,00;
04/02/2026;005;70201;6191114608061;XL;R385;25H;;1,00;
04/02/2026;005;70205;6191114612365;3XL;695;25H;;1,00;
04/02/2026;005;70209;6191114612778;L;R170;25H;;1,00;
04/02/2026;005;70224;6191114641822;XL;694;25H;;1,00;
04/02/2026;005;70226;6191114652002;L;I995;25H;;1,00;
04/02/2026;005;70227;6191114652262;3XL;I875;25H;;-1,00;
04/02/2026;005;70228;6191114649880;L;995;25H;;1,00;
04/02/2026;005;70234;6191114660762;L;010;25H;;1,00;
04/02/2026;005;91528;6191114640245;39;995;25H;;1,00;
04/02/2026;009;22010;6191114607323;XXL;815;25H;;1,00;
04/02/2026;009;22012;6191114607583;3XL;995;25H;;1,00;
04/02/2026;009;22048;6191114611986;M;010;25H;;1,00;
04/02/2026;009;22064;6191114618794;XL;855;25H;;1,00;
04/02/2026;009;22065;6191114618930;M;820;25H;;1,00;
04/02/2026;009;22072;6191114616219;L;476;25H;;1,00;
04/02/2026;009;22073;6191114616356;3XL;870;25H;;1,00;
04/02/2026;009;22078;6191114616783;L;995;25H;;1,00;
04/02/2026;009;22080;6191114617025;XXL;380;25H;;1,00;
04/02/2026;009;22083;6191114619050;M;820;25H;;1,00;
04/02/2026;009;22083;6191114619067;L;350;25H;;1,00;
04/02/2026;009;22086;6191114619517;L;995;25H;;1,00;
04/02/2026;009;22088;6191114619838;3XL;385;25H;;1,00;
04/02/2026;009;22128;6191114623002;L;385;25H;;1,00;
04/02/2026;009;22197;6191114630086;XL;815;25H;;1,00;
04/02/2026;009;22211;6191114641358;M;694;25H;;1,00;
04/02/2026;009;22216;6191114642669;S;I385;25H;;1,00;
04/02/2026;009;22237;6191114644816;L;I815;25H;;1,00;
04/02/2026;009;22239;6191114645028;XL;784;25H;;1,00;
04/02/2026;009;22242;6191114647527;L;380;25H;;-1,00;
04/02/2026;009;22242;6191114647572;XL;380;25H;;1,00;
04/02/2026;009;22249;6191114649231;L;010;25H;;1,00;
04/02/2026;009;22258;6191114650817;XXL;195;25H;;1,00;
04/02/2026;009;22258;6191114650886;4XL;740;25H;;1,00;
04/02/2026;009;22262;6191114651432;3XL;385;25H;;1,00;
04/02/2026;009;22265;6191114651791;XXL;995;25H;;1,00;
04/02/2026;009;22266;6191114652309;TU;995;25H;;2,00;
04/02/2026;009;22268;6191114653122;XL;695;25H;;1,00;
04/02/2026;009;22275;6191114652972;XL;385;25H;;1,00;
04/02/2026;009;22276;6191114655782;L;385;25H;;1,00;
04/02/2026;009;22276;6191114655829;XXL;385;25H;;1,00;
04/02/2026;009;22281;6191114653979;M;995;25H;;1,00;
04/02/2026;009;22285;6191114654396;XXL;385;25H;;1,00;
04/02/2026;009;22287;6191114654617;3XL;815;25H;;1,00;
04/02/2026;009;22289;6191114655287;XXL;995;25H;;1,00;
04/02/2026;009;22292;6191114655669;L;870;25H;;1,00;
04/02/2026;009;22295;6191114656222;L;995;25H;;1,00;
04/02/2026;009;22298;6191114658271;XL;R385;25H;;1,00;
04/02/2026;009;22318;6191114659063;3XL;C000;25H;;1,00;
04/02/2026;009;22320;6191114659193;XL;825;25H;;1,00;
04/02/2026;009;22321;6191114659353;XXL;825;25H;;1,00;
04/02/2026;009;22330;6191114660069;L;220;25H;;1,00;
04/02/2026;009;55811;6191114644601;L;R784;25H;;1,00;
04/02/2026;009;55813;6191114645271;XL;940;25H;;-1,00;
04/02/2026;009;55813;6191114645288;XXL;385;25H;;1,00;
04/02/2026;009;55815;6191114645622;3XL;385;25H;;-1,00;
04/02/2026;009;55816;6191114648401;M;R995;25H;;-1,00;
04/02/2026;009;55816;6191114648432;L;R995;25H;;1,00;
04/02/2026;009;55816;6191114648463;XL;R995;25H;;-1,00;
04/02/2026;009;55816;6191114648517;XXL;R990;25H;;1,00;
04/02/2026;009;55816;6191114648531;3XL;R385;25H;;1,00;
04/02/2026;009;55817;6191114654785;L;790;25H;;1,00;
04/02/2026;009;55818;6191114654983;L;385;25H;;1,00;
04/02/2026;009;55818;6191114655003;L;824;25H;;1,00;
04/02/2026;009;55818;6191114655133;3XL;385;25H;;1,00;
04/02/2026;009;70201;6191114608061;XL;R385;25H;;1,00;
04/02/2026;009;70206;6191114612433;XL;870;25H;;1,00;
04/02/2026;009;70212;6191114623279;XL;I995;25H;;1,00;
04/02/2026;009;70213;6191114623682;M;P385;25H;;1,00;
04/02/2026;009;70213;6191114623699;L;P385;25H;;1,00;
04/02/2026;009;70224;6191114641822;XL;694;25H;;1,00;
04/02/2026;009;70226;6191114652033;XL;I995;25H;;1,00;
04/02/2026;009;70226;6191114652057;XL;I815;25H;;1,00;
04/02/2026;009;70226;6191114652088;XXL;I815;25H;;1,00;
04/02/2026;009;70226;6191114652095;3XL;I995;25H;;1,00;
04/02/2026;009;70226;6191114652101;3XL;I880;25H;;1,00;
04/02/2026;009;70227;6191114652217;XL;I740;25H;;1,00;
04/02/2026;011;22011;6191114607361;S;010;25H;;1,00;
04/02/2026;011;22020;6191114609563;XL;695;25H;;-1,00;
04/02/2026;011;22020;6191114609587;XXL;695;25H;;1,00;
04/02/2026;011;22033;6191114611023;M;815;25H;;1,00;
04/02/2026;011;22068;6191114615786;XL;995;25H;;1,00;
04/02/2026;011;22108;6191114622135;S;870;25H;;1,00;
04/02/2026;011;22111;6191114622708;S;235;25H;;1,00;
04/02/2026;011;22118;6191114646391;L;995;25H;;1,00;
04/02/2026;011;22120;6191114646537;XXL;995;25H;;1,00;
04/02/2026;011;22128;6191114622968;S;995;25H;;1,00;
04/02/2026;011;22142;6191114624740;L;195;25H;;1,00;
04/02/2026;011;22162;6191114647206;M;995;25H;;-1,00;
04/02/2026;011;22184;6191114629660;XXL;995;25H;;1,00;
04/02/2026;011;22186;6191114627802;3XL;784;25H;;1,00;
04/02/2026;011;22250;6191114649545;S;815;25H;;1,00;
04/02/2026;011;22257;6191114650664;4XL;I740;25H;;1,00;
04/02/2026;011;22259;6191114650992;3XL;010;25H;;1,00;
04/02/2026;011;22276;6191114655782;L;385;25H;;1,00;
04/02/2026;011;22290;6191114657960;XXL;R385;25H;;1,00;
04/02/2026;011;22292;6191114655645;M;870;25H;;1,00;
04/02/2026;011;22298;6191114658240;S;R385;25H;;1,00;
04/02/2026;011;22301;6191114657083;S;215;25H;;1,00;
04/02/2026;011;22330;6191114660076;XL;724;25H;;-1,00;
04/02/2026;011;22330;6191114660106;XXL;220;25H;;1,00;
04/02/2026;011;22331;6191114660397;L;495;25H;;1,00;
04/02/2026;011;55808;6191114641235;L;975;25H;;1,00;
04/02/2026;011;55813;6191114645219;M;940;25H;;1,00;
04/02/2026;011;55816;6191114648548;3XL;R990;25H;;1,00;
04/02/2026;011;55818;6191114655058;XL;824;25H;;1,00;
04/02/2026;011;70206;6191114612464;XXL;995;25H;;1,00;
04/02/2026;011;70217;6191114649392;XL;I385;25H;;-1,00;
04/02/2026;011;70217;6191114649408;XXL;I385;25H;;1,00;
04/02/2026;011;91272;6194444115667;TU;815;22H;;1,00;
04/02/2026;014;21462;6191114530478;L/XL;995;24H;;1,00;
04/02/2026;014;21835;6191114584150;L;235;25E;;1,00;
04/02/2026;014;22001;6191114605879;S;705;25H;;1,00;
04/02/2026;014;22005;6191114606647;XL;815;25H;;1,00;
04/02/2026;014;22017;6191114609235;XXL;010;25H;;1,00;
04/02/2026;014;22025;6191114610040;S;995;25H;;1,00;
04/02/2026;014;22027;6191114610309;M;645;25H;;1,00;
04/02/2026;014;22030;6191114610712;XL;010;25H;;1,00;
04/02/2026;014;22036;6191114611207;XXL;R995;25H;;1,00;
04/02/2026;014;22044;6191114622067;3XL;695;25H;;1,00;
04/02/2026;014;22045;6191114611702;L;995;25H;;1,00;
04/02/2026;014;22052;6191114617223;XL;995;25H;;1,00;
04/02/2026;014;22058;6191114617957;XL;000;25H;;1,00;
04/02/2026;014;22060;6191114618053;L;310;25H;;1,00;
04/02/2026;014;22060;6191114618091;XXL;310;25H;;1,00;
04/02/2026;014;22064;6191114618732;L;175;25H;;1,00;
04/02/2026;014;22064;6191114618831;XXL;175;25H;;1,00;
04/02/2026;014;22066;6191114615564;S;875;25H;;1,00;
04/02/2026;014;22070;6191114615991;L;385;25H;;1,00;
04/02/2026;014;22081;6191114617063;L;380;25H;;1,00;
04/02/2026;014;22084;6191114616479;L;000;25H;;1,00;
04/02/2026;014;22090;6191114620094;XXL;815;25H;;1,00;
04/02/2026;014;22096;6191114620551;S;385;25H;;1,00;
04/02/2026;014;22097;6191114620698;S;385;25H;;1,00;
04/02/2026;014;22113;6191114645691;M;005;25H;;1,00;
04/02/2026;014;22114;6191114645851;XL;815;25H;;1,00;
04/02/2026;014;22115;6191114645950;M;990;25H;;1,00;
04/02/2026;014;22115;6191114646032;XXL;820;25H;;1,00;
04/02/2026;014;22117;6191114648975;S;940;25H;;1,00;
04/02/2026;014;22117;6191114648982;M;940;25H;;1,00;
04/02/2026;014;22125;6191114646957;L;E385;25H;;1,00;
04/02/2026;014;22128;6191114623071;XXL;870;25H;;1,00;
04/02/2026;014;22132;6191114623866;L;224;25H;;1,00;
04/02/2026;014;22133;6191114623996;L;815;25H;;1,00;
04/02/2026;014;22139;6191114624399;S;995;25H;;1,00;
04/02/2026;014;22139;6191114624429;M;995;25H;;1,00;
04/02/2026;014;22139;6191114624467;L;940;25H;;1,00;
04/02/2026;014;22142;6191114624733;L;875;25H;;2,00;
04/02/2026;014;22150;6191114625617;M;995;25H;;1,00;
04/02/2026;014;22162;6191114647206;M;995;25H;;1,00;
04/02/2026;014;22170;6191114626997;XL;R990;25H;;1,00;
04/02/2026;014;22173;6191114628694;XL;995;25H;;1,00;
04/02/2026;014;22174;6191114628748;L;990;25H;;1,00;
04/02/2026;014;22190;6191114627840;XL;995;25H;;1,00;
04/02/2026;014;22195;6191114628298;S;215;25H;;-1,00;
04/02/2026;014;22201;6191114630420;XL;815;25H;;1,00;
04/02/2026;014;22207;6191114640443;L;880;25H;;-1,00;
04/02/2026;014;22209;6191114640757;XXL;815;25H;;1,00;
04/02/2026;014;22212;6191114641570;XXL;385;25H;;1,00;
04/02/2026;014;22212;6191114641594;XXL;235;25H;;1,00;
04/02/2026;014;22217;6191114642850;XL;000;25H;;1,00;
04/02/2026;014;22217;6191114642874;XXL;000;25H;;1,00;
04/02/2026;014;22223;6191114643499;S;870;25H;;1,00;
04/02/2026;014;22223;6191114643567;L;995;25H;;1,00;
04/02/2026;014;22233;6191114644366;S;000;25H;;1,00;
04/02/2026;014;22243;6191114647732;S;695;25H;;1,00;
04/02/2026;014;22243;6191114647824;XL;695;25H;;1,00;
04/02/2026;014;22244;6191114647954;L;995;25H;;1,00;
04/02/2026;014;22244;6191114647985;XL;995;25H;;1,00;
04/02/2026;014;22250;6191114649606;L;815;25H;;1,00;
04/02/2026;014;22250;6191114649699;3XL;815;25H;;1,00;
04/02/2026;014;22251;6191114650060;XXL;995;25H;;1,00;
04/02/2026;014;22262;6191114651432;3XL;385;25H;;1,00;
04/02/2026;014;22263;6191114651470;XS;010;25H;;1,00;
04/02/2026;014;22268;6191114649729;XS;870;25H;;1,00;
04/02/2026;014;22268;6191114649743;M;870;25H;;1,00;
04/02/2026;014;22276;6191114655782;L;385;25H;;1,00;
04/02/2026;014;22276;6191114655805;XL;385;25H;;2,00;
04/02/2026;014;22279;6191114653702;XXL;000;25H;;1,00;
04/02/2026;014;22284;6191114654174;S;385;25H;;1,00;
04/02/2026;014;22285;6191114654358;L;385;25H;;1,00;
04/02/2026;014;22295;6191114656215;M;695;25H;;1,00;
04/02/2026;014;22295;6191114656222;L;995;25H;;1,00;
04/02/2026;014;22296;6191114656451;S;215;25H;;1,00;
04/02/2026;014;22299;6191114657038;XXL;870;25H;;1,00;
04/02/2026;014;22301;6191114657106;M;215;25H;;1,00;
04/02/2026;014;22301;6191114657120;L;215;25H;;1,00;
04/02/2026;014;22301;6191114657137;XL;995;25H;;1,00;
04/02/2026;014;22302;6191114657243;L;245;25H;;1,00;
04/02/2026;014;22303;6191114657366;M;195;25H;;1,00;
04/02/2026;014;22308;6191114657717;L;870;25H;;1,00;
04/02/2026;014;22311;6191114658080;M;I995;25H;;1,00;
04/02/2026;014;22312;6191114658158;XL;995;25H;;1,00;
04/02/2026;014;22319;6191114670211;XS;995;25H;;2,00;
04/02/2026;014;22319;6191114670228;S;995;25H;;1,00;
04/02/2026;014;22331;6191114660281;XL;390;25H;;1,00;
04/02/2026;014;22331;6191114660403;XL;495;25H;;1,00;
04/02/2026;014;22332;6191114660571;XXL;940;25H;;1,00;
04/02/2026;014;22338;6191114660915;XL;170;25H;;1,00;
04/02/2026;014;22338;6191114660922;XXL;170;25H;;1,00;
04/02/2026;014;22350;6191114668768;M;I815;25H;;1,00;
04/02/2026;014;22355;6191114668997;XS;995;25H;;1,00;
04/02/2026;014;55800;6191114621602;L;975;25H;;-1,00;
04/02/2026;014;55808;6191114641198;M;995;25H;;1,00;
04/02/2026;014;55811;6191114644663;3XL;R784;25H;;1,00;
04/02/2026;014;55815;6191114645585;XL;385;25H;;1,00;
04/02/2026;014;55816;6191114648401;M;R995;25H;;1,00;
04/02/2026;014;55816;6191114648432;L;R995;25H;;1,00;
04/02/2026;014;55816;6191114648463;XL;R995;25H;;1,00;
04/02/2026;014;55816;6191114648487;XL;R990;25H;;1,00;
04/02/2026;014;55816;6191114648524;3XL;R995;25H;;1,00;
04/02/2026;014;66481;6191114502222;L/XL;200;24H;;1,00;
04/02/2026;014;70202;6191114608139;M;995;25H;;1,00;
04/02/2026;014;70202;6191114608153;L;995;25H;;1,00;
04/02/2026;014;70210;6191114619142;S;R385;25H;;1,00;
04/02/2026;014;70217;6191114647312;L;E385;25H;;1,00;
04/02/2026;014;70220;6191114631243;3XL;695;25H;;1,00;
04/02/2026;014;91505;6191114657328;TU;385;25H;;1,00;
04/02/2026;014;91509;6191114625358;40;815;25H;;1,00;
04/02/2026;014;91527;6191114640115;38;870;25H;;1,00;
04/02/2026;014;91529;6191114640351;40;385;25H;;1,00;
04/02/2026;015;20832;6191114396395;2XL/3;495;24E;;1,00;
04/02/2026;015;20836;6191114396722;2XL/3;995;24E;;1,00;
04/02/2026;015;20836;6191114396784;2XL/3;990;24E;;1,00;
04/02/2026;015;21753;6191114588240;XL;815;25E;;1,00;
04/02/2026;015;21754;6191114588325;XL;815;25E;;1,00;
04/02/2026;015;22007;6191114607057;3XL;905;25H;;1,00;
04/02/2026;015;22030;6191114610743;3XL;995;25H;;1,00;
04/02/2026;015;22030;6191114610750;3XL;010;25H;;1,00;
04/02/2026;015;22032;6191114610965;XXL;995;25H;;1,00;
04/02/2026;015;22036;6191114611191;XL;R010;25H;;1,00;
04/02/2026;015;22046;6191114611832;3XL;C385;25H;;1,00;
04/02/2026;015;22055;6191114617568;L;870;25H;;1,00;
04/02/2026;015;22062;6191114618329;L;195;25H;;1,00;
04/02/2026;015;22064;6191114618749;L;855;25H;;1,00;
04/02/2026;015;22067;6191114615663;S;380;25H;;1,00;
04/02/2026;015;22067;6191114615687;L;380;25H;;1,00;
04/02/2026;015;22091;6191114620216;XXL;815;25H;;1,00;
04/02/2026;015;22092;6191114620353;3XL;815;25H;;1,00;
04/02/2026;015;22108;6191114622159;L;870;25H;;1,00;
04/02/2026;015;22115;6191114645929;S;990;25H;;1,00;
04/02/2026;015;22115;6191114645974;L;820;25H;;1,00;
04/02/2026;015;22118;6191114646414;XL;995;25H;;1,00;
04/02/2026;015;22124;6191114646889;XL;995;25H;;1,00;
04/02/2026;015;22127;6191114647138;XL;995;25H;;1,00;
04/02/2026;015;22128;6191114623033;XL;385;25H;;1,00;
04/02/2026;015;22130;6191114623576;XL;995;25H;;1,00;
04/02/2026;015;22131;6191114623620;M;995;25H;;1,00;
04/02/2026;015;22151;6191114625723;XL;995;25H;;1,00;
04/02/2026;015;22160;6191114626249;XL;820;25H;;1,00;
04/02/2026;015;22200;6191114630246;S;010;25H;;1,00;
04/02/2026;015;22200;6191114630284;L;010;25H;;-1,00;
04/02/2026;015;22216;6191114642690;XL;I385;25H;;1,00;
04/02/2026;015;22239;6191114644960;M;784;25H;;1,00;
04/02/2026;015;22250;6191114649620;L;784;25H;;1,00;
04/02/2026;015;22255;6191114650374;XL;995;25H;;1,00;
04/02/2026;015;22263;6191114651562;L;010;25H;;1,00;
04/02/2026;015;22263;6191114651647;3XL;995;25H;;1,00;
04/02/2026;015;22272;6191114652521;M;870;25H;;1,00;
04/02/2026;015;22276;6191114655843;3XL;385;25H;;1,00;
04/02/2026;015;22286;6191114654457;L;995;25H;;1,00;
04/02/2026;015;22294;6191114656109;XL;870;25H;;1,00;
04/02/2026;015;22295;6191114656239;L;695;25H;;1,00;
04/02/2026;015;22307;6191114670044;XXL;M870;25H;;1,00;
04/02/2026;015;22316;6191114658486;XS;476;25H;;1,00;
04/02/2026;015;22322;6191114659490;XL;645;25H;;1,00;
04/02/2026;015;22325;6191114659957;L;995;25H;;1,00;
04/02/2026;015;22332;6191114660540;XL;870;25H;;1,00;
04/02/2026;015;55800;6191114621602;L;975;25H;;1,00;
04/02/2026;015;55808;6191114641198;M;995;25H;;1,00;
04/02/2026;015;55810;6191114642225;L;385;25H;;1,00;
04/02/2026;015;70200;6191114607941;XL;R940;25H;;1,00;
04/02/2026;015;70210;6191114619241;3XL;R385;25H;;1,00;
04/02/2026;015;70216;6191114624313;L;R385;25H;;1,00;
04/02/2026;015;70226;6191114652071;XXL;I880;25H;;1,00;
04/02/2026;015;70226;6191114652088;XXL;I815;25H;;1,00;
04/02/2026;015;70227;6191114652248;XXL;I875;25H;;1,00;
04/02/2026;015;70231;6191114658714;XL;C000;25H;;1,00;
04/02/2026;015;70231;6191114658721;XL;C995;25H;;1,00;
04/02/2026;015;70233;6191114658882;L;995;25H;;1,00;
04/02/2026;015;70233;6191114658929;4XL;995;25H;;1,00;
04/02/2026;015;91510;6191114625525;41;995;25H;;1,00;
04/02/2026;015;91528;6191114640214;38;870;25H;;-1,00;
04/02/2026;015;91528;6191114640238;39;870;25H;;1,00;
04/02/2026;016;20569;6191114324480;L;I430;24E;;1,00;
04/02/2026;016;21119;6191114453791;L;R815;24H;;2,00;
04/02/2026;016;21137;6191114463332;S;870;24H;;1,00;
04/02/2026;016;21166;6191114466616;L;270;24H;;1,00;
04/02/2026;016;21200;6191114471474;M;385;24H;;-1,00;
04/02/2026;016;21250;6191114481978;S;385;24H;;1,00;
04/02/2026;016;21283;6191114502758;L;995;24H;;1,00;
04/02/2026;016;21283;6191114505179;XXL;390;24H;;1,00;
04/02/2026;016;21283;6191114505186;3XL;390;24H;;1,00;
04/02/2026;016;21287;6191114503205;S;790;24H;;1,00;
04/02/2026;016;21287;6191114503267;XL;790;24H;;1,00;
04/02/2026;016;21287;6191114503281;XXL;790;24H;;1,00;
04/02/2026;016;21344;6191114501096;S;895;24H;;1,00;
04/02/2026;016;21350;6191114501805;S;995;24H;;1,00;
04/02/2026;016;21357;6191114503632;L;995;24H;;1,00;
04/02/2026;016;21358;6191114503700;XL;995;24H;;1,00;
04/02/2026;016;21359;6191114503755;L;995;24H;;1,00;
04/02/2026;016;21380;6191114508361;S;875;24H;;1,00;
04/02/2026;016;21381;6191114508545;XXL;875;24H;;1,00;
04/02/2026;016;21459;6191114530362;L;995;24H;;1,00;
04/02/2026;016;21471;6191114531956;XXL;385;24H;;1,00;
04/02/2026;016;22003;6191114606265;XL;R724;25H;;1,00;
04/02/2026;016;22004;6191114606432;XL;R000;25H;;1,00;
04/02/2026;016;22004;6191114606500;3XL;R995;25H;;1,00;
04/02/2026;016;22005;6191114606661;XL;995;25H;;1,00;
04/02/2026;016;22006;6191114606968;3XL;815;25H;;1,00;
04/02/2026;016;22007;6191114607057;3XL;905;25H;;1,00;
04/02/2026;016;22017;6191114609259;3XL;010;25H;;1,00;
04/02/2026;016;22020;6191114619265;S;815;25H;;1,00;
04/02/2026;016;22024;6191114653269;XL;870;25H;;1,00;
04/02/2026;016;22028;6191114610507;3XL;870;25H;;1,00;
04/02/2026;016;22030;6191114610682;L;995;25H;;1,00;
04/02/2026;016;22055;6191114624863;L;995;25H;;1,00;
04/02/2026;016;22060;6191114618046;L;215;25H;;1,00;
04/02/2026;016;22062;6191114618312;L;995;25H;;1,00;
04/02/2026;016;22070;6191114616011;XL;385;25H;;1,00;
04/02/2026;016;22071;6191114616134;XL;784;25H;;1,00;
04/02/2026;016;22073;6191114616264;S;395;25H;;1,00;
04/02/2026;016;22087;6191114619715;3XL;385;25H;;1,00;
04/02/2026;016;22114;6191114645851;XL;815;25H;;-1,00;
04/02/2026;016;22115;6191114646001;XL;820;25H;;1,00;
04/02/2026;016;22117;6191114646216;XS;995;25H;;1,00;
04/02/2026;016;22117;6191114649026;XS;940;25H;;1,00;
04/02/2026;016;22133;6191114625198;L;995;25H;;1,00;
04/02/2026;016;22137;6191114623354;M;255;25H;;1,00;
04/02/2026;016;22173;6191114628694;XL;995;25H;;1,00;
04/02/2026;016;22180;6191114629219;M;995;25H;;1,00;
04/02/2026;016;22181;6191114629295;3XL;995;25H;;1,00;
04/02/2026;016;22182;6191114629394;XL;870;25H;;1,00;
04/02/2026;016;22183;6191114629547;XL;385;25H;;1,00;
04/02/2026;016;22183;6191114629554;XL;995;25H;;1,00;
04/02/2026;016;22190;6191114627840;XL;995;25H;;1,00;
04/02/2026;016;22200;6191114630321;XXL;010;25H;;1,00;
04/02/2026;016;22201;6191114630451;XXL;995;25H;;1,00;
04/02/2026;016;22204;6191114630758;XL;995;25H;;1,00;
04/02/2026;016;22223;6191114643482;S;645;25H;;1,00;
04/02/2026;016;22237;6191114644823;XL;I815;25H;;1,00;
04/02/2026;016;22243;6191114647749;M;995;25H;;1,00;
04/02/2026;016;22243;6191114647763;M;695;25H;;1,00;
04/02/2026;016;22243;6191114647770;L;995;25H;;1,00;
04/02/2026;016;22244;6191114647909;S;215;25H;;1,00;
04/02/2026;016;22244;6191114647961;L;215;25H;;1,00;
04/02/2026;016;22244;6191114648012;XXL;995;25H;;1,00;
04/02/2026;016;22246;6191114648845;XL;870;25H;;1,00;
04/02/2026;016;22250;6191114649651;XL;784;25H;;1,00;
04/02/2026;016;22255;6191114650343;S;995;25H;;1,00;
04/02/2026;016;22257;6191114650527;M;I195;25H;;1,00;
04/02/2026;016;22273;6191114652729;M;824;25H;;1,00;
04/02/2026;016;22274;6191114652866;M;995;25H;;1,00;
04/02/2026;016;22276;6191114655744;S;385;25H;;1,00;
04/02/2026;016;22279;6191114653566;S;645;25H;;1,00;
04/02/2026;016;22279;6191114653658;XL;645;25H;;1,00;
04/02/2026;016;22279;6191114653672;XL;000;25H;;1,00;
04/02/2026;016;22281;6191114653993;XL;995;25H;;1,00;
04/02/2026;016;22286;6191114654464;XL;995;25H;;1,00;
04/02/2026;016;22287;6191114654556;L;815;25H;;1,00;
04/02/2026;016;22291;6191114655416;M;495;25H;;1,00;
04/02/2026;016;22296;6191114656543;XL;215;25H;;1,00;
04/02/2026;016;22303;6191114657397;XL;870;25H;;1,00;
04/02/2026;016;22308;6191114657717;L;870;25H;;-1,00;
04/02/2026;016;22321;6191114659384;4XL;870;25H;;1,00;
04/02/2026;016;22322;6191114659544;XXL;190;25H;;1,00;
04/02/2026;016;22332;6191114660519;M;940;25H;;-1,00;
04/02/2026;016;55820;6191114657816;S;R995;25H;;1,00;
04/02/2026;016;70201;6191114608016;M;R870;25H;;1,00;
04/02/2026;016;70201;6191114608108;3XL;R385;25H;;1,00;
04/02/2026;016;70205;6191114612341;XXL;695;25H;;1,00;
04/02/2026;016;70209;6191114612754;M;R170;25H;;1,00;
04/02/2026;016;70209;6191114612761;M;R920;25H;;1,00;
04/02/2026;016;70220;6191114631151;M;870;25H;;1,00;
04/02/2026;016;70228;6191114649880;L;995;25H;;1,00;
04/02/2026;016;70232;6191114658806;M;995;25H;;1,00;
04/02/2026;016;91273;6194444115674;TU;815;22H;;1,00;
04/02/2026;016;91506;6191114626379;TU;995;25H;;1,00;
04/02/2026;016;91510;6191114625471;39;815;25H;;1,00;
04/02/2026;016;91528;6191114640245;39;995;25H;;1,00;
04/02/2026;016;91528;6191114640252;40;870;25H;;1,00;
04/02/2026;019;20431;6191114296367;XL;995;23H;;1,00;
04/02/2026;019;20808;6191114391048;L;385;24E;;1,00;
04/02/2026;019;21223;6191114479241;L;995;24H;;1,00;
04/02/2026;019;21472;6191114532090;L;995;24H;;1,00;
04/02/2026;019;21488;6191114537538;3XL;010;25E;;1,00;
04/02/2026;019;21490;6191114537774;3XL;995;25E;;1,00;
04/02/2026;019;21490;6191114537781;3XL;815;25E;;1,00;
04/02/2026;019;21503;6191114539396;3XL;815;25E;;1,00;
04/02/2026;019;21537;6191114545625;4XL;010;25E;;1,00;
04/02/2026;019;21537;6191114545632;4XL;784;25E;;1,00;
04/02/2026;019;21577;6191114546974;3XL;R010;25E;;1,00;
04/02/2026;019;21705;6191114567030;L;995;25E;;1,00;
04/02/2026;019;21719;6191114571921;3XL;815;25E;;1,00;
04/02/2026;019;21753;6191114588271;4XL;815;25E;;1,00;
04/02/2026;019;21754;6191114588356;4XL;815;25E;;1,00;
04/02/2026;019;21848;6191114586574;3XL;145;25E;;1,00;
04/02/2026;019;21859;6191114588844;3XL;815;25E;;1,00;
04/02/2026;019;21863;6191114589438;XL;310;25E;;1,00;
04/02/2026;019;21878;6191114599208;3XL;M170;25E;;1,00;
04/02/2026;019;21913;6191114601130;XXL;010;25E;;1,00;
04/02/2026;019;21932;6191114603332;3XL;270;25E;;1,00;
04/02/2026;019;21932;6191114603349;3XL;355;25E;;1,00;
04/02/2026;019;21932;6191114603356;3XL;645;25E;;1,00;
04/02/2026;019;22008;6191114607118;3XL;R385;25H;;1,00;
04/02/2026;019;22010;6191114607316;XL;995;25H;;1,00;
04/02/2026;019;22023;6191114609877;XL;R010;25H;;1,00;
04/02/2026;019;22024;6191114653313;L;815;25H;;1,00;
04/02/2026;019;22030;6191114610705;XL;995;25H;;1,00;
04/02/2026;019;22031;6191114610804;L;995;25H;;1,00;
04/02/2026;019;22031;6191114610866;3XL;995;25H;;1,00;
04/02/2026;019;22037;6191114611351;3XL;010;25H;;1,00;
04/02/2026;019;22040;6191114611597;3XL;R010;25H;;1,00;
04/02/2026;019;22049;6191114612143;XL;995;25H;;1,00;
04/02/2026;019;22055;6191114617629;3XL;870;25H;;1,00;
04/02/2026;019;22096;6191114620674;4XL;385;25H;;1,00;
04/02/2026;019;22105;6191114621251;4XL;000;25H;;1,00;
04/02/2026;019;22108;6191114622142;M;870;25H;;1,00;
04/02/2026;019;22111;6191114622722;L;235;25H;;1,00;
04/02/2026;019;22118;6191114646438;XXL;995;25H;;1,00;
04/02/2026;019;22118;6191114646445;XXL;874;25H;;1,00;
04/02/2026;019;22139;6191114624481;XL;995;25H;;1,00;
04/02/2026;019;22140;6191114624627;L;995;25H;;1,00;
04/02/2026;019;22164;6191114649507;XXL;995;25H;;-1,00;
04/02/2026;019;22182;6191114629431;XXL;995;25H;;1,00;
04/02/2026;019;22183;6191114629530;L;995;25H;;1,00;
04/02/2026;019;22190;6191114627857;XXL;995;25H;;1,00;
04/02/2026;019;22191;6191114627932;XL;P995;25H;;1,00;
04/02/2026;019;22212;6191114641549;XL;385;25H;;1,00;
04/02/2026;019;22222;6191114643390;L;010;25H;;1,00;
04/02/2026;019;22242;6191114647558;L;724;25H;;1,00;
04/02/2026;019;22242;6191114647572;XL;380;25H;;2,00;
04/02/2026;019;22246;6191114648876;XXL;995;25H;;2,00;
04/02/2026;019;22247;6191114648715;L;R270;25H;;1,00;
04/02/2026;019;22274;6191114652866;M;995;25H;;1,00;
04/02/2026;019;22274;6191114652873;L;995;25H;;1,00;
04/02/2026;019;22274;6191114652880;XL;995;25H;;1,00;
04/02/2026;019;22275;6191114653016;3XL;385;25H;;1,00;
04/02/2026;019;22284;6191114654259;XXL;385;25H;;-1,00;
04/02/2026;019;22295;6191114656277;XXL;695;25H;;1,00;
04/02/2026;019;22298;6191114658264;L;R385;25H;;1,00;
04/02/2026;019;22301;6191114657144;XL;215;25H;;1,00;
04/02/2026;019;22302;6191114657243;L;245;25H;;1,00;
04/02/2026;019;22319;6191114670242;L;995;25H;;1,00;
04/02/2026;019;22325;6191114659940;M;695;25H;;1,00;
04/02/2026;019;22326;6191114668355;XXL;920;25H;;-1,00;
04/02/2026;019;22328;6191114661424;XXL;995;25H;;1,00;
04/02/2026;019;22330;6191114660076;XL;724;25H;;1,00;
04/02/2026;019;22349;6191114668720;XL;I815;25H;;1,00;
04/02/2026;019;55808;6191114641181;M;385;25H;;1,00;
04/02/2026;019;55808;6191114641198;M;995;25H;;1,00;
04/02/2026;019;55811;6191114644601;L;R784;25H;;1,00;
04/02/2026;019;55818;6191114655096;XXL;995;25H;;1,00;
04/02/2026;019;70126;6191114571273;3XL;740;25E;;1,00;
04/02/2026;019;70201;6191114608054;XL;R870;25H;;1,00;
04/02/2026;019;70201;6191114608078;XXL;R870;25H;;1,00;
04/02/2026;019;70202;6191114608191;XXL;995;25H;;1,00;
04/02/2026;019;70202;6191114608207;XXL;010;25H;;1,00;
04/02/2026;019;70203;6191114608276;L;R995;25H;;1,00;
04/02/2026;019;70209;6191114612754;M;R170;25H;;1,00;
04/02/2026;019;70209;6191114612792;XL;R170;25H;;1,00;
04/02/2026;019;70210;6191114619210;XL;R350;25H;;1,00;
04/02/2026;019;70214;6191114623798;XXL;995;25H;;1,00;
04/02/2026;019;91503;6191114626317;TU;385;25H;;1,00;
04/02/2026;019;91507;6191114626409;TU;195;25H;;1,00;
04/02/2026;019;91509;6191114625365;40;870;25H;;1,00;
04/02/2026;019;91510;6191114625464;38;995;25H;;1,00;
04/02/2026;019;91510;6191114625501;40;995;25H;;1,00;
04/02/2026;019;91526;6191114640030;40;995;25H;;2,00;
04/02/2026;019;91528;6191114640252;40;870;25H;;1,00;
04/02/2026;021;22003;6191114606265;XL;R724;25H;;1,00;
04/02/2026;021;22005;6191114606609;L;815;25H;;1,00;
04/02/2026;021;22013;6191114607637;M;995;25H;;1,00;
04/02/2026;021;22026;6191114610248;XXL;815;25H;;1,00;
04/02/2026;021;22030;6191114610743;3XL;995;25H;;1,00;
04/02/2026;021;22031;6191114610835;XL;695;25H;;1,00;
04/02/2026;021;22052;6191114617186;M;995;25H;;1,00;
04/02/2026;021;22054;6191114617421;L;385;25H;;1,00;
04/02/2026;021;22080;6191114616998;L;476;25H;;1,00;
04/02/2026;021;22088;6191114619791;XL;385;25H;;1,00;
04/02/2026;021;22120;6191114646490;L;995;25H;;1,00;
04/02/2026;021;22142;6191114624771;XL;195;25H;;1,00;
04/02/2026;021;22182;6191114629394;XL;870;25H;;1,00;
04/02/2026;021;22186;6191114627758;XL;385;25H;;1,00;
04/02/2026;021;22189;6191114644762;S/M;200;25H;;1,00;
04/02/2026;021;22198;6191114630215;XXL;695;25H;;1,00;
04/02/2026;021;22209;6191114640696;M;815;25H;;1,00;
04/02/2026;021;22212;6191114641587;XXL;255;25H;;1,00;
04/02/2026;021;22229;6191114644007;M;995;25H;;1,00;
04/02/2026;021;22242;6191114647459;S;724;25H;;1,00;
04/02/2026;021;22243;6191114647824;XL;695;25H;;1,00;
04/02/2026;021;22244;6191114648029;XXL;215;25H;;1,00;
04/02/2026;021;22246;6191114648845;XL;870;25H;;1,00;
04/02/2026;021;22251;6191114650084;3XL;995;25H;;1,00;
04/02/2026;021;22257;6191114650510;M;I740;25H;;1,00;
04/02/2026;021;22258;6191114650732;M;740;25H;;1,00;
04/02/2026;021;22262;6191114651364;M;490;25H;;1,00;
04/02/2026;021;22267;6191114651876;XL;995;25H;;1,00;
04/02/2026;021;22267;6191114651913;3XL;995;25H;;1,00;
04/02/2026;021;22268;6191114649774;XXL;870;25H;;1,00;
04/02/2026;021;22269;6191114653221;3XL;695;25H;;1,00;
04/02/2026;021;22284;6191114654211;L;385;25H;;1,00;
04/02/2026;021;22292;6191114655683;XL;870;25H;;1,00;
04/02/2026;021;22300;6191114656857;3XL;870;25H;;1,00;
04/02/2026;021;22302;6191114657281;XXL;245;25H;;1,00;
04/02/2026;021;22308;6191114657717;L;870;25H;;1,00;
04/02/2026;021;22312;6191114658165;XXL;995;25H;;-1,00;
04/02/2026;021;22312;6191114658172;3XL;995;25H;;2,00;
04/02/2026;021;22318;6191114658936;XS;235;25H;;1,00;
04/02/2026;021;22319;6191114670228;S;995;25H;;1,00;
04/02/2026;021;22325;6191114659995;XXL;995;25H;;1,00;
04/02/2026;021;22331;6191114660212;L;815;25H;;1,00;
04/02/2026;021;22331;6191114660236;L;995;25H;;1,00;
04/02/2026;021;22338;6191114660908;L;170;25H;;1,00;
04/02/2026;021;55808;6191114641235;L;975;25H;;1,00;
04/02/2026;021;55813;6191114645165;S;385;25H;;1,00;
04/02/2026;021;55816;6191114648401;M;R995;25H;;-1,00;
04/02/2026;021;55816;6191114648432;L;R995;25H;;1,00;
04/02/2026;021;55817;6191114654808;XL;695;25H;;1,00;
04/02/2026;021;70200;6191114607880;S;R940;25H;;1,00;
04/02/2026;021;70201;6191114608108;3XL;R385;25H;;1,00;
04/02/2026;021;70205;6191114612310;XL;385;25H;;1,00;
04/02/2026;021;70207;6191114612501;S;R695;25H;;1,00;
04/02/2026;021;70209;6191114612747;S;R920;25H;;1,00;
04/02/2026;021;70210;6191114619203;XL;R385;25H;;1,00;
04/02/2026;021;70222;6191114631007;XXL;476;25H;;1,00;
04/02/2026;021;70226;6191114652026;L;I815;25H;;1,00;
04/02/2026;021;70227;6191114652231;XXL;I740;25H;;-1,00;
04/02/2026;021;70227;6191114652255;3XL;I740;25H;;1,00;
04/02/2026;021;70229;6191114657779;L;476;25H;;1,00;
04/02/2026;021;91504;6191114626331;TU;880;25H;;1,00;
04/02/2026;024;20162;6191114234482;3XL;410;23H;;1,00;
04/02/2026;024;21112;6191114452909;XXL;M634;24H;;1,00;
04/02/2026;024;21126;6191114462083;L;R634;24H;;1,00;
04/02/2026;024;21126;6191114462113;XL;R634;24H;;1,00;
04/02/2026;024;21135;6191114482852;XL;780;24H;;1,00;
04/02/2026;024;21135;6191114482876;3XL;780;24H;;1,00;
04/02/2026;024;21189;6191114471290;XXL;I350;24H;;1,00;
04/02/2026;024;21222;6191114479173;3XL;645;24H;;1,00;
04/02/2026;024;21223;6191114479234;L;815;24H;;1,00;
04/02/2026;024;21223;6191114479258;XL;815;24H;;1,00;
04/02/2026;024;21310;6191114485822;XS;995;24H;;1,00;
04/02/2026;024;21380;6191114508422;XL;875;24H;;1,00;
04/02/2026;024;21381;6191114508514;XL;995;24H;;1,00;
04/02/2026;024;21440;6191114528871;L;995;24H;;1,00;
04/02/2026;024;21440;6191114528888;XL;995;24H;;1,00;
04/02/2026;024;21472;6191114532038;S;995;24H;;1,00;
04/02/2026;024;21472;6191114536883;S;940;24H;;1,00;
04/02/2026;024;21554;6191114543843;41;815;25E;;1,00;
04/02/2026;024;21557;6191114544062;39;815;25E;;1,00;
04/02/2026;024;21835;6191114584266;XL;645;25E;;1,00;
04/02/2026;024;21905;6191114599918;L;385;25E;;1,00;
04/02/2026;024;22004;6191114606425;L;R815;25H;;1,00;
04/02/2026;024;22004;6191114606456;XL;R815;25H;;1,00;
04/02/2026;024;22005;6191114606647;XL;815;25H;;1,00;
04/02/2026;024;22005;6191114606654;XL;645;25H;;1,00;
04/02/2026;024;22006;6191114606876;L;995;25H;;1,00;
04/02/2026;024;22007;6191114607057;3XL;905;25H;;1,00;
04/02/2026;024;22012;6191114607491;S;010;25H;;1,00;
04/02/2026;024;22013;6191114607712;3XL;995;25H;;1,00;
04/02/2026;024;22017;6191114609211;XL;010;25H;;2,00;
04/02/2026;024;22019;6191114609464;XXL;815;25H;;1,00;
04/02/2026;024;22020;6191114609563;XL;695;25H;;1,00;
04/02/2026;024;22020;6191114619296;XL;815;25H;;1,00;
04/02/2026;024;22023;6191114609877;XL;R010;25H;;1,00;
04/02/2026;024;22024;6191114653283;3XL;870;25H;;1,00;
04/02/2026;024;22026;6191114610248;XXL;815;25H;;1,00;
04/02/2026;024;22032;6191114610958;XL;940;25H;;1,00;
04/02/2026;024;22033;6191114611023;M;815;25H;;1,00;
04/02/2026;024;22033;6191114611108;3XL;815;25H;;1,00;
04/02/2026;024;22045;6191114611702;L;995;25H;;1,00;
04/02/2026;024;22045;6191114611733;XL;695;25H;;1,00;
04/02/2026;024;22049;6191114612167;XXL;995;25H;;1,00;
04/02/2026;024;22049;6191114612181;3XL;995;25H;;1,00;
04/02/2026;024;22055;6191114624870;XL;995;25H;;1,00;
04/02/2026;024;22058;6191114617902;M;995;25H;;1,00;
04/02/2026;024;22058;6191114617957;XL;000;25H;;1,00;
04/02/2026;024;22061;6191114618169;L;R385;25H;;1,00;
04/02/2026;024;22064;6191114618718;L;010;25H;;1,00;
04/02/2026;024;22068;6191114615762;L;995;25H;;1,00;
04/02/2026;024;22070;6191114616004;L;995;25H;;1,00;
04/02/2026;024;22070;6191114616028;XL;995;25H;;1,00;
04/02/2026;024;22071;6191114616172;3XL;784;25H;;1,00;
04/02/2026;024;22086;6191114619548;XL;010;25H;;1,00;
04/02/2026;024;22088;6191114619838;3XL;385;25H;;1,00;
04/02/2026;024;22091;6191114620186;L;995;25H;;1,00;
04/02/2026;024;22092;6191114620315;XL;815;25H;;1,00;
04/02/2026;024;22095;6191114620513;M;R350;25H;;-1,00;
04/02/2026;024;22110;6191114622449;XXL;385;25H;;1,00;
04/02/2026;024;22113;6191114645677;M;820;25H;;1,00;
04/02/2026;024;22113;6191114645714;L;990;25H;;1,00;
04/02/2026;024;22115;6191114646032;XXL;820;25H;;1,00;
04/02/2026;024;22116;6191114646193;3XL;995;25H;;1,00;
04/02/2026;024;22116;6191114646209;3XL;770;25H;;1,00;
04/02/2026;024;22117;6191114646254;M;995;25H;;1,00;
04/02/2026;024;22117;6191114649002;XL;940;25H;;1,00;
04/02/2026;024;22123;6191114646803;3XL;695;25H;;1,00;
04/02/2026;024;22132;6191114623866;L;224;25H;;1,00;
04/02/2026;024;22132;6191114623873;XL;794;25H;;1,00;
04/02/2026;024;22132;6191114623927;3XL;224;25H;;1,00;
04/02/2026;024;22139;6191114624443;L;385;25H;;1,00;
04/02/2026;024;22140;6191114624634;XL;995;25H;;1,00;
04/02/2026;024;22150;6191114625594;S;995;25H;;1,00;
04/02/2026;024;22153;6191114625792;S;995;25H;;1,00;
04/02/2026;024;22163;6191114659827;L;C790;25H;;1,00;
04/02/2026;024;22163;6191114659865;XXL;C490;25H;;1,00;
04/02/2026;024;22170;6191114626973;XL;R385;25H;;1,00;
04/02/2026;024;22177;6191114628892;L;215;25H;;1,00;
04/02/2026;024;22178;6191114628960;S;P010;25H;;1,00;
04/02/2026;024;22180;6191114629219;M;995;25H;;1,00;
04/02/2026;024;22181;6191114629257;M;995;25H;;1,00;
04/02/2026;024;22183;6191114629561;XXL;385;25H;;1,00;
04/02/2026;024;22186;6191114627741;L;784;25H;;1,00;
04/02/2026;024;22186;6191114627765;XL;784;25H;;1,00;
04/02/2026;024;22188;6191114644731;L/XL;995;25H;;1,00;
04/02/2026;024;22197;6191114630062;M;815;25H;;1,00;
04/02/2026;024;22207;6191114640481;XL;784;25H;;1,00;
04/02/2026;024;22207;6191114640511;XXL;784;25H;;1,00;
04/02/2026;024;22209;6191114640672;S;815;25H;;-1,00;
04/02/2026;024;22209;6191114640719;L;815;25H;;1,00;
04/02/2026;024;22212;6191114641471;S;235;25H;;1,00;
04/02/2026;024;22212;6191114641570;XXL;385;25H;;1,00;
04/02/2026;024;22212;6191114641587;XXL;255;25H;;1,00;
04/02/2026;024;22230;6191114644069;S;790;25H;;1,00;
04/02/2026;024;22233;6191114644373;M;815;25H;;1,00;
04/02/2026;024;22239;6191114644991;L;784;25H;;1,00;
04/02/2026;024;22242;6191114647411;S;385;25H;;1,00;
04/02/2026;024;22244;6191114647893;S;995;25H;;1,00;
04/02/2026;024;22244;6191114647909;S;215;25H;;1,00;
04/02/2026;024;22244;6191114647916;S;695;25H;;1,00;
04/02/2026;024;22244;6191114647923;M;995;25H;;1,00;
04/02/2026;024;22246;6191114648807;M;870;25H;;1,00;
04/02/2026;024;22246;6191114648869;XXL;870;25H;;1,00;
04/02/2026;024;22250;6191114649590;M;784;25H;;1,00;
04/02/2026;024;22253;6191114650251;XL;995;25H;;2,00;
04/02/2026;024;22256;6191114652293;4XL;995;25H;;1,00;
04/02/2026;024;22257;6191114650527;M;I195;25H;;1,00;
04/02/2026;024;22257;6191114650619;XXL;I195;25H;;1,00;
04/02/2026;024;22258;6191114650848;3XL;195;25H;;1,00;
04/02/2026;024;22261;6191114651302;XXL;490;25H;;1,00;
04/02/2026;024;22263;6191114651630;3XL;870;25H;;2,00;
04/02/2026;024;22268;6191114649743;M;870;25H;;1,00;
04/02/2026;024;22271;6191114652439;XXL;870;25H;;1,00;
04/02/2026;024;22275;6191114653016;3XL;385;25H;;1,00;
04/02/2026;024;22277;6191114653412;L;815;25H;;1,00;
04/02/2026;024;22280;6191114653849;L;995;25H;;1,00;
04/02/2026;024;22287;6191114654617;3XL;815;25H;;1,00;
04/02/2026;024;22291;6191114655454;XL;495;25H;;1,00;
04/02/2026;024;22296;6191114656475;M;385;25H;;1,00;
04/02/2026;024;22301;6191114657168;XXL;215;25H;;1,00;
04/02/2026;024;22307;6191114670013;XL;M870;25H;;1,00;
04/02/2026;024;22307;6191114670044;XXL;M870;25H;;1,00;
04/02/2026;024;22308;6191114657724;XL;870;25H;;1,00;
04/02/2026;024;22319;6191114670259;XL;995;25H;;1,00;
04/02/2026;024;22328;6191114661394;M;995;25H;;1,00;
04/02/2026;024;22330;6191114660113;3XL;724;25H;;1,00;
04/02/2026;024;22331;6191114660328;XXL;390;25H;;1,00;
04/02/2026;024;22331;6191114660410;XXL;495;25H;;1,00;
04/02/2026;024;22335;6191114660939;S/M;815;25H;;1,00;
04/02/2026;024;22338;6191114660908;L;170;25H;;1,00;
04/02/2026;024;22338;6191114660922;XXL;170;25H;;1,00;
04/02/2026;024;22343;6191114661462;XXL;I634;25H;;1,00;
04/02/2026;024;22343;6191114661479;3XL;I634;25H;;-1,00;
04/02/2026;024;55813;6191114645301;XXL;940;25H;;1,00;
04/02/2026;024;55817;6191114654747;M;695;25H;;1,00;
04/02/2026;024;55820;6191114657908;XXL;R784;25H;;1,00;
04/02/2026;024;70206;6191114612419;L;870;25H;;1,00;
04/02/2026;024;70206;6191114612464;XXL;995;25H;;1,00;
04/02/2026;024;70210;6191114619210;XL;R350;25H;;1,00;
04/02/2026;024;70216;6191114624313;L;R385;25H;;1,00;
04/02/2026;024;70217;6191114647329;XL;E385;25H;;1,00;
04/02/2026;024;70226;6191114651982;M;I880;25H;;1,00;
04/02/2026;024;70226;6191114652002;L;I995;25H;;1,00;
04/02/2026;024;70227;6191114652194;L;I740;25H;;1,00;
04/02/2026;024;91272;6194444115667;TU;815;22H;;2,00;
04/02/2026;024;91368;6191114542617;TU;815;25E;;1,00;
04/02/2026;029;20447;6191114299771;XL;190;23H;;1,00;
04/02/2026;029;21126;6191114462144;XXL;R634;24H;;1,00;
04/02/2026;029;21554;6191114543799;39;995;25E;;1,00;
04/02/2026;029;22002;6191114606142;3XL;645;25H;;1,00;
04/02/2026;029;22005;6191114606616;L;645;25H;;1,00;
04/02/2026;029;22013;6191114607712;3XL;995;25H;;1,00;
04/02/2026;029;22014;6191114607767;L;R010;25H;;1,00;
04/02/2026;029;22022;6191114609754;XL;R010;25H;;1,00;
04/02/2026;029;22023;6191114609884;XXL;R385;25H;;1,00;
04/02/2026;029;22026;6191114610231;XL;645;25H;;1,00;
04/02/2026;029;22026;6191114610255;XXL;645;25H;;1,00;
04/02/2026;029;22036;6191114611238;3XL;R010;25H;;1,00;
04/02/2026;029;22045;6191114611740;XXL;995;25H;;1,00;
04/02/2026;029;22048;6191114612006;L;010;25H;;1,00;
04/02/2026;029;22057;6191114617810;L;195;25H;;1,00;
04/02/2026;029;22057;6191114617834;XL;195;25H;;1,00;
04/02/2026;029;22064;6191114618725;L;695;25H;;1,00;
04/02/2026;029;22068;6191114615786;XL;995;25H;;1,00;
04/02/2026;029;22088;6191114619777;L;385;25H;;1,00;
04/02/2026;029;22089;6191114619951;XXL;385;25H;;2,00;
04/02/2026;029;22097;6191114620766;XL;995;25H;;1,00;
04/02/2026;029;22101;6191114621039;L;995;25H;;1,00;
04/02/2026;029;22113;6191114645714;L;990;25H;;1,00;
04/02/2026;029;22113;6191114645738;XL;820;25H;;1,00;
04/02/2026;029;22113;6191114645745;XL;990;25H;;1,00;
04/02/2026;029;22132;6191114623842;M;224;25H;;1,00;
04/02/2026;029;22133;6191114624009;L;645;25H;;1,00;
04/02/2026;029;22133;6191114625198;L;995;25H;;1,00;
04/02/2026;029;22142;6191114624702;M;875;25H;;1,00;
04/02/2026;029;22173;6191114628687;L;995;25H;;1,00;
04/02/2026;029;22189;6191114644786;L/XL;200;25H;;1,00;
04/02/2026;029;22197;6191114630079;L;815;25H;;1,00;
04/02/2026;029;22201;6191114630451;XXL;995;25H;;1,00;
04/02/2026;029;22202;6191114630543;XL;995;25H;;1,00;
04/02/2026;029;22207;6191114640405;M;995;25H;;1,00;
04/02/2026;029;22215;6191114642447;S;210;25H;;1,00;
04/02/2026;029;22216;6191114642614;M;I880;25H;;1,00;
04/02/2026;029;22242;6191114647459;S;724;25H;;1,00;
04/02/2026;029;22257;6191114650558;L;I195;25H;;1,00;
04/02/2026;029;22257;6191114650589;XL;I195;25H;;1,00;
04/02/2026;029;22258;6191114650862;4XL;385;25H;;1,00;
04/02/2026;029;22262;6191114651425;XXL;490;25H;;1,00;
04/02/2026;029;22267;6191114651845;L;815;25H;;1,00;
04/02/2026;029;22275;6191114652972;XL;385;25H;;1,00;
04/02/2026;029;22276;6191114655782;L;385;25H;;1,00;
04/02/2026;029;22289;6191114655256;L;476;25H;;1,00;
04/02/2026;029;22302;6191114657236;L;995;25H;;1,00;
04/02/2026;029;22347;6191114668607;L;I815;25H;;1,00;
04/02/2026;029;70202;6191114608184;XL;010;25H;;1,00;
04/02/2026;029;70205;6191114612334;XXL;385;25H;;1,00;
04/02/2026;029;70206;6191114612433;XL;870;25H;;1,00;
04/02/2026;029;70209;6191114612808;XL;R920;25H;;1,00;
04/02/2026;029;70211;6191114621923;XXL;870;25H;;1,00;
04/02/2026;029;70227;6191114652170;M;I740;25H;;1,00;
04/02/2026;030;20452;6191114301009;3XL;805;23H;;1,00;
04/02/2026;030;21136;6191114463240;L;995;24H;;1,00;
04/02/2026;030;21381;6191114508545;XXL;875;24H;;1,00;
04/02/2026;030;21567;6191114545991;L/XL;995;25E;;1,00;
04/02/2026;030;21688;6191114566231;XXL;476;25E;;1,00;
04/02/2026;030;22026;6191114610279;3XL;645;25H;;1,00;
04/02/2026;030;22031;6191114610767;S;995;25H;;1,00;
04/02/2026;030;22032;6191114610972;XXL;940;25H;;1,00;
04/02/2026;030;22032;6191114610996;3XL;940;25H;;1,00;
04/02/2026;030;22033;6191114611009;S;815;25H;;1,00;
04/02/2026;030;22102;6191114621091;L;995;25H;;1,00;
04/02/2026;030;22108;6191114622166;XL;870;25H;;1,00;
04/02/2026;030;22113;6191114645707;L;820;25H;;1,00;
04/02/2026;030;22114;6191114645844;L;020;25H;;1,00;
04/02/2026;030;22117;6191114649002;XL;940;25H;;1,00;
04/02/2026;030;22120;6191114646513;XL;995;25H;;1,00;
04/02/2026;030;22123;6191114646742;L;695;25H;;1,00;
04/02/2026;030;22125;6191114646957;L;E385;25H;;1,00;
04/02/2026;030;22126;6191114649347;XXL;760;25H;;1,00;
04/02/2026;030;22129;6191114623217;XXL;385;25H;;1,00;
04/02/2026;030;22139;6191114624450;L;995;25H;;1,00;
04/02/2026;030;22139;6191114624481;XL;995;25H;;1,00;
04/02/2026;030;22146;6191114630017;XL;995;25H;;1,00;
04/02/2026;030;22162;6191114647244;XL;995;25H;;1,00;
04/02/2026;030;22183;6191114629523;L;385;25H;;-1,00;
04/02/2026;030;22183;6191114629547;XL;385;25H;;1,00;
04/02/2026;030;22186;6191114627734;L;385;25H;;1,00;
04/02/2026;030;22190;6191114627826;M;995;25H;;1,00;
04/02/2026;030;22191;6191114627949;XL;P010;25H;;1,00;
04/02/2026;030;22194;6191114628229;XL;I255;25H;;1,00;
04/02/2026;030;22197;6191114630055;S;815;25H;;1,00;
04/02/2026;030;22200;6191114648364;3XL;210;25H;;1,00;
04/02/2026;030;22201;6191114630383;M;815;25H;;1,00;
04/02/2026;030;22201;6191114630406;L;815;25H;;1,00;
04/02/2026;030;22201;6191114630444;XXL;815;25H;;1,00;
04/02/2026;030;22207;6191114640481;XL;784;25H;;1,00;
04/02/2026;030;22223;6191114643604;XXL;645;25H;;1,00;
04/02/2026;030;22233;6191114644380;M;000;25H;;1,00;
04/02/2026;030;22233;6191114644427;XL;000;25H;;1,00;
04/02/2026;030;22233;6191114645097;3XL;815;25H;;1,00;
04/02/2026;030;22243;6191114647824;XL;695;25H;;1,00;
04/02/2026;030;22244;6191114647909;S;215;25H;;1,00;
04/02/2026;030;22244;6191114647992;XL;215;25H;;1,00;
04/02/2026;030;22252;6191114650176;XL;255;25H;;1,00;
04/02/2026;030;22253;6191114669260;XL;255;25H;;1,00;
04/02/2026;030;22257;6191114650657;4XL;I350;25H;;1,00;
04/02/2026;030;22260;6191114656789;XL;995;25H;;1,00;
04/02/2026;030;22263;6191114651517;M;870;25H;;1,00;
04/02/2026;030;22267;6191114651852;L;995;25H;;1,00;
04/02/2026;030;22268;6191114653115;L;695;25H;;1,00;
04/02/2026;030;22269;6191114653184;M;695;25H;;1,00;
04/02/2026;030;22276;6191114655799;L;995;25H;;1,00;
04/02/2026;030;22277;6191114653399;M;815;25H;;1,00;
04/02/2026;030;22277;6191114653412;L;815;25H;;1,00;
04/02/2026;030;22279;6191114653689;XXL;645;25H;;1,00;
04/02/2026;030;22282;6191114654044;M;I815;25H;;1,00;
04/02/2026;030;22282;6191114654051;L;I815;25H;;1,00;
04/02/2026;030;22282;6191114654082;3XL;I815;25H;;1,00;
04/02/2026;030;22285;6191114654419;3XL;385;25H;;1,00;
04/02/2026;030;22287;6191114654532;M;815;25H;;1,00;
04/02/2026;030;22287;6191114654556;L;815;25H;;1,00;
04/02/2026;030;22288;6191114654679;XL;995;25H;;1,00;
04/02/2026;030;22288;6191114654686;XXL;995;25H;;1,00;
04/02/2026;030;22292;6191114655621;S;870;25H;;1,00;
04/02/2026;030;22295;6191114656246;XL;995;25H;;1,00;
04/02/2026;030;22303;6191114657397;XL;870;25H;;1,00;
04/02/2026;030;22317;6191114658608;L;195;25H;;1,00;
04/02/2026;030;22322;6191114659438;M;645;25H;;1,00;
04/02/2026;030;22322;6191114659568;3XL;740;25H;;1,00;
04/02/2026;030;22338;6191114660915;XL;170;25H;;1,00;
04/02/2026;030;55811;6191114644618;XL;R310;25H;;1,00;
04/02/2026;030;55813;6191114645257;XL;385;25H;;1,00;
04/02/2026;030;55817;6191114654846;XXL;790;25H;;1,00;
04/02/2026;030;66481;6191114502222;L/XL;200;24H;;2,00;
04/02/2026;030;70205;6191114612259;S;385;25H;;1,00;
04/02/2026;030;70217;6191114647343;3XL;E385;25H;;1,00;
04/02/2026;030;70217;6191114649361;S;I385;25H;;1,00;
04/02/2026;030;70226;6191114652026;L;I815;25H;;1,00;
04/02/2026;030;70227;6191114652170;M;I740;25H;;1,00;
04/02/2026;030;70227;6191114652200;L;I875;25H;;1,00;
04/02/2026;030;70231;6191114658721;XL;C995;25H;;1,00;
04/02/2026;030;70231;6191114658752;3XL;C000;25H;;1,00;
04/02/2026;030;70233;6191114658875;M;995;25H;;1,00;
04/02/2026;030;70233;6191114658882;L;995;25H;;1,00;
04/02/2026;030;70233;6191114658899;XL;995;25H;;1,00;
04/02/2026;030;91506;6191114626379;TU;995;25H;;1,00;
04/02/2026;030;91526;6191114639966;36;880;25H;;1,00;
04/02/2026;030;91529;6191114640290;37;385;25H;;1,00;
04/02/2026;031;21353;6191114502109;L/XL;995;24H;;1,00;
04/02/2026;031;22012;6191114607507;M;995;25H;;1,00;
04/02/2026;031;22025;6191114610132;XXL;010;25H;;1,00;
04/02/2026;031;22031;6191114610811;L;695;25H;;1,00;
04/02/2026;031;22061;6191114618206;XXL;R385;25H;;1,00;
04/02/2026;031;22066;6191114615625;XL;875;25H;;1,00;
04/02/2026;031;22073;6191114616349;XXL;395;25H;;1,00;
04/02/2026;031;22087;6191114619616;S;385;25H;;1,00;
04/02/2026;031;22113;6191114645714;L;990;25H;;1,00;
04/02/2026;031;22123;6191114646742;L;695;25H;;1,00;
04/02/2026;031;22131;6191114623637;L;995;25H;;1,00;
04/02/2026;031;22132;6191114623842;M;224;25H;;1,00;
04/02/2026;031;22199;6191114631106;XL;995;25H;;1,00;
04/02/2026;031;22201;6191114630420;XL;815;25H;;1,00;
04/02/2026;031;22202;6191114630505;M;995;25H;;1,00;
04/02/2026;031;22212;6191114641617;3XL;255;25H;;1,00;
04/02/2026;031;22217;6191114642850;XL;000;25H;;1,00;
04/02/2026;031;22239;6191114645011;XL;995;25H;;1,00;
04/02/2026;031;22251;6191114650039;L;255;25H;;1,00;
04/02/2026;031;22252;6191114650190;XXL;255;25H;;1,00;
04/02/2026;031;22253;6191114669253;L;255;25H;;1,00;
04/02/2026;031;22257;6191114650640;3XL;I195;25H;;2,00;
04/02/2026;031;22258;6191114650756;L;195;25H;;1,00;
04/02/2026;031;22263;6191114651593;XL;010;25H;;1,00;
04/02/2026;031;22287;6191114654587;XL;995;25H;;1,00;
04/02/2026;031;22287;6191114654600;XXL;995;25H;;1,00;
04/02/2026;031;22288;6191114654662;L;995;25H;;1,00;
04/02/2026;031;22290;6191114657953;XL;R385;25H;;1,00;
04/02/2026;031;22292;6191114655621;S;870;25H;;1,00;
04/02/2026;031;22301;6191114657113;L;995;25H;;1,00;
04/02/2026;031;22330;6191114660120;3XL;220;25H;;1,00;
04/02/2026;031;22331;6191114660236;L;995;25H;;1,00;
04/02/2026;031;70220;6191114631250;4XL;870;25H;;1,00;
04/02/2026;031;70221;6191114631281;M;I995;25H;;1,00;
04/02/2026;031;70231;6191114658738;XXL;C000;25H;;1,00;
04/02/2026;031;70232;6191114658820;XL;995;25H;;1,00;
04/02/2026;031;91509;6191114625297;38;815;25H;;1,00;
04/02/2026;031;91529;6191114640290;37;385;25H;;1,00;
04/02/2026;032;21351;6191114502055;L/XL;200;24H;;1,00;
04/02/2026;032;21357;6191114503632;L;995;24H;;1,00;
04/02/2026;032;22005;6191114606562;M;815;25H;;1,00;
04/02/2026;032;22021;6191114609655;XL;385;25H;;1,00;
04/02/2026;032;22071;6191114616110;L;784;25H;;1,00;
04/02/2026;032;22111;6191114622746;XXL;235;25H;;1,00;
04/02/2026;032;22113;6191114645677;M;820;25H;;1,00;
04/02/2026;032;22142;6191114624719;M;195;25H;;1,00;
04/02/2026;032;22160;6191114626225;L;820;25H;;1,00;
04/02/2026;032;22182;6191114629363;L;870;25H;;1,00;
04/02/2026;032;22186;6191114627741;L;784;25H;;1,00;
04/02/2026;032;22186;6191114627765;XL;784;25H;;1,00;
04/02/2026;032;22193;6191114628106;3XL;995;25H;;1,00;
04/02/2026;032;22195;6191114628595;XXL;215;25H;;1,00;
04/02/2026;032;22195;6191114628601;XXL;310;25H;;1,00;
04/02/2026;032;22207;6191114640382;S;880;25H;;1,00;
04/02/2026;032;22254;6191114650329;XXL;995;25H;;1,00;
04/02/2026;032;22255;6191114650398;3XL;995;25H;;1,00;
04/02/2026;032;22263;6191114651586;XL;995;25H;;1,00;
04/02/2026;032;22263;6191114651647;3XL;995;25H;;1,00;
04/02/2026;032;22275;6191114652958;L;385;25H;;1,00;
04/02/2026;032;22289;6191114655256;L;476;25H;;1,00;
04/02/2026;032;22300;6191114656819;M;870;25H;;1,00;
04/02/2026;032;22300;6191114656857;3XL;870;25H;;1,00;
04/02/2026;032;55811;6191114644625;XL;R784;25H;;1,00;
04/02/2026;032;55811;6191114644649;XXL;R784;25H;;1,00;
04/02/2026;032;55813;6191114645257;XL;385;25H;;1,00;
04/02/2026;032;55817;6191114654839;XXL;695;25H;;1,00;
04/02/2026;032;55817;6191114654846;XXL;790;25H;;1,00;
04/02/2026;032;55818;6191114654990;L;995;25H;;1,00;
04/02/2026;032;55818;6191114658318;L;535;25H;;1,00;
04/02/2026;032;55820;6191114657878;XL;R995;25H;;1,00;
04/02/2026;032;70227;6191114652156;S;I740;25H;;1,00;
04/02/2026;032;70227;6191114652170;M;I740;25H;;1,00;
04/02/2026;032;70227;6191114652194;L;I740;25H;;2,00;
04/02/2026;032;70227;6191114652217;XL;I740;25H;;1,00;
04/02/2026;032;91527;6191114640122;38;995;25H;;1,00;
04/02/2026;033;22032;6191114610941;XL;995;25H;;1,00;
04/02/2026;033;22113;6191114645738;XL;820;25H;;1,00;
05/02/2026;002;20322;6191114273726;3XL;I145;23H;;1,00;
05/02/2026;002;20416;6191114293618;XL;995;23H;;1,00;
05/02/2026;002;21120;6191114453937;XL;R815;24H;;1,00;
05/02/2026;002;21135;6191114463172;XXL;940;24H;;1,00;
05/02/2026;002;21135;6191114482869;XXL;780;24H;;1,00;
05/02/2026;002;21135;6191114482876;3XL;780;24H;;1,00;
05/02/2026;002;21137;6191114463417;XXL;870;24H;;1,00;
05/02/2026;002;21166;6191114466630;L;940;24H;;1,00;
05/02/2026;002;21222;6191114479111;L;645;24H;;1,00;
05/02/2026;002;21222;6191114479159;XXL;645;24H;;1,00;
05/02/2026;002;21223;6191114479272;XXL;815;24H;;1,00;
05/02/2026;002;21223;6191114479289;XXL;995;24H;;1,00;
05/02/2026;002;21249;6191114481800;M;995;24H;;1,00;
05/02/2026;002;21284;6191114502895;XL;995;24H;;1,00;
05/02/2026;002;21306;6191114492608;3XL;195;24H;;1,00;
05/02/2026;002;21308;6191114504530;4XL;995;24H;;1,00;
05/02/2026;002;21312;6191114496712;36;870;24H;;1,00;
05/02/2026;002;21314;6191114499386;39;995;24H;;1,00;
05/02/2026;002;21314;6191114499393;40;995;24H;;1,00;
05/02/2026;002;21315;6191114497009;41;995;24H;;1,00;
05/02/2026;002;21325;6191114497719;XL;995;24H;;1,00;
05/02/2026;002;21334;6191114499560;XL;634;24H;;1,00;
05/02/2026;002;21334;6191114499577;XL;784;24H;;1,00;
05/02/2026;002;21344;6191114501102;M;995;24H;;1,00;
05/02/2026;002;21350;6191114501850;3XL;995;24H;;1,00;
05/02/2026;002;21394;6191114509627;M;995;24H;;1,00;
05/02/2026;002;21394;6191114509740;XL;995;24H;;1,00;
05/02/2026;002;21420;6191114514324;XXL;995;24H;;1,00;
05/02/2026;002;21431;6191114527447;XXL;170;24H;;1,00;
05/02/2026;002;21437;6191114528161;XXL;995;24H;;1,00;
05/02/2026;002;21447;6191114529397;L;385;24H;;1,00;
05/02/2026;002;21475;6191114532496;XL;995;24H;;1,00;
05/02/2026;002;21475;6191114532502;XL;695;24H;;1,00;
05/02/2026;002;22013;6191114607682;XXL;870;25H;;1,00;
05/02/2026;002;22018;6191114609327;XL;R385;25H;;1,00;
05/02/2026;002;22022;6191114609693;S;R010;25H;;1,00;
05/02/2026;002;22024;6191114653252;L;870;25H;;1,00;
05/02/2026;002;22025;6191114610118;XL;010;25H;;1,00;
05/02/2026;002;22026;6191114610217;L;645;25H;;1,00;
05/02/2026;002;22028;6191114610453;L;940;25H;;1,00;
05/02/2026;002;22031;6191114610804;L;995;25H;;1,00;
05/02/2026;002;22037;6191114611337;XXL;010;25H;;1,00;
05/02/2026;002;22039;6191114611535;3XL;010;25H;;1,00;
05/02/2026;002;22040;6191114611542;S;R010;25H;;1,00;
05/02/2026;002;22044;6191114609082;S;995;25H;;1,00;
05/02/2026;002;22045;6191114611719;L;695;25H;;1,00;
05/02/2026;002;22045;6191114611771;3XL;695;25H;;1,00;
05/02/2026;002;22046;6191114611788;S;C385;25H;;-1,00;
05/02/2026;002;22057;6191114617827;XL;010;25H;;1,00;
05/02/2026;002;22060;6191114618077;XL;310;25H;;1,00;
05/02/2026;002;22060;6191114618091;XXL;310;25H;;-1,00;
05/02/2026;002;22064;6191114618701;L;815;25H;;1,00;
05/02/2026;002;22064;6191114618732;L;175;25H;;1,00;
05/02/2026;002;22064;6191114618756;XL;815;25H;;1,00;
05/02/2026;002;22068;6191114615809;XXL;995;25H;;1,00;
05/02/2026;002;22068;6191114642379;M;695;25H;;1,00;
05/02/2026;002;22071;6191114616110;L;784;25H;;1,00;
05/02/2026;002;22073;6191114616301;L;395;25H;;1,00;
05/02/2026;002;22073;6191114616356;3XL;870;25H;;1,00;
05/02/2026;002;22080;6191114616981;L;380;25H;;1,00;
05/02/2026;002;22089;6191114619944;XL;995;25H;;1,00;
05/02/2026;002;22096;6191114620629;XL;995;25H;;1,00;
05/02/2026;002;22098;6191114620858;L;995;25H;;1,00;
05/02/2026;002;22099;6191114620919;L;995;25H;;1,00;
05/02/2026;002;22110;6191114622562;XXL;235;25H;;1,00;
05/02/2026;002;22113;6191114645677;M;820;25H;;1,00;
05/02/2026;002;22113;6191114645684;M;990;25H;;1,00;
05/02/2026;002;22113;6191114645714;L;990;25H;;1,00;
05/02/2026;002;22113;6191114645769;XXL;990;25H;;-1,00;
05/02/2026;002;22113;6191114645776;3XL;820;25H;;1,00;
05/02/2026;002;22115;6191114645936;S;005;25H;;1,00;
05/02/2026;002;22117;6191114648999;L;940;25H;;1,00;
05/02/2026;002;22124;6191114646896;XXL;645;25H;;1,00;
05/02/2026;002;22128;6191114622975;M;385;25H;;1,00;
05/02/2026;002;22130;6191114623576;XL;995;25H;;1,00;
05/02/2026;002;22135;6191114624153;L;870;25H;;1,00;
05/02/2026;002;22145;6191114629929;S;995;25H;;1,00;
05/02/2026;002;22145;6191114629950;XL;995;25H;;1,00;
05/02/2026;002;22146;6191114630017;XL;995;25H;;1,00;
05/02/2026;002;22146;6191114630024;XXL;995;25H;;1,00;
05/02/2026;002;22181;6191114629288;XXL;995;25H;;1,00;
05/02/2026;002;22182;6191114629479;3XL;784;25H;;-1,00;
05/02/2026;002;22184;6191114629646;L;995;25H;;1,00;
05/02/2026;002;22186;6191114627796;3XL;385;25H;;1,00;
05/02/2026;002;22186;6191114627802;3XL;784;25H;;1,00;
05/02/2026;002;22191;6191114627925;L;P010;25H;;1,00;
05/02/2026;002;22193;6191114628083;XL;995;25H;;1,00;
05/02/2026;002;22194;6191114628175;L;I880;25H;;1,00;
05/02/2026;002;22194;6191114628199;L;I255;25H;;1,00;
05/02/2026;002;22194;6191114628229;XL;I255;25H;;1,00;
05/02/2026;002;22195;6191114628304;S;310;25H;;1,00;
05/02/2026;002;22202;6191114630550;XL;790;25H;;1,00;
05/02/2026;002;22202;6191114630574;XXL;790;25H;;1,00;
05/02/2026;002;22202;6191114630598;3XL;790;25H;;1,00;
05/02/2026;002;22208;6191114640627;XL;995;25H;;1,00;
05/02/2026;002;22209;6191114640672;S;815;25H;;1,00;
05/02/2026;002;22212;6191114641495;M;255;25H;;1,00;
05/02/2026;002;22212;6191114641563;XL;235;25H;;1,00;
05/02/2026;002;22212;6191114641570;XXL;385;25H;;1,00;
05/02/2026;002;22215;6191114642577;3XL;215;25H;;1,00;
05/02/2026;002;22216;6191114642638;XL;I880;25H;;1,00;
05/02/2026;002;22216;6191114642690;XL;I385;25H;;1,00;
05/02/2026;002;22216;6191114642706;XXL;I385;25H;;1,00;
05/02/2026;002;22216;6191114642768;XXL;I255;25H;;1,00;
05/02/2026;002;22229;6191114644021;XL;995;25H;;1,00;
05/02/2026;002;22239;6191114645080;3XL;784;25H;;1,00;
05/02/2026;002;22244;6191114647916;S;695;25H;;1,00;
05/02/2026;002;22247;6191114648685;M;R270;25H;;1,00;
05/02/2026;002;22247;6191114648715;L;R270;25H;;1,00;
05/02/2026;002;22248;6191114649170;XL;815;25H;;1,00;
05/02/2026;002;22248;6191114649200;XXL;995;25H;;1,00;
05/02/2026;002;22253;6191114650275;3XL;995;25H;;1,00;
05/02/2026;002;22257;6191114650510;M;I740;25H;;1,00;
05/02/2026;002;22257;6191114650534;L;I350;25H;;1,00;
05/02/2026;002;22257;6191114650596;XXL;I350;25H;;1,00;
05/02/2026;002;22258;6191114650749;L;385;25H;;-1,00;
05/02/2026;002;22258;6191114650770;XL;385;25H;;1,00;
05/02/2026;002;22258;6191114650794;XL;740;25H;;1,00;
05/02/2026;002;22261;6191114651319;3XL;385;25H;;1,00;
05/02/2026;002;22263;6191114651463;XS;995;25H;;1,00;
05/02/2026;002;22263;6191114651470;XS;010;25H;;-1,00;
05/02/2026;002;22263;6191114651500;S;010;25H;;1,00;
05/02/2026;002;22264;6191114651692;L;995;25H;;1,00;
05/02/2026;002;22264;6191114651708;XL;995;25H;;1,00;
05/02/2026;002;22264;6191114651739;4XL;995;25H;;1,00;
05/02/2026;002;22274;6191114652873;L;995;25H;;-1,00;
05/02/2026;002;22274;6191114652880;XL;995;25H;;1,00;
05/02/2026;002;22275;6191114652965;L;790;25H;;1,00;
05/02/2026;002;22276;6191114655829;XXL;385;25H;;1,00;
05/02/2026;002;22277;6191114653351;XS;815;25H;;1,00;
05/02/2026;002;22279;6191114653689;XXL;645;25H;;1,00;
05/02/2026;002;22281;6191114653993;XL;995;25H;;1,00;
05/02/2026;002;22281;6191114654006;XXL;995;25H;;1,00;
05/02/2026;002;22284;6191114654228;L;995;25H;;1,00;
05/02/2026;002;22285;6191114654389;XL;995;25H;;1,00;
05/02/2026;002;22286;6191114654464;XL;995;25H;;1,00;
05/02/2026;002;22288;6191114654662;L;995;25H;;1,00;
05/02/2026;002;22294;6191114656130;XXL;870;25H;;1,00;
05/02/2026;002;22295;6191114656222;L;995;25H;;1,00;
05/02/2026;002;22296;6191114656451;S;215;25H;;1,00;
05/02/2026;002;22301;6191114657137;XL;995;25H;;1,00;
05/02/2026;002;22302;6191114657199;S;995;25H;;1,00;
05/02/2026;002;22302;6191114657250;XL;995;25H;;1,00;
05/02/2026;002;22306;6191114669093;XXL;995;25H;;1,00;
05/02/2026;002;22307;6191114669963;M;M940;25H;;1,00;
05/02/2026;002;22311;6191114658103;XL;I995;25H;;1,00;
05/02/2026;002;22316;6191114658516;L;476;25H;;1,00;
05/02/2026;002;22319;6191114670211;XS;995;25H;;1,00;
05/02/2026;002;22320;6191114659179;L;825;25H;;1,00;
05/02/2026;002;22321;6191114659353;XXL;825;25H;;1,00;
05/02/2026;002;22331;6191114660274;XL;995;25H;;1,00;
05/02/2026;002;22331;6191114660281;XL;390;25H;;1,00;
05/02/2026;002;22331;6191114660397;L;495;25H;;1,00;
05/02/2026;002;29952;6191114199453;XL;I270;23E;;1,00;
05/02/2026;002;55700;6191114469082;XL;480;24H;;1,00;
05/02/2026;002;55718;6191114526457;XL;995;24H;;1,00;
05/02/2026;002;55807;6191114641020;M;784;25H;;1,00;
05/02/2026;002;55808;6191114641259;XL;995;25H;;1,00;
05/02/2026;002;55809;6191114642102;L;010;25H;;1,00;
05/02/2026;002;55811;6191114644656;3XL;R310;25H;;1,00;
05/02/2026;002;55811;6191114644663;3XL;R784;25H;;1,00;
05/02/2026;002;55813;6191114645226;L;385;25H;;1,00;
05/02/2026;002;55813;6191114645257;XL;385;25H;;1,00;
05/02/2026;002;55813;6191114645301;XXL;940;25H;;1,00;
05/02/2026;002;55815;6191114645585;XL;385;25H;;2,00;
05/02/2026;002;55815;6191114669338;XL;995;25H;;1,00;
05/02/2026;002;55816;6191114648401;M;R995;25H;;1,00;
05/02/2026;002;55816;6191114648456;L;R990;25H;;1,00;
05/02/2026;002;55816;6191114648548;3XL;R990;25H;;1,00;
05/02/2026;002;55818;6191114654983;L;385;25H;;1,00;
05/02/2026;002;55818;6191114655096;XXL;995;25H;;1,00;
05/02/2026;002;55820;6191114657816;S;R995;25H;;1,00;
05/02/2026;002;70205;6191114612334;XXL;385;25H;;1,00;
05/02/2026;002;70205;6191114612341;XXL;695;25H;;1,00;
05/02/2026;002;70213;6191114624566;XXL;P385;25H;;1,00;
05/02/2026;002;70216;6191114624337;XXL;R385;25H;;1,00;
05/02/2026;002;70228;6191114649866;S;995;25H;;1,00;
05/02/2026;002;70230;6191114658196;M;I995;25H;;1,00;
05/02/2026;002;70231;6191114658714;XL;C000;25H;;1,00;
05/02/2026;002;91350;6191114526204;TU;MCO;24H;;1,00;
05/02/2026;002;91510;6191114625501;40;995;25H;;1,00;
05/02/2026;002;91511;6191114627420;TU;MCO;25H;;1,00;
05/02/2026;005;20417;6191114293748;3XL;995;23H;;1,00;
05/02/2026;005;20450;6191114300446;XXL;790;23H;;1,00;
05/02/2026;005;20450;6191114300460;4XL;790;23H;;1,00;
05/02/2026;005;21138;6191114463448;S;995;24H;;1,00;
05/02/2026;005;21380;6191114508408;L;875;24H;;1,00;
05/02/2026;005;21380;6191114508446;XXL;875;24H;;1,00;
05/02/2026;005;21831;6191114583535;L;995;25E;;1,00;
05/02/2026;005;22004;6191114606364;S;R815;25H;;1,00;
05/02/2026;005;22009;6191114607217;XXL;380;25H;;1,00;
05/02/2026;005;22019;6191114609419;M;995;25H;;1,00;
05/02/2026;005;22019;6191114609440;XL;815;25H;;1,00;
05/02/2026;005;22025;6191114610040;S;995;25H;;1,00;
05/02/2026;005;22031;6191114610811;L;695;25H;;1,00;
05/02/2026;005;22036;6191114611177;L;R010;25H;;1,00;
05/02/2026;005;22038;6191114611405;XXL;R385;25H;;1,00;
05/02/2026;005;22064;6191114618701;L;815;25H;;1,00;
05/02/2026;005;22064;6191114618800;XXL;815;25H;;1,00;
05/02/2026;005;22064;6191114618893;3XL;855;25H;;1,00;
05/02/2026;005;22065;6191114618961;XL;350;25H;;1,00;
05/02/2026;005;22069;6191114615847;S;784;25H;;1,00;
05/02/2026;005;22083;6191114619067;L;350;25H;;1,00;
05/02/2026;005;22101;6191114621046;XL;995;25H;;1,00;
05/02/2026;005;22113;6191114645738;XL;820;25H;;1,00;
05/02/2026;005;22114;6191114645813;M;815;25H;;1,00;
05/02/2026;005;22116;6191114646186;XXL;770;25H;;1,00;
05/02/2026;005;22117;6191114646216;XS;995;25H;;1,00;
05/02/2026;005;22117;6191114646230;S;995;25H;;1,00;
05/02/2026;005;22117;6191114649026;XS;940;25H;;1,00;
05/02/2026;005;22152;6191114625778;XL;995;25H;;2,00;
05/02/2026;005;22163;6191114659810;M;C490;25H;;1,00;
05/02/2026;005;22163;6191114659827;L;C790;25H;;1,00;
05/02/2026;005;22164;6191114649460;L;995;25H;;1,00;
05/02/2026;005;22182;6191114629363;L;870;25H;;2,00;
05/02/2026;005;22182;6191114629387;L;784;25H;;1,00;
05/02/2026;005;22198;6191114630185;XL;385;25H;;1,00;
05/02/2026;005;22198;6191114630208;XXL;385;25H;;1,00;
05/02/2026;005;22199;6191114631113;XXL;995;25H;;1,00;
05/02/2026;005;22200;6191114648340;XL;210;25H;;1,00;
05/02/2026;005;22222;6191114643468;3XL;995;25H;;1,00;
05/02/2026;005;22229;6191114643994;S;995;25H;;1,00;
05/02/2026;005;22239;6191114644991;L;784;25H;;1,00;
05/02/2026;005;22257;6191114650558;L;I195;25H;;1,00;
05/02/2026;005;22261;6191114651265;L;490;25H;;1,00;
05/02/2026;005;22262;6191114651388;L;490;25H;;1,00;
05/02/2026;005;22262;6191114651401;XL;490;25H;;1,00;
05/02/2026;005;22263;6191114651555;L;995;25H;;1,00;
05/02/2026;005;22264;6191114651722;3XL;995;25H;;1,00;
05/02/2026;005;22276;6191114655751;S;995;25H;;1,00;
05/02/2026;005;22278;6191114653504;XL;995;25H;;1,00;
05/02/2026;005;22289;6191114655218;S;476;25H;;1,00;
05/02/2026;005;22295;6191114656253;XL;695;25H;;1,00;
05/02/2026;005;22303;6191114657410;XXL;870;25H;;1,00;
05/02/2026;005;22304;6191114660434;S;MCO;25H;;1,00;
05/02/2026;005;22308;6191114657724;XL;870;25H;;2,00;
05/02/2026;005;22320;6191114659155;M;825;25H;;1,00;
05/02/2026;005;22321;6191114659339;XL;825;25H;;1,00;
05/02/2026;005;22326;6191114668256;XS;920;25H;;1,00;
05/02/2026;005;22331;6191114660144;S;385;25H;;1,00;
05/02/2026;005;55801;6191114621718;S;995;25H;;1,00;
05/02/2026;005;55811;6191114644601;L;R784;25H;;1,00;
05/02/2026;005;55817;6191114654846;XXL;790;25H;;1,00;
05/02/2026;005;55818;6191114658332;XXL;535;25H;;1,00;
05/02/2026;005;55819;6191114657687;3XL;R480;25H;;1,00;
05/02/2026;005;70210;6191114619203;XL;R385;25H;;1,00;
05/02/2026;005;70220;6191114631205;XL;695;25H;;1,00;
05/02/2026;005;70226;6191114651944;S;I995;25H;;1,00;
05/02/2026;009;20100;6191114222892;XL;195;23H;;1,00;
05/02/2026;009;21357;6191114503663;3XL;995;24H;;1,00;
05/02/2026;009;21358;6191114503700;XL;995;24H;;1,00;
05/02/2026;009;21360;6191114503823;XL;MCO;24H;;1,00;
05/02/2026;009;21587;6191114567900;39;195;25E;;1,00;
05/02/2026;009;21774;6191114576681;XL;720;25E;;1,00;
05/02/2026;009;21914;6191114601154;M;385;25E;;1,00;
05/02/2026;009;21941;6191114604155;XL;355;25E;;1,00;
05/02/2026;009;22005;6191114606562;M;815;25H;;1,00;
05/02/2026;009;22018;6191114609303;L;R385;25H;;1,00;
05/02/2026;009;22032;6191114610958;XL;940;25H;;1,00;
05/02/2026;009;22049;6191114612167;XXL;995;25H;;1,00;
05/02/2026;009;22063;6191114618558;L;995;25H;;1,00;
05/02/2026;009;22078;6191114616769;M;995;25H;;1,00;
05/02/2026;009;22086;6191114619494;M;995;25H;;1,00;
05/02/2026;009;22111;6191114622654;M;255;25H;;1,00;
05/02/2026;009;22114;6191114645790;S;815;25H;;1,00;
05/02/2026;009;22116;6191114646186;XXL;770;25H;;1,00;
05/02/2026;009;22121;6191114646582;M;995;25H;;1,00;
05/02/2026;009;22126;6191114647039;XXL;E385;25H;;1,00;
05/02/2026;009;22139;6191114624405;S;940;25H;;1,00;
05/02/2026;009;22139;6191114624450;L;995;25H;;1,00;
05/02/2026;009;22182;6191114629332;M;870;25H;;1,00;
05/02/2026;009;22182;6191114629370;L;995;25H;;1,00;
05/02/2026;009;22182;6191114629424;XXL;870;25H;;1,00;
05/02/2026;009;22182;6191114629455;3XL;870;25H;;1,00;
05/02/2026;009;22183;6191114629523;L;385;25H;;1,00;
05/02/2026;009;22183;6191114629578;XXL;995;25H;;1,00;
05/02/2026;009;22193;6191114628083;XL;995;25H;;1,00;
05/02/2026;009;22195;6191114628380;XL;215;25H;;1,00;
05/02/2026;009;22207;6191114640412;M;880;25H;;1,00;
05/02/2026;009;22212;6191114641563;XL;235;25H;;1,00;
05/02/2026;009;22216;6191114642751;XL;I255;25H;;-1,00;
05/02/2026;009;22217;6191114642850;XL;000;25H;;1,00;
05/02/2026;009;22222;6191114643444;XXL;995;25H;;1,00;
05/02/2026;009;22229;6191114644038;XXL;995;25H;;1,00;
05/02/2026;009;22239;6191114644977;L;815;25H;;1,00;
05/02/2026;009;22239;6191114644991;L;784;25H;;1,00;
05/02/2026;009;22239;6191114645028;XL;784;25H;;-1,00;
05/02/2026;009;22239;6191114645073;3XL;995;25H;;1,00;
05/02/2026;009;22257;6191114650589;XL;I195;25H;;1,00;
05/02/2026;009;22263;6191114651524;M;995;25H;;1,00;
05/02/2026;009;22265;6191114651784;XL;995;25H;;1,00;
05/02/2026;009;22290;6191114657960;XXL;R385;25H;;1,00;
05/02/2026;009;22292;6191114655713;XXL;995;25H;;1,00;
05/02/2026;009;22294;6191114656048;M;870;25H;;1,00;
05/02/2026;009;22298;6191114658288;XXL;R385;25H;;1,00;
05/02/2026;009;22301;6191114657076;S;995;25H;;1,00;
05/02/2026;009;22302;6191114657205;S;245;25H;;1,00;
05/02/2026;009;22308;6191114657694;S;870;25H;;1,00;
05/02/2026;009;22308;6191114657748;3XL;870;25H;;1,00;
05/02/2026;009;22320;6191114659254;4XL;825;25H;;-1,00;
05/02/2026;009;22321;6191114659391;4XL;825;25H;;-1,00;
05/02/2026;009;55800;6191114621640;XXL;385;25H;;1,00;
05/02/2026;009;55808;6191114641303;3XL;385;25H;;1,00;
05/02/2026;009;55811;6191114644564;S;R784;25H;;1,00;
05/02/2026;009;55813;6191114645165;S;385;25H;;1,00;
05/02/2026;009;55816;6191114648463;XL;R995;25H;;1,00;
05/02/2026;009;55816;6191114648470;XL;R385;25H;;1,00;
05/02/2026;009;55816;6191114648487;XL;R990;25H;;1,00;
05/02/2026;009;55816;6191114648494;XXL;R995;25H;;1,00;
05/02/2026;009;55816;6191114648548;3XL;R990;25H;;1,00;
05/02/2026;009;55818;6191114654938;M;385;25H;;1,00;
05/02/2026;009;55818;6191114658325;XL;535;25H;;1,00;
05/02/2026;009;70224;6191114641846;XXL;694;25H;;1,00;
05/02/2026;009;70231;6191114658660;S;C995;25H;;1,00;
05/02/2026;011;21126;6191114462106;XL;R195;24H;;1,00;
05/02/2026;011;21284;6191114502901;XL;195;24H;;1,00;
05/02/2026;011;21440;6191114528888;XL;995;24H;;1,00;
05/02/2026;011;21440;6191114528895;XXL;995;24H;;1,00;
05/02/2026;011;22021;6191114609679;3XL;385;25H;;1,00;
05/02/2026;011;22031;6191114610835;XL;695;25H;;1,00;
05/02/2026;011;22031;6191114610859;XXL;695;25H;;1,00;
05/02/2026;011;22046;6191114611818;XL;C385;25H;;1,00;
05/02/2026;011;22096;6191114620636;XXL;385;25H;;1,00;
05/02/2026;011;22097;6191114620766;XL;995;25H;;1,00;
05/02/2026;011;22111;6191114622722;L;235;25H;;1,00;
05/02/2026;011;22117;6191114648982;M;940;25H;;1,00;
05/02/2026;011;22117;6191114649002;XL;940;25H;;1,00;
05/02/2026;011;22173;6191114628694;XL;995;25H;;1,00;
05/02/2026;011;22186;6191114627772;XXL;385;25H;;1,00;
05/02/2026;011;22190;6191114627826;M;995;25H;;1,00;
05/02/2026;011;22206;6191114630925;XXL;995;25H;;1,00;
05/02/2026;011;22213;6191114642348;XXL;815;25H;;1,00;
05/02/2026;011;22247;6191114648722;XL;R385;25H;;1,00;
05/02/2026;011;22257;6191114650534;L;I350;25H;;1,00;
05/02/2026;011;22262;6191114651364;M;490;25H;;1,00;
05/02/2026;011;22262;6191114651371;L;385;25H;;1,00;
05/02/2026;011;22262;6191114651395;XL;385;25H;;1,00;
05/02/2026;011;22287;6191114654587;XL;995;25H;;1,00;
05/02/2026;011;55813;6191114645196;M;385;25H;;1,00;
05/02/2026;011;70227;6191114652194;L;I740;25H;;1,00;
05/02/2026;011;70231;6191114658752;3XL;C000;25H;;1,00;
05/02/2026;014;21688;6191114566231;XXL;476;25E;;1,00;
05/02/2026;014;22013;6191114607637;M;995;25H;;1,00;
05/02/2026;014;22023;6191114609815;S;R010;25H;;1,00;
05/02/2026;014;22027;6191114610385;3XL;645;25H;;1,00;
05/02/2026;014;22030;6191114610668;M;995;25H;;1,00;
05/02/2026;014;22032;6191114610927;L;995;25H;;1,00;
05/02/2026;014;22045;6191114611726;XL;995;25H;;1,00;
05/02/2026;014;22048;6191114612020;XL;010;25H;;1,00;
05/02/2026;014;22058;6191114617919;M;000;25H;;1,00;
05/02/2026;014;22061;6191114618145;M;R385;25H;;1,00;
05/02/2026;014;22061;6191114618169;L;R385;25H;;1,00;
05/02/2026;014;22061;6191114618183;XL;R385;25H;;1,00;
05/02/2026;014;22066;6191114615632;XXL;815;25H;;1,00;
05/02/2026;014;22072;6191114616226;XL;476;25H;;1,00;
05/02/2026;014;22113;6191114645646;S;820;25H;;1,00;
05/02/2026;014;22113;6191114645707;L;820;25H;;1,00;
05/02/2026;014;22113;6191114645738;XL;820;25H;;1,00;
05/02/2026;014;22117;6191114648999;L;940;25H;;1,00;
05/02/2026;014;22128;6191114623033;XL;385;25H;;1,00;
05/02/2026;014;22132;6191114623880;XL;224;25H;;1,00;
05/02/2026;014;22142;6191114624702;M;875;25H;;1,00;
05/02/2026;014;22142;6191114624719;M;195;25H;;1,00;
05/02/2026;014;22150;6191114625594;S;995;25H;;1,00;
05/02/2026;014;22171;6191114627109;M;R000;25H;;1,00;
05/02/2026;014;22182;6191114629363;L;870;25H;;1,00;
05/02/2026;014;22182;6191114629431;XXL;995;25H;;1,00;
05/02/2026;014;22198;6191114630154;M;695;25H;;1,00;
05/02/2026;014;22200;6191114630321;XXL;010;25H;;1,00;
05/02/2026;014;22200;6191114648333;L;210;25H;;2,00;
05/02/2026;014;22200;6191114648364;3XL;210;25H;;1,00;
05/02/2026;014;22201;6191114630383;M;815;25H;;1,00;
05/02/2026;014;22201;6191114630406;L;815;25H;;1,00;
05/02/2026;014;22202;6191114630512;M;790;25H;;1,00;
05/02/2026;014;22216;6191114642768;XXL;I255;25H;;1,00;
05/02/2026;014;22217;6191114642812;M;000;25H;;1,00;
05/02/2026;014;22222;6191114643321;S;995;25H;;1,00;
05/02/2026;014;22223;6191114643536;M;995;25H;;1,00;
05/02/2026;014;22233;6191114644410;XL;815;25H;;1,00;
05/02/2026;014;22242;6191114647459;S;724;25H;;1,00;
05/02/2026;014;22244;6191114647978;L;695;25H;;1,00;
05/02/2026;014;22244;6191114647992;XL;215;25H;;1,00;
05/02/2026;014;22247;6191114648654;S;R270;25H;;1,00;
05/02/2026;014;22264;6191114651708;XL;995;25H;;1,00;
05/02/2026;014;22267;6191114651814;S;995;25H;;1,00;
05/02/2026;014;22275;6191114652972;XL;385;25H;;1,00;
05/02/2026;014;22276;6191114655799;L;995;25H;;2,00;
05/02/2026;014;22284;6191114654198;M;385;25H;;1,00;
05/02/2026;014;22285;6191114654341;M;995;25H;;1,00;
05/02/2026;014;22285;6191114654358;L;385;25H;;1,00;
05/02/2026;014;22288;6191114654648;S;995;25H;;1,00;
05/02/2026;014;22288;6191114654662;L;995;25H;;1,00;
05/02/2026;014;22288;6191114654679;XL;995;25H;;1,00;
05/02/2026;014;22288;6191114654686;XXL;995;25H;;1,00;
05/02/2026;014;22295;6191114656239;L;695;25H;;1,00;
05/02/2026;014;22298;6191114658264;L;R385;25H;;1,00;
05/02/2026;014;22302;6191114657243;L;245;25H;;1,00;
05/02/2026;014;22312;6191114658158;XL;995;25H;;1,00;
05/02/2026;014;22322;6191114659476;L;740;25H;;1,00;
05/02/2026;014;22324;6191114659681;XXL;995;25H;;1,00;
05/02/2026;014;22326;6191114668324;XL;995;25H;;1,00;
05/02/2026;014;22333;6191114660670;XL;990;25H;;1,00;
05/02/2026;014;55803;6191114626492;S;740;25H;;1,00;
05/02/2026;014;55806;6191114640931;XXL;995;25H;;1,00;
05/02/2026;014;55810;6191114642232;L;010;25H;;2,00;
05/02/2026;014;55811;6191114644564;S;R784;25H;;1,00;
05/02/2026;014;55811;6191114644571;M;R310;25H;;1,00;
05/02/2026;014;55811;6191114644601;L;R784;25H;;1,00;
05/02/2026;014;55813;6191114645240;L;940;25H;;1,00;
05/02/2026;014;55816;6191114648494;XXL;R995;25H;;1,00;
05/02/2026;014;55818;6191114654938;M;385;25H;;1,00;
05/02/2026;014;55818;6191114655003;L;824;25H;;1,00;
05/02/2026;014;55818;6191114655072;XL;694;25H;;1,00;
05/02/2026;014;55818;6191114655102;XXL;824;25H;;-1,00;
05/02/2026;014;70203;6191114608306;XL;R355;25H;;1,00;
05/02/2026;014;70206;6191114612419;L;870;25H;;1,00;
05/02/2026;014;70224;6191114641822;XL;694;25H;;1,00;
05/02/2026;014;70226;6191114652033;XL;I995;25H;;1,00;
05/02/2026;014;70231;6191114658714;XL;C000;25H;;-1,00;
05/02/2026;014;70231;6191114658738;XXL;C000;25H;;1,00;
05/02/2026;014;70234;6191114660748;S;010;25H;;1,00;
05/02/2026;015;21658;6191114553712;XL;000;25E;;1,00;
05/02/2026;015;21658;6191114553774;XL;995;25E;;1,00;
05/02/2026;015;22019;6191114609426;L;815;25H;;1,00;
05/02/2026;015;22020;6191114619289;L;815;25H;;1,00;
05/02/2026;015;22038;6191114611405;XXL;R385;25H;;1,00;
05/02/2026;015;22052;6191114617179;M;385;25H;;1,00;
05/02/2026;015;22052;6191114617247;XXL;995;25H;;1,00;
05/02/2026;015;22064;6191114618688;M;175;25H;;1,00;
05/02/2026;015;22071;6191114616158;XXL;784;25H;;1,00;
05/02/2026;015;22098;6191114620841;M;995;25H;;1,00;
05/02/2026;015;22110;6191114622494;XL;255;25H;;1,00;
05/02/2026;015;22124;6191114646926;3XL;995;25H;;1,00;
05/02/2026;015;22132;6191114623910;3XL;794;25H;;1,00;
05/02/2026;015;22142;6191114624702;M;875;25H;;1,00;
05/02/2026;015;22148;6191114625563;XL;995;25H;;1,00;
05/02/2026;015;22151;6191114625716;L;995;25H;;1,00;
05/02/2026;015;22177;6191114628885;L;010;25H;;1,00;
05/02/2026;015;22177;6191114628908;XL;010;25H;;1,00;
05/02/2026;015;22181;6191114629264;L;995;25H;;1,00;
05/02/2026;015;22185;6191114627680;XXL;784;25H;;1,00;
05/02/2026;015;22187;6191114644700;L/XL;200;25H;;1,00;
05/02/2026;015;22193;6191114628069;M;995;25H;;1,00;
05/02/2026;015;22199;6191114631083;M;995;25H;;1,00;
05/02/2026;015;22200;6191114648364;3XL;210;25H;;1,00;
05/02/2026;015;22201;6191114630475;3XL;995;25H;;1,00;
05/02/2026;015;22212;6191114641471;S;235;25H;;1,00;
05/02/2026;015;22216;6191114642751;XL;I255;25H;;1,00;
05/02/2026;015;22237;6191114644816;L;I815;25H;;1,00;
05/02/2026;015;22237;6191114644830;XXL;I815;25H;;1,00;
05/02/2026;015;22242;6191114647459;S;724;25H;;1,00;
05/02/2026;015;22242;6191114647527;L;380;25H;;1,00;
05/02/2026;015;22250;6191114649606;L;815;25H;;1,00;
05/02/2026;015;22252;6191114650213;3XL;255;25H;;1,00;
05/02/2026;015;22253;6191114650251;XL;995;25H;;1,00;
05/02/2026;015;22253;6191114669277;XXL;255;25H;;1,00;
05/02/2026;015;22257;6191114650510;M;I740;25H;;1,00;
05/02/2026;015;22257;6191114650589;XL;I195;25H;;1,00;
05/02/2026;015;22269;6191114653207;XL;695;25H;;1,00;
05/02/2026;015;22270;6191114649958;XL;995;25H;;1,00;
05/02/2026;015;22276;6191114655812;XL;995;25H;;1,00;
05/02/2026;015;22285;6191114654358;L;385;25H;;1,00;
05/02/2026;015;22291;6191114655454;XL;495;25H;;1,00;
05/02/2026;015;22295;6191114656239;L;695;25H;;1,00;
05/02/2026;015;22295;6191114656246;XL;995;25H;;1,00;
05/02/2026;015;22296;6191114656451;S;215;25H;;1,00;
05/02/2026;015;22320;6191114659162;L;870;25H;;1,00;
05/02/2026;015;22331;6191114660410;XXL;495;25H;;1,00;
05/02/2026;015;22347;6191114668621;XXL;I815;25H;;1,00;
05/02/2026;015;22351;6191114668843;XL;I815;25H;;1,00;
05/02/2026;015;55806;6191114640887;XL;385;25H;;-1,00;
05/02/2026;015;55811;6191114644649;XXL;R784;25H;;1,00;
05/02/2026;015;55811;6191114644663;3XL;R784;25H;;-1,00;
05/02/2026;015;55816;6191114648432;L;R995;25H;;1,00;
05/02/2026;015;70209;6191114612815;XXL;R170;25H;;1,00;
05/02/2026;015;70214;6191114623774;XL;995;25H;;1,00;
05/02/2026;015;70214;6191114623781;XL;195;25H;;1,00;
05/02/2026;015;70226;6191114652019;L;I880;25H;;1,00;
05/02/2026;015;70226;6191114652026;L;I815;25H;;2,00;
05/02/2026;015;70227;6191114652194;L;I740;25H;;1,00;
05/02/2026;015;70227;6191114652224;XL;I875;25H;;1,00;
05/02/2026;015;91272;6194444115667;TU;815;22H;;1,00;
05/02/2026;016;20504;6191114309982;XL;625;24E;;1,00;
05/02/2026;016;20569;6191114324497;XL;I430;24E;;1,00;
05/02/2026;016;21181;6191114469389;S;385;24H;;1,00;
05/02/2026;016;21235;6191114477766;39;815;24H;;2,00;
05/02/2026;016;21235;6191114477803;41;815;24H;;1,00;
05/02/2026;016;21254;6191114482968;S;695;24H;;1,00;
05/02/2026;016;21282;6191114502598;M;995;24H;;1,00;
05/02/2026;016;21282;6191114502635;XL;995;24H;;1,00;
05/02/2026;016;21282;6191114505018;M;815;24H;;1,00;
05/02/2026;016;21283;6191114505155;L;390;24H;;1,00;
05/02/2026;016;21284;6191114502871;L;995;24H;;1,00;
05/02/2026;016;21297;6191114491687;XXL;995;24H;;1,00;
05/02/2026;016;21351;6191114502055;L/XL;200;24H;;1,00;
05/02/2026;016;21447;6191114529403;L;790;24H;;1,00;
05/02/2026;016;22005;6191114606623;L;995;25H;;1,00;
05/02/2026;016;22010;6191114607347;3XL;815;25H;;-1,00;
05/02/2026;016;22023;6191114609860;XL;R385;25H;;1,00;
05/02/2026;016;22024;6191114653269;XL;870;25H;;1,00;
05/02/2026;016;22024;6191114653313;L;815;25H;;1,00;
05/02/2026;016;22033;6191114611078;XL;695;25H;;1,00;
05/02/2026;016;22048;6191114611979;M;995;25H;;1,00;
05/02/2026;016;22056;6191114617711;XL;000;25H;;1,00;
05/02/2026;016;22063;6191114618534;M;784;25H;;1,00;
05/02/2026;016;22068;6191114642386;L;695;25H;;1,00;
05/02/2026;016;22071;6191114616080;S;195;25H;;1,00;
05/02/2026;016;22073;6191114616318;XL;870;25H;;1,00;
05/02/2026;016;22090;6191114620025;S;995;25H;;1,00;
05/02/2026;016;22126;6191114649316;M;760;25H;;1,00;
05/02/2026;016;22129;6191114623200;XL;010;25H;;1,00;
05/02/2026;016;22130;6191114623507;XS;195;25H;;1,00;
05/02/2026;016;22135;6191114624115;S;870;25H;;1,00;
05/02/2026;016;22142;6191114624702;M;875;25H;;1,00;
05/02/2026;016;22142;6191114624733;L;875;25H;;1,00;
05/02/2026;016;22142;6191114624771;XL;195;25H;;1,00;
05/02/2026;016;22163;6191114659872;3XL;C790;25H;;1,00;
05/02/2026;016;22186;6191114627765;XL;784;25H;;1,00;
05/02/2026;016;22188;6191114644748;L/XL;200;25H;;1,00;
05/02/2026;016;22195;6191114628359;L;215;25H;;1,00;
05/02/2026;016;22201;6191114630451;XXL;995;25H;;-1,00;
05/02/2026;016;22203;6191114630673;XL;010;25H;;1,00;
05/02/2026;016;22211;6191114641372;L;694;25H;;1,00;
05/02/2026;016;22216;6191114642737;M;I255;25H;;1,00;
05/02/2026;016;22222;6191114643376;M;685;25H;;1,00;
05/02/2026;016;22239;6191114644953;M;995;25H;;1,00;
05/02/2026;016;22246;6191114648852;XL;995;25H;;1,00;
05/02/2026;016;22247;6191114648678;M;R310;25H;;1,00;
05/02/2026;016;22253;6191114650275;3XL;995;25H;;1,00;
05/02/2026;016;22267;6191114651869;XL;815;25H;;1,00;
05/02/2026;016;22275;6191114652934;M;385;25H;;1,00;
05/02/2026;016;22275;6191114652958;L;385;25H;;1,00;
05/02/2026;016;22284;6191114654235;XL;385;25H;;1,00;
05/02/2026;016;22285;6191114654358;L;385;25H;;1,00;
05/02/2026;016;22292;6191114655621;S;870;25H;;1,00;
05/02/2026;016;22294;6191114655980;XS;870;25H;;1,00;
05/02/2026;016;22303;6191114657373;L;870;25H;;1,00;
05/02/2026;016;22304;6191114660465;XL;MCO;25H;;1,00;
05/02/2026;016;22307;6191114670013;XL;M870;25H;;1,00;
05/02/2026;016;22308;6191114657717;L;870;25H;;1,00;
05/02/2026;016;22332;6191114660540;XL;870;25H;;1,00;
05/02/2026;016;22341;6191114661226;S;R950;25H;;1,00;
05/02/2026;016;55816;6191114648432;L;R995;25H;;2,00;
05/02/2026;016;55816;6191114648456;L;R990;25H;;1,00;
05/02/2026;016;70211;6191114621923;XXL;870;25H;;1,00;
05/02/2026;016;70222;6191114631014;3XL;476;25H;;1,00;
05/02/2026;016;70223;6191114631076;3XL;476;25H;;1,00;
05/02/2026;016;70227;6191114652224;XL;I875;25H;;1,00;
05/02/2026;016;70227;6191114652286;4XL;I875;25H;;1,00;
05/02/2026;016;91273;6194444115674;TU;815;22H;;1,00;
05/02/2026;016;91526;6191114639959;36;995;25H;;1,00;
05/02/2026;016;91526;6191114640047;40;880;25H;;1,00;
05/02/2026;019;20295;6191114267442;XL;995;23H;;-1,00;
05/02/2026;019;20322;6191114273634;XL;I940;23H;;1,00;
05/02/2026;019;20416;6191114293618;XL;995;23H;;1,00;
05/02/2026;019;20465;6191114302969;XL;940;23H;;-1,00;
05/02/2026;019;20465;6191114302976;XXL;940;23H;;1,00;
05/02/2026;019;20715;6191114360679;XXL;I235;24E;;1,00;
05/02/2026;019;21136;6191114463264;XL;995;24H;;-1,00;
05/02/2026;019;21236;6191114477858;37;995;24H;;1,00;
05/02/2026;019;21402;6191114513334;XXL;995;24H;;1,00;
05/02/2026;019;21479;6191114530874;XL;995;24H;;-1,00;
05/02/2026;019;21549;6191114543263;40;995;25E;;1,00;
05/02/2026;019;21553;6191114543669;37;170;25E;;1,00;
05/02/2026;019;21589;6191114567627;38;995;25E;;1,00;
05/02/2026;019;21591;6191114567726;37;920;25E;;1,00;
05/02/2026;019;21705;6191114567092;XXL;995;25E;;1,00;
05/02/2026;019;22012;6191114607576;XXL;010;25H;;1,00;
05/02/2026;019;22024;6191114653313;L;815;25H;;1,00;
05/02/2026;019;22062;6191114618381;XXL;195;25H;;1,00;
05/02/2026;019;22083;6191114619067;L;350;25H;;1,00;
05/02/2026;019;22087;6191114619722;3XL;995;25H;;1,00;
05/02/2026;019;22091;6191114620216;XXL;815;25H;;1,00;
05/02/2026;019;22113;6191114645677;M;820;25H;;1,00;
05/02/2026;019;22164;6191114649460;L;995;25H;;1,00;
05/02/2026;019;22173;6191114628717;3XL;995;25H;;1,00;
05/02/2026;019;22181;6191114629295;3XL;995;25H;;1,00;
05/02/2026;019;22200;6191114630345;3XL;010;25H;;1,00;
05/02/2026;019;22203;6191114630703;3XL;995;25H;;1,00;
05/02/2026;019;22244;6191114648012;XXL;995;25H;;1,00;
05/02/2026;019;22244;6191114648029;XXL;215;25H;;1,00;
05/02/2026;019;22244;6191114648036;XXL;695;25H;;1,00;
05/02/2026;019;22256;6191114652293;4XL;995;25H;;1,00;
05/02/2026;019;22263;6191114651548;L;870;25H;;1,00;
05/02/2026;019;22263;6191114651586;XL;995;25H;;1,00;
05/02/2026;019;22275;6191114652996;XXL;385;25H;;1,00;
05/02/2026;019;22284;6191114654235;XL;385;25H;;1,00;
05/02/2026;019;22325;6191114659964;L;695;25H;;1,00;
05/02/2026;019;22349;6191114668713;L;I815;25H;;1,00;
05/02/2026;019;22351;6191114668843;XL;I815;25H;;1,00;
05/02/2026;019;70205;6191114612365;3XL;695;25H;;1,00;
05/02/2026;019;70213;6191114624566;XXL;P385;25H;;1,00;
05/02/2026;019;70217;6191114649408;XXL;I385;25H;;1,00;
05/02/2026;019;70220;6191114631144;S;695;25H;;1,00;
05/02/2026;019;70224;6191114641815;XL;385;25H;;1,00;
05/02/2026;019;91527;6191114640160;40;995;25H;;1,00;
05/02/2026;021;22005;6191114606647;XL;815;25H;;1,00;
05/02/2026;021;22005;6191114606685;XXL;815;25H;;1,00;
05/02/2026;021;22005;6191114606692;XXL;645;25H;;1,00;
05/02/2026;021;22018;6191114609303;L;R385;25H;;1,00;
05/02/2026;021;22033;6191114611030;M;695;25H;;1,00;
05/02/2026;021;22048;6191114611986;M;010;25H;;1,00;
05/02/2026;021;22048;6191114611993;L;995;25H;;1,00;
05/02/2026;021;22058;6191114617926;L;995;25H;;1,00;
05/02/2026;021;22058;6191114617964;XXL;995;25H;;1,00;
05/02/2026;021;22085;6191114619395;L;195;25H;;1,00;
05/02/2026;021;22088;6191114619869;4XL;995;25H;;1,00;
05/02/2026;021;22090;6191114620094;XXL;815;25H;;1,00;
05/02/2026;021;22091;6191114620230;3XL;815;25H;;1,00;
05/02/2026;021;22108;6191114622173;XXL;870;25H;;1,00;
05/02/2026;021;22113;6191114645738;XL;820;25H;;1,00;
05/02/2026;021;22114;6191114645813;M;815;25H;;1,00;
05/02/2026;021;22115;6191114645950;M;990;25H;;1,00;
05/02/2026;021;22117;6191114646230;S;995;25H;;1,00;
05/02/2026;021;22127;6191114649057;M;770;25H;;1,00;
05/02/2026;021;22132;6191114623835;M;794;25H;;1,00;
05/02/2026;021;22139;6191114624542;3XL;995;25H;;1,00;
05/02/2026;021;22177;6191114628946;3XL;010;25H;;1,00;
05/02/2026;021;22185;6191114627574;XS;695;25H;;1,00;
05/02/2026;021;22186;6191114627758;XL;385;25H;;-1,00;
05/02/2026;021;22186;6191114627772;XXL;385;25H;;1,00;
05/02/2026;021;22190;6191114627833;L;995;25H;;1,00;
05/02/2026;021;22197;6191114630109;3XL;815;25H;;1,00;
05/02/2026;021;22206;6191114630949;3XL;995;25H;;1,00;
05/02/2026;021;22222;6191114643352;M;995;25H;;1,00;
05/02/2026;021;22241;6191114647374;L;R000;25H;;1,00;
05/02/2026;021;22253;6191114650251;XL;995;25H;;1,00;
05/02/2026;021;22257;6191114650527;M;I195;25H;;1,00;
05/02/2026;021;22258;6191114650763;L;740;25H;;1,00;
05/02/2026;021;22258;6191114650831;3XL;385;25H;;1,00;
05/02/2026;021;22288;6191114654662;L;995;25H;;1,00;
05/02/2026;021;22289;6191114655263;XL;995;25H;;1,00;
05/02/2026;021;22289;6191114655270;XL;476;25H;;1,00;
05/02/2026;021;22332;6191114660557;XL;940;25H;;1,00;
05/02/2026;021;22333;6191114660632;M;990;25H;;1,00;
05/02/2026;021;70210;6191114619210;XL;R350;25H;;1,00;
05/02/2026;021;70224;6191114641808;L;694;25H;;1,00;
05/02/2026;021;70230;6191114658219;XL;I995;25H;;1,00;
05/02/2026;021;70231;6191114658714;XL;C000;25H;;1,00;
05/02/2026;024;21126;6191114462113;XL;R634;24H;;2,00;
05/02/2026;024;21137;6191114463394;XL;870;24H;;1,00;
05/02/2026;024;21138;6191114463516;XL;010;24H;;1,00;
05/02/2026;024;21238;6191114480117;M;940;24H;;1,00;
05/02/2026;024;21254;6191114482982;M;695;24H;;1,00;
05/02/2026;024;21282;6191114502611;L;995;24H;;1,00;
05/02/2026;024;21282;6191114502659;XXL;995;24H;;1,00;
05/02/2026;024;21284;6191114502871;L;995;24H;;1,00;
05/02/2026;024;21287;6191114503267;XL;790;24H;;1,00;
05/02/2026;024;21382;6191114508583;M;695;24H;;1,00;
05/02/2026;024;21424;6191114514898;L;805;24H;;1,00;
05/02/2026;024;21426;6191114527041;L;695;24H;;1,00;
05/02/2026;024;21440;6191114528901;3XL;995;24H;;1,00;
05/02/2026;024;21447;6191114529359;M;385;24H;;1,00;
05/02/2026;024;21462;6191114530447;S/M;430;24H;;1,00;
05/02/2026;024;21472;6191114532182;3XL;995;24H;;1,00;
05/02/2026;024;21863;6191114589438;XL;310;25E;;1,00;
05/02/2026;024;22004;6191114606463;XXL;R000;25H;;1,00;
05/02/2026;024;22013;6191114607651;L;995;25H;;1,00;
05/02/2026;024;22026;6191114610262;3XL;815;25H;;1,00;
05/02/2026;024;22027;6191114653085;3XL;870;25H;;1,00;
05/02/2026;024;22032;6191114610927;L;995;25H;;1,00;
05/02/2026;024;22032;6191114610941;XL;995;25H;;1,00;
05/02/2026;024;22033;6191114611016;S;695;25H;;1,00;
05/02/2026;024;22033;6191114611047;L;815;25H;;1,00;
05/02/2026;024;22036;6191114611177;L;R010;25H;;1,00;
05/02/2026;024;22036;6191114611191;XL;R010;25H;;2,00;
05/02/2026;024;22047;6191114611887;L;385;25H;;1,00;
05/02/2026;024;22058;6191114617957;XL;000;25H;;1,00;
05/02/2026;024;22062;6191114618329;L;195;25H;;1,00;
05/02/2026;024;22062;6191114618343;XL;995;25H;;1,00;
05/02/2026;024;22062;6191114618381;XXL;195;25H;;1,00;
05/02/2026;024;22064;6191114618725;L;695;25H;;1,00;
05/02/2026;024;22064;6191114618770;XL;695;25H;;1,00;
05/02/2026;024;22070;6191114616028;XL;995;25H;;1,00;
05/02/2026;024;22090;6191114620018;S;815;25H;;1,00;
05/02/2026;024;22090;6191114620032;M;815;25H;;1,00;
05/02/2026;024;22098;6191114620858;L;995;25H;;1,00;
05/02/2026;024;22108;6191114622173;XXL;870;25H;;1,00;
05/02/2026;024;22110;6191114622548;L;235;25H;;1,00;
05/02/2026;024;22115;6191114646063;3XL;820;25H;;1,00;
05/02/2026;024;22117;6191114648999;L;940;25H;;1,00;
05/02/2026;024;22117;6191114649002;XL;940;25H;;2,00;
05/02/2026;024;22123;6191114646780;XXL;695;25H;;1,00;
05/02/2026;024;22124;6191114646827;S;995;25H;;1,00;
05/02/2026;024;22130;6191114623583;XL;195;25H;;1,00;
05/02/2026;024;22131;6191114623620;M;995;25H;;1,00;
05/02/2026;024;22142;6191114624702;M;875;25H;;1,00;
05/02/2026;024;22142;6191114624733;L;875;25H;;1,00;
05/02/2026;024;22164;6191114649521;3XL;995;25H;;1,00;
05/02/2026;024;22180;6191114629233;XL;995;25H;;1,00;
05/02/2026;024;22207;6191114640443;L;880;25H;;1,00;
05/02/2026;024;22209;6191114640733;XL;815;25H;;1,00;
05/02/2026;024;22223;6191114643550;L;870;25H;;1,00;
05/02/2026;024;22234;6191114660731;L/XL;310;25H;;1,00;
05/02/2026;024;22239;6191114644960;M;784;25H;;1,00;
05/02/2026;024;22239;6191114645066;3XL;815;25H;;1,00;
05/02/2026;024;22244;6191114647961;L;215;25H;;1,00;
05/02/2026;024;22244;6191114648029;XXL;215;25H;;1,00;
05/02/2026;024;22244;6191114648036;XXL;695;25H;;1,00;
05/02/2026;024;22250;6191114649668;XXL;815;25H;;1,00;
05/02/2026;024;22257;6191114650473;S;I350;25H;;1,00;
05/02/2026;024;22257;6191114650510;M;I740;25H;;1,00;
05/02/2026;024;22258;6191114650718;M;385;25H;;1,00;
05/02/2026;024;22258;6191114650749;L;385;25H;;1,00;
05/02/2026;024;22258;6191114650787;XL;195;25H;;1,00;
05/02/2026;024;22276;6191114655751;S;995;25H;;1,00;
05/02/2026;024;22276;6191114655799;L;995;25H;;1,00;
05/02/2026;024;22285;6191114654365;L;995;25H;;1,00;
05/02/2026;024;22288;6191114654648;S;995;25H;;1,00;
05/02/2026;024;22288;6191114654655;M;995;25H;;1,00;
05/02/2026;024;22288;6191114654662;L;995;25H;;1,00;
05/02/2026;024;22288;6191114654679;XL;995;25H;;1,00;
05/02/2026;024;22291;6191114655430;L;495;25H;;1,00;
05/02/2026;024;22300;6191114656802;S;870;25H;;1,00;
05/02/2026;024;22301;6191114657083;S;215;25H;;1,00;
05/02/2026;024;22301;6191114657106;M;215;25H;;1,00;
05/02/2026;024;22302;6191114657199;S;995;25H;;1,00;
05/02/2026;024;22302;6191114657236;L;995;25H;;1,00;
05/02/2026;024;22303;6191114657342;S;195;25H;;1,00;
05/02/2026;024;22306;6191114669086;XL;995;25H;;1,00;
05/02/2026;024;22306;6191114669109;3XL;995;25H;;1,00;
05/02/2026;024;22307;6191114669994;L;M940;25H;;1,00;
05/02/2026;024;22307;6191114670020;XL;M940;25H;;-1,00;
05/02/2026;024;22307;6191114670051;XXL;M940;25H;;1,00;
05/02/2026;024;22320;6191114659162;L;870;25H;;1,00;
05/02/2026;024;22323;6191114659636;3XL;995;25H;;1,00;
05/02/2026;024;22326;6191114668355;XXL;920;25H;;1,00;
05/02/2026;024;22339;6191114661141;XXL;870;25H;;1,00;
05/02/2026;024;22342;6191114661271;S;I995;25H;;1,00;
05/02/2026;024;22343;6191114661356;L;I634;25H;;1,00;
05/02/2026;024;22349;6191114668706;M;I815;25H;;1,00;
05/02/2026;024;55716;6191114526365;XL;385;24H;;1,00;
05/02/2026;024;55800;6191114621602;L;975;25H;;1,00;
05/02/2026;024;55810;6191114642294;3XL;010;25H;;1,00;
05/02/2026;024;55811;6191114644557;S;R310;25H;;1,00;
05/02/2026;024;55811;6191114644618;XL;R310;25H;;1,00;
05/02/2026;024;55811;6191114644649;XXL;R784;25H;;1,00;
05/02/2026;024;55814;6191114645349;S;385;25H;;1,00;
05/02/2026;024;55816;6191114648371;S;R995;25H;;1,00;
05/02/2026;024;55816;6191114648395;S;R990;25H;;1,00;
05/02/2026;024;55816;6191114648432;L;R995;25H;;1,00;
05/02/2026;024;55816;6191114648494;XXL;R995;25H;;1,00;
05/02/2026;024;55816;6191114648517;XXL;R990;25H;;1,00;
05/02/2026;024;55820;6191114657892;XXL;R995;25H;;1,00;
05/02/2026;024;70202;6191114608184;XL;010;25H;;1,00;
05/02/2026;024;70213;6191114624566;XXL;P385;25H;;1,00;
05/02/2026;024;70221;6191114631281;M;I995;25H;;1,00;
05/02/2026;024;70226;6191114652118;3XL;I815;25H;;1,00;
05/02/2026;024;70232;6191114658806;M;995;25H;;1,00;
05/02/2026;024;70233;6191114658875;M;995;25H;;1,00;
05/02/2026;024;70233;6191114658882;L;995;25H;;1,00;
05/02/2026;024;91509;6191114625266;37;815;25H;;1,00;
05/02/2026;024;91509;6191114625327;39;815;25H;;1,00;
05/02/2026;024;91509;6191114625372;40;995;25H;;1,00;
05/02/2026;024;91510;6191114625457;38;815;25H;;2,00;
05/02/2026;024;91527;6191114640160;40;995;25H;;1,00;
05/02/2026;029;21348;6191114501645;XXL;995;24H;;1,00;
05/02/2026;029;21552;6191114543584;39;815;25E;;1,00;
05/02/2026;029;21589;6191114567665;40;995;25E;;1,00;
05/02/2026;029;22004;6191114606401;L;R000;25H;;1,00;
05/02/2026;029;22019;6191114609396;S;995;25H;;1,00;
05/02/2026;029;22019;6191114609426;L;815;25H;;1,00;
05/02/2026;029;22031;6191114610866;3XL;995;25H;;1,00;
05/02/2026;029;22036;6191114611214;XXL;R010;25H;;1,00;
05/02/2026;029;22064;6191114618770;XL;695;25H;;1,00;
05/02/2026;029;22068;6191114615786;XL;995;25H;;-1,00;
05/02/2026;029;22068;6191114615809;XXL;995;25H;;1,00;
05/02/2026;029;22079;6191114626096;L;316;25H;;1,00;
05/02/2026;029;22114;6191114645837;L;815;25H;;1,00;
05/02/2026;029;22115;6191114645998;L;005;25H;;1,00;
05/02/2026;029;22125;6191114646971;XXL;E385;25H;;1,00;
05/02/2026;029;22133;6191114623941;S;645;25H;;1,00;
05/02/2026;029;22175;6191114628823;XXL;990;25H;;1,00;
05/02/2026;029;22195;6191114628359;L;215;25H;;1,00;
05/02/2026;029;22197;6191114630086;XL;815;25H;;1,00;
05/02/2026;029;22207;6191114640375;S;995;25H;;1,00;
05/02/2026;029;22216;6191114642706;XXL;I385;25H;;1,00;
05/02/2026;029;22216;6191114642751;XL;I255;25H;;1,00;
05/02/2026;029;22223;6191114643505;S;995;25H;;1,00;
05/02/2026;029;22241;6191114647374;L;R000;25H;;1,00;
05/02/2026;029;22247;6191114648715;L;R270;25H;;1,00;
05/02/2026;029;22250;6191114649651;XL;784;25H;;1,00;
05/02/2026;029;22274;6191114652880;XL;995;25H;;1,00;
05/02/2026;029;22286;6191114654440;M;995;25H;;1,00;
05/02/2026;029;22287;6191114654556;L;815;25H;;1,00;
05/02/2026;029;22301;6191114657113;L;995;25H;;1,00;
05/02/2026;029;66480;6191114493018;XL;995;24H;;1,00;
05/02/2026;029;70210;6191114619241;3XL;R385;25H;;1,00;
05/02/2026;030;21826;6191114582880;XXL;000;25E;;1,00;
05/02/2026;030;22001;6191114605923;XL;815;25H;;1,00;
05/02/2026;030;22002;6191114606111;XXL;645;25H;;1,00;
05/02/2026;030;22003;6191114606302;XXL;R870;25H;;1,00;
05/02/2026;030;22005;6191114606609;L;815;25H;;1,00;
05/02/2026;030;22006;6191114606883;XL;815;25H;;1,00;
05/02/2026;030;22010;6191114607309;XL;815;25H;;1,00;
05/02/2026;030;22033;6191114611078;XL;695;25H;;-1,00;
05/02/2026;030;22037;6191114611337;XXL;010;25H;;1,00;
05/02/2026;030;22045;6191114611726;XL;995;25H;;1,00;
05/02/2026;030;22045;6191114611740;XXL;995;25H;;1,00;
05/02/2026;030;22055;6191114617629;3XL;870;25H;;2,00;
05/02/2026;030;22064;6191114618640;S;855;25H;;1,00;
05/02/2026;030;22064;6191114618718;L;010;25H;;2,00;
05/02/2026;030;22068;6191114615786;XL;995;25H;;1,00;
05/02/2026;030;22070;6191114615977;M;385;25H;;1,00;
05/02/2026;030;22072;6191114616233;XXL;476;25H;;1,00;
05/02/2026;030;22085;6191114619425;XL;740;25H;;1,00;
05/02/2026;030;22086;6191114619524;L;010;25H;;1,00;
05/02/2026;030;22091;6191114620179;L;815;25H;;1,00;
05/02/2026;030;22101;6191114621039;L;995;25H;;1,00;
05/02/2026;030;22111;6191114622678;XL;255;25H;;1,00;
05/02/2026;030;22114;6191114645851;XL;815;25H;;2,00;
05/02/2026;030;22122;6191114646667;XL;995;25H;;1,00;
05/02/2026;030;22132;6191114623880;XL;224;25H;;1,00;
05/02/2026;030;22133;6191114625204;XL;995;25H;;1,00;
05/02/2026;030;22140;6191114624610;M;995;25H;;1,00;
05/02/2026;030;22164;6191114649446;M;995;25H;;1,00;
05/02/2026;030;22164;6191114649484;XL;995;25H;;1,00;
05/02/2026;030;22172;6191114627307;XS;995;25H;;1,00;
05/02/2026;030;22177;6191114628915;XL;215;25H;;1,00;
05/02/2026;030;22177;6191114628953;3XL;215;25H;;1,00;
05/02/2026;030;22183;6191114629530;L;995;25H;;1,00;
05/02/2026;030;22183;6191114629561;XXL;385;25H;;1,00;
05/02/2026;030;22183;6191114629585;3XL;385;25H;;1,00;
05/02/2026;030;22187;6191114644700;L/XL;200;25H;;1,00;
05/02/2026;030;22188;6191114644724;S/M;200;25H;;1,00;
05/02/2026;030;22189;6191114644779;L/XL;995;25H;;1,00;
05/02/2026;030;22198;6191114630161;L;385;25H;;1,00;
05/02/2026;030;22199;6191114631113;XXL;995;25H;;1,00;
05/02/2026;030;22201;6191114630406;L;815;25H;;1,00;
05/02/2026;030;22203;6191114630673;XL;010;25H;;1,00;
05/02/2026;030;22213;6191114642355;3XL;815;25H;;1,00;
05/02/2026;030;22233;6191114645103;3XL;000;25H;;1,00;
05/02/2026;030;22243;6191114647855;XXL;695;25H;;1,00;
05/02/2026;030;22244;6191114647909;S;215;25H;;1,00;
05/02/2026;030;22244;6191114647961;L;215;25H;;1,00;
05/02/2026;030;22246;6191114648876;XXL;995;25H;;1,00;
05/02/2026;030;22248;6191114649187;XL;995;25H;;2,00;
05/02/2026;030;22250;6191114649651;XL;784;25H;;1,00;
05/02/2026;030;22254;6191114650329;XXL;995;25H;;1,00;
05/02/2026;030;22257;6191114650664;4XL;I740;25H;;1,00;
05/02/2026;030;22258;6191114650787;XL;195;25H;;1,00;
05/02/2026;030;22263;6191114651456;XS;870;25H;;1,00;
05/02/2026;030;22263;6191114651517;M;870;25H;;-1,00;
05/02/2026;030;22263;6191114651555;L;995;25H;;1,00;
05/02/2026;030;22265;6191114651760;M;995;25H;;1,00;
05/02/2026;030;22269;6191114656437;3XL;890;25H;;1,00;
05/02/2026;030;22276;6191114655782;L;385;25H;;1,00;
05/02/2026;030;22276;6191114655805;XL;385;25H;;1,00;
05/02/2026;030;22277;6191114653467;XXL;784;25H;;1,00;
05/02/2026;030;22285;6191114654402;XXL;995;25H;;1,00;
05/02/2026;030;22287;6191114654587;XL;995;25H;;1,00;
05/02/2026;030;22291;6191114655454;XL;495;25H;;1,00;
05/02/2026;030;22294;6191114656000;XS;950;25H;;1,00;
05/02/2026;030;22299;6191114656932;M;385;25H;;1,00;
05/02/2026;030;22299;6191114659766;3XL;695;25H;;1,00;
05/02/2026;030;22303;6191114657366;M;195;25H;;1,00;
05/02/2026;030;22307;6191114669918;S;M815;25H;;1,00;
05/02/2026;030;22307;6191114670006;XL;M815;25H;;1,00;
05/02/2026;030;22307;6191114670044;XXL;M870;25H;;1,00;
05/02/2026;030;22317;6191114658554;S;385;25H;;1,00;
05/02/2026;030;22317;6191114658561;S;195;25H;;1,00;
05/02/2026;030;22317;6191114658646;XXL;195;25H;;1,00;
05/02/2026;030;22338;6191114660922;XXL;170;25H;;1,00;
05/02/2026;030;55806;6191114640887;XL;385;25H;;1,00;
05/02/2026;030;55808;6191114641211;L;385;25H;;1,00;
05/02/2026;030;55808;6191114641266;XL;975;25H;;1,00;
05/02/2026;030;55810;6191114642287;3XL;385;25H;;1,00;
05/02/2026;030;55816;6191114648470;XL;R385;25H;;1,00;
05/02/2026;030;70205;6191114612358;3XL;385;25H;;1,00;
05/02/2026;030;70211;6191114621305;L;995;25H;;1,00;
05/02/2026;030;70217;6191114647305;M;E385;25H;;1,00;
05/02/2026;030;70217;6191114647336;XXL;E385;25H;;1,00;
05/02/2026;030;70226;6191114652040;XL;I880;25H;;1,00;
05/02/2026;030;70226;6191114652071;XXL;I880;25H;;1,00;
05/02/2026;030;70226;6191114652101;3XL;I880;25H;;1,00;
05/02/2026;030;70227;6191114652286;4XL;I875;25H;;1,00;
05/02/2026;030;70231;6191114658677;M;C000;25H;;2,00;
05/02/2026;030;70231;6191114658714;XL;C000;25H;;1,00;
05/02/2026;030;70232;6191114658790;S;995;25H;;1,00;
05/02/2026;030;70232;6191114658820;XL;995;25H;;1,00;
05/02/2026;030;91509;6191114625310;38;995;25H;;1,00;
05/02/2026;030;91527;6191114640115;38;870;25H;;1,00;
05/02/2026;031;22031;6191114610804;L;995;25H;;1,00;
05/02/2026;031;22048;6191114612006;L;010;25H;;1,00;
05/02/2026;031;22056;6191114617681;L;310;25H;;1,00;
05/02/2026;031;22086;6191114619500;M;010;25H;;1,00;
05/02/2026;031;22098;6191114620865;XL;995;25H;;1,00;
05/02/2026;031;22099;6191114620933;XXL;995;25H;;1,00;
05/02/2026;031;22115;6191114646025;XL;005;25H;;1,00;
05/02/2026;031;22137;6191114623347;M;385;25H;;1,00;
05/02/2026;031;22146;6191114630000;L;995;25H;;1,00;
05/02/2026;031;22160;6191114626249;XL;820;25H;;1,00;
05/02/2026;031;22163;6191114659810;M;C490;25H;;1,00;
05/02/2026;031;22183;6191114629578;XXL;995;25H;;1,00;
05/02/2026;031;22194;6191114628168;M;I255;25H;;1,00;
05/02/2026;031;22239;6191114644977;L;815;25H;;1,00;
05/02/2026;031;22243;6191114647794;L;695;25H;;1,00;
05/02/2026;031;22263;6191114651494;S;995;25H;;1,00;
05/02/2026;031;22272;6191114652545;M;010;25H;;-1,00;
05/02/2026;031;22272;6191114652606;XL;010;25H;;1,00;
05/02/2026;031;22292;6191114655683;XL;870;25H;;1,00;
05/02/2026;031;22301;6191114657137;XL;995;25H;;1,00;
05/02/2026;031;22304;6191114660472;XXL;MCO;25H;;1,00;
05/02/2026;031;22307;6191114670044;XXL;M870;25H;;1,00;
05/02/2026;031;22322;6191114659544;XXL;190;25H;;1,00;
05/02/2026;031;22331;6191114660373;S;495;25H;;1,00;
05/02/2026;031;70231;6191114658707;L;C995;25H;;1,00;
05/02/2026;031;91272;6194444115667;TU;815;22H;;1,00;
05/02/2026;031;91504;6191114626355;TU;784;25H;;1,00;
05/02/2026;031;91509;6191114625341;39;995;25H;;1,00;
05/02/2026;032;21352;6191114502062;S/M;200;24H;;2,00;
05/02/2026;032;22001;6191114605923;XL;815;25H;;1,00;
05/02/2026;032;22025;6191114610132;XXL;010;25H;;1,00;
05/02/2026;032;22033;6191114611047;L;815;25H;;1,00;
05/02/2026;032;22043;6191114622104;XL;855;25H;;1,00;
05/02/2026;032;22046;6191114611795;M;C385;25H;;1,00;
05/02/2026;032;22064;6191114618879;3XL;695;25H;;1,00;
05/02/2026;032;22068;6191114615786;XL;995;25H;;1,00;
05/02/2026;032;22085;6191114619463;3XL;740;25H;;1,00;
05/02/2026;032;22086;6191114619524;L;010;25H;;1,00;
05/02/2026;032;22090;6191114620025;S;995;25H;;1,00;
05/02/2026;032;22123;6191114646704;S;695;25H;;1,00;
05/02/2026;032;22138;6191114624283;XXL;995;25H;;1,00;
05/02/2026;032;22151;6191114625693;S;995;25H;;1,00;
05/02/2026;032;22199;6191114631113;XXL;995;25H;;1,00;
05/02/2026;032;22202;6191114630598;3XL;790;25H;;1,00;
05/02/2026;032;22267;6191114651890;XXL;995;25H;;1,00;
05/02/2026;032;22269;6191114653184;M;695;25H;;1,00;
05/02/2026;032;22278;6191114653504;XL;995;25H;;1,00;
05/02/2026;032;22303;6191114657397;XL;870;25H;;1,00;
05/02/2026;032;22322;6191114659452;M;190;25H;;1,00;
05/02/2026;032;22325;6191114659964;L;695;25H;;1,00;
05/02/2026;032;55800;6191114621640;XXL;385;25H;;1,00;
05/02/2026;032;55801;6191114621763;L;385;25H;;1,00;
05/02/2026;032;55811;6191114644601;L;R784;25H;;1,00;
05/02/2026;032;55816;6191114648401;M;R995;25H;;1,00;
05/02/2026;032;55816;6191114648432;L;R995;25H;;1,00;
05/02/2026;032;70202;6191114608207;XXL;010;25H;;1,00;
05/02/2026;032;70206;6191114612402;M;995;25H;;1,00;
05/02/2026;032;70209;6191114612846;3XL;R920;25H;;1,00;
05/02/2026;033;22140;6191114624634;XL;995;25H;;1,00;
05/02/2026;033;22222;6191114643352;M;995;25H;;1,00;
05/02/2026;033;70202;6191114608177;XL;995;25H;;1,00;
06/02/2026;002;20322;6191114273634;XL;I940;23H;;1,00;
06/02/2026;002;20322;6191114273771;XL;I235;23H;;1,00;
06/02/2026;002;20354;6191114297333;M;685;23H;;1,00;
06/02/2026;002;20354;6191114297371;3XL;685;23H;;1,00;
06/02/2026;002;21072;6191114448414;3XL;815;24H;;1,00;
06/02/2026;002;21112;6191114452923;3XL;M634;24H;;1,00;
06/02/2026;002;21131;6191114462670;M;530;24H;;1,00;
06/02/2026;002;21135;6191114482852;XL;780;24H;;1,00;
06/02/2026;002;21136;6191114463295;XXL;815;24H;;1,00;
06/02/2026;002;21138;6191114463516;XL;010;24H;;1,00;
06/02/2026;002;21138;6191114463530;XXL;010;24H;;1,00;
06/02/2026;002;21220;6191114478923;XXL;645;24H;;1,00;
06/02/2026;002;21242;6191114479883;M;950;24H;;1,00;
06/02/2026;002;21246;6191114481480;3XL;995;24H;;1,00;
06/02/2026;002;21247;6191114481527;XL;995;24H;;-1,00;
06/02/2026;002;21282;6191114502659;XXL;995;24H;;1,00;
06/02/2026;002;21282;6191114505001;S;815;24H;;1,00;
06/02/2026;002;21282;6191114505025;L;815;24H;;1,00;
06/02/2026;002;21284;6191114502888;L;195;24H;;1,00;
06/02/2026;002;21287;6191114503205;S;790;24H;;1,00;
06/02/2026;002;21287;6191114503243;L;790;24H;;1,00;
06/02/2026;002;21297;6191114491625;M;995;24H;;1,00;
06/02/2026;002;21350;6191114501843;XXL;995;24H;;1,00;
06/02/2026;002;21394;6191114509924;4XL;995;24H;;1,00;
06/02/2026;002;21394;6191114509986;5XL;995;24H;;1,00;
06/02/2026;002;21400;6191114511194;5XL;270;24H;;1,00;
06/02/2026;002;21400;6191114511200;5XL;815;24H;;1,00;
06/02/2026;002;21400;6191114511255;5XL;195;24H;;1,00;
06/02/2026;002;21419;6191114514201;XL;995;24H;;1,00;
06/02/2026;002;21419;6191114514218;XL;695;24H;;1,00;
06/02/2026;002;21420;6191114514300;XL;995;24H;;1,00;
06/02/2026;002;21470;6191114531772;S;995;24H;;1,00;
06/02/2026;002;21472;6191114536906;L;940;24H;;1,00;
06/02/2026;002;21484;6191114537354;3XL;870;24H;;1,00;
06/02/2026;002;21485;6191114537026;L;995;24H;;1,00;
06/02/2026;002;21485;6191114537057;3XL;995;24H;;1,00;
06/02/2026;002;21658;6191114553712;XL;000;25E;;1,00;
06/02/2026;002;21658;6191114553774;XL;995;25E;;1,00;
06/02/2026;002;22002;6191114606098;XL;870;25H;;1,00;
06/02/2026;002;22003;6191114606272;XL;R870;25H;;1,00;
06/02/2026;002;22005;6191114606555;S;010;25H;;1,00;
06/02/2026;002;22010;6191114607316;XL;995;25H;;1,00;
06/02/2026;002;22013;6191114607637;M;995;25H;;1,00;
06/02/2026;002;22017;6191114609211;XL;010;25H;;1,00;
06/02/2026;002;22020;6191114619296;XL;815;25H;;2,00;
06/02/2026;002;22022;6191114609785;3XL;R385;25H;;1,00;
06/02/2026;002;22023;6191114609907;3XL;R385;25H;;1,00;
06/02/2026;002;22026;6191114610170;S;645;25H;;1,00;
06/02/2026;002;22026;6191114610194;M;645;25H;;1,00;
06/02/2026;002;22028;6191114610453;L;940;25H;;1,00;
06/02/2026;002;22032;6191114610934;L;940;25H;;1,00;
06/02/2026;002;22036;6191114611160;L;R995;25H;;1,00;
06/02/2026;002;22037;6191114611276;M;010;25H;;1,00;
06/02/2026;002;22037;6191114611290;L;010;25H;;1,00;
06/02/2026;002;22038;6191114611399;XL;R385;25H;;1,00;
06/02/2026;002;22041;6191114608863;M;R385;25H;;1,00;
06/02/2026;002;22049;6191114612105;M;995;25H;;1,00;
06/02/2026;002;22049;6191114612112;L;815;25H;;1,00;
06/02/2026;002;22049;6191114612136;XL;815;25H;;1,00;
06/02/2026;002;22052;6191114617247;XXL;995;25H;;1,00;
06/02/2026;002;22060;6191114618053;L;310;25H;;1,00;
06/02/2026;002;22062;6191114618282;M;995;25H;;1,00;
06/02/2026;002;22065;6191114618961;XL;350;25H;;1,00;
06/02/2026;002;22066;6191114615601;L;875;25H;;1,00;
06/02/2026;002;22068;6191114615748;M;995;25H;;1,00;
06/02/2026;002;22068;6191114615786;XL;995;25H;;2,00;
06/02/2026;002;22071;6191114616127;L;195;25H;;1,00;
06/02/2026;002;22073;6191114616257;S;870;25H;;1,00;
06/02/2026;002;22073;6191114616325;XL;395;25H;;1,00;
06/02/2026;002;22078;6191114616745;S;995;25H;;1,00;
06/02/2026;002;22083;6191114619081;XL;350;25H;;1,00;
06/02/2026;002;22098;6191114620858;L;995;25H;;1,00;
06/02/2026;002;22106;6191114621480;L;990;25H;;1,00;
06/02/2026;002;22110;6191114622555;XL;235;25H;;1,00;
06/02/2026;002;22113;6191114645707;L;820;25H;;1,00;
06/02/2026;002;22113;6191114645783;3XL;990;25H;;1,00;
06/02/2026;002;22114;6191114645844;L;020;25H;;1,00;
06/02/2026;002;22115;6191114645967;M;005;25H;;1,00;
06/02/2026;002;22117;6191114648982;M;940;25H;;2,00;
06/02/2026;002;22128;6191114623019;L;870;25H;;1,00;
06/02/2026;002;22129;6191114623224;XXL;995;25H;;1,00;
06/02/2026;002;22131;6191114623644;XL;995;25H;;1,00;
06/02/2026;002;22139;6191114624467;L;940;25H;;1,00;
06/02/2026;002;22142;6191114624689;S;195;25H;;1,00;
06/02/2026;002;22142;6191114624696;M;995;25H;;2,00;
06/02/2026;002;22142;6191114624719;M;195;25H;;1,00;
06/02/2026;002;22142;6191114624740;L;195;25H;;1,00;
06/02/2026;002;22148;6191114625570;XXL;995;25H;;1,00;
06/02/2026;002;22153;6191114625815;L;995;25H;;-1,00;
06/02/2026;002;22159;6191114626065;L;880;25H;;1,00;
06/02/2026;002;22162;6191114647282;3XL;995;25H;;1,00;
06/02/2026;002;22163;6191114659834;L;C490;25H;;1,00;
06/02/2026;002;22163;6191114659841;XL;C790;25H;;1,00;
06/02/2026;002;22170;6191114626829;S;R385;25H;;1,00;
06/02/2026;002;22170;6191114626881;M;R925;25H;;1,00;
06/02/2026;002;22170;6191114626928;L;R385;25H;;1,00;
06/02/2026;002;22170;6191114626966;XL;R995;25H;;1,00;
06/02/2026;002;22170;6191114627031;XXL;R925;25H;;1,00;
06/02/2026;002;22171;6191114627123;M;R385;25H;;1,00;
06/02/2026;002;22171;6191114627130;M;R925;25H;;1,00;
06/02/2026;002;22171;6191114627161;L;R995;25H;;1,00;
06/02/2026;002;22171;6191114627178;L;R385;25H;;1,00;
06/02/2026;002;22171;6191114627284;XXL;R925;25H;;1,00;
06/02/2026;002;22173;6191114628694;XL;995;25H;;1,00;
06/02/2026;002;22182;6191114629448;XXL;784;25H;;1,00;
06/02/2026;002;22183;6191114629493;S;995;25H;;1,00;
06/02/2026;002;22193;6191114628069;M;995;25H;;1,00;
06/02/2026;002;22194;6191114628144;M;I880;25H;;1,00;
06/02/2026;002;22194;6191114628229;XL;I255;25H;;1,00;
06/02/2026;002;22202;6191114630536;L;790;25H;;1,00;
06/02/2026;002;22202;6191114630550;XL;790;25H;;-1,00;
06/02/2026;002;22207;6191114640382;S;880;25H;;1,00;
06/02/2026;002;22207;6191114640399;S;784;25H;;1,00;
06/02/2026;002;22207;6191114640450;L;784;25H;;1,00;
06/02/2026;002;22212;6191114641471;S;235;25H;;2,00;
06/02/2026;002;22212;6191114641532;L;235;25H;;1,00;
06/02/2026;002;22216;6191114642683;L;I385;25H;;1,00;
06/02/2026;002;22217;6191114642812;M;000;25H;;1,00;
06/02/2026;002;22222;6191114643468;3XL;995;25H;;1,00;
06/02/2026;002;22239;6191114644915;S;815;25H;;1,00;
06/02/2026;002;22239;6191114644977;L;815;25H;;1,00;
06/02/2026;002;22239;6191114644984;L;995;25H;;1,00;
06/02/2026;002;22239;6191114645004;XL;815;25H;;1,00;
06/02/2026;002;22242;6191114647510;L;385;25H;;1,00;
06/02/2026;002;22244;6191114647909;S;215;25H;;1,00;
06/02/2026;002;22244;6191114647947;M;695;25H;;1,00;
06/02/2026;002;22246;6191114648852;XL;995;25H;;1,00;
06/02/2026;002;22247;6191114648753;XXL;R385;25H;;1,00;
06/02/2026;002;22251;6191114650060;XXL;995;25H;;1,00;
06/02/2026;002;22254;6191114650312;XL;995;25H;;1,00;
06/02/2026;002;22257;6191114650480;S;I740;25H;;1,00;
06/02/2026;002;22257;6191114650503;M;I350;25H;;1,00;
06/02/2026;002;22257;6191114650510;M;I740;25H;;1,00;
06/02/2026;002;22257;6191114650527;M;I195;25H;;1,00;
06/02/2026;002;22262;6191114651388;L;490;25H;;1,00;
06/02/2026;002;22263;6191114651524;M;995;25H;;1,00;
06/02/2026;002;22275;6191114652958;L;385;25H;;1,00;
06/02/2026;002;22277;6191114653368;XS;784;25H;;1,00;
06/02/2026;002;22279;6191114653689;XXL;645;25H;;-1,00;
06/02/2026;002;22279;6191114653726;3XL;995;25H;;1,00;
06/02/2026;002;22289;6191114655287;XXL;995;25H;;1,00;
06/02/2026;002;22291;6191114655430;L;495;25H;;1,00;
06/02/2026;002;22294;6191114656079;L;870;25H;;1,00;
06/02/2026;002;22295;6191114656239;L;695;25H;;1,00;
06/02/2026;002;22296;6191114656444;S;385;25H;;1,00;
06/02/2026;002;22296;6191114656512;L;215;25H;;1,00;
06/02/2026;002;22296;6191114656543;XL;215;25H;;1,00;
06/02/2026;002;22300;6191114656802;S;870;25H;;1,00;
06/02/2026;002;22301;6191114657076;S;995;25H;;1,00;
06/02/2026;002;22308;6191114657717;L;870;25H;;1,00;
06/02/2026;002;22311;6191114658080;M;I995;25H;;1,00;
06/02/2026;002;22321;6191114659292;M;825;25H;;1,00;
06/02/2026;002;22330;6191114660052;L;724;25H;;1,00;
06/02/2026;002;22330;6191114660069;L;220;25H;;1,00;
06/02/2026;002;22331;6191114660144;S;385;25H;;1,00;
06/02/2026;002;22332;6191114660540;XL;870;25H;;1,00;
06/02/2026;002;22332;6191114660557;XL;940;25H;;1,00;
06/02/2026;002;22341;6191114661257;XL;R950;25H;;1,00;
06/02/2026;002;22351;6191114668812;S;I815;25H;;1,00;
06/02/2026;002;55707;6191114506657;S;385;24H;;1,00;
06/02/2026;002;55710;6191114507272;S;940;24H;;1,00;
06/02/2026;002;55710;6191114507319;M;940;24H;;1,00;
06/02/2026;002;55720;6191114526532;S;385;24H;;1,00;
06/02/2026;002;55724;6191114526778;S;815;24H;;1,00;
06/02/2026;002;55800;6191114621589;L;385;25H;;1,00;
06/02/2026;002;55811;6191114644601;L;R784;25H;;1,00;
06/02/2026;002;55811;6191114644618;XL;R310;25H;;1,00;
06/02/2026;002;55811;6191114644649;XXL;R784;25H;;1,00;
06/02/2026;002;55813;6191114645196;M;385;25H;;1,00;
06/02/2026;002;55813;6191114645233;L;310;25H;;1,00;
06/02/2026;002;55813;6191114645240;L;940;25H;;2,00;
06/02/2026;002;55814;6191114645349;S;385;25H;;1,00;
06/02/2026;002;55815;6191114645523;S;385;25H;;1,00;
06/02/2026;002;55816;6191114648371;S;R995;25H;;1,00;
06/02/2026;002;55816;6191114648388;S;R385;25H;;1,00;
06/02/2026;002;55816;6191114648401;M;R995;25H;;1,00;
06/02/2026;002;55816;6191114648432;L;R995;25H;;1,00;
06/02/2026;002;55816;6191114648517;XXL;R990;25H;;2,00;
06/02/2026;002;55817;6191114654815;XL;790;25H;;1,00;
06/02/2026;002;55818;6191114655034;XL;385;25H;;1,00;
06/02/2026;002;55818;6191114655041;XL;995;25H;;1,00;
06/02/2026;002;55820;6191114657892;XXL;R995;25H;;1,00;
06/02/2026;002;66480;6191114493032;3XL;995;24H;;1,00;
06/02/2026;002;70201;6191114608078;XXL;R870;25H;;1,00;
06/02/2026;002;70202;6191114608184;XL;010;25H;;1,00;
06/02/2026;002;70205;6191114612365;3XL;695;25H;;1,00;
06/02/2026;002;70207;6191114612518;M;R385;25H;;1,00;
06/02/2026;002;70209;6191114612785;L;R920;25H;;1,00;
06/02/2026;002;70210;6191114619159;S;R350;25H;;1,00;
06/02/2026;002;70210;6191114619227;XXL;R385;25H;;1,00;
06/02/2026;002;70211;6191114621893;M;870;25H;;1,00;
06/02/2026;002;70214;6191114623781;XL;195;25H;;1,00;
06/02/2026;002;70216;6191114624313;L;R385;25H;;1,00;
06/02/2026;002;70216;6191114624320;XL;R385;25H;;1,00;
06/02/2026;002;70226;6191114652125;4XL;I995;25H;;1,00;
06/02/2026;002;70227;6191114652187;M;I875;25H;;1,00;
06/02/2026;002;70227;6191114652224;XL;I875;25H;;1,00;
06/02/2026;002;70231;6191114658691;L;C000;25H;;1,00;
06/02/2026;002;70232;6191114658820;XL;995;25H;;1,00;
06/02/2026;002;91376;6191114550827;TU;MCO;25E;;1,00;
06/02/2026;002;91510;6191114625501;40;995;25H;;1,00;
06/02/2026;002;91526;6191114639959;36;995;25H;;1,00;
06/02/2026;005;20167;6191114236028;3XL;410;23H;;1,00;
06/02/2026;005;21111;6191114452695;M;995;24H;;1,00;
06/02/2026;005;21203;6191114472020;4XL;995;24H;;1,00;
06/02/2026;005;21303;6191114504417;4XL;995;24H;;1,00;
06/02/2026;005;21344;6191114501102;M;995;24H;;1,00;
06/02/2026;005;21439;6191114528345;XL;880;24H;;1,00;
06/02/2026;005;21835;6191114584150;L;235;25E;;1,00;
06/02/2026;005;22020;6191114609563;XL;695;25H;;1,00;
06/02/2026;005;22023;6191114609860;XL;R385;25H;;1,00;
06/02/2026;005;22024;6191114653252;L;870;25H;;1,00;
06/02/2026;005;22024;6191114653337;XXL;815;25H;;1,00;
06/02/2026;005;22026;6191114610200;L;815;25H;;1,00;
06/02/2026;005;22026;6191114610224;XL;815;25H;;1,00;
06/02/2026;005;22026;6191114610262;3XL;815;25H;;1,00;
06/02/2026;005;22033;6191114611047;L;815;25H;;1,00;
06/02/2026;005;22033;6191114611108;3XL;815;25H;;1,00;
06/02/2026;005;22037;6191114611276;M;010;25H;;1,00;
06/02/2026;005;22054;6191114617513;4XL;995;25H;;1,00;
06/02/2026;005;22058;6191114617964;XXL;995;25H;;1,00;
06/02/2026;005;22064;6191114618657;M;815;25H;;1,00;
06/02/2026;005;22064;6191114618725;L;695;25H;;1,00;
06/02/2026;005;22064;6191114618756;XL;815;25H;;1,00;
06/02/2026;005;22064;6191114618862;3XL;010;25H;;1,00;
06/02/2026;005;22065;6191114618923;M;350;25H;;1,00;
06/02/2026;005;22068;6191114642386;L;695;25H;;1,00;
06/02/2026;005;22071;6191114616134;XL;784;25H;;1,00;
06/02/2026;005;22072;6191114616219;L;476;25H;;1,00;
06/02/2026;005;22073;6191114616295;L;870;25H;;1,00;
06/02/2026;005;22083;6191114619043;M;350;25H;;1,00;
06/02/2026;005;22084;6191114616431;S;000;25H;;1,00;
06/02/2026;005;22089;6191114619876;S;385;25H;;1,00;
06/02/2026;005;22089;6191114619968;XXL;995;25H;;1,00;
06/02/2026;005;22099;6191114620919;L;995;25H;;1,00;
06/02/2026;005;22113;6191114645721;L;005;25H;;1,00;
06/02/2026;005;22113;6191114645738;XL;820;25H;;1,00;
06/02/2026;005;22113;6191114645745;XL;990;25H;;1,00;
06/02/2026;005;22114;6191114645844;L;020;25H;;1,00;
06/02/2026;005;22114;6191114645875;XXL;815;25H;;1,00;
06/02/2026;005;22117;6191114648975;S;940;25H;;1,00;
06/02/2026;005;22123;6191114646711;M;995;25H;;1,00;
06/02/2026;005;22131;6191114623644;XL;995;25H;;1,00;
06/02/2026;005;22133;6191114625174;S;995;25H;;1,00;
06/02/2026;005;22146;6191114630017;XL;995;25H;;1,00;
06/02/2026;005;22174;6191114628748;L;990;25H;;1,00;
06/02/2026;005;22182;6191114629332;M;870;25H;;1,00;
06/02/2026;005;22183;6191114629523;L;385;25H;;1,00;
06/02/2026;005;22183;6191114629554;XL;995;25H;;1,00;
06/02/2026;005;22193;6191114628083;XL;995;25H;;1,00;
06/02/2026;005;22194;6191114628250;XXL;I255;25H;;1,00;
06/02/2026;005;22195;6191114628625;3XL;215;25H;;1,00;
06/02/2026;005;22203;6191114630703;3XL;995;25H;;1,00;
06/02/2026;005;22206;6191114630895;L;195;25H;;1,00;
06/02/2026;005;22207;6191114640511;XXL;784;25H;;1,00;
06/02/2026;005;22216;6191114642713;3XL;I385;25H;;1,00;
06/02/2026;005;22229;6191114644014;L;995;25H;;1,00;
06/02/2026;005;22243;6191114647770;L;995;25H;;1,00;
06/02/2026;005;22243;6191114647794;L;695;25H;;1,00;
06/02/2026;005;22244;6191114648043;3XL;995;25H;;1,00;
06/02/2026;005;22244;6191114648067;3XL;695;25H;;1,00;
06/02/2026;005;22250;6191114649569;S;784;25H;;1,00;
06/02/2026;005;22250;6191114649620;L;784;25H;;1,00;
06/02/2026;005;22252;6191114650183;XXL;995;25H;;1,00;
06/02/2026;005;22253;6191114650268;XXL;995;25H;;1,00;
06/02/2026;005;22257;6191114650558;L;I195;25H;;-1,00;
06/02/2026;005;22263;6191114651630;3XL;870;25H;;1,00;
06/02/2026;005;22276;6191114655812;XL;995;25H;;1,00;
06/02/2026;005;22276;6191114655829;XXL;385;25H;;1,00;
06/02/2026;005;22278;6191114653498;L;995;25H;;1,00;
06/02/2026;005;22282;6191114654044;M;I815;25H;;1,00;
06/02/2026;005;22294;6191114656086;L;820;25H;;1,00;
06/02/2026;005;22294;6191114656093;L;950;25H;;1,00;
06/02/2026;005;22295;6191114656222;L;995;25H;;1,00;
06/02/2026;005;22301;6191114657175;3XL;995;25H;;2,00;
06/02/2026;005;22303;6191114657335;S;870;25H;;1,00;
06/02/2026;005;22304;6191114660434;S;MCO;25H;;-1,00;
06/02/2026;005;22307;6191114669970;L;M815;25H;;1,00;
06/02/2026;005;22308;6191114657700;M;870;25H;;1,00;
06/02/2026;005;22320;6191114659179;L;825;25H;;1,00;
06/02/2026;005;22322;6191114659513;XL;190;25H;;1,00;
06/02/2026;005;22322;6191114659568;3XL;740;25H;;1,00;
06/02/2026;005;22330;6191114660090;XXL;724;25H;;1,00;
06/02/2026;005;22333;6191114660656;L;990;25H;;1,00;
06/02/2026;005;55813;6191114645301;XXL;940;25H;;1,00;
06/02/2026;005;55815;6191114669352;3XL;995;25H;;1,00;
06/02/2026;005;70203;6191114608320;XXL;R355;25H;;1,00;
06/02/2026;005;70216;6191114624313;L;R385;25H;;1,00;
06/02/2026;005;70216;6191114624320;XL;R385;25H;;1,00;
06/02/2026;005;70226;6191114651975;M;I995;25H;;1,00;
06/02/2026;005;70226;6191114652040;XL;I880;25H;;1,00;
06/02/2026;005;91504;6191114626331;TU;880;25H;;1,00;
06/02/2026;005;91530;6191114648562;TU;880;25H;;1,00;
06/02/2026;009;22005;6191114606524;S;815;25H;;1,00;
06/02/2026;009;22018;6191114609327;XL;R385;25H;;1,00;
06/02/2026;009;22052;6191114617193;L;385;25H;;1,00;
06/02/2026;009;22078;6191114616790;L;476;25H;;1,00;
06/02/2026;009;22132;6191114623910;3XL;794;25H;;1,00;
06/02/2026;009;22183;6191114629530;L;995;25H;;1,00;
06/02/2026;009;22191;6191114627925;L;P010;25H;;1,00;
06/02/2026;009;22198;6191114630222;3XL;385;25H;;1,00;
06/02/2026;009;22202;6191114630512;M;790;25H;;1,00;
06/02/2026;009;22209;6191114640757;XXL;815;25H;;1,00;
06/02/2026;009;22246;6191114648869;XXL;870;25H;;1,00;
06/02/2026;009;22250;6191114649606;L;815;25H;;1,00;
06/02/2026;009;22275;6191114652927;S;790;25H;;1,00;
06/02/2026;009;22275;6191114652965;L;790;25H;;1,00;
06/02/2026;009;22275;6191114652972;XL;385;25H;;1,00;
06/02/2026;009;22285;6191114654372;XL;385;25H;;1,00;
06/02/2026;009;22286;6191114654464;XL;995;25H;;1,00;
06/02/2026;009;22287;6191114654570;XL;815;25H;;1,00;
06/02/2026;009;22287;6191114654587;XL;995;25H;;1,00;
06/02/2026;009;22290;6191114657953;XL;R385;25H;;1,00;
06/02/2026;009;22290;6191114657960;XXL;R385;25H;;-1,00;
06/02/2026;009;22291;6191114655454;XL;495;25H;;1,00;
06/02/2026;009;22292;6191114655621;S;870;25H;;1,00;
06/02/2026;009;22292;6191114655690;XL;995;25H;;1,00;
06/02/2026;009;22295;6191114656222;L;995;25H;;1,00;
06/02/2026;009;22322;6191114659476;L;740;25H;;1,00;
06/02/2026;009;55813;6191114645271;XL;940;25H;;1,00;
06/02/2026;009;70201;6191114608030;L;R870;25H;;1,00;
06/02/2026;009;70205;6191114612273;M;385;25H;;1,00;
06/02/2026;009;70213;6191114623705;XL;P385;25H;;1,00;
06/02/2026;009;70217;6191114647336;XXL;E385;25H;;1,00;
06/02/2026;009;70227;6191114652200;L;I875;25H;;1,00;
06/02/2026;009;70231;6191114658691;L;C000;25H;;1,00;
06/02/2026;009;70232;6191114658806;M;995;25H;;1,00;
06/02/2026;009;70232;6191114658813;L;995;25H;;1,00;
06/02/2026;011;20162;6191114234475;XXL;410;23H;;1,00;
06/02/2026;011;20354;6191114297494;4XL;790;23H;;1,00;
06/02/2026;011;21136;6191114463318;3XL;815;24H;;1,00;
06/02/2026;011;21826;6191114582835;L;200;25E;;1,00;
06/02/2026;011;22011;6191114607453;XXL;215;25H;;1,00;
06/02/2026;011;22011;6191114607460;3XL;010;25H;;1,00;
06/02/2026;011;22013;6191114607675;XL;995;25H;;1,00;
06/02/2026;011;22024;6191114653252;L;870;25H;;1,00;
06/02/2026;011;22033;6191114611078;XL;695;25H;;1,00;
06/02/2026;011;22040;6191114611580;XXL;R010;25H;;1,00;
06/02/2026;011;22064;6191114618770;XL;695;25H;;1,00;
06/02/2026;011;22070;6191114616011;XL;385;25H;;1,00;
06/02/2026;011;22072;6191114616226;XL;476;25H;;1,00;
06/02/2026;011;22084;6191114616523;3XL;310;25H;;1,00;
06/02/2026;011;22090;6191114620063;L;995;25H;;1,00;
06/02/2026;011;22092;6191114620308;L;995;25H;;1,00;
06/02/2026;011;22097;6191114620759;XL;385;25H;;-1,00;
06/02/2026;011;22101;6191114621046;XL;995;25H;;1,00;
06/02/2026;011;22103;6191114621169;XL;995;25H;;1,00;
06/02/2026;011;22114;6191114645851;XL;815;25H;;1,00;
06/02/2026;011;22116;6191114646209;3XL;770;25H;;1,00;
06/02/2026;011;22117;6191114646254;M;995;25H;;1,00;
06/02/2026;011;22117;6191114646278;L;995;25H;;1,00;
06/02/2026;011;22126;6191114647022;XL;E385;25H;;1,00;
06/02/2026;011;22142;6191114624696;M;995;25H;;1,00;
06/02/2026;011;22147;6191114625082;L;000;25H;;1,00;
06/02/2026;011;22191;6191114627925;L;P010;25H;;1,00;
06/02/2026;011;22201;6191114630406;L;815;25H;;1,00;
06/02/2026;011;22210;6191114641709;XL;995;25H;;1,00;
06/02/2026;011;22233;6191114644434;XXL;815;25H;;1,00;
06/02/2026;011;22239;6191114644977;L;815;25H;;1,00;
06/02/2026;011;22239;6191114644991;L;784;25H;;1,00;
06/02/2026;011;22239;6191114645004;XL;815;25H;;-1,00;
06/02/2026;011;22239;6191114645028;XL;784;25H;;-1,00;
06/02/2026;011;22246;6191114648883;3XL;870;25H;;1,00;
06/02/2026;011;22247;6191114648746;XL;R270;25H;;1,00;
06/02/2026;011;22250;6191114649569;S;784;25H;;1,00;
06/02/2026;011;22262;6191114651371;L;385;25H;;1,00;
06/02/2026;011;22263;6191114651586;XL;995;25H;;1,00;
06/02/2026;011;22279;6191114653665;XL;995;25H;;1,00;
06/02/2026;011;22295;6191114656284;3XL;995;25H;;1,00;
06/02/2026;011;22295;6191114656291;3XL;695;25H;;1,00;
06/02/2026;011;22320;6191114659186;XL;870;25H;;1,00;
06/02/2026;011;22321;6191114659346;XXL;870;25H;;1,00;
06/02/2026;011;22321;6191114659360;3XL;870;25H;;1,00;
06/02/2026;011;55806;6191114640887;XL;385;25H;;1,00;
06/02/2026;011;70205;6191114612297;L;385;25H;;1,00;
06/02/2026;011;70206;6191114612457;XXL;870;25H;;1,00;
06/02/2026;011;70217;6191114647329;XL;E385;25H;;1,00;
06/02/2026;011;70222;6191114631007;XXL;476;25H;;1,00;
06/02/2026;011;70223;6191114631052;XL;476;25H;;1,00;
06/02/2026;011;70227;6191114652279;4XL;I740;25H;;1,00;
06/02/2026;011;91272;6194444115667;TU;815;22H;;1,00;
06/02/2026;011;91273;6194444115674;TU;815;22H;;3,00;
06/02/2026;014;21156;6191114465541;XL;190;24H;;1,00;
06/02/2026;014;21298;6191114491762;XXL;995;24H;;1,00;
06/02/2026;014;22005;6191114606630;L;010;25H;;1,00;
06/02/2026;014;22014;6191114607835;3XL;R495;25H;;1,00;
06/02/2026;014;22018;6191114609310;L;R010;25H;;1,00;
06/02/2026;014;22020;6191114609549;L;695;25H;;1,00;
06/02/2026;014;22024;6191114653269;XL;870;25H;;1,00;
06/02/2026;014;22026;6191114610224;XL;815;25H;;1,00;
06/02/2026;014;22032;6191114610972;XXL;940;25H;;1,00;
06/02/2026;014;22033;6191114611030;M;695;25H;;1,00;
06/02/2026;014;22033;6191114611047;L;815;25H;;1,00;
06/02/2026;014;22033;6191114611054;L;695;25H;;1,00;
06/02/2026;014;22058;6191114617964;XXL;995;25H;;1,00;
06/02/2026;014;22061;6191114618169;L;R385;25H;;1,00;
06/02/2026;014;22061;6191114618183;XL;R385;25H;;1,00;
06/02/2026;014;22062;6191114618329;L;195;25H;;1,00;
06/02/2026;014;22066;6191114615618;XL;815;25H;;1,00;
06/02/2026;014;22070;6191114615984;M;995;25H;;1,00;
06/02/2026;014;22084;6191114616431;S;000;25H;;1,00;
06/02/2026;014;22108;6191114622180;3XL;870;25H;;1,00;
06/02/2026;014;22110;6191114622494;XL;255;25H;;1,00;
06/02/2026;014;22114;6191114645851;XL;815;25H;;1,00;
06/02/2026;014;22114;6191114645868;XL;020;25H;;1,00;
06/02/2026;014;22115;6191114645974;L;820;25H;;1,00;
06/02/2026;014;22127;6191114647138;XL;995;25H;;1,00;
06/02/2026;014;22127;6191114649088;XXL;770;25H;;2,00;
06/02/2026;014;22129;6191114623187;XL;385;25H;;1,00;
06/02/2026;014;22133;6191114625204;XL;995;25H;;1,00;
06/02/2026;014;22137;6191114623408;XL;385;25H;;1,00;
06/02/2026;014;22137;6191114623422;XL;235;25H;;1,00;
06/02/2026;014;22140;6191114624603;S;995;25H;;1,00;
06/02/2026;014;22142;6191114624740;L;195;25H;;1,00;
06/02/2026;014;22177;6191114628946;3XL;010;25H;;1,00;
06/02/2026;014;22183;6191114629578;XXL;995;25H;;1,00;
06/02/2026;014;22194;6191114628199;L;I255;25H;;1,00;
06/02/2026;014;22202;6191114630529;L;995;25H;;1,00;
06/02/2026;014;22202;6191114630536;L;790;25H;;1,00;
06/02/2026;014;22209;6191114640719;L;815;25H;;2,00;
06/02/2026;014;22215;6191114642447;S;210;25H;;1,00;
06/02/2026;014;22216;6191114642683;L;I385;25H;;1,00;
06/02/2026;014;22217;6191114642799;S;000;25H;;1,00;
06/02/2026;014;22217;6191114642836;L;000;25H;;1,00;
06/02/2026;014;22222;6191114643437;XL;685;25H;;1,00;
06/02/2026;014;22223;6191114643604;XXL;645;25H;;1,00;
06/02/2026;014;22230;6191114644120;XL;790;25H;;1,00;
06/02/2026;014;22233;6191114644397;L;815;25H;;1,00;
06/02/2026;014;22237;6191114644816;L;I815;25H;;1,00;
06/02/2026;014;22238;6191114644908;3XL;I995;25H;;1,00;
06/02/2026;014;22239;6191114645011;XL;995;25H;;1,00;
06/02/2026;014;22244;6191114647893;S;995;25H;;1,00;
06/02/2026;014;22244;6191114647916;S;695;25H;;1,00;
06/02/2026;014;22244;6191114647992;XL;215;25H;;-1,00;
06/02/2026;014;22247;6191114648722;XL;R385;25H;;1,00;
06/02/2026;014;22250;6191114649712;3XL;784;25H;;1,00;
06/02/2026;014;22252;6191114650152;L;255;25H;;1,00;
06/02/2026;014;22253;6191114669246;M;255;25H;;1,00;
06/02/2026;014;22254;6191114650305;L;995;25H;;1,00;
06/02/2026;014;22256;6191114650411;M;995;25H;;1,00;
06/02/2026;014;22259;6191114651029;4XL;490;25H;;1,00;
06/02/2026;014;22272;6191114652576;L;010;25H;;1,00;
06/02/2026;014;22275;6191114652941;M;790;25H;;1,00;
06/02/2026;014;22275;6191114653023;3XL;790;25H;;1,00;
06/02/2026;014;22276;6191114655805;XL;385;25H;;1,00;
06/02/2026;014;22276;6191114655812;XL;995;25H;;1,00;
06/02/2026;014;22277;6191114653382;S;784;25H;;1,00;
06/02/2026;014;22285;6191114654358;L;385;25H;;-1,00;
06/02/2026;014;22285;6191114654372;XL;385;25H;;1,00;
06/02/2026;014;22288;6191114654662;L;995;25H;;1,00;
06/02/2026;014;22288;6191114654679;XL;995;25H;;1,00;
06/02/2026;014;22292;6191114655669;L;870;25H;;2,00;
06/02/2026;014;22292;6191114655683;XL;870;25H;;1,00;
06/02/2026;014;22303;6191114657434;3XL;870;25H;;1,00;
06/02/2026;014;22307;6191114669970;L;M815;25H;;1,00;
06/02/2026;014;22312;6191114658141;L;995;25H;;1,00;
06/02/2026;014;22312;6191114658158;XL;995;25H;;1,00;
06/02/2026;014;22324;6191114659681;XXL;995;25H;;1,00;
06/02/2026;014;22330;6191114660113;3XL;724;25H;;1,00;
06/02/2026;014;22331;6191114660151;S;995;25H;;1,00;
06/02/2026;014;22333;6191114660670;XL;990;25H;;-1,00;
06/02/2026;014;22333;6191114660694;XXL;990;25H;;1,00;
06/02/2026;014;22338;6191114660885;S;170;25H;;1,00;
06/02/2026;014;55800;6191114621664;XXL;975;25H;;1,00;
06/02/2026;014;55808;6191114641297;XXL;975;25H;;1,00;
06/02/2026;014;55811;6191114644656;3XL;R310;25H;;1,00;
06/02/2026;014;55813;6191114645288;XXL;385;25H;;1,00;
06/02/2026;014;55815;6191114645622;3XL;385;25H;;1,00;
06/02/2026;014;55816;6191114648388;S;R385;25H;;1,00;
06/02/2026;014;55817;6191114654877;3XL;790;25H;;1,00;
06/02/2026;014;70202;6191114608177;XL;995;25H;;1,00;
06/02/2026;014;70210;6191114619234;XXL;R350;25H;;1,00;
06/02/2026;014;70213;6191114623682;M;P385;25H;;1,00;
06/02/2026;014;70213;6191114623699;L;P385;25H;;1,00;
06/02/2026;014;70226;6191114652064;XXL;I995;25H;;1,00;
06/02/2026;014;70231;6191114658752;3XL;C000;25H;;1,00;
06/02/2026;014;70232;6191114658837;XXL;995;25H;;1,00;
06/02/2026;014;70233;6191114658882;L;995;25H;;1,00;
06/02/2026;014;91528;6191114640191;37;870;25H;;1,00;
06/02/2026;014;91528;6191114640207;37;995;25H;;1,00;
06/02/2026;015;21440;6191114528888;XL;995;24H;;1,00;
06/02/2026;015;21659;6191114588912;XXL;005;25E;;1,00;
06/02/2026;015;22018;6191114609303;L;R385;25H;;-1,00;
06/02/2026;015;22033;6191114611030;M;695;25H;;1,00;
06/02/2026;015;22036;6191114611122;S;R995;25H;;1,00;
06/02/2026;015;22067;6191114615687;L;380;25H;;1,00;
06/02/2026;015;22101;6191114621046;XL;995;25H;;1,00;
06/02/2026;015;22110;6191114622562;XXL;235;25H;;1,00;
06/02/2026;015;22123;6191114646704;S;695;25H;;1,00;
06/02/2026;015;22128;6191114622968;S;995;25H;;1,00;
06/02/2026;015;22128;6191114623088;XXL;995;25H;;1,00;
06/02/2026;015;22140;6191114624610;M;995;25H;;1,00;
06/02/2026;015;22148;6191114625556;L;995;25H;;1,00;
06/02/2026;015;22148;6191114625563;XL;995;25H;;-1,00;
06/02/2026;015;22151;6191114625716;L;995;25H;;1,00;
06/02/2026;015;22158;6191114626027;L;880;25H;;1,00;
06/02/2026;015;22159;6191114626065;L;880;25H;;1,00;
06/02/2026;015;22207;6191114640405;M;995;25H;;1,00;
06/02/2026;015;22207;6191114640450;L;784;25H;;1,00;
06/02/2026;015;22241;6191114647374;L;R000;25H;;1,00;
06/02/2026;015;22244;6191114647985;XL;995;25H;;1,00;
06/02/2026;015;22244;6191114647992;XL;215;25H;;1,00;
06/02/2026;015;22247;6191114648654;S;R270;25H;;1,00;
06/02/2026;015;22250;6191114649637;XL;815;25H;;1,00;
06/02/2026;015;22267;6191114651920;4XL;815;25H;;1,00;
06/02/2026;015;22271;6191114652354;M;010;25H;;-1,00;
06/02/2026;015;22271;6191114652385;L;010;25H;;1,00;
06/02/2026;015;22273;6191114652767;XL;385;25H;;1,00;
06/02/2026;015;22275;6191114652965;L;790;25H;;1,00;
06/02/2026;015;22279;6191114653627;L;645;25H;;1,00;
06/02/2026;015;22281;6191114653993;XL;995;25H;;1,00;
06/02/2026;015;22285;6191114654389;XL;995;25H;;1,00;
06/02/2026;015;22288;6191114654679;XL;995;25H;;1,00;
06/02/2026;015;22295;6191114656208;M;995;25H;;1,00;
06/02/2026;015;22295;6191114656239;L;695;25H;;1,00;
06/02/2026;015;22312;6191114658158;XL;995;25H;;1,00;
06/02/2026;015;22316;6191114658509;M;476;25H;;1,00;
06/02/2026;015;22319;6191114670211;XS;995;25H;;1,00;
06/02/2026;015;22347;6191114668607;L;I815;25H;;1,00;
06/02/2026;015;22347;6191114668614;XL;I815;25H;;1,00;
06/02/2026;015;55813;6191114645271;XL;940;25H;;1,00;
06/02/2026;015;55817;6191114654778;L;695;25H;;1,00;
06/02/2026;015;70201;6191114607996;S;R870;25H;;1,00;
06/02/2026;015;70201;6191114608092;3XL;R870;25H;;1,00;
06/02/2026;015;70202;6191114608146;M;010;25H;;1,00;
06/02/2026;015;70209;6191114612792;XL;R170;25H;;1,00;
06/02/2026;015;70229;6191114657779;L;476;25H;;1,00;
06/02/2026;015;70234;6191114660762;L;010;25H;;1,00;
06/02/2026;016;21156;6191114465473;M;190;24H;;1,00;
06/02/2026;016;21223;6191114479203;S;995;24H;;1,00;
06/02/2026;016;21239;6191114480292;L;995;24H;;1,00;
06/02/2026;016;21254;6191114482968;S;695;24H;;1,00;
06/02/2026;016;21275;6191114485334;TU;815;24H;;1,00;
06/02/2026;016;21277;6191114485372;TU;880;24H;;1,00;
06/02/2026;016;21283;6191114505148;M;390;24H;;1,00;
06/02/2026;016;21283;6191114505155;L;390;24H;;1,00;
06/02/2026;016;21334;6191114499539;L;634;24H;;1,00;
06/02/2026;016;21343;6191114500983;M;995;24H;;1,00;
06/02/2026;016;21347;6191114501447;S;385;24H;;1,00;
06/02/2026;016;21380;6191114508361;S;875;24H;;2,00;
06/02/2026;016;21405;6191114513693;3XL;995;24H;;1,00;
06/02/2026;016;21405;6191114513709;3XL;950;24H;;1,00;
06/02/2026;016;21450;6191114529885;L/XL;780;24H;;1,00;
06/02/2026;016;21537;6191114545571;XL;784;25E;;1,00;
06/02/2026;016;21659;6191114553897;XL;995;25E;;1,00;
06/02/2026;016;21826;6191114582859;XL;000;25E;;1,00;
06/02/2026;016;21835;6191114584402;3XL;805;25E;;1,00;
06/02/2026;016;22005;6191114606586;M;995;25H;;1,00;
06/02/2026;016;22005;6191114606623;L;995;25H;;-1,00;
06/02/2026;016;22007;6191114607033;XL;905;25H;;1,00;
06/02/2026;016;22012;6191114607569;XXL;995;25H;;1,00;
06/02/2026;016;22013;6191114607644;L;870;25H;;1,00;
06/02/2026;016;22013;6191114607712;3XL;995;25H;;1,00;
06/02/2026;016;22020;6191114609501;S;695;25H;;1,00;
06/02/2026;016;22020;6191114609587;XXL;695;25H;;-1,00;
06/02/2026;016;22023;6191114609907;3XL;R385;25H;;1,00;
06/02/2026;016;22032;6191114610958;XL;940;25H;;1,00;
06/02/2026;016;22054;6191114617438;L;995;25H;;1,00;
06/02/2026;016;22064;6191114618749;L;855;25H;;1,00;
06/02/2026;016;22064;6191114618770;XL;695;25H;;1,00;
06/02/2026;016;22064;6191114618848;XXL;855;25H;;1,00;
06/02/2026;016;22073;6191114616271;M;870;25H;;1,00;
06/02/2026;016;22073;6191114616325;XL;395;25H;;1,00;
06/02/2026;016;22080;6191114617018;XL;476;25H;;1,00;
06/02/2026;016;22090;6191114620018;S;815;25H;;1,00;
06/02/2026;016;22092;6191114620278;M;815;25H;;1,00;
06/02/2026;016;22105;6191114621220;XL;000;25H;;1,00;
06/02/2026;016;22111;6191114622661;L;255;25H;;1,00;
06/02/2026;016;22120;6191114646476;M;995;25H;;1,00;
06/02/2026;016;22121;6191114646605;XL;995;25H;;1,00;
06/02/2026;016;22122;6191114646636;S;995;25H;;1,00;
06/02/2026;016;22124;6191114646834;M;645;25H;;1,00;
06/02/2026;016;22124;6191114646926;3XL;995;25H;;1,00;
06/02/2026;016;22126;6191114649323;L;760;25H;;1,00;
06/02/2026;016;22129;6191114623170;L;010;25H;;1,00;
06/02/2026;016;22131;6191114623637;L;995;25H;;1,00;
06/02/2026;016;22131;6191114623644;XL;995;25H;;1,00;
06/02/2026;016;22133;6191114623965;M;815;25H;;1,00;
06/02/2026;016;22133;6191114625198;L;995;25H;;1,00;
06/02/2026;016;22137;6191114623415;XL;255;25H;;1,00;
06/02/2026;016;22142;6191114624740;L;195;25H;;1,00;
06/02/2026;016;22152;6191114625754;M;995;25H;;1,00;
06/02/2026;016;22163;6191114659889;3XL;C490;25H;;1,00;
06/02/2026;016;22173;6191114628663;S;995;25H;;1,00;
06/02/2026;016;22173;6191114628670;M;995;25H;;1,00;
06/02/2026;016;22182;6191114629332;M;870;25H;;1,00;
06/02/2026;016;22182;6191114629349;M;995;25H;;2,00;
06/02/2026;016;22182;6191114629356;M;784;25H;;1,00;
06/02/2026;016;22182;6191114629424;XXL;870;25H;;1,00;
06/02/2026;016;22183;6191114629547;XL;385;25H;;1,00;
06/02/2026;016;22183;6191114629554;XL;995;25H;;1,00;
06/02/2026;016;22189;6191114644779;L/XL;995;25H;;1,00;
06/02/2026;016;22197;6191114630062;M;815;25H;;1,00;
06/02/2026;016;22201;6191114630390;M;995;25H;;1,00;
06/02/2026;016;22202;6191114630598;3XL;790;25H;;1,00;
06/02/2026;016;22203;6191114630611;S;010;25H;;1,00;
06/02/2026;016;22204;6191114630727;S;995;25H;;1,00;
06/02/2026;016;22207;6191114640504;XXL;880;25H;;1,00;
06/02/2026;016;22209;6191114640733;XL;815;25H;;1,00;
06/02/2026;016;22237;6191114644816;L;I815;25H;;1,00;
06/02/2026;016;22237;6191114644847;3XL;I815;25H;;1,00;
06/02/2026;016;22239;6191114644984;L;995;25H;;1,00;
06/02/2026;016;22239;6191114644991;L;784;25H;;1,00;
06/02/2026;016;22246;6191114648821;L;870;25H;;1,00;
06/02/2026;016;22250;6191114649569;S;784;25H;;1,00;
06/02/2026;016;22250;6191114649620;L;784;25H;;1,00;
06/02/2026;016;22250;6191114649637;XL;815;25H;;1,00;
06/02/2026;016;22253;6191114650251;XL;995;25H;;1,00;
06/02/2026;016;22256;6191114650435;XL;995;25H;;1,00;
06/02/2026;016;22267;6191114651913;3XL;995;25H;;1,00;
06/02/2026;016;22272;6191114652583;XL;870;25H;;1,00;
06/02/2026;016;22272;6191114652590;XL;995;25H;;1,00;
06/02/2026;016;22273;6191114652774;XL;695;25H;;1,00;
06/02/2026;016;22274;6191114652859;S;995;25H;;1,00;
06/02/2026;016;22284;6191114654174;S;385;25H;;1,00;
06/02/2026;016;22285;6191114654334;M;385;25H;;1,00;
06/02/2026;016;22290;6191114657915;XS;R385;25H;;1,00;
06/02/2026;016;22299;6191114656918;S;870;25H;;1,00;
06/02/2026;016;22301;6191114657106;M;215;25H;;1,00;
06/02/2026;016;22306;6191114669109;3XL;995;25H;;1,00;
06/02/2026;016;22307;6191114670020;XL;M940;25H;;1,00;
06/02/2026;016;22317;6191114658608;L;195;25H;;1,00;
06/02/2026;016;22320;6191114659131;S;825;25H;;1,00;
06/02/2026;016;22321;6191114659292;M;825;25H;;1,00;
06/02/2026;016;22328;6191114661424;XXL;995;25H;;1,00;
06/02/2026;016;22331;6191114660328;XXL;390;25H;;1,00;
06/02/2026;016;22331;6191114660410;XXL;495;25H;;1,00;
06/02/2026;016;22338;6191114660922;XXL;170;25H;;1,00;
06/02/2026;016;22343;6191114661479;3XL;I634;25H;;1,00;
06/02/2026;016;22347;6191114668614;XL;I815;25H;;1,00;
06/02/2026;016;55810;6191114642256;XL;010;25H;;1,00;
06/02/2026;016;55811;6191114644649;XXL;R784;25H;;1,00;
06/02/2026;016;55820;6191114657816;S;R995;25H;;1,00;
06/02/2026;016;70200;6191114607965;XXL;R940;25H;;1,00;
06/02/2026;016;70205;6191114612273;M;385;25H;;1,00;
06/02/2026;016;70212;6191114623248;S;I995;25H;;1,00;
06/02/2026;016;70216;6191114624313;L;R385;25H;;1,00;
06/02/2026;016;70224;6191114641822;XL;694;25H;;1,00;
06/02/2026;016;70226;6191114652040;XL;I880;25H;;1,00;
06/02/2026;016;70227;6191114652156;S;I740;25H;;1,00;
06/02/2026;016;91272;6194444115667;TU;815;22H;;2,00;
06/02/2026;016;91273;6194444115674;TU;815;22H;;3,00;
06/02/2026;016;91274;6194444115681;TU;815;22H;;1,00;
06/02/2026;016;91508;6191114624962;36;784;25H;;1,00;
06/02/2026;016;91509;6191114625310;38;995;25H;;1,00;
06/02/2026;016;91512;6191114626423;TU;995;25H;;1,00;
06/02/2026;016;91528;6191114640191;37;870;25H;;1,00;
06/02/2026;019;20354;6191114297357;XL;685;23H;;1,00;
06/02/2026;019;22031;6191114610828;XL;995;25H;;1,00;
06/02/2026;019;22038;6191114611399;XL;R385;25H;;1,00;
06/02/2026;019;22049;6191114612143;XL;995;25H;;1,00;
06/02/2026;019;22068;6191114642379;M;695;25H;;1,00;
06/02/2026;019;22114;6191114645899;3XL;815;25H;;1,00;
06/02/2026;019;22114;6191114645905;3XL;020;25H;;1,00;
06/02/2026;019;22115;6191114645950;M;990;25H;;1,00;
06/02/2026;019;22118;6191114646414;XL;995;25H;;1,00;
06/02/2026;019;22118;6191114646421;XL;874;25H;;1,00;
06/02/2026;019;22124;6191114646889;XL;995;25H;;1,00;
06/02/2026;019;22164;6191114649460;L;995;25H;;-1,00;
06/02/2026;019;22206;6191114630871;M;195;25H;;1,00;
06/02/2026;019;22263;6191114651555;L;995;25H;;1,00;
06/02/2026;019;22263;6191114651593;XL;010;25H;;1,00;
06/02/2026;019;22269;6191114653221;3XL;695;25H;;1,00;
06/02/2026;019;22269;6191114656437;3XL;890;25H;;1,00;
06/02/2026;019;22289;6191114655270;XL;476;25H;;1,00;
06/02/2026;019;22294;6191114656161;3XL;870;25H;;1,00;
06/02/2026;019;22306;6191114669062;M;995;25H;;1,00;
06/02/2026;019;22320;6191114659247;4XL;870;25H;;1,00;
06/02/2026;019;22328;6191114661431;3XL;995;25H;;1,00;
06/02/2026;019;70201;6191114608054;XL;R870;25H;;1,00;
06/02/2026;019;70203;6191114608290;XL;R995;25H;;1,00;
06/02/2026;019;70206;6191114612433;XL;870;25H;;1,00;
06/02/2026;019;70228;6191114649873;M;995;25H;;1,00;
06/02/2026;019;91510;6191114625525;41;995;25H;;1,00;
06/02/2026;019;91526;6191114640023;39;880;25H;;-1,00;
06/02/2026;021;22010;6191114607316;XL;995;25H;;1,00;
06/02/2026;021;22020;6191114619272;M;815;25H;;1,00;
06/02/2026;021;22022;6191114609709;M;R385;25H;;1,00;
06/02/2026;021;22027;6191114653061;XL;870;25H;;1,00;
06/02/2026;021;22031;6191114610835;XL;695;25H;;-1,00;
06/02/2026;021;22033;6191114611030;M;695;25H;;1,00;
06/02/2026;021;22044;6191114622050;XXL;695;25H;;1,00;
06/02/2026;021;22055;6191114617568;L;870;25H;;1,00;
06/02/2026;021;22055;6191114624870;XL;995;25H;;1,00;
06/02/2026;021;22060;6191114618015;S;310;25H;;1,00;
06/02/2026;021;22060;6191114618053;L;310;25H;;1,00;
06/02/2026;021;22072;6191114616219;L;476;25H;;1,00;
06/02/2026;021;22080;6191114616998;L;476;25H;;1,00;
06/02/2026;021;22114;6191114645851;XL;815;25H;;1,00;
06/02/2026;021;22132;6191114623910;3XL;794;25H;;1,00;
06/02/2026;021;22139;6191114624375;XS;940;25H;;1,00;
06/02/2026;021;22139;6191114624436;M;940;25H;;1,00;
06/02/2026;021;22142;6191114624672;S;875;25H;;1,00;
06/02/2026;021;22182;6191114629400;XL;995;25H;;1,00;
06/02/2026;021;22183;6191114629523;L;385;25H;;1,00;
06/02/2026;021;22201;6191114630406;L;815;25H;;1,00;
06/02/2026;021;22203;6191114630635;M;010;25H;;1,00;
06/02/2026;021;22207;6191114640412;M;880;25H;;1,00;
06/02/2026;021;22207;6191114640467;XL;995;25H;;1,00;
06/02/2026;021;22209;6191114640719;L;815;25H;;2,00;
06/02/2026;021;22210;6191114641655;M;870;25H;;1,00;
06/02/2026;021;22216;6191114642744;L;I255;25H;;1,00;
06/02/2026;021;22222;6191114643345;S;685;25H;;1,00;
06/02/2026;021;22240;6191114645141;XL;010;25H;;1,00;
06/02/2026;021;22244;6191114648012;XXL;995;25H;;1,00;
06/02/2026;021;22246;6191114648845;XL;870;25H;;1,00;
06/02/2026;021;22268;6191114649767;XL;870;25H;;1,00;
06/02/2026;021;22273;6191114652682;S;695;25H;;1,00;
06/02/2026;021;22286;6191114654457;L;995;25H;;1,00;
06/02/2026;021;22288;6191114654655;M;995;25H;;1,00;
06/02/2026;021;70206;6191114612419;L;870;25H;;1,00;
06/02/2026;024;20416;6191114293595;M;995;23H;;1,00;
06/02/2026;024;21112;6191114452916;3XL;M940;24H;;1,00;
06/02/2026;024;21135;6191114463172;XXL;940;24H;;1,00;
06/02/2026;024;21178;6191114468108;M;010;24H;;1,00;
06/02/2026;024;21222;6191114479098;M;645;24H;;1,00;
06/02/2026;024;21223;6191114479197;S;815;24H;;1,00;
06/02/2026;024;21233;6191114477445;36;995;24H;;1,00;
06/02/2026;024;21235;6191114477728;37;815;24H;;1,00;
06/02/2026;024;21282;6191114505001;S;815;24H;;1,00;
06/02/2026;024;21284;6191114502901;XL;195;24H;;1,00;
06/02/2026;024;21287;6191114503304;3XL;790;24H;;1,00;
06/02/2026;024;21314;6191114499362;37;995;24H;;1,00;
06/02/2026;024;21318;6191114497153;36;870;24H;;1,00;
06/02/2026;024;21318;6191114497177;37;870;24H;;1,00;
06/02/2026;024;21318;6191114497252;41;870;24H;;1,00;
06/02/2026;024;21394;6191114509825;XXL;724;24H;;1,00;
06/02/2026;024;21394;6191114510005;5XL;724;24H;;1,00;
06/02/2026;024;21401;6191114512580;L;790;24H;;1,00;
06/02/2026;024;21440;6191114528895;XXL;995;24H;;1,00;
06/02/2026;024;22003;6191114606173;S;R724;25H;;1,00;
06/02/2026;024;22011;6191114607408;L;010;25H;;1,00;
06/02/2026;024;22012;6191114607576;XXL;010;25H;;1,00;
06/02/2026;024;22017;6191114609181;L;995;25H;;1,00;
06/02/2026;024;22023;6191114609877;XL;R010;25H;;1,00;
06/02/2026;024;22025;6191114610101;XL;995;25H;;1,00;
06/02/2026;024;22026;6191114610217;L;645;25H;;1,00;
06/02/2026;024;22027;6191114610323;L;645;25H;;1,00;
06/02/2026;024;22027;6191114653061;XL;870;25H;;1,00;
06/02/2026;024;22029;6191114610620;3XL;010;25H;;1,00;
06/02/2026;024;22037;6191114611313;XL;010;25H;;1,00;
06/02/2026;024;22047;6191114611863;M;385;25H;;1,00;
06/02/2026;024;22047;6191114611917;XL;695;25H;;1,00;
06/02/2026;024;22048;6191114611979;M;995;25H;;1,00;
06/02/2026;024;22049;6191114612112;L;815;25H;;1,00;
06/02/2026;024;22061;6191114618220;3XL;R385;25H;;1,00;
06/02/2026;024;22064;6191114618718;L;010;25H;;1,00;
06/02/2026;024;22066;6191114615649;XXL;875;25H;;1,00;
06/02/2026;024;22067;6191114615656;XS;380;25H;;1,00;
06/02/2026;024;22070;6191114615977;M;385;25H;;1,00;
06/02/2026;024;22078;6191114616769;M;995;25H;;1,00;
06/02/2026;024;22080;6191114616950;S;476;25H;;1,00;
06/02/2026;024;22085;6191114619418;XL;195;25H;;1,00;
06/02/2026;024;22088;6191114619760;M;995;25H;;1,00;
06/02/2026;024;22113;6191114645707;L;820;25H;;1,00;
06/02/2026;024;22123;6191114646704;S;695;25H;;1,00;
06/02/2026;024;22127;6191114649071;XL;770;25H;;1,00;
06/02/2026;024;22128;6191114622999;M;995;25H;;1,00;
06/02/2026;024;22132;6191114623873;XL;794;25H;;1,00;
06/02/2026;024;22132;6191114623903;XXL;224;25H;;1,00;
06/02/2026;024;22150;6191114625655;XL;995;25H;;1,00;
06/02/2026;024;22151;6191114625716;L;995;25H;;1,00;
06/02/2026;024;22163;6191114659865;XXL;C490;25H;;1,00;
06/02/2026;024;22182;6191114629431;XXL;995;25H;;1,00;
06/02/2026;024;22183;6191114629578;XXL;995;25H;;1,00;
06/02/2026;024;22183;6191114629585;3XL;385;25H;;1,00;
06/02/2026;024;22186;6191114627741;L;784;25H;;1,00;
06/02/2026;024;22186;6191114627789;XXL;784;25H;;1,00;
06/02/2026;024;22186;6191114627796;3XL;385;25H;;-1,00;
06/02/2026;024;22188;6191114644748;L/XL;200;25H;;2,00;
06/02/2026;024;22190;6191114627833;L;995;25H;;2,00;
06/02/2026;024;22194;6191114628229;XL;I255;25H;;1,00;
06/02/2026;024;22203;6191114630666;XL;995;25H;;1,00;
06/02/2026;024;22203;6191114630673;XL;010;25H;;1,00;
06/02/2026;024;22207;6191114640474;XL;880;25H;;1,00;
06/02/2026;024;22212;6191114641518;L;385;25H;;1,00;
06/02/2026;024;22222;6191114643420;XL;010;25H;;1,00;
06/02/2026;024;22233;6191114644427;XL;000;25H;;1,00;
06/02/2026;024;22239;6191114644977;L;815;25H;;1,00;
06/02/2026;024;22242;6191114647428;S;380;25H;;1,00;
06/02/2026;024;22243;6191114647756;M;215;25H;;1,00;
06/02/2026;024;22243;6191114647770;L;995;25H;;1,00;
06/02/2026;024;22243;6191114647800;XL;995;25H;;1,00;
06/02/2026;024;22244;6191114647978;L;695;25H;;1,00;
06/02/2026;024;22244;6191114648036;XXL;695;25H;;1,00;
06/02/2026;024;22247;6191114648692;L;R385;25H;;1,00;
06/02/2026;024;22257;6191114650527;M;I195;25H;;1,00;
06/02/2026;024;22257;6191114650534;L;I350;25H;;1,00;
06/02/2026;024;22258;6191114650756;L;195;25H;;1,00;
06/02/2026;024;22258;6191114650787;XL;195;25H;;1,00;
06/02/2026;024;22259;6191114651029;4XL;490;25H;;1,00;
06/02/2026;024;22274;6191114652903;3XL;995;25H;;1,00;
06/02/2026;024;22275;6191114652958;L;385;25H;;1,00;
06/02/2026;024;22275;6191114652996;XXL;385;25H;;1,00;
06/02/2026;024;22277;6191114653351;XS;815;25H;;1,00;
06/02/2026;024;22277;6191114653382;S;784;25H;;1,00;
06/02/2026;024;22277;6191114653443;XL;784;25H;;1,00;
06/02/2026;024;22280;6191114653856;L;000;25H;;1,00;
06/02/2026;024;22284;6191114654211;L;385;25H;;1,00;
06/02/2026;024;22285;6191114654396;XXL;385;25H;;1,00;
06/02/2026;024;22292;6191114655669;L;870;25H;;1,00;
06/02/2026;024;22292;6191114655683;XL;870;25H;;1,00;
06/02/2026;024;22296;6191114656482;M;215;25H;;1,00;
06/02/2026;024;22301;6191114657083;S;215;25H;;1,00;
06/02/2026;024;22301;6191114657120;L;215;25H;;2,00;
06/02/2026;024;22302;6191114657281;XXL;245;25H;;1,00;
06/02/2026;024;22303;6191114657441;3XL;195;25H;;1,00;
06/02/2026;024;22307;6191114670006;XL;M815;25H;;1,00;
06/02/2026;024;22311;6191114658097;L;I995;25H;;1,00;
06/02/2026;024;22317;6191114658592;L;385;25H;;1,00;
06/02/2026;024;22321;6191114659308;L;870;25H;;1,00;
06/02/2026;024;22322;6191114659483;L;190;25H;;1,00;
06/02/2026;024;22322;6191114659568;3XL;740;25H;;1,00;
06/02/2026;024;22322;6191114659575;3XL;190;25H;;1,00;
06/02/2026;024;22326;6191114668270;S;920;25H;;1,00;
06/02/2026;024;22330;6191114660090;XXL;724;25H;;1,00;
06/02/2026;024;22330;6191114660106;XXL;220;25H;;1,00;
06/02/2026;024;22331;6191114660250;XL;815;25H;;1,00;
06/02/2026;024;22343;6191114661363;XL;I634;25H;;1,00;
06/02/2026;024;55724;6191114526778;S;815;24H;;1,00;
06/02/2026;024;55809;6191114642065;S;010;25H;;1,00;
06/02/2026;024;55811;6191114644571;M;R310;25H;;1,00;
06/02/2026;024;55813;6191114645226;L;385;25H;;1,00;
06/02/2026;024;55813;6191114645271;XL;940;25H;;1,00;
06/02/2026;024;55815;6191114645608;XXL;385;25H;;1,00;
06/02/2026;024;55816;6191114648449;L;R385;25H;;1,00;
06/02/2026;024;55816;6191114648456;L;R990;25H;;1,00;
06/02/2026;024;55818;6191114655003;L;824;25H;;1,00;
06/02/2026;024;66481;6191114502222;L/XL;200;24H;;2,00;
06/02/2026;024;70206;6191114612389;S;995;25H;;1,00;
06/02/2026;024;70209;6191114612747;S;R920;25H;;2,00;
06/02/2026;024;70209;6191114612754;M;R170;25H;;1,00;
06/02/2026;024;70216;6191114624313;L;R385;25H;;1,00;
06/02/2026;024;70217;6191114647329;XL;E385;25H;;1,00;
06/02/2026;024;70217;6191114649415;3XL;I385;25H;;1,00;
06/02/2026;024;70221;6191114631274;S;I995;25H;;1,00;
06/02/2026;024;70226;6191114652019;L;I880;25H;;1,00;
06/02/2026;024;70226;6191114652057;XL;I815;25H;;1,00;
06/02/2026;024;70227;6191114652200;L;I875;25H;;1,00;
06/02/2026;024;70228;6191114649897;XL;995;25H;;1,00;
06/02/2026;024;70229;6191114657793;XXL;476;25H;;1,00;
06/02/2026;024;70231;6191114658776;4XL;C000;25H;;1,00;
06/02/2026;024;70232;6191114658851;4XL;995;25H;;1,00;
06/02/2026;024;91272;6194444115667;TU;815;22H;;2,00;
06/02/2026;024;91510;6191114625525;41;995;25H;;1,00;
06/02/2026;024;91528;6191114640184;36;995;25H;;1,00;
06/02/2026;024;91528;6191114640207;37;995;25H;;1,00;
06/02/2026;029;20983;6191114430181;M;200;24E;;1,00;
06/02/2026;029;21073;6191114448445;XS;740;24H;;1,00;
06/02/2026;029;21126;6191114462113;XL;R634;24H;;1,00;
06/02/2026;029;21242;6191114479906;L;950;24H;;1,00;
06/02/2026;029;21584;6191114550308;39;695;25E;;1,00;
06/02/2026;029;22006;6191114606920;XXL;815;25H;;1,00;
06/02/2026;029;22017;6191114609235;XXL;010;25H;;1,00;
06/02/2026;029;22020;6191114619289;L;815;25H;;1,00;
06/02/2026;029;22020;6191114619296;XL;815;25H;;1,00;
06/02/2026;029;22024;6191114653306;M;815;25H;;1,00;
06/02/2026;029;22025;6191114610132;XXL;010;25H;;1,00;
06/02/2026;029;22033;6191114611054;L;695;25H;;1,00;
06/02/2026;029;22048;6191114612020;XL;010;25H;;1,00;
06/02/2026;029;22052;6191114617193;L;385;25H;;1,00;
06/02/2026;029;22054;6191114617445;XL;385;25H;;1,00;
06/02/2026;029;22068;6191114642379;M;695;25H;;1,00;
06/02/2026;029;22071;6191114616110;L;784;25H;;1,00;
06/02/2026;029;22084;6191114616516;XXL;000;25H;;1,00;
06/02/2026;029;22092;6191114620308;L;995;25H;;1,00;
06/02/2026;029;22113;6191114645745;XL;990;25H;;1,00;
06/02/2026;029;22114;6191114645851;XL;815;25H;;1,00;
06/02/2026;029;22118;6191114646414;XL;995;25H;;-1,00;
06/02/2026;029;22151;6191114625723;XL;995;25H;;1,00;
06/02/2026;029;22174;6191114628755;XL;990;25H;;1,00;
06/02/2026;029;22193;6191114628083;XL;995;25H;;-1,00;
06/02/2026;029;22198;6191114630123;S;385;25H;;1,00;
06/02/2026;029;22198;6191114630130;S;695;25H;;1,00;
06/02/2026;029;22207;6191114640450;L;784;25H;;1,00;
06/02/2026;029;22252;6191114650152;L;255;25H;;1,00;
06/02/2026;029;22253;6191114669246;M;255;25H;;1,00;
06/02/2026;029;22254;6191114650299;M;995;25H;;1,00;
06/02/2026;029;22254;6191114650305;L;995;25H;;1,00;
06/02/2026;029;22255;6191114650367;L;995;25H;;2,00;
06/02/2026;029;22257;6191114650541;L;I740;25H;;1,00;
06/02/2026;029;22257;6191114650619;XXL;I195;25H;;1,00;
06/02/2026;029;22257;6191114650671;4XL;I195;25H;;1,00;
06/02/2026;029;22258;6191114650817;XXL;195;25H;;1,00;
06/02/2026;029;22265;6191114651746;XS;995;25H;;1,00;
06/02/2026;029;22321;6191114659346;XXL;870;25H;;1,00;
06/02/2026;029;22328;6191114661400;L;995;25H;;1,00;
06/02/2026;029;22330;6191114660052;L;724;25H;;1,00;
06/02/2026;029;70226;6191114652019;L;I880;25H;;1,00;
06/02/2026;029;70231;6191114658691;L;C000;25H;;1,00;
06/02/2026;029;70232;6191114658806;M;995;25H;;1,00;
06/02/2026;030;20098;6191114222229;L;390;23H;;1,00;
06/02/2026;030;21381;6191114508521;XL;875;24H;;1,00;
06/02/2026;030;21835;6191114584112;L;385;25E;;1,00;
06/02/2026;030;21835;6191114584129;L;995;25E;;1,00;
06/02/2026;030;21863;6191114589414;L;310;25E;;1,00;
06/02/2026;030;22005;6191114606647;XL;815;25H;;1,00;
06/02/2026;030;22005;6191114606654;XL;645;25H;;1,00;
06/02/2026;030;22005;6191114606678;XL;010;25H;;1,00;
06/02/2026;030;22006;6191114606791;S;995;25H;;1,00;
06/02/2026;030;22011;6191114607422;XL;010;25H;;1,00;
06/02/2026;030;22022;6191114609754;XL;R010;25H;;1,00;
06/02/2026;030;22031;6191114610804;L;995;25H;;1,00;
06/02/2026;030;22031;6191114610811;L;695;25H;;1,00;
06/02/2026;030;22031;6191114610828;XL;995;25H;;1,00;
06/02/2026;030;22032;6191114610910;M;940;25H;;1,00;
06/02/2026;030;22033;6191114611108;3XL;815;25H;;1,00;
06/02/2026;030;22036;6191114611207;XXL;R995;25H;;1,00;
06/02/2026;030;22037;6191114611290;L;010;25H;;1,00;
06/02/2026;030;22046;6191114611818;XL;C385;25H;;1,00;
06/02/2026;030;22060;6191114618046;L;215;25H;;2,00;
06/02/2026;030;22064;6191114618695;M;855;25H;;1,00;
06/02/2026;030;22066;6191114615557;S;815;25H;;1,00;
06/02/2026;030;22067;6191114615687;L;380;25H;;1,00;
06/02/2026;030;22069;6191114615854;M;870;25H;;1,00;
06/02/2026;030;22072;6191114616219;L;476;25H;;1,00;
06/02/2026;030;22086;6191114619500;M;010;25H;;1,00;
06/02/2026;030;22088;6191114619777;L;385;25H;;1,00;
06/02/2026;030;22089;6191114619937;XL;385;25H;;1,00;
06/02/2026;030;22113;6191114645653;S;990;25H;;1,00;
06/02/2026;030;22113;6191114645714;L;990;25H;;1,00;
06/02/2026;030;22113;6191114645745;XL;990;25H;;1,00;
06/02/2026;030;22115;6191114646025;XL;005;25H;;1,00;
06/02/2026;030;22125;6191114646933;S;E385;25H;;1,00;
06/02/2026;030;22128;6191114623071;XXL;870;25H;;1,00;
06/02/2026;030;22130;6191114623552;L;995;25H;;1,00;
06/02/2026;030;22132;6191114623873;XL;794;25H;;1,00;
06/02/2026;030;22133;6191114624009;L;645;25H;;1,00;
06/02/2026;030;22140;6191114624641;XXL;995;25H;;1,00;
06/02/2026;030;22142;6191114624696;M;995;25H;;1,00;
06/02/2026;030;22142;6191114624719;M;195;25H;;1,00;
06/02/2026;030;22142;6191114624757;XL;995;25H;;1,00;
06/02/2026;030;22142;6191114624801;XXL;195;25H;;1,00;
06/02/2026;030;22146;6191114630000;L;995;25H;;1,00;
06/02/2026;030;22163;6191114659841;XL;C790;25H;;1,00;
06/02/2026;030;22164;6191114649507;XXL;995;25H;;1,00;
06/02/2026;030;22164;6191114649521;3XL;995;25H;;1,00;
06/02/2026;030;22173;6191114628694;XL;995;25H;;1,00;
06/02/2026;030;22174;6191114628748;L;990;25H;;1,00;
06/02/2026;030;22177;6191114628908;XL;010;25H;;1,00;
06/02/2026;030;22180;6191114629226;L;995;25H;;1,00;
06/02/2026;030;22183;6191114629523;L;385;25H;;1,00;
06/02/2026;030;22183;6191114629578;XXL;995;25H;;1,00;
06/02/2026;030;22189;6191114644779;L/XL;995;25H;;1,00;
06/02/2026;030;22194;6191114628250;XXL;I255;25H;;1,00;
06/02/2026;030;22198;6191114630185;XL;385;25H;;1,00;
06/02/2026;030;22202;6191114630567;XXL;995;25H;;1,00;
06/02/2026;030;22204;6191114630741;L;995;25H;;1,00;
06/02/2026;030;22207;6191114640382;S;880;25H;;1,00;
06/02/2026;030;22207;6191114640443;L;880;25H;;1,00;
06/02/2026;030;22207;6191114640474;XL;880;25H;;1,00;
06/02/2026;030;22213;6191114642324;L;815;25H;;1,00;
06/02/2026;030;22217;6191114642836;L;000;25H;;1,00;
06/02/2026;030;22243;6191114647718;S;995;25H;;1,00;
06/02/2026;030;22244;6191114647961;L;215;25H;;1,00;
06/02/2026;030;22244;6191114647985;XL;995;25H;;1,00;
06/02/2026;030;22246;6191114648791;S;995;25H;;1,00;
06/02/2026;030;22246;6191114648852;XL;995;25H;;1,00;
06/02/2026;030;22247;6191114648685;M;R270;25H;;1,00;
06/02/2026;030;22253;6191114650237;M;995;25H;;1,00;
06/02/2026;030;22253;6191114650251;XL;995;25H;;1,00;
06/02/2026;030;22254;6191114650305;L;995;25H;;1,00;
06/02/2026;030;22258;6191114650763;L;740;25H;;1,00;
06/02/2026;030;22258;6191114650817;XXL;195;25H;;1,00;
06/02/2026;030;22262;6191114651432;3XL;385;25H;;1,00;
06/02/2026;030;22265;6191114651753;S;995;25H;;1,00;
06/02/2026;030;22265;6191114651760;M;995;25H;;-1,00;
06/02/2026;030;22275;6191114652934;M;385;25H;;1,00;
06/02/2026;030;22276;6191114655829;XXL;385;25H;;1,00;
06/02/2026;030;22281;6191114653993;XL;995;25H;;1,00;
06/02/2026;030;22282;6191114654068;XL;I815;25H;;1,00;
06/02/2026;030;22284;6191114654266;XXL;995;25H;;1,00;
06/02/2026;030;22294;6191114656000;XS;950;25H;;1,00;
06/02/2026;030;22296;6191114656574;XXL;215;25H;;1,00;
06/02/2026;030;22302;6191114657274;XXL;995;25H;;1,00;
06/02/2026;030;22303;6191114657427;XXL;195;25H;;1,00;
06/02/2026;030;22303;6191114657441;3XL;195;25H;;1,00;
06/02/2026;030;22307;6191114669987;L;M870;25H;;1,00;
06/02/2026;030;22307;6191114670013;XL;M870;25H;;1,00;
06/02/2026;030;22319;6191114670235;M;995;25H;;1,00;
06/02/2026;030;22321;6191114659339;XL;825;25H;;2,00;
06/02/2026;030;22325;6191114659957;L;995;25H;;1,00;
06/02/2026;030;22331;6191114660205;M;390;25H;;1,00;
06/02/2026;030;22331;6191114660212;L;815;25H;;1,00;
06/02/2026;030;55800;6191114621664;XXL;975;25H;;1,00;
06/02/2026;030;55801;6191114621879;3XL;975;25H;;1,00;
06/02/2026;030;55808;6191114641327;3XL;975;25H;;1,00;
06/02/2026;030;70201;6191114608092;3XL;R870;25H;;1,00;
06/02/2026;030;70205;6191114612297;L;385;25H;;1,00;
06/02/2026;030;70205;6191114612310;XL;385;25H;;1,00;
06/02/2026;030;70206;6191114612426;L;995;25H;;1,00;
06/02/2026;030;70210;6191114619180;L;R385;25H;;2,00;
06/02/2026;030;70210;6191114619258;3XL;R350;25H;;1,00;
06/02/2026;030;70226;6191114652088;XXL;I815;25H;;1,00;
06/02/2026;030;70228;6191114649897;XL;995;25H;;1,00;
06/02/2026;030;70234;6191114660755;M;010;25H;;1,00;
06/02/2026;030;70234;6191114660762;L;010;25H;;1,00;
06/02/2026;030;91505;6191114657311;TU;815;25H;;1,00;
06/02/2026;030;91529;6191114640313;38;385;25H;;1,00;
06/02/2026;031;20484;6191114306806;XL;995;23H;;1,00;
06/02/2026;031;21351;6191114502055;L/XL;200;24H;;1,00;
06/02/2026;031;21353;6191114502109;L/XL;995;24H;;1,00;
06/02/2026;031;21718;6191114571761;L;I705;25E;;1,00;
06/02/2026;031;22003;6191114606203;M;R724;25H;;1,00;
06/02/2026;031;22009;6191114607231;3XL;380;25H;;1,00;
06/02/2026;031;22013;6191114607651;L;995;25H;;1,00;
06/02/2026;031;22020;6191114609549;L;695;25H;;1,00;
06/02/2026;031;22025;6191114610088;L;995;25H;;1,00;
06/02/2026;031;22062;6191114618350;XL;195;25H;;1,00;
06/02/2026;031;22068;6191114642379;M;695;25H;;1,00;
06/02/2026;031;22101;6191114621022;M;995;25H;;1,00;
06/02/2026;031;22113;6191114645684;M;990;25H;;1,00;
06/02/2026;031;22114;6191114645837;L;815;25H;;1,00;
06/02/2026;031;22132;6191114623866;L;224;25H;;1,00;
06/02/2026;031;22163;6191114659803;M;C790;25H;;1,00;
06/02/2026;031;22164;6191114649521;3XL;995;25H;;1,00;
06/02/2026;031;22177;6191114628915;XL;215;25H;;1,00;
06/02/2026;031;22200;6191114630307;XL;010;25H;;1,00;
06/02/2026;031;22209;6191114640719;L;815;25H;;1,00;
06/02/2026;031;22212;6191114641471;S;235;25H;;1,00;
06/02/2026;031;22216;6191114642737;M;I255;25H;;1,00;
06/02/2026;031;22217;6191114642812;M;000;25H;;1,00;
06/02/2026;031;22233;6191114644366;S;000;25H;;-1,00;
06/02/2026;031;22244;6191114647954;L;995;25H;;1,00;
06/02/2026;031;22244;6191114647978;L;695;25H;;1,00;
06/02/2026;031;22244;6191114648029;XXL;215;25H;;1,00;
06/02/2026;031;22250;6191114649637;XL;815;25H;;1,00;
06/02/2026;031;22250;6191114649682;XXL;784;25H;;1,00;
06/02/2026;031;22258;6191114650770;XL;385;25H;;1,00;
06/02/2026;031;22284;6191114654273;3XL;385;25H;;1,00;
06/02/2026;031;22285;6191114654396;XXL;385;25H;;1,00;
06/02/2026;031;22288;6191114654693;3XL;995;25H;;1,00;
06/02/2026;031;22292;6191114655645;M;870;25H;;1,00;
06/02/2026;031;22295;6191114656208;M;995;25H;;1,00;
06/02/2026;031;22295;6191114656215;M;695;25H;;1,00;
06/02/2026;031;22300;6191114656857;3XL;870;25H;;1,00;
06/02/2026;031;22303;6191114657373;L;870;25H;;1,00;
06/02/2026;031;22307;6191114670013;XL;M870;25H;;1,00;
06/02/2026;031;22307;6191114670044;XXL;M870;25H;;-1,00;
06/02/2026;031;22307;6191114670075;3XL;M870;25H;;1,00;
06/02/2026;031;22321;6191114659315;L;825;25H;;1,00;
06/02/2026;031;22351;6191114668829;M;I815;25H;;1,00;
06/02/2026;031;70201;6191114608054;XL;R870;25H;;1,00;
06/02/2026;031;70201;6191114608108;3XL;R385;25H;;1,00;
06/02/2026;031;70211;6191114621923;XXL;870;25H;;1,00;
06/02/2026;031;70216;6191114624320;XL;R385;25H;;1,00;
06/02/2026;031;70217;6191114647343;3XL;E385;25H;;1,00;
06/02/2026;031;70217;6191114649378;M;I385;25H;;1,00;
06/02/2026;031;70223;6191114631076;3XL;476;25H;;1,00;
06/02/2026;031;70226;6191114652088;XXL;I815;25H;;1,00;
06/02/2026;031;70226;6191114652101;3XL;I880;25H;;1,00;
06/02/2026;031;70232;6191114658820;XL;995;25H;;1,00;
06/02/2026;031;91272;6194444115667;TU;815;22H;;1,00;
06/02/2026;031;91500;6191114626287;TU;195;25H;;1,00;
06/02/2026;031;91504;6191114626355;TU;784;25H;;1,00;
06/02/2026;031;91528;6191114640191;37;870;25H;;1,00;
06/02/2026;032;21352;6191114502079;L/XL;200;24H;;1,00;
06/02/2026;032;21359;6191114503779;XXL;995;24H;;1,00;
06/02/2026;032;22005;6191114606586;M;995;25H;;1,00;
06/02/2026;032;22011;6191114607439;XL;215;25H;;1,00;
06/02/2026;032;22017;6191114609228;XXL;995;25H;;1,00;
06/02/2026;032;22025;6191114610156;3XL;010;25H;;1,00;
06/02/2026;032;22031;6191114610804;L;995;25H;;1,00;
06/02/2026;032;22031;6191114610811;L;695;25H;;1,00;
06/02/2026;032;22031;6191114610835;XL;695;25H;;1,00;
06/02/2026;032;22037;6191114611276;M;010;25H;;1,00;
06/02/2026;032;22038;6191114611399;XL;R385;25H;;1,00;
06/02/2026;032;22045;6191114611740;XXL;995;25H;;1,00;
06/02/2026;032;22046;6191114611825;XXL;C385;25H;;1,00;
06/02/2026;032;22048;6191114611955;S;995;25H;;1,00;
06/02/2026;032;22071;6191114616165;XXL;195;25H;;1,00;
06/02/2026;032;22073;6191114616325;XL;395;25H;;1,00;
06/02/2026;032;22096;6191114620650;3XL;385;25H;;1,00;
06/02/2026;032;22113;6191114645707;L;820;25H;;1,00;
06/02/2026;032;22114;6191114645875;XXL;815;25H;;1,00;
06/02/2026;032;22126;6191114647022;XL;E385;25H;;1,00;
06/02/2026;032;22198;6191114630185;XL;385;25H;;1,00;
06/02/2026;032;22206;6191114630925;XXL;995;25H;;1,00;
06/02/2026;032;22209;6191114640702;M;870;25H;;1,00;
06/02/2026;032;22212;6191114641570;XXL;385;25H;;1,00;
06/02/2026;032;22223;6191114643635;3XL;645;25H;;1,00;
06/02/2026;032;22247;6191114648661;M;R385;25H;;1,00;
06/02/2026;032;22258;6191114650749;L;385;25H;;1,00;
06/02/2026;032;22287;6191114654570;XL;815;25H;;1,00;
06/02/2026;032;22296;6191114656451;S;215;25H;;1,00;
06/02/2026;032;22301;6191114657106;M;215;25H;;1,00;
06/02/2026;032;22301;6191114657120;L;215;25H;;1,00;
06/02/2026;032;22302;6191114657229;M;245;25H;;1,00;
06/02/2026;032;22330;6191114660106;XXL;220;25H;;1,00;
06/02/2026;032;55813;6191114645226;L;385;25H;;1,00;
06/02/2026;032;70205;6191114612273;M;385;25H;;1,00;
06/02/2026;032;70206;6191114612419;L;870;25H;;1,00;
06/02/2026;033;22023;6191114609914;3XL;R010;25H;;1,00;
06/02/2026;033;22140;6191114624634;XL;995;25H;;-1,00;
06/02/2026;033;22140;6191114624658;3XL;995;25H;;1,00;
06/02/2026;033;22223;6191114643512;M;645;25H;;1,00;
06/02/2026;033;22223;6191114643536;M;995;25H;;1,00;
06/02/2026;033;22258;6191114650749;L;385;25H;;1,00;
07/02/2026;002;20343;6191114277717;L;490;23H;;1,00;
07/02/2026;002;20354;6191114297340;L;685;23H;;1,00;
07/02/2026;002;20715;6191114360679;XXL;I235;24E;;1,00;
07/02/2026;002;21126;6191114462083;L;R634;24H;;1,00;
07/02/2026;002;21171;6191114467279;M;010;24H;;1,00;
07/02/2026;002;21223;6191114479227;M;995;24H;;1,00;
07/02/2026;002;21223;6191114479234;L;815;24H;;1,00;
07/02/2026;002;21242;6191114479852;S;995;24H;;1,00;
07/02/2026;002;21242;6191114479937;XXL;995;24H;;1,00;
07/02/2026;002;21242;6191114484481;XS;995;24H;;1,00;
07/02/2026;002;21284;6191114502864;M;195;24H;;1,00;
07/02/2026;002;21301;6191114491946;XXL;995;24H;;1,00;
07/02/2026;002;21318;6191114497214;39;870;24H;;1,00;
07/02/2026;002;21343;6191114501058;XXL;895;24H;;1,00;
07/02/2026;002;21347;6191114501478;M;695;24H;;1,00;
07/02/2026;002;21347;6191114501539;XXL;695;24H;;1,00;
07/02/2026;002;21348;6191114501669;3XL;995;24H;;1,00;
07/02/2026;002;21358;6191114503687;M;995;24H;;1,00;
07/02/2026;002;21401;6191114512597;XL;385;24H;;1,00;
07/02/2026;002;21475;6191114532526;XXL;695;24H;;1,00;
07/02/2026;002;21833;6191114583832;M;995;25E;;1,00;
07/02/2026;002;21835;6191114584358;3XL;385;25E;;1,00;
07/02/2026;002;21835;6191114584372;3XL;000;25E;;-1,00;
07/02/2026;002;21922;6191114602007;L;805;25E;;1,00;
07/02/2026;002;22002;6191114606050;L;645;25H;;1,00;
07/02/2026;002;22005;6191114606739;3XL;645;25H;;1,00;
07/02/2026;002;22005;6191114606746;3XL;995;25H;;1,00;
07/02/2026;002;22009;6191114607224;3XL;880;25H;;1,00;
07/02/2026;002;22011;6191114607460;3XL;010;25H;;1,00;
07/02/2026;002;22012;6191114607514;M;010;25H;;1,00;
07/02/2026;002;22020;6191114609549;L;695;25H;;1,00;
07/02/2026;002;22024;6191114653313;L;815;25H;;1,00;
07/02/2026;002;22025;6191114610101;XL;995;25H;;1,00;
07/02/2026;002;22027;6191114610286;S;645;25H;;1,00;
07/02/2026;002;22031;6191114610811;L;695;25H;;1,00;
07/02/2026;002;22031;6191114610866;3XL;995;25H;;1,00;
07/02/2026;002;22032;6191114610927;L;995;25H;;1,00;
07/02/2026;002;22032;6191114610934;L;940;25H;;1,00;
07/02/2026;002;22032;6191114610972;XXL;940;25H;;1,00;
07/02/2026;002;22037;6191114611283;L;995;25H;;1,00;
07/02/2026;002;22037;6191114611351;3XL;010;25H;;1,00;
07/02/2026;002;22043;6191114622098;L;855;25H;;1,00;
07/02/2026;002;22045;6191114611672;S;695;25H;;1,00;
07/02/2026;002;22045;6191114611740;XXL;995;25H;;1,00;
07/02/2026;002;22047;6191114611894;L;695;25H;;1,00;
07/02/2026;002;22049;6191114612112;L;815;25H;;1,00;
07/02/2026;002;22052;6191114617261;3XL;995;25H;;1,00;
07/02/2026;002;22054;6191114617414;M;995;25H;;1,00;
07/02/2026;002;22056;6191114617643;S;310;25H;;1,00;
07/02/2026;002;22057;6191114617827;XL;010;25H;;1,00;
07/02/2026;002;22060;6191114618114;3XL;310;25H;;1,00;
07/02/2026;002;22061;6191114618121;S;R385;25H;;1,00;
07/02/2026;002;22061;6191114618169;L;R385;25H;;1,00;
07/02/2026;002;22062;6191114618299;M;195;25H;;1,00;
07/02/2026;002;22064;6191114618855;3XL;815;25H;;1,00;
07/02/2026;002;22065;6191114618961;XL;350;25H;;1,00;
07/02/2026;002;22067;6191114615663;S;380;25H;;1,00;
07/02/2026;002;22080;6191114617001;XL;380;25H;;1,00;
07/02/2026;002;22082;6191114617124;XL;380;25H;;1,00;
07/02/2026;002;22086;6191114619593;4XL;995;25H;;1,00;
07/02/2026;002;22096;6191114620568;S;995;25H;;1,00;
07/02/2026;002;22097;6191114620698;S;385;25H;;1,00;
07/02/2026;002;22116;6191114646148;L;770;25H;;1,00;
07/02/2026;002;22116;6191114646162;XL;770;25H;;1,00;
07/02/2026;002;22117;6191114646216;XS;995;25H;;1,00;
07/02/2026;002;22117;6191114648999;L;940;25H;;-1,00;
07/02/2026;002;22117;6191114649002;XL;940;25H;;1,00;
07/02/2026;002;22118;6191114646391;L;995;25H;;1,00;
07/02/2026;002;22126;6191114649347;XXL;760;25H;;1,00;
07/02/2026;002;22128;6191114623033;XL;385;25H;;1,00;
07/02/2026;002;22137;6191114623385;L;255;25H;;1,00;
07/02/2026;002;22142;6191114624689;S;195;25H;;1,00;
07/02/2026;002;22142;6191114624726;L;995;25H;;1,00;
07/02/2026;002;22145;6191114629943;L;995;25H;;1,00;
07/02/2026;002;22151;6191114625723;XL;995;25H;;1,00;
07/02/2026;002;22174;6191114628779;3XL;990;25H;;1,00;
07/02/2026;002;22175;6191114628830;3XL;990;25H;;1,00;
07/02/2026;002;22178;6191114628984;L;P010;25H;;1,00;
07/02/2026;002;22183;6191114629554;XL;995;25H;;1,00;
07/02/2026;002;22186;6191114627734;L;385;25H;;1,00;
07/02/2026;002;22191;6191114627949;XL;P010;25H;;1,00;
07/02/2026;002;22194;6191114628151;M;I385;25H;;1,00;
07/02/2026;002;22194;6191114628236;XXL;I880;25H;;1,00;
07/02/2026;002;22195;6191114628359;L;215;25H;;1,00;
07/02/2026;002;22195;6191114628632;3XL;310;25H;;1,00;
07/02/2026;002;22198;6191114630222;3XL;385;25H;;1,00;
07/02/2026;002;22201;6191114630406;L;815;25H;;1,00;
07/02/2026;002;22201;6191114630420;XL;815;25H;;1,00;
07/02/2026;002;22201;6191114630451;XXL;995;25H;;1,00;
07/02/2026;002;22202;6191114630543;XL;995;25H;;1,00;
07/02/2026;002;22202;6191114630581;3XL;995;25H;;1,00;
07/02/2026;002;22202;6191114630598;3XL;790;25H;;1,00;
07/02/2026;002;22206;6191114630840;S;995;25H;;1,00;
07/02/2026;002;22207;6191114640450;L;784;25H;;-1,00;
07/02/2026;002;22209;6191114640719;L;815;25H;;1,00;
07/02/2026;002;22215;6191114642553;XXL;310;25H;;1,00;
07/02/2026;002;22216;6191114642645;XXL;I880;25H;;1,00;
07/02/2026;002;22216;6191114642676;M;I385;25H;;1,00;
07/02/2026;002;22216;6191114642751;XL;I255;25H;;1,00;
07/02/2026;002;22238;6191114644892;XXL;I995;25H;;1,00;
07/02/2026;002;22239;6191114645011;XL;995;25H;;1,00;
07/02/2026;002;22241;6191114647404;3XL;R000;25H;;1,00;
07/02/2026;002;22242;6191114647459;S;724;25H;;1,00;
07/02/2026;002;22242;6191114647565;XL;385;25H;;1,00;
07/02/2026;002;22242;6191114647589;XL;695;25H;;1,00;
07/02/2026;002;22242;6191114647619;XXL;385;25H;;1,00;
07/02/2026;002;22242;6191114647657;XXL;724;25H;;1,00;
07/02/2026;002;22244;6191114647923;M;995;25H;;1,00;
07/02/2026;002;22244;6191114647985;XL;995;25H;;2,00;
07/02/2026;002;22244;6191114648005;XL;695;25H;;2,00;
07/02/2026;002;22250;6191114649576;M;815;25H;;1,00;
07/02/2026;002;22250;6191114649620;L;784;25H;;1,00;
07/02/2026;002;22251;6191114650091;3XL;255;25H;;1,00;
07/02/2026;002;22257;6191114650480;S;I740;25H;;1,00;
07/02/2026;002;22259;6191114650893;S;010;25H;;1,00;
07/02/2026;002;22259;6191114650992;3XL;010;25H;;1,00;
07/02/2026;002;22262;6191114651395;XL;385;25H;;1,00;
07/02/2026;002;22262;6191114651432;3XL;385;25H;;1,00;
07/02/2026;002;22263;6191114651500;S;010;25H;;1,00;
07/02/2026;002;22267;6191114651821;M;815;25H;;1,00;
07/02/2026;002;22275;6191114652927;S;790;25H;;1,00;
07/02/2026;002;22275;6191114652996;XXL;385;25H;;1,00;
07/02/2026;002;22276;6191114655744;S;385;25H;;1,00;
07/02/2026;002;22276;6191114655768;M;385;25H;;1,00;
07/02/2026;002;22276;6191114655782;L;385;25H;;1,00;
07/02/2026;002;22277;6191114653351;XS;815;25H;;1,00;
07/02/2026;002;22277;6191114653467;XXL;784;25H;;1,00;
07/02/2026;002;22279;6191114653672;XL;000;25H;;1,00;
07/02/2026;002;22279;6191114653689;XXL;645;25H;;1,00;
07/02/2026;002;22280;6191114653894;XXL;645;25H;;1,00;
07/02/2026;002;22284;6191114654150;XS;385;25H;;1,00;
07/02/2026;002;22285;6191114654297;XS;385;25H;;1,00;
07/02/2026;002;22287;6191114654570;XL;815;25H;;1,00;
07/02/2026;002;22290;6191114657939;M;R385;25H;;1,00;
07/02/2026;002;22300;6191114656802;S;870;25H;;1,00;
07/02/2026;002;22301;6191114657076;S;995;25H;;1,00;
07/02/2026;002;22301;6191114657113;L;995;25H;;1,00;
07/02/2026;002;22302;6191114657267;XL;245;25H;;1,00;
07/02/2026;002;22317;6191114658554;S;385;25H;;1,00;
07/02/2026;002;22320;6191114659179;L;825;25H;;1,00;
07/02/2026;002;22320;6191114659186;XL;870;25H;;1,00;
07/02/2026;002;22320;6191114659209;XXL;870;25H;;1,00;
07/02/2026;002;22320;6191114659216;XXL;825;25H;;1,00;
07/02/2026;002;22321;6191114659322;XL;870;25H;;1,00;
07/02/2026;002;22321;6191114659346;XXL;870;25H;;1,00;
07/02/2026;002;22321;6191114659377;3XL;825;25H;;1,00;
07/02/2026;002;22322;6191114659414;S;740;25H;;1,00;
07/02/2026;002;22322;6191114659568;3XL;740;25H;;1,00;
07/02/2026;002;22324;6191114659698;3XL;995;25H;;1,00;
07/02/2026;002;22332;6191114660519;M;940;25H;;1,00;
07/02/2026;002;22347;6191114668614;XL;I815;25H;;1,00;
07/02/2026;002;55800;6191114621589;L;385;25H;;1,00;
07/02/2026;002;55801;6191114621794;XL;385;25H;;1,00;
07/02/2026;002;55808;6191114641228;L;995;25H;;1,00;
07/02/2026;002;55808;6191114641242;XL;385;25H;;1,00;
07/02/2026;002;55810;6191114642225;L;385;25H;;1,00;
07/02/2026;002;55811;6191114644571;M;R310;25H;;1,00;
07/02/2026;002;55811;6191114644595;L;R310;25H;;1,00;
07/02/2026;002;55811;6191114644618;XL;R310;25H;;1,00;
07/02/2026;002;55813;6191114645219;M;940;25H;;1,00;
07/02/2026;002;55813;6191114645233;L;310;25H;;1,00;
07/02/2026;002;55813;6191114645240;L;940;25H;;1,00;
07/02/2026;002;55813;6191114645301;XXL;940;25H;;1,00;
07/02/2026;002;55815;6191114645561;L;385;25H;;1,00;
07/02/2026;002;55816;6191114648456;L;R990;25H;;1,00;
07/02/2026;002;55817;6191114654761;L;385;25H;;1,00;
07/02/2026;002;55818;6191114655003;L;824;25H;;1,00;
07/02/2026;002;55818;6191114655089;XXL;385;25H;;1,00;
07/02/2026;002;55818;6191114655126;XXL;694;25H;;1,00;
07/02/2026;002;66475;6191114201866;S/M;995;23E;;2,00;
07/02/2026;002;66479;6191114492974;3XL;995;24H;;1,00;
07/02/2026;002;70088;6191114476530;L;380;24H;;1,00;
07/02/2026;002;70201;6191114607996;S;R870;25H;;1,00;
07/02/2026;002;70201;6191114608030;L;R870;25H;;1,00;
07/02/2026;002;70201;6191114608047;L;R385;25H;;1,00;
07/02/2026;002;70216;6191114624313;L;R385;25H;;2,00;
07/02/2026;002;70217;6191114649385;L;I385;25H;;1,00;
07/02/2026;002;70226;6191114652064;XXL;I995;25H;;1,00;
07/02/2026;002;70231;6191114658707;L;C995;25H;;1,00;
07/02/2026;002;70231;6191114658714;XL;C000;25H;;1,00;
07/02/2026;002;70232;6191114658806;M;995;25H;;1,00;
07/02/2026;002;70232;6191114658820;XL;995;25H;;1,00;
07/02/2026;002;70232;6191114658844;3XL;995;25H;;1,00;
07/02/2026;002;70233;6191114658875;M;995;25H;;1,00;
07/02/2026;002;91510;6191114625440;37;995;25H;;1,00;
07/02/2026;005;20465;6191114302976;XXL;940;23H;;1,00;
07/02/2026;005;21136;6191114463301;3XL;995;24H;;1,00;
07/02/2026;005;21238;6191114480193;3XL;940;24H;;1,00;
07/02/2026;005;21282;6191114505049;XXL;815;24H;;1,00;
07/02/2026;005;21287;6191114503267;XL;790;24H;;2,00;
07/02/2026;005;21450;6191114529847;S/M;780;24H;;1,00;
07/02/2026;005;21452;6191114530140;L/XL;I740;24H;;1,00;
07/02/2026;005;21479;6191114530904;XXL;695;24H;;1,00;
07/02/2026;005;21943;6191114608559;L;R345;25E;;1,00;
07/02/2026;005;22011;6191114607477;3XL;215;25H;;1,00;
07/02/2026;005;22023;6191114609877;XL;R010;25H;;1,00;
07/02/2026;005;22024;6191114653320;XL;815;25H;;1,00;
07/02/2026;005;22025;6191114610088;L;995;25H;;1,00;
07/02/2026;005;22025;6191114610118;XL;010;25H;;1,00;
07/02/2026;005;22026;6191114610200;L;815;25H;;1,00;
07/02/2026;005;22040;6191114611573;XL;R010;25H;;1,00;
07/02/2026;005;22043;6191114622074;S;855;25H;;1,00;
07/02/2026;005;22044;6191114622050;XXL;695;25H;;1,00;
07/02/2026;005;22061;6191114618138;S;R350;25H;;1,00;
07/02/2026;005;22062;6191114618329;L;195;25H;;1,00;
07/02/2026;005;22064;6191114618626;S;695;25H;;1,00;
07/02/2026;005;22066;6191114615595;L;815;25H;;1,00;
07/02/2026;005;22068;6191114642386;L;695;25H;;1,00;
07/02/2026;005;22069;6191114615922;XXL;784;25H;;1,00;
07/02/2026;005;22070;6191114616004;L;995;25H;;1,00;
07/02/2026;005;22072;6191114616226;XL;476;25H;;1,00;
07/02/2026;005;22091;6191114620162;M;995;25H;;1,00;
07/02/2026;005;22091;6191114620186;L;995;25H;;1,00;
07/02/2026;005;22115;6191114645974;L;820;25H;;1,00;
07/02/2026;005;22115;6191114645981;L;990;25H;;1,00;
07/02/2026;005;22117;6191114648999;L;940;25H;;1,00;
07/02/2026;005;22117;6191114649026;XS;940;25H;;1,00;
07/02/2026;005;22123;6191114646742;L;695;25H;;1,00;
07/02/2026;005;22128;6191114622951;S;870;25H;;1,00;
07/02/2026;005;22132;6191114623866;L;224;25H;;1,00;
07/02/2026;005;22135;6191114624115;S;870;25H;;1,00;
07/02/2026;005;22137;6191114623354;M;255;25H;;1,00;
07/02/2026;005;22163;6191114659834;L;C490;25H;;1,00;
07/02/2026;005;22164;6191114649422;S;995;25H;;1,00;
07/02/2026;005;22178;6191114629004;XXL;P010;25H;;1,00;
07/02/2026;005;22183;6191114629523;L;385;25H;;1,00;
07/02/2026;005;22183;6191114629530;L;995;25H;;1,00;
07/02/2026;005;22197;6191114630093;XXL;815;25H;;1,00;
07/02/2026;005;22198;6191114630161;L;385;25H;;1,00;
07/02/2026;005;22204;6191114630772;3XL;995;25H;;1,00;
07/02/2026;005;22206;6191114630918;XL;195;25H;;1,00;
07/02/2026;005;22207;6191114640399;S;784;25H;;1,00;
07/02/2026;005;22207;6191114640443;L;880;25H;;1,00;
07/02/2026;005;22207;6191114640528;3XL;995;25H;;1,00;
07/02/2026;005;22216;6191114642683;L;I385;25H;;1,00;
07/02/2026;005;22222;6191114643338;S;010;25H;;1,00;
07/02/2026;005;22222;6191114643383;L;995;25H;;1,00;
07/02/2026;005;22222;6191114643444;XXL;995;25H;;1,00;
07/02/2026;005;22229;6191114644021;XL;995;25H;;1,00;
07/02/2026;005;22230;6191114644083;M;790;25H;;1,00;
07/02/2026;005;22233;6191114644403;L;000;25H;;1,00;
07/02/2026;005;22237;6191114644830;XXL;I815;25H;;1,00;
07/02/2026;005;22239;6191114644977;L;815;25H;;1,00;
07/02/2026;005;22239;6191114645035;XXL;815;25H;;1,00;
07/02/2026;005;22241;6191114647367;M;R000;25H;;1,00;
07/02/2026;005;22241;6191114647374;L;R000;25H;;1,00;
07/02/2026;005;22242;6191114647435;S;695;25H;;1,00;
07/02/2026;005;22256;6191114652293;4XL;995;25H;;1,00;
07/02/2026;005;22257;6191114650527;M;I195;25H;;1,00;
07/02/2026;005;22257;6191114650534;L;I350;25H;;1,00;
07/02/2026;005;22257;6191114650572;XL;I740;25H;;1,00;
07/02/2026;005;22257;6191114650657;4XL;I350;25H;;1,00;
07/02/2026;005;22261;6191114651272;XL;385;25H;;1,00;
07/02/2026;005;22261;6191114651289;XL;490;25H;;1,00;
07/02/2026;005;22262;6191114651371;L;385;25H;;2,00;
07/02/2026;005;22262;6191114651388;L;490;25H;;1,00;
07/02/2026;005;22268;6191114649750;L;870;25H;;1,00;
07/02/2026;005;22276;6191114655737;XS;995;25H;;1,00;
07/02/2026;005;22276;6191114655782;L;385;25H;;1,00;
07/02/2026;005;22287;6191114654556;L;815;25H;;1,00;
07/02/2026;005;22287;6191114654600;XXL;995;25H;;1,00;
07/02/2026;005;22300;6191114656826;L;870;25H;;1,00;
07/02/2026;005;22306;6191114669079;L;995;25H;;1,00;
07/02/2026;005;22307;6191114669994;L;M940;25H;;1,00;
07/02/2026;005;22322;6191114659490;XL;645;25H;;1,00;
07/02/2026;005;22322;6191114659513;XL;190;25H;;1,00;
07/02/2026;005;22326;6191114668256;XS;920;25H;;-1,00;
07/02/2026;005;29492;6191114111196;XXL;815;23E;;1,00;
07/02/2026;005;55808;6191114641297;XXL;975;25H;;1,00;
07/02/2026;005;55811;6191114644588;M;R784;25H;;1,00;
07/02/2026;005;55813;6191114645233;L;310;25H;;1,00;
07/02/2026;005;55818;6191114654983;L;385;25H;;1,00;
07/02/2026;005;70201;6191114608030;L;R870;25H;;1,00;
07/02/2026;005;70201;6191114608047;L;R385;25H;;1,00;
07/02/2026;005;70213;6191114623699;L;P385;25H;;1,00;
07/02/2026;005;70217;6191114647312;L;E385;25H;;1,00;
07/02/2026;005;70217;6191114647329;XL;E385;25H;;1,00;
07/02/2026;005;70217;6191114649385;L;I385;25H;;1,00;
07/02/2026;005;70224;6191114641822;XL;694;25H;;1,00;
07/02/2026;005;70226;6191114652019;L;I880;25H;;1,00;
07/02/2026;005;70226;6191114652033;XL;I995;25H;;1,00;
07/02/2026;005;70227;6191114652156;S;I740;25H;;1,00;
07/02/2026;005;70227;6191114652224;XL;I875;25H;;1,00;
07/02/2026;005;91500;6191114626287;TU;195;25H;;1,00;
07/02/2026;005;91527;6191114640085;36;995;25H;;1,00;
07/02/2026;009;21835;6191114584181;L;645;25E;;1,00;
07/02/2026;009;21835;6191114584341;XXL;645;25E;;1,00;
07/02/2026;009;22010;6191114607354;3XL;995;25H;;1,00;
07/02/2026;009;22011;6191114607415;L;215;25H;;1,00;
07/02/2026;009;22012;6191114607552;XL;010;25H;;1,00;
07/02/2026;009;22014;6191114607811;XXL;R495;25H;;1,00;
07/02/2026;009;22019;6191114609426;L;815;25H;;1,00;
07/02/2026;009;22026;6191114610163;S;815;25H;;1,00;
07/02/2026;009;22064;6191114618831;XXL;175;25H;;1,00;
07/02/2026;009;22070;6191114616028;XL;995;25H;;1,00;
07/02/2026;009;22085;6191114619388;M;740;25H;;1,00;
07/02/2026;009;22087;6191114619661;L;995;25H;;1,00;
07/02/2026;009;22110;6191114622531;M;235;25H;;1,00;
07/02/2026;009;22113;6191114645738;XL;820;25H;;1,00;
07/02/2026;009;22115;6191114645950;M;990;25H;;1,00;
07/02/2026;009;22115;6191114645981;L;990;25H;;1,00;
07/02/2026;009;22115;6191114646018;XL;990;25H;;1,00;
07/02/2026;009;22142;6191114624764;XL;875;25H;;1,00;
07/02/2026;009;22194;6191114628199;L;I255;25H;;1,00;
07/02/2026;009;22194;6191114628205;XL;I880;25H;;1,00;
07/02/2026;009;22195;6191114628366;L;310;25H;;1,00;
07/02/2026;009;22207;6191114640511;XXL;784;25H;;1,00;
07/02/2026;009;22244;6191114647909;S;215;25H;;1,00;
07/02/2026;009;22258;6191114650749;L;385;25H;;1,00;
07/02/2026;009;22262;6191114651371;L;385;25H;;1,00;
07/02/2026;009;22267;6191114651869;XL;815;25H;;1,00;
07/02/2026;009;22274;6191114652880;XL;995;25H;;1,00;
07/02/2026;009;22276;6191114655782;L;385;25H;;1,00;
07/02/2026;009;22296;6191114656482;M;215;25H;;1,00;
07/02/2026;009;22296;6191114656543;XL;215;25H;;1,00;
07/02/2026;009;22322;6191114659469;L;645;25H;;1,00;
07/02/2026;009;22330;6191114660038;M;724;25H;;1,00;
07/02/2026;009;55808;6191114641150;S;385;25H;;1,00;
07/02/2026;009;55811;6191114644557;S;R310;25H;;1,00;
07/02/2026;009;55811;6191114644649;XXL;R784;25H;;1,00;
07/02/2026;009;70201;6191114608016;M;R870;25H;;1,00;
07/02/2026;009;70217;6191114649361;S;I385;25H;;1,00;
07/02/2026;009;70217;6191114649378;M;I385;25H;;1,00;
07/02/2026;009;70217;6191114649408;XXL;I385;25H;;1,00;
07/02/2026;009;70229;6191114657779;L;476;25H;;1,00;
07/02/2026;009;91509;6191114625327;39;815;25H;;1,00;
07/02/2026;011;21189;6191114471214;S;I350;24H;;1,00;
07/02/2026;011;21190;6191114471399;XL;I350;24H;;1,00;
07/02/2026;011;21378;6191114508156;S;310;24H;;1,00;
07/02/2026;011;21378;6191114508170;S;405;24H;;1,00;
07/02/2026;011;22004;6191114606340;S;R000;25H;;1,00;
07/02/2026;011;22007;6191114607002;S;905;25H;;1,00;
07/02/2026;011;22010;6191114607248;S;815;25H;;1,00;
07/02/2026;011;22010;6191114607255;S;995;25H;;1,00;
07/02/2026;011;22032;6191114610958;XL;940;25H;;1,00;
07/02/2026;011;22062;6191114618404;3XL;995;25H;;1,00;
07/02/2026;011;22079;6191114626096;L;316;25H;;1,00;
07/02/2026;011;22081;6191114617049;S;380;25H;;1,00;
07/02/2026;011;22084;6191114616431;S;000;25H;;1,00;
07/02/2026;011;22126;6191114647039;XXL;E385;25H;;1,00;
07/02/2026;011;22163;6191114659780;S;C790;25H;;1,00;
07/02/2026;011;22194;6191114628144;M;I880;25H;;1,00;
07/02/2026;011;22194;6191114628151;M;I385;25H;;1,00;
07/02/2026;011;22194;6191114628168;M;I255;25H;;1,00;
07/02/2026;011;22212;6191114641488;M;385;25H;;1,00;
07/02/2026;011;22247;6191114648692;L;R385;25H;;1,00;
07/02/2026;011;22247;6191114648715;L;R270;25H;;1,00;
07/02/2026;011;22258;6191114650787;XL;195;25H;;1,00;
07/02/2026;011;22267;6191114651852;L;995;25H;;1,00;
07/02/2026;011;22273;6191114652767;XL;385;25H;;1,00;
07/02/2026;011;22273;6191114652774;XL;695;25H;;1,00;
07/02/2026;011;22280;6191114653870;XL;995;25H;;1,00;
07/02/2026;011;22312;6191114658141;L;995;25H;;1,00;
07/02/2026;011;22328;6191114661417;XL;995;25H;;1,00;
07/02/2026;011;22335;6191114660939;S/M;815;25H;;1,00;
07/02/2026;011;22335;6191114660946;S/M;010;25H;;1,00;
07/02/2026;011;70201;6191114608016;M;R870;25H;;1,00;
07/02/2026;011;70217;6191114647312;L;E385;25H;;1,00;
07/02/2026;011;70220;6191114631199;XL;870;25H;;1,00;
07/02/2026;011;70226;6191114652057;XL;I815;25H;;1,00;
07/02/2026;011;91272;6194444115667;TU;815;22H;;1,00;
07/02/2026;014;21078;6191114449152;XL;995;24H;;1,00;
07/02/2026;014;21126;6191114462090;XL;R205;24H;;1,00;
07/02/2026;014;21126;6191114462120;XXL;R205;24H;;1,00;
07/02/2026;014;21137;6191114463370;L;870;24H;;1,00;
07/02/2026;014;21178;6191114468153;XL;010;24H;;1,00;
07/02/2026;014;21201;6191114471658;XL;995;24H;;1,00;
07/02/2026;014;21220;6191114478916;XXL;995;24H;;1,00;
07/02/2026;014;21222;6191114479128;L;010;24H;;1,00;
07/02/2026;014;21223;6191114479203;S;995;24H;;1,00;
07/02/2026;014;21223;6191114479241;L;995;24H;;1,00;
07/02/2026;014;21223;6191114479258;XL;815;24H;;1,00;
07/02/2026;014;21223;6191114479272;XXL;815;24H;;1,00;
07/02/2026;014;21242;6191114479876;M;995;24H;;1,00;
07/02/2026;014;21254;6191114483026;XL;695;24H;;1,00;
07/02/2026;014;21282;6191114502635;XL;995;24H;;1,00;
07/02/2026;014;21282;6191114502673;3XL;995;24H;;1,00;
07/02/2026;014;21284;6191114502895;XL;995;24H;;1,00;
07/02/2026;014;21287;6191114503243;L;790;24H;;1,00;
07/02/2026;014;21287;6191114503267;XL;790;24H;;1,00;
07/02/2026;014;21308;6191114492691;M;995;24H;;1,00;
07/02/2026;014;21341;6191114500693;XL;995;24H;;1,00;
07/02/2026;014;21343;6191114501027;XL;995;24H;;1,00;
07/02/2026;014;21436;6191114528048;M;995;24H;;1,00;
07/02/2026;014;21459;6191114530362;L;995;24H;;1,00;
07/02/2026;014;21863;6191114589391;M;310;25E;;1,00;
07/02/2026;014;22005;6191114606722;3XL;815;25H;;1,00;
07/02/2026;014;22013;6191114607675;XL;995;25H;;1,00;
07/02/2026;014;22023;6191114609891;XXL;R010;25H;;1,00;
07/02/2026;014;22031;6191114610811;L;695;25H;;1,00;
07/02/2026;014;22032;6191114610958;XL;940;25H;;1,00;
07/02/2026;014;22055;6191114624870;XL;995;25H;;1,00;
07/02/2026;014;22058;6191114617896;S;000;25H;;1,00;
07/02/2026;014;22058;6191114617957;XL;000;25H;;1,00;
07/02/2026;014;22064;6191114618688;M;175;25H;;1,00;
07/02/2026;014;22064;6191114618718;L;010;25H;;1,00;
07/02/2026;014;22064;6191114618824;XXL;695;25H;;1,00;
07/02/2026;014;22066;6191114615618;XL;815;25H;;1,00;
07/02/2026;014;22068;6191114615786;XL;995;25H;;1,00;
07/02/2026;014;22072;6191114616233;XXL;476;25H;;1,00;
07/02/2026;014;22084;6191114616509;XXL;310;25H;;1,00;
07/02/2026;014;22085;6191114619401;L;740;25H;;1,00;
07/02/2026;014;22085;6191114619449;XXL;740;25H;;1,00;
07/02/2026;014;22089;6191114619944;XL;995;25H;;1,00;
07/02/2026;014;22090;6191114620063;L;995;25H;;1,00;
07/02/2026;014;22101;6191114621022;M;995;25H;;1,00;
07/02/2026;014;22108;6191114622159;L;870;25H;;1,00;
07/02/2026;014;22113;6191114645769;XXL;990;25H;;1,00;
07/02/2026;014;22115;6191114645936;S;005;25H;;1,00;
07/02/2026;014;22115;6191114646032;XXL;820;25H;;1,00;
07/02/2026;014;22115;6191114646049;XXL;990;25H;;2,00;
07/02/2026;014;22123;6191114646735;L;995;25H;;1,00;
07/02/2026;014;22123;6191114646773;XXL;995;25H;;1,00;
07/02/2026;014;22127;6191114647077;S;995;25H;;1,00;
07/02/2026;014;22128;6191114622968;S;995;25H;;1,00;
07/02/2026;014;22128;6191114623002;L;385;25H;;1,00;
07/02/2026;014;22128;6191114623033;XL;385;25H;;1,00;
07/02/2026;014;22137;6191114623354;M;255;25H;;1,00;
07/02/2026;014;22137;6191114623415;XL;255;25H;;1,00;
07/02/2026;014;22142;6191114624771;XL;195;25H;;1,00;
07/02/2026;014;22150;6191114625655;XL;995;25H;;1,00;
07/02/2026;014;22163;6191114659773;XL;C490;25H;;1,00;
07/02/2026;014;22163;6191114659889;3XL;C490;25H;;1,00;
07/02/2026;014;22170;6191114626836;S;R925;25H;;1,00;
07/02/2026;014;22171;6191114627086;S;R925;25H;;1,00;
07/02/2026;014;22177;6191114628908;XL;010;25H;;1,00;
07/02/2026;014;22183;6191114629530;L;995;25H;;1,00;
07/02/2026;014;22186;6191114627734;L;385;25H;;1,00;
07/02/2026;014;22186;6191114627741;L;784;25H;;1,00;
07/02/2026;014;22191;6191114627901;M;P010;25H;;1,00;
07/02/2026;014;22191;6191114627932;XL;P995;25H;;1,00;
07/02/2026;014;22197;6191114630055;S;815;25H;;1,00;
07/02/2026;014;22199;6191114631359;S;995;25H;;1,00;
07/02/2026;014;22213;6191114648968;XS;815;25H;;1,00;
07/02/2026;014;22233;6191114645103;3XL;000;25H;;1,00;
07/02/2026;014;22239;6191114645011;XL;995;25H;;1,00;
07/02/2026;014;22242;6191114647527;L;380;25H;;1,00;
07/02/2026;014;22244;6191114647893;S;995;25H;;1,00;
07/02/2026;014;22245;6191114648234;XL;740;25H;;1,00;
07/02/2026;014;22250;6191114649590;M;784;25H;;1,00;
07/02/2026;014;22250;6191114649620;L;784;25H;;2,00;
07/02/2026;014;22252;6191114650145;L;995;25H;;1,00;
07/02/2026;014;22257;6191114650480;S;I740;25H;;1,00;
07/02/2026;014;22263;6191114651487;S;870;25H;;1,00;
07/02/2026;014;22271;6191114652354;M;010;25H;;1,00;
07/02/2026;014;22272;6191114652569;L;995;25H;;1,00;
07/02/2026;014;22272;6191114652606;XL;010;25H;;1,00;
07/02/2026;014;22273;6191114652743;L;695;25H;;1,00;
07/02/2026;014;22273;6191114652781;XL;824;25H;;1,00;
07/02/2026;014;22286;6191114654433;S;995;25H;;1,00;
07/02/2026;014;22286;6191114654488;3XL;995;25H;;1,00;
07/02/2026;014;22287;6191114654549;M;995;25H;;1,00;
07/02/2026;014;22287;6191114654556;L;815;25H;;1,00;
07/02/2026;014;22288;6191114654655;M;995;25H;;-1,00;
07/02/2026;014;22288;6191114654662;L;995;25H;;1,00;
07/02/2026;014;22294;6191114656024;S;820;25H;;1,00;
07/02/2026;014;22294;6191114656031;S;950;25H;;1,00;
07/02/2026;014;22302;6191114657267;XL;245;25H;;1,00;
07/02/2026;014;22304;6191114660441;M;MCO;25H;;1,00;
07/02/2026;014;22311;6191114658103;XL;I995;25H;;1,00;
07/02/2026;014;22316;6191114658493;S;476;25H;;1,00;
07/02/2026;014;22318;6191114658981;M;C000;25H;;1,00;
07/02/2026;014;22319;6191114670259;XL;995;25H;;1,00;
07/02/2026;014;22322;6191114659568;3XL;740;25H;;1,00;
07/02/2026;014;22330;6191114660106;XXL;220;25H;;1,00;
07/02/2026;014;22331;6191114660410;XXL;495;25H;;1,00;
07/02/2026;014;22332;6191114660519;M;940;25H;;1,00;
07/02/2026;014;22338;6191114660915;XL;170;25H;;1,00;
07/02/2026;014;22356;6191114668362;S;995;25H;;1,00;
07/02/2026;014;55810;6191114642263;XXL;385;25H;;1,00;
07/02/2026;014;55811;6191114644595;L;R310;25H;;1,00;
07/02/2026;014;55811;6191114644618;XL;R310;25H;;1,00;
07/02/2026;014;55811;6191114644656;3XL;R310;25H;;1,00;
07/02/2026;014;55816;6191114648401;M;R995;25H;;1,00;
07/02/2026;014;55816;6191114648517;XXL;R990;25H;;1,00;
07/02/2026;014;55818;6191114654938;M;385;25H;;1,00;
07/02/2026;014;55818;6191114654945;M;995;25H;;1,00;
07/02/2026;014;55818;6191114654990;L;995;25H;;1,00;
07/02/2026;014;55818;6191114655027;L;694;25H;;1,00;
07/02/2026;014;55818;6191114655034;XL;385;25H;;2,00;
07/02/2026;014;55818;6191114655041;XL;995;25H;;1,00;
07/02/2026;014;55818;6191114655058;XL;824;25H;;1,00;
07/02/2026;014;55818;6191114655089;XXL;385;25H;;1,00;
07/02/2026;014;55818;6191114655126;XXL;694;25H;;1,00;
07/02/2026;014;55818;6191114658325;XL;535;25H;;1,00;
07/02/2026;014;70201;6191114608030;L;R870;25H;;1,00;
07/02/2026;014;70201;6191114608054;XL;R870;25H;;1,00;
07/02/2026;014;70202;6191114608160;L;010;25H;;1,00;
07/02/2026;014;70203;6191114608283;L;R355;25H;;1,00;
07/02/2026;014;70203;6191114608306;XL;R355;25H;;1,00;
07/02/2026;014;70224;6191114641815;XL;385;25H;;1,00;
07/02/2026;014;70231;6191114658776;4XL;C000;25H;;1,00;
07/02/2026;015;20897;6191114410497;L;995;24E;;1,00;
07/02/2026;015;21126;6191114462113;XL;R634;24H;;1,00;
07/02/2026;015;21341;6191114500709;XXL;995;24H;;1,00;
07/02/2026;015;21341;6191114500716;3XL;995;24H;;1,00;
07/02/2026;015;21440;6191114528888;XL;995;24H;;1,00;
07/02/2026;015;22021;6191114609679;3XL;385;25H;;1,00;
07/02/2026;015;22026;6191114610255;XXL;645;25H;;1,00;
07/02/2026;015;22028;6191114610514;3XL;940;25H;;1,00;
07/02/2026;015;22033;6191114611047;L;815;25H;;1,00;
07/02/2026;015;22033;6191114611061;XL;815;25H;;1,00;
07/02/2026;015;22033;6191114611078;XL;695;25H;;1,00;
07/02/2026;015;22044;6191114622036;L;695;25H;;1,00;
07/02/2026;015;22048;6191114612006;L;010;25H;;1,00;
07/02/2026;015;22056;6191114617704;XL;310;25H;;1,00;
07/02/2026;015;22061;6191114618176;L;R350;25H;;1,00;
07/02/2026;015;22063;6191114618503;S;784;25H;;1,00;
07/02/2026;015;22065;6191114619005;3XL;350;25H;;1,00;
07/02/2026;015;22066;6191114615564;S;875;25H;;1,00;
07/02/2026;015;22068;6191114642393;XL;695;25H;;1,00;
07/02/2026;015;22069;6191114615946;3XL;784;25H;;1,00;
07/02/2026;015;22080;6191114616981;L;380;25H;;1,00;
07/02/2026;015;22083;6191114619128;3XL;350;25H;;1,00;
07/02/2026;015;22098;6191114620872;XXL;995;25H;;1,00;
07/02/2026;015;22117;6191114648975;S;940;25H;;1,00;
07/02/2026;015;22139;6191114624443;L;385;25H;;1,00;
07/02/2026;015;22139;6191114624450;L;995;25H;;1,00;
07/02/2026;015;22139;6191114624498;XL;940;25H;;1,00;
07/02/2026;015;22142;6191114624719;M;195;25H;;1,00;
07/02/2026;015;22142;6191114624771;XL;195;25H;;1,00;
07/02/2026;015;22148;6191114625563;XL;995;25H;;1,00;
07/02/2026;015;22163;6191114659773;XL;C490;25H;;1,00;
07/02/2026;015;22188;6191114644748;L/XL;200;25H;;1,00;
07/02/2026;015;22194;6191114628212;XL;I385;25H;;1,00;
07/02/2026;015;22198;6191114630154;M;695;25H;;1,00;
07/02/2026;015;22207;6191114640481;XL;784;25H;;1,00;
07/02/2026;015;22212;6191114641525;L;255;25H;;1,00;
07/02/2026;015;22212;6191114641570;XXL;385;25H;;1,00;
07/02/2026;015;22212;6191114641594;XXL;235;25H;;1,00;
07/02/2026;015;22239;6191114645011;XL;995;25H;;1,00;
07/02/2026;015;22243;6191114647800;XL;995;25H;;1,00;
07/02/2026;015;22244;6191114647909;S;215;25H;;1,00;
07/02/2026;015;22248;6191114649163;L;995;25H;;1,00;
07/02/2026;015;22254;6191114650329;XXL;995;25H;;1,00;
07/02/2026;015;22255;6191114650381;XXL;995;25H;;1,00;
07/02/2026;015;22257;6191114650565;XL;I350;25H;;1,00;
07/02/2026;015;22258;6191114650718;M;385;25H;;1,00;
07/02/2026;015;22262;6191114651395;XL;385;25H;;1,00;
07/02/2026;015;22273;6191114652736;L;385;25H;;1,00;
07/02/2026;015;22276;6191114655805;XL;385;25H;;1,00;
07/02/2026;015;22276;6191114655812;XL;995;25H;;1,00;
07/02/2026;015;22277;6191114653436;XL;815;25H;;1,00;
07/02/2026;015;22286;6191114654471;XXL;995;25H;;1,00;
07/02/2026;015;22287;6191114654617;3XL;815;25H;;1,00;
07/02/2026;015;22289;6191114655249;L;995;25H;;1,00;
07/02/2026;015;22295;6191114656246;XL;995;25H;;1,00;
07/02/2026;015;22301;6191114657151;XXL;995;25H;;1,00;
07/02/2026;015;22319;6191114670242;L;995;25H;;1,00;
07/02/2026;015;22330;6191114660069;L;220;25H;;1,00;
07/02/2026;015;22331;6191114660274;XL;995;25H;;1,00;
07/02/2026;015;55801;6191114621787;L;975;25H;;1,00;
07/02/2026;015;55808;6191114641266;XL;975;25H;;1,00;
07/02/2026;015;55808;6191114641297;XXL;975;25H;;1,00;
07/02/2026;015;55808;6191114641327;3XL;975;25H;;1,00;
07/02/2026;015;55809;6191114642027;XL;995;25H;;1,00;
07/02/2026;015;55809;6191114642034;XXL;995;25H;;1,00;
07/02/2026;015;55809;6191114642119;XL;870;25H;;1,00;
07/02/2026;015;55809;6191114642140;XXL;010;25H;;1,00;
07/02/2026;015;55811;6191114644663;3XL;R784;25H;;1,00;
07/02/2026;015;55816;6191114648388;S;R385;25H;;1,00;
07/02/2026;015;55816;6191114648463;XL;R995;25H;;1,00;
07/02/2026;015;55816;6191114648494;XXL;R995;25H;;1,00;
07/02/2026;015;55816;6191114648500;XXL;R385;25H;;1,00;
07/02/2026;015;55817;6191114654822;XXL;385;25H;;1,00;
07/02/2026;015;55818;6191114655034;XL;385;25H;;1,00;
07/02/2026;015;70200;6191114607989;3XL;R940;25H;;1,00;
07/02/2026;015;70220;6191114631236;3XL;870;25H;;1,00;
07/02/2026;015;70220;6191114631267;4XL;695;25H;;1,00;
07/02/2026;015;70221;6191114631335;4XL;I995;25H;;1,00;
07/02/2026;015;70226;6191114652101;3XL;I880;25H;;1,00;
07/02/2026;015;91272;6194444115667;TU;815;22H;;4,00;
07/02/2026;015;91521;6191114627550;TU;MCO;25H;;2,00;
07/02/2026;015;91522;6191114627529;TU;MCO;25H;;1,00;
07/02/2026;016;21250;6191114481978;S;385;24H;;1,00;
07/02/2026;016;21315;6191114497016;41;195;24H;;1,00;
07/02/2026;016;21351;6191114502055;L/XL;200;24H;;1,00;
07/02/2026;016;21358;6191114503717;XXL;995;24H;;1,00;
07/02/2026;016;21380;6191114508446;XXL;875;24H;;1,00;
07/02/2026;016;21405;6191114513679;XXL;995;24H;;1,00;
07/02/2026;016;21444;6191114528925;S;380;24H;;1,00;
07/02/2026;016;21831;6191114583603;XXL;000;25E;;1,00;
07/02/2026;016;22005;6191114606524;S;815;25H;;1,00;
07/02/2026;016;22018;6191114609280;M;R385;25H;;1,00;
07/02/2026;016;22025;6191114610101;XL;995;25H;;1,00;
07/02/2026;016;22027;6191114610323;L;645;25H;;1,00;
07/02/2026;016;22030;6191114610668;M;995;25H;;1,00;
07/02/2026;016;22052;6191114617209;L;995;25H;;1,00;
07/02/2026;016;22056;6191114617728;XXL;310;25H;;1,00;
07/02/2026;016;22067;6191114615656;XS;380;25H;;1,00;
07/02/2026;016;22080;6191114617018;XL;476;25H;;1,00;
07/02/2026;016;22081;6191114617049;S;380;25H;;1,00;
07/02/2026;016;22087;6191114619722;3XL;995;25H;;1,00;
07/02/2026;016;22088;6191114619814;XXL;385;25H;;1,00;
07/02/2026;016;22098;6191114620865;XL;995;25H;;1,00;
07/02/2026;016;22099;6191114620919;L;995;25H;;1,00;
07/02/2026;016;22114;6191114645868;XL;020;25H;;1,00;
07/02/2026;016;22117;6191114648999;L;940;25H;;1,00;
07/02/2026;016;22133;6191114625198;L;995;25H;;1,00;
07/02/2026;016;22139;6191114624405;S;940;25H;;1,00;
07/02/2026;016;22148;6191114625556;L;995;25H;;1,00;
07/02/2026;016;22173;6191114628694;XL;995;25H;;1,00;
07/02/2026;016;22180;6191114629202;S;995;25H;;1,00;
07/02/2026;016;22182;6191114629394;XL;870;25H;;1,00;
07/02/2026;016;22183;6191114629530;L;995;25H;;1,00;
07/02/2026;016;22186;6191114627703;S;784;25H;;1,00;
07/02/2026;016;22208;6191114640603;L;995;25H;;1,00;
07/02/2026;016;22216;6191114642607;S;I880;25H;;1,00;
07/02/2026;016;22222;6191114643369;M;010;25H;;1,00;
07/02/2026;016;22223;6191114643611;XXL;870;25H;;1,00;
07/02/2026;016;22239;6191114644977;L;815;25H;;1,00;
07/02/2026;016;22254;6191114650312;XL;995;25H;;1,00;
07/02/2026;016;22256;6191114650428;L;995;25H;;1,00;
07/02/2026;016;22257;6191114650497;S;I195;25H;;1,00;
07/02/2026;016;22257;6191114650510;M;I740;25H;;1,00;
07/02/2026;016;22258;6191114650718;M;385;25H;;1,00;
07/02/2026;016;22260;6191114651074;S;385;25H;;1,00;
07/02/2026;016;22262;6191114651388;L;490;25H;;1,00;
07/02/2026;016;22263;6191114651616;XXL;995;25H;;1,00;
07/02/2026;016;22273;6191114652712;M;695;25H;;1,00;
07/02/2026;016;22276;6191114655843;3XL;385;25H;;1,00;
07/02/2026;016;22285;6191114654310;S;385;25H;;1,00;
07/02/2026;016;22287;6191114654556;L;815;25H;;1,00;
07/02/2026;016;22292;6191114655683;XL;870;25H;;1,00;
07/02/2026;016;22294;6191114656031;S;950;25H;;1,00;
07/02/2026;016;22295;6191114656246;XL;995;25H;;1,00;
07/02/2026;016;22303;6191114657410;XXL;870;25H;;1,00;
07/02/2026;016;22307;6191114669956;M;M870;25H;;1,00;
07/02/2026;016;22307;6191114669970;L;M815;25H;;1,00;
07/02/2026;016;22311;6191114658097;L;I995;25H;;1,00;
07/02/2026;016;22323;6191114659599;M;995;25H;;1,00;
07/02/2026;016;22331;6191114660397;L;495;25H;;1,00;
07/02/2026;016;22343;6191114661479;3XL;I634;25H;;1,00;
07/02/2026;016;55806;6191114640863;L;870;25H;;1,00;
07/02/2026;016;55809;6191114642034;XXL;995;25H;;1,00;
07/02/2026;016;55810;6191114642256;XL;010;25H;;-1,00;
07/02/2026;016;55816;6191114648401;M;R995;25H;;1,00;
07/02/2026;016;70210;6191114619227;XXL;R385;25H;;1,00;
07/02/2026;016;70226;6191114651944;S;I995;25H;;1,00;
07/02/2026;016;91272;6194444115667;TU;815;22H;;1,00;
07/02/2026;016;91505;6191114657328;TU;385;25H;;1,00;
07/02/2026;021;21383;6191114508736;L/XL;170;24H;;1,00;
07/02/2026;021;21688;6191114566217;L;476;25E;;1,00;
07/02/2026;021;22006;6191114606951;XXL;995;25H;;1,00;
07/02/2026;021;22011;6191114607378;S;215;25H;;1,00;
07/02/2026;021;22013;6191114607637;M;995;25H;;1,00;
07/02/2026;021;22017;6191114609204;XL;995;25H;;1,00;
07/02/2026;021;22017;6191114609211;XL;010;25H;;1,00;
07/02/2026;021;22020;6191114619302;XXL;815;25H;;1,00;
07/02/2026;021;22022;6191114609754;XL;R010;25H;;1,00;
07/02/2026;021;22022;6191114609761;XXL;R385;25H;;1,00;
07/02/2026;021;22024;6191114653313;L;815;25H;;1,00;
07/02/2026;021;22033;6191114611023;M;815;25H;;1,00;
07/02/2026;021;22033;6191114611054;L;695;25H;;1,00;
07/02/2026;021;22056;6191114617728;XXL;310;25H;;1,00;
07/02/2026;021;22061;6191114618176;L;R350;25H;;2,00;
07/02/2026;021;22062;6191114618282;M;995;25H;;1,00;
07/02/2026;021;22062;6191114618312;L;995;25H;;1,00;
07/02/2026;021;22101;6191114621022;M;995;25H;;1,00;
07/02/2026;021;22102;6191114621077;S;995;25H;;1,00;
07/02/2026;021;22102;6191114621114;XXL;995;25H;;1,00;
07/02/2026;021;22105;6191114621213;L;000;25H;;1,00;
07/02/2026;021;22113;6191114645684;M;990;25H;;1,00;
07/02/2026;021;22113;6191114645707;L;820;25H;;1,00;
07/02/2026;021;22117;6191114646216;XS;995;25H;;1,00;
07/02/2026;021;22117;6191114648975;S;940;25H;;1,00;
07/02/2026;021;22117;6191114649026;XS;940;25H;;1,00;
07/02/2026;021;22127;6191114649071;XL;770;25H;;1,00;
07/02/2026;021;22132;6191114623859;L;794;25H;;1,00;
07/02/2026;021;22132;6191114623880;XL;224;25H;;1,00;
07/02/2026;021;22133;6191114624009;L;645;25H;;1,00;
07/02/2026;021;22133;6191114625198;L;995;25H;;1,00;
07/02/2026;021;22139;6191114624405;S;940;25H;;1,00;
07/02/2026;021;22142;6191114624733;L;875;25H;;2,00;
07/02/2026;021;22145;6191114629950;XL;995;25H;;1,00;
07/02/2026;021;22163;6191114659858;XXL;C790;25H;;1,00;
07/02/2026;021;22170;6191114626973;XL;R385;25H;;1,00;
07/02/2026;021;22173;6191114628670;M;995;25H;;1,00;
07/02/2026;021;22174;6191114628779;3XL;990;25H;;1,00;
07/02/2026;021;22175;6191114628830;3XL;990;25H;;1,00;
07/02/2026;021;22177;6191114628922;XXL;010;25H;;1,00;
07/02/2026;021;22177;6191114628939;XXL;215;25H;;1,00;
07/02/2026;021;22180;6191114629233;XL;995;25H;;1,00;
07/02/2026;021;22181;6191114629257;M;995;25H;;1,00;
07/02/2026;021;22182;6191114629479;3XL;784;25H;;1,00;
07/02/2026;021;22183;6191114629509;M;385;25H;;1,00;
07/02/2026;021;22183;6191114629516;M;995;25H;;1,00;
07/02/2026;021;22183;6191114629561;XXL;385;25H;;2,00;
07/02/2026;021;22198;6191114630178;L;695;25H;;1,00;
07/02/2026;021;22207;6191114640382;S;880;25H;;1,00;
07/02/2026;021;22207;6191114640504;XXL;880;25H;;1,00;
07/02/2026;021;22216;6191114642683;L;I385;25H;;1,00;
07/02/2026;021;22216;6191114642690;XL;I385;25H;;1,00;
07/02/2026;021;22217;6191114642836;L;000;25H;;1,00;
07/02/2026;021;22223;6191114643512;M;645;25H;;1,00;
07/02/2026;021;22239;6191114644977;L;815;25H;;1,00;
07/02/2026;021;22243;6191114647862;3XL;995;25H;;1,00;
07/02/2026;021;22250;6191114649668;XXL;815;25H;;2,00;
07/02/2026;021;22255;6191114650350;M;995;25H;;1,00;
07/02/2026;021;22257;6191114650671;4XL;I195;25H;;1,00;
07/02/2026;021;22258;6191114650718;M;385;25H;;1,00;
07/02/2026;021;22258;6191114650817;XXL;195;25H;;1,00;
07/02/2026;021;22261;6191114651265;L;490;25H;;1,00;
07/02/2026;021;22262;6191114651388;L;490;25H;;1,00;
07/02/2026;021;22262;6191114651401;XL;490;25H;;1,00;
07/02/2026;021;22263;6191114651555;L;995;25H;;1,00;
07/02/2026;021;22267;6191114651883;XXL;815;25H;;1,00;
07/02/2026;021;22267;6191114651920;4XL;815;25H;;1,00;
07/02/2026;021;22278;6191114653504;XL;995;25H;;1,00;
07/02/2026;021;22279;6191114653610;M;000;25H;;1,00;
07/02/2026;021;22284;6191114654211;L;385;25H;;1,00;
07/02/2026;021;22288;6191114654686;XXL;995;25H;;1,00;
07/02/2026;021;22295;6191114656185;S;995;25H;;1,00;
07/02/2026;021;22301;6191114657151;XXL;995;25H;;2,00;
07/02/2026;021;22304;6191114660441;M;MCO;25H;;1,00;
07/02/2026;021;22307;6191114669987;L;M870;25H;;1,00;
07/02/2026;021;22307;6191114670037;XXL;M815;25H;;1,00;
07/02/2026;021;22307;6191114670051;XXL;M940;25H;;1,00;
07/02/2026;021;22311;6191114658080;M;I995;25H;;1,00;
07/02/2026;021;22318;6191114658981;M;C000;25H;;1,00;
07/02/2026;021;22318;6191114659025;XL;C000;25H;;1,00;
07/02/2026;021;22318;6191114659056;3XL;235;25H;;1,00;
07/02/2026;021;22319;6191114670228;S;995;25H;;1,00;
07/02/2026;021;22330;6191114660069;L;220;25H;;1,00;
07/02/2026;021;22330;6191114660113;3XL;724;25H;;1,00;
07/02/2026;021;22330;6191114660120;3XL;220;25H;;1,00;
07/02/2026;021;22332;6191114660540;XL;870;25H;;1,00;
07/02/2026;021;22351;6191114668850;XXL;I815;25H;;1,00;
07/02/2026;021;70203;6191114608252;M;R995;25H;;1,00;
07/02/2026;021;70210;6191114619203;XL;R385;25H;;1,00;
07/02/2026;021;70210;6191114619210;XL;R350;25H;;1,00;
07/02/2026;021;70221;6191114631311;XXL;I995;25H;;1,00;
07/02/2026;021;70226;6191114652071;XXL;I880;25H;;1,00;
07/02/2026;021;70226;6191114652095;3XL;I995;25H;;1,00;
07/02/2026;021;70226;6191114652101;3XL;I880;25H;;1,00;
07/02/2026;021;70227;6191114652224;XL;I875;25H;;2,00;
07/02/2026;021;70227;6191114652255;3XL;I740;25H;;1,00;
07/02/2026;021;70231;6191114658721;XL;C995;25H;;1,00;
07/02/2026;021;70233;6191114658882;L;995;25H;;1,00;
07/02/2026;021;70233;6191114658899;XL;995;25H;;1,00;
07/02/2026;021;70233;6191114658912;3XL;995;25H;;1,00;
07/02/2026;021;91509;6191114625341;39;995;25H;;1,00;
07/02/2026;021;91532;6191114648593;TU;995;25H;;1,00;
07/02/2026;024;20416;6191114293601;L;995;23H;;1,00;
07/02/2026;024;21073;6191114448421;XS;815;24H;;1,00;
07/02/2026;024;21112;6191114452916;3XL;M940;24H;;1,00;
07/02/2026;024;21131;6191114462700;XL;010;24H;;1,00;
07/02/2026;024;21135;6191114463110;M;940;24H;;1,00;
07/02/2026;024;21135;6191114482852;XL;780;24H;;1,00;
07/02/2026;024;21171;6191114467316;XL;010;24H;;1,00;
07/02/2026;024;21236;6191114477841;36;645;24H;;1,00;
07/02/2026;024;21312;6191114496705;36;995;24H;;1,00;
07/02/2026;024;21314;6191114496866;37;825;24H;;1,00;
07/02/2026;024;21314;6191114499379;38;995;24H;;1,00;
07/02/2026;024;21315;6191114497016;41;195;24H;;1,00;
07/02/2026;024;21317;6191114497085;36;995;24H;;1,00;
07/02/2026;024;21358;6191114503694;L;995;24H;;1,00;
07/02/2026;024;21359;6191114503755;L;995;24H;;1,00;
07/02/2026;024;21394;6191114509801;XXL;995;24H;;1,00;
07/02/2026;024;21402;6191114513310;XL;995;24H;;1,00;
07/02/2026;024;21420;6191114514324;XXL;995;24H;;1,00;
07/02/2026;024;21462;6191114530485;L/XL;430;24H;;1,00;
07/02/2026;024;21472;6191114532038;S;995;24H;;2,00;
07/02/2026;024;21688;6191114566224;XL;476;25E;;1,00;
07/02/2026;024;22005;6191114606630;L;010;25H;;1,00;
07/02/2026;024;22009;6191114607217;XXL;380;25H;;1,00;
07/02/2026;024;22013;6191114607606;S;870;25H;;1,00;
07/02/2026;024;22015;6191114607842;S;695;25H;;1,00;
07/02/2026;024;22017;6191114609211;XL;010;25H;;1,00;
07/02/2026;024;22019;6191114609495;3XL;995;25H;;1,00;
07/02/2026;024;22020;6191114609563;XL;695;25H;;1,00;
07/02/2026;024;22023;6191114609808;S;R385;25H;;1,00;
07/02/2026;024;22024;6191114653252;L;870;25H;;1,00;
07/02/2026;024;22026;6191114610217;L;645;25H;;1,00;
07/02/2026;024;22030;6191114610699;L;010;25H;;1,00;
07/02/2026;024;22031;6191114610804;L;995;25H;;1,00;
07/02/2026;024;22031;6191114610859;XXL;695;25H;;1,00;
07/02/2026;024;22032;6191114610934;L;940;25H;;1,00;
07/02/2026;024;22037;6191114611252;S;010;25H;;1,00;
07/02/2026;024;22043;6191114622104;XL;855;25H;;1,00;
07/02/2026;024;22049;6191114612129;L;995;25H;;1,00;
07/02/2026;024;22055;6191114617629;3XL;870;25H;;1,00;
07/02/2026;024;22058;6191114617933;L;000;25H;;1,00;
07/02/2026;024;22058;6191114617988;3XL;995;25H;;1,00;
07/02/2026;024;22062;6191114618299;M;195;25H;;1,00;
07/02/2026;024;22062;6191114618305;L;870;25H;;1,00;
07/02/2026;024;22063;6191114618480;S;870;25H;;1,00;
07/02/2026;024;22063;6191114618503;S;784;25H;;1,00;
07/02/2026;024;22064;6191114618794;XL;855;25H;;1,00;
07/02/2026;024;22064;6191114618817;XXL;010;25H;;1,00;
07/02/2026;024;22069;6191114615830;S;870;25H;;1,00;
07/02/2026;024;22077;6191114626126;S;326;25H;;1,00;
07/02/2026;024;22085;6191114619425;XL;740;25H;;1,00;
07/02/2026;024;22111;6191114622678;XL;255;25H;;1,00;
07/02/2026;024;22113;6191114645646;S;820;25H;;1,00;
07/02/2026;024;22115;6191114645943;M;820;25H;;1,00;
07/02/2026;024;22117;6191114646216;XS;995;25H;;1,00;
07/02/2026;024;22117;6191114648982;M;940;25H;;1,00;
07/02/2026;024;22117;6191114648999;L;940;25H;;1,00;
07/02/2026;024;22122;6191114646650;L;995;25H;;1,00;
07/02/2026;024;22127;6191114647114;L;995;25H;;1,00;
07/02/2026;024;22133;6191114625198;L;995;25H;;1,00;
07/02/2026;024;22142;6191114624665;S;995;25H;;1,00;
07/02/2026;024;22142;6191114624696;M;995;25H;;1,00;
07/02/2026;024;22142;6191114624726;L;995;25H;;1,00;
07/02/2026;024;22148;6191114625570;XXL;995;25H;;1,00;
07/02/2026;024;22164;6191114649507;XXL;995;25H;;1,00;
07/02/2026;024;22173;6191114628687;L;995;25H;;1,00;
07/02/2026;024;22174;6191114628779;3XL;990;25H;;1,00;
07/02/2026;024;22177;6191114628922;XXL;010;25H;;1,00;
07/02/2026;024;22180;6191114629233;XL;995;25H;;1,00;
07/02/2026;024;22182;6191114629332;M;870;25H;;1,00;
07/02/2026;024;22182;6191114629394;XL;870;25H;;1,00;
07/02/2026;024;22182;6191114629400;XL;995;25H;;1,00;
07/02/2026;024;22186;6191114627727;M;784;25H;;1,00;
07/02/2026;024;22186;6191114627796;3XL;385;25H;;1,00;
07/02/2026;024;22194;6191114628168;M;I255;25H;;1,00;
07/02/2026;024;22195;6191114628595;XXL;215;25H;;1,00;
07/02/2026;024;22200;6191114648364;3XL;210;25H;;1,00;
07/02/2026;024;22201;6191114630437;XL;995;25H;;1,00;
07/02/2026;024;22202;6191114630550;XL;790;25H;;1,00;
07/02/2026;024;22203;6191114630642;L;995;25H;;1,00;
07/02/2026;024;22206;6191114630888;L;995;25H;;1,00;
07/02/2026;024;22207;6191114640450;L;784;25H;;1,00;
07/02/2026;024;22216;6191114642607;S;I880;25H;;1,00;
07/02/2026;024;22216;6191114642638;XL;I880;25H;;1,00;
07/02/2026;024;22223;6191114649293;3XL;870;25H;;1,00;
07/02/2026;024;22230;6191114644120;XL;790;25H;;1,00;
07/02/2026;024;22233;6191114644427;XL;000;25H;;1,00;
07/02/2026;024;22238;6191114644885;XL;I995;25H;;1,00;
07/02/2026;024;22239;6191114645028;XL;784;25H;;1,00;
07/02/2026;024;22241;6191114647381;XL;R000;25H;;1,00;
07/02/2026;024;22243;6191114647817;XL;215;25H;;1,00;
07/02/2026;024;22243;6191114647855;XXL;695;25H;;1,00;
07/02/2026;024;22243;6191114647879;3XL;215;25H;;1,00;
07/02/2026;024;22244;6191114647909;S;215;25H;;1,00;
07/02/2026;024;22244;6191114647916;S;695;25H;;1,00;
07/02/2026;024;22244;6191114647947;M;695;25H;;1,00;
07/02/2026;024;22244;6191114647954;L;995;25H;;2,00;
07/02/2026;024;22249;6191114649248;XL;010;25H;;1,00;
07/02/2026;024;22250;6191114649606;L;815;25H;;1,00;
07/02/2026;024;22250;6191114649637;XL;815;25H;;1,00;
07/02/2026;024;22250;6191114649668;XXL;815;25H;;-1,00;
07/02/2026;024;22257;6191114650558;L;I195;25H;;1,00;
07/02/2026;024;22257;6191114650589;XL;I195;25H;;1,00;
07/02/2026;024;22257;6191114650657;4XL;I350;25H;;1,00;
07/02/2026;024;22258;6191114650817;XXL;195;25H;;1,00;
07/02/2026;024;22258;6191114650862;4XL;385;25H;;1,00;
07/02/2026;024;22262;6191114651340;S;490;25H;;1,00;
07/02/2026;024;22263;6191114651470;XS;010;25H;;1,00;
07/02/2026;024;22263;6191114651524;M;995;25H;;1,00;
07/02/2026;024;22276;6191114655775;M;995;25H;;1,00;
07/02/2026;024;22276;6191114655799;L;995;25H;;1,00;
07/02/2026;024;22277;6191114653405;M;784;25H;;1,00;
07/02/2026;024;22279;6191114653719;3XL;645;25H;;1,00;
07/02/2026;024;22285;6191114654419;3XL;385;25H;;1,00;
07/02/2026;024;22287;6191114654518;S;815;25H;;1,00;
07/02/2026;024;22288;6191114654631;XS;995;25H;;1,00;
07/02/2026;024;22289;6191114655201;S;995;25H;;1,00;
07/02/2026;024;22289;6191114655263;XL;995;25H;;1,00;
07/02/2026;024;22291;6191114655461;XXL;995;25H;;1,00;
07/02/2026;024;22294;6191114656024;S;820;25H;;1,00;
07/02/2026;024;22294;6191114656055;M;820;25H;;1,00;
07/02/2026;024;22294;6191114656079;L;870;25H;;1,00;
07/02/2026;024;22296;6191114656482;M;215;25H;;1,00;
07/02/2026;024;22296;6191114656512;L;215;25H;;1,00;
07/02/2026;024;22301;6191114657113;L;995;25H;;1,00;
07/02/2026;024;22301;6191114657120;L;215;25H;;1,00;
07/02/2026;024;22301;6191114657137;XL;995;25H;;1,00;
07/02/2026;024;22302;6191114657236;L;995;25H;;1,00;
07/02/2026;024;22302;6191114657243;L;245;25H;;1,00;
07/02/2026;024;22304;6191114660472;XXL;MCO;25H;;1,00;
07/02/2026;024;22307;6191114669987;L;M870;25H;;1,00;
07/02/2026;024;22312;6191114658158;XL;995;25H;;1,00;
07/02/2026;024;22316;6191114658509;M;476;25H;;1,00;
07/02/2026;024;22316;6191114658516;L;476;25H;;1,00;
07/02/2026;024;22316;6191114658523;XL;476;25H;;1,00;
07/02/2026;024;22317;6191114658578;M;385;25H;;1,00;
07/02/2026;024;22318;6191114659049;XXL;C000;25H;;1,00;
07/02/2026;024;22320;6191114659131;S;825;25H;;1,00;
07/02/2026;024;22320;6191114659179;L;825;25H;;1,00;
07/02/2026;024;22321;6191114659292;M;825;25H;;1,00;
07/02/2026;024;22321;6191114659339;XL;825;25H;;1,00;
07/02/2026;024;22340;6191114661172;M;MCO;25H;;1,00;
07/02/2026;024;22352;6191114668881;M;I010;25H;;1,00;
07/02/2026;024;55718;6191114526471;3XL;995;24H;;1,00;
07/02/2026;024;55718;6191114528383;M;385;24H;;1,00;
07/02/2026;024;55724;6191114526778;S;815;24H;;1,00;
07/02/2026;024;55800;6191114621695;3XL;975;25H;;1,00;
07/02/2026;024;55801;6191114621770;L;995;25H;;1,00;
07/02/2026;024;55809;6191114642133;XXL;870;25H;;1,00;
07/02/2026;024;55810;6191114642218;M;010;25H;;1,00;
07/02/2026;024;55813;6191114645219;M;940;25H;;1,00;
07/02/2026;024;55813;6191114645332;3XL;940;25H;;1,00;
07/02/2026;024;55815;6191114645561;L;385;25H;;1,00;
07/02/2026;024;55815;6191114669321;L;995;25H;;1,00;
07/02/2026;024;55816;6191114648500;XXL;R385;25H;;1,00;
07/02/2026;024;55816;6191114648517;XXL;R990;25H;;1,00;
07/02/2026;024;55817;6191114654792;XL;385;25H;;1,00;
07/02/2026;024;55817;6191114654808;XL;695;25H;;2,00;
07/02/2026;024;55817;6191114654815;XL;790;25H;;2,00;
07/02/2026;024;55817;6191114654860;3XL;695;25H;;1,00;
07/02/2026;024;55817;6191114654877;3XL;790;25H;;1,00;
07/02/2026;024;55818;6191114654983;L;385;25H;;1,00;
07/02/2026;024;55818;6191114655003;L;824;25H;;1,00;
07/02/2026;024;55818;6191114655041;XL;995;25H;;1,00;
07/02/2026;024;55818;6191114655058;XL;824;25H;;1,00;
07/02/2026;024;55818;6191114655157;3XL;824;25H;;1,00;
07/02/2026;024;55818;6191114658295;S;535;25H;;1,00;
07/02/2026;024;55818;6191114658301;M;535;25H;;1,00;
07/02/2026;024;55818;6191114658325;XL;535;25H;;1,00;
07/02/2026;024;70200;6191114607989;3XL;R940;25H;;1,00;
07/02/2026;024;70202;6191114608146;M;010;25H;;1,00;
07/02/2026;024;70202;6191114608214;3XL;995;25H;;1,00;
07/02/2026;024;70205;6191114612334;XXL;385;25H;;1,00;
07/02/2026;024;70208;6191114612624;S;R385;25H;;1,00;
07/02/2026;024;70217;6191114647329;XL;E385;25H;;1,00;
07/02/2026;024;70226;6191114652026;L;I815;25H;;1,00;
07/02/2026;024;70226;6191114652033;XL;I995;25H;;1,00;
07/02/2026;024;70230;6191114658202;L;I995;25H;;1,00;
07/02/2026;024;70231;6191114658707;L;C995;25H;;2,00;
07/02/2026;024;70231;6191114658721;XL;C995;25H;;1,00;
07/02/2026;024;70233;6191114658899;XL;995;25H;;1,00;
07/02/2026;024;91368;6191114569218;TU;170;25E;;1,00;
07/02/2026;024;91502;6191114669123;TU;695;25H;;1,00;
07/02/2026;024;91510;6191114625426;36;995;25H;;1,00;
07/02/2026;024;91512;6191114626423;TU;995;25H;;1,00;
07/02/2026;024;91527;6191114640092;37;870;25H;;1,00;
07/02/2026;024;91527;6191114640122;38;995;25H;;1,00;
07/02/2026;024;91529;6191114640290;37;385;25H;;1,00;
07/02/2026;024;91529;6191114640313;38;385;25H;;1,00;
07/02/2026;024;91529;6191114640320;38;875;25H;;1,00;
07/02/2026;024;91529;6191114640368;40;875;25H;;1,00;
07/02/2026;029;20832;6191114396395;2XL/3;495;24E;;1,00;
07/02/2026;029;21189;6191114471214;S;I350;24H;;1,00;
07/02/2026;029;21359;6191114503779;XXL;995;24H;;1,00;
07/02/2026;029;21551;6191114543461;39;170;25E;;1,00;
07/02/2026;029;21584;6191114550308;39;695;25E;;-1,00;
07/02/2026;029;21584;6191114550322;40;695;25E;;1,00;
07/02/2026;029;21659;6191114588899;L;005;25E;;1,00;
07/02/2026;029;21830;6191114583436;XL;200;25E;;1,00;
07/02/2026;029;21831;6191114583559;L;200;25E;;1,00;
07/02/2026;029;21832;6191114583740;XXL;995;25E;;1,00;
07/02/2026;029;21833;6191114583863;L;995;25E;;1,00;
07/02/2026;029;22004;6191114606357;S;R995;25H;;1,00;
07/02/2026;029;22005;6191114606678;XL;010;25H;;1,00;
07/02/2026;029;22012;6191114607484;S;995;25H;;1,00;
07/02/2026;029;22013;6191114607637;M;995;25H;;1,00;
07/02/2026;029;22014;6191114607828;3XL;R010;25H;;1,00;
07/02/2026;029;22020;6191114619302;XXL;815;25H;;1,00;
07/02/2026;029;22024;6191114653313;L;815;25H;;1,00;
07/02/2026;029;22030;6191114610668;M;995;25H;;1,00;
07/02/2026;029;22030;6191114610705;XL;995;25H;;1,00;
07/02/2026;029;22031;6191114610811;L;695;25H;;1,00;
07/02/2026;029;22032;6191114610941;XL;995;25H;;1,00;
07/02/2026;029;22033;6191114611023;M;815;25H;;1,00;
07/02/2026;029;22044;6191114622043;XL;695;25H;;1,00;
07/02/2026;029;22060;6191114618053;L;310;25H;;1,00;
07/02/2026;029;22065;6191114618923;M;350;25H;;1,00;
07/02/2026;029;22066;6191114615564;S;875;25H;;1,00;
07/02/2026;029;22066;6191114615588;M;875;25H;;1,00;
07/02/2026;029;22077;6191114626133;M;326;25H;;1,00;
07/02/2026;029;22098;6191114620841;M;995;25H;;1,00;
07/02/2026;029;22103;6191114621145;M;995;25H;;1,00;
07/02/2026;029;22113;6191114645646;S;820;25H;;1,00;
07/02/2026;029;22124;6191114646827;S;995;25H;;1,00;
07/02/2026;029;22126;6191114649354;3XL;760;25H;;1,00;
07/02/2026;029;22128;6191114623002;L;385;25H;;1,00;
07/02/2026;029;22142;6191114624702;M;875;25H;;1,00;
07/02/2026;029;22183;6191114629554;XL;995;25H;;1,00;
07/02/2026;029;22190;6191114627826;M;995;25H;;1,00;
07/02/2026;029;22190;6191114627833;L;995;25H;;1,00;
07/02/2026;029;22211;6191114641419;XXL;694;25H;;1,00;
07/02/2026;029;22212;6191114641457;S;385;25H;;1,00;
07/02/2026;029;22212;6191114641488;M;385;25H;;1,00;
07/02/2026;029;22212;6191114641501;M;235;25H;;1,00;
07/02/2026;029;22212;6191114641549;XL;385;25H;;1,00;
07/02/2026;029;22243;6191114647749;M;995;25H;;1,00;
07/02/2026;029;22250;6191114649569;S;784;25H;;1,00;
07/02/2026;029;22262;6191114651357;M;385;25H;;1,00;
07/02/2026;029;22276;6191114655775;M;995;25H;;1,00;
07/02/2026;029;22287;6191114654549;M;995;25H;;1,00;
07/02/2026;029;22296;6191114656451;S;215;25H;;1,00;
07/02/2026;029;22296;6191114656512;L;215;25H;;1,00;
07/02/2026;029;22296;6191114656543;XL;215;25H;;1,00;
07/02/2026;029;22301;6191114657090;M;995;25H;;1,00;
07/02/2026;029;22307;6191114670082;3XL;M940;25H;;1,00;
07/02/2026;029;22331;6191114660274;XL;995;25H;;1,00;
07/02/2026;029;66479;6191114492967;XXL;995;24H;;1,00;
07/02/2026;029;70205;6191114612297;L;385;25H;;1,00;
07/02/2026;029;70217;6191114647312;L;E385;25H;;1,00;
07/02/2026;029;70224;6191114641808;L;694;25H;;1,00;
07/02/2026;029;70227;6191114652170;M;I740;25H;;1,00;
07/02/2026;029;91367;6191114542518;TU;385;25E;;1,00;
07/02/2026;029;91505;6191114657328;TU;385;25H;;1,00;
07/02/2026;029;91510;6191114625488;39;995;25H;;1,00;
07/02/2026;030;20354;6191114279834;3XL;995;23H;;1,00;
07/02/2026;030;20354;6191114297456;L;790;23H;;1,00;
07/02/2026;030;20354;6191114297494;4XL;790;23H;;1,00;
07/02/2026;030;21223;6191114479241;L;995;24H;;1,00;
07/02/2026;030;21358;6191114503687;M;995;24H;;1,00;
07/02/2026;030;21358;6191114503694;L;995;24H;;1,00;
07/02/2026;030;21659;6191114553880;L;995;25E;;1,00;
07/02/2026;030;21826;6191114582897;XXL;200;25E;;1,00;
07/02/2026;030;21829;6191114583290;S;MCO;25E;;1,00;
07/02/2026;030;22004;6191114606517;3XL;R815;25H;;1,00;
07/02/2026;030;22005;6191114606593;M;010;25H;;1,00;
07/02/2026;030;22005;6191114606609;L;815;25H;;1,00;
07/02/2026;030;22005;6191114606616;L;645;25H;;1,00;
07/02/2026;030;22005;6191114606746;3XL;995;25H;;1,00;
07/02/2026;030;22006;6191114606876;L;995;25H;;1,00;
07/02/2026;030;22006;6191114606913;XL;995;25H;;1,00;
07/02/2026;030;22010;6191114607316;XL;995;25H;;1,00;
07/02/2026;030;22011;6191114607385;M;010;25H;;1,00;
07/02/2026;030;22012;6191114607576;XXL;010;25H;;1,00;
07/02/2026;030;22017;6191114609235;XXL;010;25H;;1,00;
07/02/2026;030;22020;6191114619302;XXL;815;25H;;1,00;
07/02/2026;030;22020;6191114619319;3XL;815;25H;;1,00;
07/02/2026;030;22024;6191114653269;XL;870;25H;;1,00;
07/02/2026;030;22024;6191114653320;XL;815;25H;;1,00;
07/02/2026;030;22024;6191114653337;XXL;815;25H;;1,00;
07/02/2026;030;22026;6191114610217;L;645;25H;;1,00;
07/02/2026;030;22026;6191114610224;XL;815;25H;;1,00;
07/02/2026;030;22027;6191114610323;L;645;25H;;1,00;
07/02/2026;030;22027;6191114610347;XL;645;25H;;1,00;
07/02/2026;030;22027;6191114653061;XL;870;25H;;1,00;
07/02/2026;030;22028;6191114610453;L;940;25H;;1,00;
07/02/2026;030;22030;6191114610668;M;995;25H;;1,00;
07/02/2026;030;22033;6191114611054;L;695;25H;;1,00;
07/02/2026;030;22033;6191114611061;XL;815;25H;;1,00;
07/02/2026;030;22033;6191114611092;XXL;695;25H;;1,00;
07/02/2026;030;22036;6191114611191;XL;R010;25H;;1,00;
07/02/2026;030;22037;6191114611276;M;010;25H;;1,00;
07/02/2026;030;22044;6191114622043;XL;695;25H;;1,00;
07/02/2026;030;22044;6191114622050;XXL;695;25H;;1,00;
07/02/2026;030;22044;6191114622067;3XL;695;25H;;1,00;
07/02/2026;030;22055;6191114617568;L;870;25H;;1,00;
07/02/2026;030;22060;6191114618022;M;215;25H;;1,00;
07/02/2026;030;22060;6191114618077;XL;310;25H;;1,00;
07/02/2026;030;22062;6191114618411;3XL;195;25H;;1,00;
07/02/2026;030;22065;6191114618961;XL;350;25H;;1,00;
07/02/2026;030;22066;6191114615625;XL;875;25H;;1,00;
07/02/2026;030;22081;6191114617063;L;380;25H;;1,00;
07/02/2026;030;22083;6191114619081;XL;350;25H;;1,00;
07/02/2026;030;22085;6191114619432;XXL;195;25H;;1,00;
07/02/2026;030;22085;6191114619449;XXL;740;25H;;1,00;
07/02/2026;030;22095;6191114620520;L;R350;25H;;1,00;
07/02/2026;030;22096;6191114620667;3XL;995;25H;;1,00;
07/02/2026;030;22103;6191114621183;3XL;995;25H;;1,00;
07/02/2026;030;22113;6191114645769;XXL;990;25H;;1,00;
07/02/2026;030;22117;6191114646254;M;995;25H;;1,00;
07/02/2026;030;22117;6191114649026;XS;940;25H;;1,00;
07/02/2026;030;22118;6191114646346;XS;874;25H;;1,00;
07/02/2026;030;22124;6191114646834;M;645;25H;;1,00;
07/02/2026;030;22128;6191114622975;M;385;25H;;1,00;
07/02/2026;030;22128;6191114623002;L;385;25H;;1,00;
07/02/2026;030;22128;6191114623071;XXL;870;25H;;1,00;
07/02/2026;030;22129;6191114623187;XL;385;25H;;1,00;
07/02/2026;030;22129;6191114623200;XL;010;25H;;1,00;
07/02/2026;030;22137;6191114623439;XXL;385;25H;;1,00;
07/02/2026;030;22142;6191114624702;M;875;25H;;1,00;
07/02/2026;030;22142;6191114624740;L;195;25H;;1,00;
07/02/2026;030;22148;6191114625563;XL;995;25H;;1,00;
07/02/2026;030;22153;6191114625815;L;995;25H;;1,00;
07/02/2026;030;22163;6191114659834;L;C490;25H;;1,00;
07/02/2026;030;22175;6191114628816;XL;990;25H;;1,00;
07/02/2026;030;22180;6191114629202;S;995;25H;;1,00;
07/02/2026;030;22183;6191114629523;L;385;25H;;1,00;
07/02/2026;030;22194;6191114628243;XXL;I385;25H;;1,00;
07/02/2026;030;22195;6191114628618;XXL;210;25H;;1,00;
07/02/2026;030;22197;6191114630086;XL;815;25H;;1,00;
07/02/2026;030;22200;6191114648333;L;210;25H;;1,00;
07/02/2026;030;22203;6191114630680;XXL;995;25H;;1,00;
07/02/2026;030;22209;6191114640696;M;815;25H;;1,00;
07/02/2026;030;22211;6191114641372;L;694;25H;;1,00;
07/02/2026;030;22212;6191114641549;XL;385;25H;;1,00;
07/02/2026;030;22213;6191114642331;XL;815;25H;;1,00;
07/02/2026;030;22216;6191114642669;S;I385;25H;;1,00;
07/02/2026;030;22222;6191114643390;L;010;25H;;1,00;
07/02/2026;030;22223;6191114643628;XXL;995;25H;;1,00;
07/02/2026;030;22223;6191114643635;3XL;645;25H;;1,00;
07/02/2026;030;22229;6191114644007;M;995;25H;;1,00;
07/02/2026;030;22230;6191114644120;XL;790;25H;;1,00;
07/02/2026;030;22233;6191114644373;M;815;25H;;1,00;
07/02/2026;030;22233;6191114644403;L;000;25H;;1,00;
07/02/2026;030;22242;6191114647527;L;380;25H;;1,00;
07/02/2026;030;22243;6191114647787;L;215;25H;;1,00;
07/02/2026;030;22243;6191114647879;3XL;215;25H;;1,00;
07/02/2026;030;22244;6191114647916;S;695;25H;;1,00;
07/02/2026;030;22244;6191114647930;M;215;25H;;1,00;
07/02/2026;030;22244;6191114647978;L;695;25H;;1,00;
07/02/2026;030;22248;6191114649163;L;995;25H;;1,00;
07/02/2026;030;22250;6191114649545;S;815;25H;;1,00;
07/02/2026;030;22250;6191114649637;XL;815;25H;;1,00;
07/02/2026;030;22250;6191114649668;XXL;815;25H;;1,00;
07/02/2026;030;22250;6191114649699;3XL;815;25H;;1,00;
07/02/2026;030;22262;6191114651364;M;490;25H;;1,00;
07/02/2026;030;22262;6191114651418;XXL;385;25H;;1,00;
07/02/2026;030;22263;6191114651463;XS;995;25H;;1,00;
07/02/2026;030;22263;6191114651579;XL;870;25H;;1,00;
07/02/2026;030;22267;6191114651869;XL;815;25H;;1,00;
07/02/2026;030;22273;6191114652798;XXL;385;25H;;1,00;
07/02/2026;030;22275;6191114652989;XL;790;25H;;1,00;
07/02/2026;030;22277;6191114653399;M;815;25H;;1,00;
07/02/2026;030;22277;6191114653429;L;784;25H;;1,00;
07/02/2026;030;22284;6191114654228;L;995;25H;;1,00;
07/02/2026;030;22284;6191114654242;XL;995;25H;;1,00;
07/02/2026;030;22286;6191114654457;L;995;25H;;1,00;
07/02/2026;030;22287;6191114654518;S;815;25H;;1,00;
07/02/2026;030;22288;6191114654693;3XL;995;25H;;1,00;
07/02/2026;030;22292;6191114655669;L;870;25H;;1,00;
07/02/2026;030;22295;6191114656215;M;695;25H;;1,00;
07/02/2026;030;22295;6191114656260;XXL;995;25H;;1,00;
07/02/2026;030;22296;6191114656543;XL;215;25H;;1,00;
07/02/2026;030;22300;6191114656840;XXL;870;25H;;1,00;
07/02/2026;030;22301;6191114657106;M;215;25H;;1,00;
07/02/2026;030;22301;6191114657144;XL;215;25H;;1,00;
07/02/2026;030;22303;6191114657397;XL;870;25H;;1,00;
07/02/2026;030;22304;6191114660458;L;MCO;25H;;1,00;
07/02/2026;030;22306;6191114669093;XXL;995;25H;;1,00;
07/02/2026;030;22307;6191114670013;XL;M870;25H;;1,00;
07/02/2026;030;22322;6191114659476;L;740;25H;;1,00;
07/02/2026;030;22325;6191114659896;XS;995;25H;;1,00;
07/02/2026;030;22330;6191114660052;L;724;25H;;1,00;
07/02/2026;030;22330;6191114660076;XL;724;25H;;1,00;
07/02/2026;030;22331;6191114660137;S;815;25H;;1,00;
07/02/2026;030;22350;6191114668768;M;I815;25H;;1,00;
07/02/2026;030;22351;6191114668805;XS;I815;25H;;1,00;
07/02/2026;030;55801;6191114621763;L;385;25H;;1,00;
07/02/2026;030;55808;6191114641297;XXL;975;25H;;1,00;
07/02/2026;030;55809;6191114642065;S;010;25H;;1,00;
07/02/2026;030;55809;6191114642072;M;870;25H;;1,00;
07/02/2026;030;55811;6191114644625;XL;R784;25H;;1,00;
07/02/2026;030;55811;6191114644663;3XL;R784;25H;;1,00;
07/02/2026;030;55813;6191114645226;L;385;25H;;1,00;
07/02/2026;030;55813;6191114645240;L;940;25H;;1,00;
07/02/2026;030;55816;6191114648432;L;R995;25H;;1,00;
07/02/2026;030;66481;6191114502222;L/XL;200;24H;;1,00;
07/02/2026;030;70202;6191114608184;XL;010;25H;;1,00;
07/02/2026;030;70217;6191114647312;L;E385;25H;;1,00;
07/02/2026;030;70227;6191114652163;S;I875;25H;;1,00;
07/02/2026;030;70227;6191114652187;M;I875;25H;;1,00;
07/02/2026;030;70231;6191114658738;XXL;C000;25H;;1,00;
07/02/2026;030;70232;6191114658806;M;995;25H;;1,00;
07/02/2026;030;91506;6191114626379;TU;995;25H;;1,00;
07/02/2026;031;21135;6191114463158;XL;940;24H;;1,00;
07/02/2026;031;22004;6191114606456;XL;R815;25H;;1,00;
07/02/2026;031;22006;6191114606845;L;815;25H;;1,00;
07/02/2026;031;22006;6191114606876;L;995;25H;;1,00;
07/02/2026;031;22018;6191114609365;3XL;R385;25H;;1,00;
07/02/2026;031;22019;6191114609433;L;995;25H;;1,00;
07/02/2026;031;22019;6191114609440;XL;815;25H;;1,00;
07/02/2026;031;22024;6191114653290;S;815;25H;;1,00;
07/02/2026;031;22025;6191114610156;3XL;010;25H;;1,00;
07/02/2026;031;22030;6191114610651;S;010;25H;;1,00;
07/02/2026;031;22033;6191114611108;3XL;815;25H;;1,00;
07/02/2026;031;22036;6191114611146;M;R995;25H;;1,00;
07/02/2026;031;22036;6191114611160;L;R995;25H;;1,00;
07/02/2026;031;22037;6191114611337;XXL;010;25H;;1,00;
07/02/2026;031;22058;6191114617940;XL;995;25H;;1,00;
07/02/2026;031;22063;6191114618572;XL;870;25H;;1,00;
07/02/2026;031;22064;6191114618862;3XL;010;25H;;1,00;
07/02/2026;031;22068;6191114642393;XL;695;25H;;1,00;
07/02/2026;031;22101;6191114621015;S;995;25H;;1,00;
07/02/2026;031;22113;6191114645776;3XL;820;25H;;1,00;
07/02/2026;031;22114;6191114645806;S;020;25H;;1,00;
07/02/2026;031;22114;6191114645875;XXL;815;25H;;1,00;
07/02/2026;031;22130;6191114623545;M;195;25H;;1,00;
07/02/2026;031;22142;6191114624764;XL;875;25H;;1,00;
07/02/2026;031;22146;6191114630017;XL;995;25H;;1,00;
07/02/2026;031;22160;6191114626195;M;870;25H;;1,00;
07/02/2026;031;22202;6191114630543;XL;995;25H;;1,00;
07/02/2026;031;22209;6191114640757;XXL;815;25H;;1,00;
07/02/2026;031;22216;6191114642751;XL;I255;25H;;1,00;
07/02/2026;031;22233;6191114644359;S;815;25H;;1,00;
07/02/2026;031;22233;6191114644366;S;000;25H;;1,00;
07/02/2026;031;22239;6191114645066;3XL;815;25H;;1,00;
07/02/2026;031;22248;6191114649125;S;995;25H;;1,00;
07/02/2026;031;22250;6191114649606;L;815;25H;;1,00;
07/02/2026;031;22250;6191114649651;XL;784;25H;;1,00;
07/02/2026;031;22252;6191114650145;L;995;25H;;1,00;
07/02/2026;031;22253;6191114650244;L;995;25H;;1,00;
07/02/2026;031;22271;6191114652330;S;695;25H;;1,00;
07/02/2026;031;22282;6191114654068;XL;I815;25H;;1,00;
07/02/2026;031;22285;6191114654358;L;385;25H;;1,00;
07/02/2026;031;22286;6191114654471;XXL;995;25H;;1,00;
07/02/2026;031;22291;6191114655409;M;995;25H;;1,00;
07/02/2026;031;22292;6191114655669;L;870;25H;;1,00;
07/02/2026;031;22292;6191114655706;XXL;870;25H;;1,00;
07/02/2026;031;22302;6191114657267;XL;245;25H;;1,00;
07/02/2026;031;22308;6191114657748;3XL;870;25H;;1,00;
07/02/2026;031;22312;6191114658141;L;995;25H;;1,00;
07/02/2026;031;22316;6191114658509;M;476;25H;;1,00;
07/02/2026;031;22317;6191114658530;XS;385;25H;;1,00;
07/02/2026;031;22320;6191114659193;XL;825;25H;;1,00;
07/02/2026;031;22321;6191114659339;XL;825;25H;;1,00;
07/02/2026;031;22323;6191114659636;3XL;995;25H;;1,00;
07/02/2026;031;22324;6191114659698;3XL;995;25H;;1,00;
07/02/2026;031;22325;6191114659902;XS;695;25H;;1,00;
07/02/2026;031;22328;6191114661400;L;995;25H;;1,00;
07/02/2026;031;22341;6191114661226;S;R950;25H;;1,00;
07/02/2026;031;70210;6191114619210;XL;R350;25H;;1,00;
07/02/2026;031;70214;6191114623767;L;195;25H;;1,00;
07/02/2026;031;70217;6191114647312;L;E385;25H;;1,00;
07/02/2026;031;70217;6191114649385;L;I385;25H;;1,00;
07/02/2026;031;91526;6191114639959;36;995;25H;;1,00;
07/02/2026;031;91529;6191114640344;39;875;25H;;1,00;
07/02/2026;032;21357;6191114503663;3XL;995;24H;;1,00;
07/02/2026;032;21859;6191114588783;XL;815;25E;;1,00;
07/02/2026;032;22031;6191114610828;XL;995;25H;;1,00;
07/02/2026;032;22032;6191114610941;XL;995;25H;;1,00;
07/02/2026;032;22044;6191114609129;XXL;995;25H;;1,00;
07/02/2026;032;22044;6191114622043;XL;695;25H;;1,00;
07/02/2026;032;22049;6191114612099;M;815;25H;;1,00;
07/02/2026;032;22052;6191114617223;XL;995;25H;;1,00;
07/02/2026;032;22057;6191114617803;L;010;25H;;1,00;
07/02/2026;032;22057;6191114617827;XL;010;25H;;1,00;
07/02/2026;032;22061;6191114618183;XL;R385;25H;;1,00;
07/02/2026;032;22064;6191114618763;XL;010;25H;;1,00;
07/02/2026;032;22067;6191114615687;L;380;25H;;1,00;
07/02/2026;032;22085;6191114619425;XL;740;25H;;1,00;
07/02/2026;032;22091;6191114620209;XL;995;25H;;1,00;
07/02/2026;032;22092;6191114620315;XL;815;25H;;1,00;
07/02/2026;032;22106;6191114621473;M;990;25H;;1,00;
07/02/2026;032;22117;6191114648999;L;940;25H;;1,00;
07/02/2026;032;22183;6191114629516;M;995;25H;;1,00;
07/02/2026;032;22183;6191114629523;L;385;25H;;1,00;
07/02/2026;032;22215;6191114642485;L;215;25H;;1,00;
07/02/2026;032;22229;6191114644007;M;995;25H;;1,00;
07/02/2026;032;22256;6191114650404;S;995;25H;;1,00;
07/02/2026;032;22257;6191114650572;XL;I740;25H;;1,00;
07/02/2026;032;22258;6191114650787;XL;195;25H;;1,00;
07/02/2026;032;22261;6191114651289;XL;490;25H;;1,00;
07/02/2026;032;22262;6191114651401;XL;490;25H;;1,00;
07/02/2026;032;22281;6191114653986;L;995;25H;;1,00;
07/02/2026;032;22289;6191114655270;XL;476;25H;;1,00;
07/02/2026;032;22303;6191114657373;L;870;25H;;1,00;
07/02/2026;032;55808;6191114641266;XL;975;25H;;1,00;
07/02/2026;032;55816;6191114648449;L;R385;25H;;1,00;
07/02/2026;032;55818;6191114655034;XL;385;25H;;2,00;
07/02/2026;032;70202;6191114608153;L;995;25H;;1,00;
07/02/2026;032;70206;6191114612372;S;870;25H;;1,00;
07/02/2026;032;70206;6191114612440;XL;995;25H;;1,00;
07/02/2026;032;70214;6191114623781;XL;195;25H;;1,00;
07/02/2026;032;70223;6191114631052;XL;476;25H;;1,00;
07/02/2026;032;70226;6191114652040;XL;I880;25H;;1,00;
07/02/2026;032;70227;6191114652224;XL;I875;25H;;1,00;
07/02/2026;033;22007;6191114607033;XL;905;25H;;1,00;
07/02/2026;033;22086;6191114619531;XL;995;25H;;1,00;
07/02/2026;033;22122;6191114646667;XL;995;25H;;1,00;
07/02/2026;033;22140;6191114624658;3XL;995;25H;;-1,00;
07/02/2026;033;22175;6191114628809;L;990;25H;;1,00;
07/02/2026;033;22301;6191114657113;L;995;25H;;1,00;
08/02/2026;002;21189;6191114471252;L;I350;24H;;1,00;
08/02/2026;002;21238;6191114480155;XL;940;24H;;1,00;
08/02/2026;002;21348;6191114501621;XL;995;24H;;1,00;
08/02/2026;002;21353;6191114502109;L/XL;995;24H;;1,00;
08/02/2026;002;22036;6191114611146;M;R995;25H;;1,00;
08/02/2026;002;22049;6191114612150;XXL;815;25H;;1,00;
08/02/2026;002;22064;6191114618770;XL;695;25H;;1,00;
08/02/2026;002;22080;6191114616943;S;380;25H;;1,00;
08/02/2026;002;22111;6191114622678;XL;255;25H;;1,00;
08/02/2026;002;22170;6191114626911;L;R995;25H;;1,00;
08/02/2026;002;22170;6191114627017;XXL;R995;25H;;-1,00;
08/02/2026;002;22195;6191114628397;XL;310;25H;;1,00;
08/02/2026;002;22238;6191114644885;XL;I995;25H;;1,00;
08/02/2026;002;22254;6191114650299;M;995;25H;;1,00;
08/02/2026;002;22256;6191114650411;M;995;25H;;1,00;
08/02/2026;002;22258;6191114650756;L;195;25H;;1,00;
08/02/2026;002;22262;6191114651432;3XL;385;25H;;1,00;
08/02/2026;002;22284;6191114654211;L;385;25H;;1,00;
08/02/2026;002;22294;6191114656093;L;950;25H;;1,00;
08/02/2026;002;22303;6191114657434;3XL;870;25H;;1,00;
08/02/2026;002;22312;6191114658141;L;995;25H;;1,00;
08/02/2026;002;22322;6191114659513;XL;190;25H;;1,00;
08/02/2026;002;22338;6191114660892;M;170;25H;;1,00;
08/02/2026;002;22347;6191114668614;XL;I815;25H;;1,00;
08/02/2026;002;55811;6191114644564;S;R784;25H;;1,00;
08/02/2026;002;55811;6191114644571;M;R310;25H;;-1,00;
08/02/2026;002;55811;6191114644595;L;R310;25H;;1,00;
08/02/2026;002;55813;6191114645301;XXL;940;25H;;1,00;
08/02/2026;002;55817;6191114654792;XL;385;25H;;1,00;
08/02/2026;002;55817;6191114654808;XL;695;25H;;1,00;
08/02/2026;002;55817;6191114654815;XL;790;25H;;1,00;
08/02/2026;002;55818;6191114655058;XL;824;25H;;1,00;
08/02/2026;002;55819;6191114657571;XL;R385;25H;;1,00;
08/02/2026;002;55819;6191114657588;XL;R790;25H;;1,00;
08/02/2026;002;55819;6191114657595;XL;R824;25H;;1,00;
08/02/2026;002;70201;6191114608047;L;R385;25H;;1,00;
08/02/2026;002;70229;6191114657809;3XL;476;25H;;1,00;
08/02/2026;002;70231;6191114658721;XL;C995;25H;;1,00;
08/02/2026;002;70233;6191114658875;M;995;25H;;1,00;
08/02/2026;002;91529;6191114640313;38;385;25H;;1,00;
08/02/2026;005;22031;6191114610804;L;995;25H;;1,00;
08/02/2026;005;70211;6191114621367;3XL;995;25H;;1,00;
08/02/2026;005;70226;6191114652118;3XL;I815;25H;;1,00;
08/02/2026;005;91507;6191114626416;TU;824;25H;;1,00;
08/02/2026;009;22013;6191114607705;3XL;870;25H;;1,00;
08/02/2026;009;22032;6191114610941;XL;995;25H;;1,00;
08/02/2026;009;22033;6191114611078;XL;695;25H;;1,00;
08/02/2026;009;22091;6191114620155;M;815;25H;;1,00;
08/02/2026;009;22198;6191114630222;3XL;385;25H;;1,00;
08/02/2026;009;22206;6191114630901;XL;995;25H;;1,00;
08/02/2026;009;22244;6191114647893;S;995;25H;;1,00;
08/02/2026;009;22244;6191114647985;XL;995;25H;;1,00;
08/02/2026;009;22278;6191114653474;S;995;25H;;1,00;
08/02/2026;009;22291;6191114655416;M;495;25H;;1,00;
08/02/2026;009;22352;6191114668881;M;I010;25H;;1,00;
08/02/2026;009;55800;6191114621671;3XL;385;25H;;1,00;
08/02/2026;009;55806;6191114640856;L;385;25H;;1,00;
08/02/2026;009;55815;6191114645547;M;385;25H;;1,00;
08/02/2026;009;55816;6191114648425;M;R990;25H;;1,00;
08/02/2026;009;55817;6191114654839;XXL;695;25H;;1,00;
08/02/2026;009;70213;6191114623682;M;P385;25H;;1,00;
08/02/2026;009;70217;6191114647336;XXL;E385;25H;;1,00;
08/02/2026;009;70226;6191114651951;S;I880;25H;;1,00;
08/02/2026;009;70226;6191114651982;M;I880;25H;;1,00;
08/02/2026;011;21380;6191114508330;XS;995;24H;;1,00;
08/02/2026;011;22146;6191114630024;XXL;995;25H;;1,00;
08/02/2026;011;22182;6191114629424;XXL;870;25H;;-1,00;
08/02/2026;011;22216;6191114642645;XXL;I880;25H;;1,00;
08/02/2026;011;22216;6191114642706;XXL;I385;25H;;1,00;
08/02/2026;011;22250;6191114649576;M;815;25H;;1,00;
08/02/2026;011;22272;6191114652491;S;870;25H;;1,00;
08/02/2026;011;22282;6191114654051;L;I815;25H;;1,00;
08/02/2026;011;22308;6191114657748;3XL;870;25H;;1,00;
08/02/2026;011;55806;6191114640962;3XL;995;25H;;1,00;
08/02/2026;011;55813;6191114645226;L;385;25H;;1,00;
08/02/2026;011;55816;6191114648432;L;R995;25H;;1,00;
08/02/2026;011;70206;6191114612440;XL;995;25H;;1,00;
08/02/2026;011;91272;6194444115667;TU;815;22H;;1,00;
08/02/2026;011;91505;6191114657328;TU;385;25H;;1,00;
08/02/2026;014;21126;6191114462069;L;R205;24H;;1,00;
08/02/2026;014;21126;6191114462076;L;R195;24H;;1,00;
08/02/2026;014;21138;6191114463530;XXL;010;24H;;1,00;
08/02/2026;014;21222;6191114479180;3XL;010;24H;;1,00;
08/02/2026;014;21282;6191114502598;M;995;24H;;1,00;
08/02/2026;014;21284;6191114502864;M;195;24H;;1,00;
08/02/2026;014;21297;6191114499331;4XL;995;24H;;1,00;
08/02/2026;014;21325;6191114497726;XXL;995;24H;;1,00;
08/02/2026;014;21350;6191114501829;L;995;24H;;1,00;
08/02/2026;014;21382;6191114508569;S;695;24H;;1,00;
08/02/2026;014;21408;6191114512856;L;995;24H;;1,00;
08/02/2026;014;21447;6191114529311;S;385;24H;;1,00;
08/02/2026;014;21452;6191114530126;L/XL;I000;24H;;1,00;
08/02/2026;014;21452;6191114530140;L/XL;I740;24H;;1,00;
08/02/2026;014;21472;6191114532090;L;995;24H;;1,00;
08/02/2026;014;21688;6191114566224;XL;476;25E;;1,00;
08/02/2026;014;22004;6191114606470;XXL;R995;25H;;1,00;
08/02/2026;014;22009;6191114607132;S;380;25H;;1,00;
08/02/2026;014;22011;6191114607422;XL;010;25H;;1,00;
08/02/2026;014;22011;6191114607477;3XL;215;25H;;1,00;
08/02/2026;014;22012;6191114607507;M;995;25H;;1,00;
08/02/2026;014;22012;6191114607538;L;010;25H;;1,00;
08/02/2026;014;22019;6191114609440;XL;815;25H;;1,00;
08/02/2026;014;22030;6191114610743;3XL;995;25H;;1,00;
08/02/2026;014;22044;6191114622067;3XL;695;25H;;1,00;
08/02/2026;014;22046;6191114611795;M;C385;25H;;1,00;
08/02/2026;014;22064;6191114618688;M;175;25H;;1,00;
08/02/2026;014;22065;6191114619012;3XL;820;25H;;1,00;
08/02/2026;014;22067;6191114615663;S;380;25H;;1,00;
08/02/2026;014;22073;6191114616288;M;395;25H;;1,00;
08/02/2026;014;22086;6191114619487;S;010;25H;;1,00;
08/02/2026;014;22088;6191114619791;XL;385;25H;;1,00;
08/02/2026;014;22090;6191114620056;L;815;25H;;1,00;
08/02/2026;014;22098;6191114620841;M;995;25H;;1,00;
08/02/2026;014;22098;6191114620858;L;995;25H;;1,00;
08/02/2026;014;22098;6191114620865;XL;995;25H;;1,00;
08/02/2026;014;22101;6191114621039;L;995;25H;;1,00;
08/02/2026;014;22111;6191114622739;XL;235;25H;;1,00;
08/02/2026;014;22113;6191114645691;M;005;25H;;1,00;
08/02/2026;014;22113;6191114645783;3XL;990;25H;;1,00;
08/02/2026;014;22114;6191114645837;L;815;25H;;1,00;
08/02/2026;014;22117;6191114646315;XXL;995;25H;;1,00;
08/02/2026;014;22117;6191114648999;L;940;25H;;1,00;
08/02/2026;014;22118;6191114646391;L;995;25H;;1,00;
08/02/2026;014;22131;6191114623637;L;995;25H;;1,00;
08/02/2026;014;22158;6191114626027;L;880;25H;;1,00;
08/02/2026;014;22159;6191114626058;M;880;25H;;1,00;
08/02/2026;014;22162;6191114647244;XL;995;25H;;1,00;
08/02/2026;014;22164;6191114649460;L;995;25H;;1,00;
08/02/2026;014;22170;6191114626959;XL;R000;25H;;1,00;
08/02/2026;014;22171;6191114627208;XL;R000;25H;;1,00;
08/02/2026;014;22177;6191114628861;M;010;25H;;1,00;
08/02/2026;014;22183;6191114629523;L;385;25H;;1,00;
08/02/2026;014;22183;6191114629530;L;995;25H;;1,00;
08/02/2026;014;22183;6191114629547;XL;385;25H;;2,00;
08/02/2026;014;22183;6191114629554;XL;995;25H;;1,00;
08/02/2026;014;22190;6191114627840;XL;995;25H;;1,00;
08/02/2026;014;22191;6191114627901;M;P010;25H;;1,00;
08/02/2026;014;22194;6191114628212;XL;I385;25H;;1,00;
08/02/2026;014;22197;6191114630086;XL;815;25H;;1,00;
08/02/2026;014;22216;6191114642683;L;I385;25H;;1,00;
08/02/2026;014;22222;6191114643321;S;995;25H;;1,00;
08/02/2026;014;22238;6191114644878;L;I995;25H;;1,00;
08/02/2026;014;22239;6191114644984;L;995;25H;;1,00;
08/02/2026;014;22239;6191114644991;L;784;25H;;1,00;
08/02/2026;014;22243;6191114647732;S;695;25H;;1,00;
08/02/2026;014;22243;6191114647800;XL;995;25H;;1,00;
08/02/2026;014;22244;6191114647947;M;695;25H;;1,00;
08/02/2026;014;22244;6191114647978;L;695;25H;;1,00;
08/02/2026;014;22246;6191114648814;M;995;25H;;1,00;
08/02/2026;014;22246;6191114648821;L;870;25H;;1,00;
08/02/2026;014;22247;6191114648654;S;R270;25H;;1,00;
08/02/2026;014;22250;6191114649651;XL;784;25H;;1,00;
08/02/2026;014;22252;6191114650121;M;995;25H;;1,00;
08/02/2026;014;22254;6191114650282;S;995;25H;;1,00;
08/02/2026;014;22258;6191114650701;S;740;25H;;1,00;
08/02/2026;014;22259;6191114650992;3XL;010;25H;;1,00;
08/02/2026;014;22261;6191114651241;M;490;25H;;1,00;
08/02/2026;014;22263;6191114651524;M;995;25H;;1,00;
08/02/2026;014;22263;6191114651555;L;995;25H;;1,00;
08/02/2026;014;22272;6191114652552;L;870;25H;;1,00;
08/02/2026;014;22276;6191114655829;XXL;385;25H;;1,00;
08/02/2026;014;22279;6191114653597;M;645;25H;;1,00;
08/02/2026;014;22281;6191114653993;XL;995;25H;;1,00;
08/02/2026;014;22284;6191114654174;S;385;25H;;1,00;
08/02/2026;014;22285;6191114654334;M;385;25H;;1,00;
08/02/2026;014;22287;6191114654518;S;815;25H;;1,00;
08/02/2026;014;22287;6191114654587;XL;995;25H;;1,00;
08/02/2026;014;22288;6191114654655;M;995;25H;;1,00;
08/02/2026;014;22290;6191114657939;M;R385;25H;;1,00;
08/02/2026;014;22299;6191114656970;L;870;25H;;1,00;
08/02/2026;014;22302;6191114657250;XL;995;25H;;1,00;
08/02/2026;014;22319;6191114670235;M;995;25H;;1,00;
08/02/2026;014;22322;6191114659483;L;190;25H;;1,00;
08/02/2026;014;22330;6191114660052;L;724;25H;;1,00;
08/02/2026;014;22333;6191114660618;S;990;25H;;1,00;
08/02/2026;014;22333;6191114660670;XL;990;25H;;1,00;
08/02/2026;014;22333;6191114660717;3XL;990;25H;;1,00;
08/02/2026;014;22338;6191114660892;M;170;25H;;1,00;
08/02/2026;014;22341;6191114661226;S;R950;25H;;1,00;
08/02/2026;014;55808;6191114641211;L;385;25H;;1,00;
08/02/2026;014;55809;6191114642126;XL;010;25H;;1,00;
08/02/2026;014;55810;6191114642232;L;010;25H;;1,00;
08/02/2026;014;55811;6191114644595;L;R310;25H;;1,00;
08/02/2026;014;55811;6191114644632;XXL;R310;25H;;1,00;
08/02/2026;014;55815;6191114645585;XL;385;25H;;1,00;
08/02/2026;014;55816;6191114648456;L;R990;25H;;1,00;
08/02/2026;014;55817;6191114654723;S;790;25H;;1,00;
08/02/2026;014;55817;6191114654808;XL;695;25H;;1,00;
08/02/2026;014;55817;6191114654815;XL;790;25H;;1,00;
08/02/2026;014;55818;6191114654990;L;995;25H;;1,00;
08/02/2026;014;55820;6191114657816;S;R995;25H;;1,00;
08/02/2026;014;70202;6191114608184;XL;010;25H;;1,00;
08/02/2026;014;70203;6191114608344;3XL;R355;25H;;1,00;
08/02/2026;014;70205;6191114612297;L;385;25H;;1,00;
08/02/2026;014;70210;6191114619173;M;R350;25H;;1,00;
08/02/2026;014;70211;6191114621909;L;870;25H;;1,00;
08/02/2026;014;70232;6191114658844;3XL;995;25H;;1,00;
08/02/2026;014;91526;6191114639959;36;995;25H;;1,00;
08/02/2026;014;91526;6191114639997;38;995;25H;;1,00;
08/02/2026;014;91527;6191114640092;37;870;25H;;1,00;
08/02/2026;014;91527;6191114640160;40;995;25H;;1,00;
08/02/2026;015;21345;6191114501263;XL;995;24H;;1,00;
08/02/2026;015;22004;6191114606487;XXL;R815;25H;;1,00;
08/02/2026;015;22004;6191114606494;3XL;R000;25H;;1,00;
08/02/2026;015;22005;6191114606623;L;995;25H;;1,00;
08/02/2026;015;22013;6191114607682;XXL;870;25H;;1,00;
08/02/2026;015;22013;6191114607699;XXL;995;25H;;1,00;
08/02/2026;015;22046;6191114611818;XL;C385;25H;;1,00;
08/02/2026;015;22048;6191114611986;M;010;25H;;1,00;
08/02/2026;015;22064;6191114618770;XL;695;25H;;1,00;
08/02/2026;015;22098;6191114620865;XL;995;25H;;1,00;
08/02/2026;015;22122;6191114646650;L;995;25H;;1,00;
08/02/2026;015;22129;6191114623101;S;995;25H;;1,00;
08/02/2026;015;22129;6191114623170;L;010;25H;;1,00;
08/02/2026;015;22129;6191114623200;XL;010;25H;;1,00;
08/02/2026;015;22129;6191114623231;XXL;010;25H;;1,00;
08/02/2026;015;22172;6191114627307;XS;995;25H;;1,00;
08/02/2026;015;22182;6191114629448;XXL;784;25H;;1,00;
08/02/2026;015;22187;6191114644694;L/XL;995;25H;;1,00;
08/02/2026;015;22194;6191114628175;L;I880;25H;;1,00;
08/02/2026;015;22222;6191114643383;L;995;25H;;1,00;
08/02/2026;015;22238;6191114644892;XXL;I995;25H;;1,00;
08/02/2026;015;22239;6191114644991;L;784;25H;;1,00;
08/02/2026;015;22244;6191114647947;M;695;25H;;1,00;
08/02/2026;015;22250;6191114649569;S;784;25H;;1,00;
08/02/2026;015;22250;6191114649590;M;784;25H;;-1,00;
08/02/2026;015;22253;6191114650251;XL;995;25H;;1,00;
08/02/2026;015;22257;6191114650480;S;I740;25H;;1,00;
08/02/2026;015;22276;6191114655782;L;385;25H;;1,00;
08/02/2026;015;22277;6191114653351;XS;815;25H;;1,00;
08/02/2026;015;22277;6191114653399;M;815;25H;;1,00;
08/02/2026;015;22280;6191114653917;XXL;000;25H;;1,00;
08/02/2026;015;22288;6191114654679;XL;995;25H;;1,00;
08/02/2026;015;22318;6191114658967;S;C000;25H;;1,00;
08/02/2026;015;22320;6191114659124;S;870;25H;;1,00;
08/02/2026;015;22331;6191114660212;L;815;25H;;1,00;
08/02/2026;015;22331;6191114660236;L;995;25H;;1,00;
08/02/2026;015;55809;6191114642010;L;995;25H;;1,00;
08/02/2026;015;70206;6191114612471;3XL;870;25H;;1,00;
08/02/2026;015;70233;6191114658875;M;995;25H;;1,00;
08/02/2026;016;22064;6191114618756;XL;815;25H;;1,00;
08/02/2026;016;22114;6191114645837;L;815;25H;;1,00;
08/02/2026;016;22223;6191114643628;XXL;995;25H;;1,00;
08/02/2026;016;22246;6191114648821;L;870;25H;;1,00;
08/02/2026;016;22257;6191114650527;M;I195;25H;;1,00;
08/02/2026;016;22276;6191114655843;3XL;385;25H;;1,00;
08/02/2026;016;55811;6191114644649;XXL;R784;25H;;1,00;
08/02/2026;016;55817;6191114654839;XXL;695;25H;;1,00;
08/02/2026;016;55817;6191114654846;XXL;790;25H;;1,00;
08/02/2026;016;55818;6191114658332;XXL;535;25H;;1,00;
08/02/2026;016;70224;6191114641853;3XL;385;25H;;1,00;
08/02/2026;021;21357;6191114503656;XXL;995;24H;;1,00;
08/02/2026;021;21359;6191114503779;XXL;995;24H;;1,00;
08/02/2026;021;22017;6191114609211;XL;010;25H;;1,00;
08/02/2026;021;22019;6191114609389;S;815;25H;;1,00;
08/02/2026;021;22022;6191114609778;XXL;R010;25H;;1,00;
08/02/2026;021;22032;6191114610958;XL;940;25H;;1,00;
08/02/2026;021;22058;6191114617926;L;995;25H;;1,00;
08/02/2026;021;22060;6191114618114;3XL;310;25H;;1,00;
08/02/2026;021;22064;6191114618770;XL;695;25H;;1,00;
08/02/2026;021;22066;6191114615571;M;815;25H;;1,00;
08/02/2026;021;22068;6191114615809;XXL;995;25H;;1,00;
08/02/2026;021;22072;6191114616226;XL;476;25H;;1,00;
08/02/2026;021;22096;6191114620636;XXL;385;25H;;1,00;
08/02/2026;021;22115;6191114646018;XL;990;25H;;1,00;
08/02/2026;021;22120;6191114646483;M;495;25H;;1,00;
08/02/2026;021;22126;6191114649330;XL;760;25H;;1,00;
08/02/2026;021;22130;6191114623552;L;995;25H;;1,00;
08/02/2026;021;22130;6191114623569;L;195;25H;;1,00;
08/02/2026;021;22142;6191114624696;M;995;25H;;1,00;
08/02/2026;021;22142;6191114624757;XL;995;25H;;1,00;
08/02/2026;021;22142;6191114624771;XL;195;25H;;1,00;
08/02/2026;021;22162;6191114647206;M;995;25H;;1,00;
08/02/2026;021;22182;6191114629394;XL;870;25H;;1,00;
08/02/2026;021;22183;6191114629547;XL;385;25H;;1,00;
08/02/2026;021;22190;6191114627826;M;995;25H;;1,00;
08/02/2026;021;22193;6191114628090;XXL;995;25H;;1,00;
08/02/2026;021;22199;6191114631090;L;995;25H;;1,00;
08/02/2026;021;22200;6191114648333;L;210;25H;;1,00;
08/02/2026;021;22202;6191114630543;XL;995;25H;;1,00;
08/02/2026;021;22203;6191114630642;L;995;25H;;1,00;
08/02/2026;021;22205;6191114630819;XL;870;25H;;1,00;
08/02/2026;021;22217;6191114642799;S;000;25H;;1,00;
08/02/2026;021;22222;6191114643383;L;995;25H;;1,00;
08/02/2026;021;22239;6191114644984;L;995;25H;;1,00;
08/02/2026;021;22245;6191114648296;XL;010;25H;;1,00;
08/02/2026;021;22248;6191114649170;XL;815;25H;;1,00;
08/02/2026;021;22248;6191114649187;XL;995;25H;;1,00;
08/02/2026;021;22253;6191114650251;XL;995;25H;;1,00;
08/02/2026;021;22257;6191114650527;M;I195;25H;;1,00;
08/02/2026;021;22258;6191114650770;XL;385;25H;;1,00;
08/02/2026;021;22258;6191114650831;3XL;385;25H;;1,00;
08/02/2026;021;22261;6191114651272;XL;385;25H;;1,00;
08/02/2026;021;22262;6191114651395;XL;385;25H;;1,00;
08/02/2026;021;22276;6191114655799;L;995;25H;;1,00;
08/02/2026;021;22281;6191114653986;L;995;25H;;1,00;
08/02/2026;021;22282;6191114654051;L;I815;25H;;1,00;
08/02/2026;021;22286;6191114654464;XL;995;25H;;-1,00;
08/02/2026;021;22292;6191114655676;L;995;25H;;1,00;
08/02/2026;021;22301;6191114657137;XL;995;25H;;1,00;
08/02/2026;021;22304;6191114660458;L;MCO;25H;;2,00;
08/02/2026;021;22311;6191114658103;XL;I995;25H;;1,00;
08/02/2026;021;22312;6191114658165;XXL;995;25H;;1,00;
08/02/2026;021;22323;6191114659599;M;995;25H;;1,00;
08/02/2026;021;22343;6191114661363;XL;I634;25H;;1,00;
08/02/2026;021;70206;6191114612488;3XL;995;25H;;1,00;
08/02/2026;021;70221;6191114631328;3XL;I995;25H;;1,00;
08/02/2026;021;70221;6191114631342;5XL;I995;25H;;1,00;
08/02/2026;021;70224;6191114641785;M;694;25H;;1,00;
08/02/2026;021;91510;6191114625488;39;995;25H;;1,00;
08/02/2026;024;20416;6191114293588;S;995;23H;;1,00;
08/02/2026;024;20621;6191114334786;42;920;24E;;1,00;
08/02/2026;024;20632;6191114337152;39;005;24E;;1,00;
08/02/2026;024;21073;6191114448537;L;740;24H;;1,00;
08/02/2026;024;21131;6191114462700;XL;010;24H;;1,00;
08/02/2026;024;21135;6191114463172;XXL;940;24H;;1,00;
08/02/2026;024;21317;6191114497139;41;995;24H;;1,00;
08/02/2026;024;21355;6191114503397;L;200;24H;;1,00;
08/02/2026;024;21381;6191114508538;XXL;995;24H;;1,00;
08/02/2026;024;21421;6191114514379;S;695;24H;;1,00;
08/02/2026;024;21447;6191114529328;S;790;24H;;1,00;
08/02/2026;024;21472;6191114532038;S;995;24H;;1,00;
08/02/2026;024;21485;6191114537026;L;995;24H;;1,00;
08/02/2026;024;21658;6191114553774;XL;995;25E;;1,00;
08/02/2026;024;21659;6191114553873;M;995;25E;;1,00;
08/02/2026;024;21922;6191114601796;XL;000;25E;;1,00;
08/02/2026;024;22029;6191114610620;3XL;010;25H;;-1,00;
08/02/2026;024;22033;6191114611047;L;815;25H;;1,00;
08/02/2026;024;22033;6191114611085;XXL;815;25H;;1,00;
08/02/2026;024;22037;6191114611337;XXL;010;25H;;1,00;
08/02/2026;024;22043;6191114622098;L;855;25H;;1,00;
08/02/2026;024;22044;6191114609099;M;995;25H;;1,00;
08/02/2026;024;22048;6191114611993;L;995;25H;;1,00;
08/02/2026;024;22057;6191114617827;XL;010;25H;;1,00;
08/02/2026;024;22063;6191114618459;XS;870;25H;;1,00;
08/02/2026;024;22068;6191114615762;L;995;25H;;1,00;
08/02/2026;024;22068;6191114615823;3XL;995;25H;;1,00;
08/02/2026;024;22068;6191114642379;M;695;25H;;1,00;
08/02/2026;024;22086;6191114619562;XXL;010;25H;;1,00;
08/02/2026;024;22097;6191114620742;L;995;25H;;1,00;
08/02/2026;024;22099;6191114620940;3XL;995;25H;;1,00;
08/02/2026;024;22101;6191114621046;XL;995;25H;;1,00;
08/02/2026;024;22114;6191114645820;M;020;25H;;1,00;
08/02/2026;024;22114;6191114645899;3XL;815;25H;;1,00;
08/02/2026;024;22115;6191114645998;L;005;25H;;1,00;
08/02/2026;024;22126;6191114649330;XL;760;25H;;1,00;
08/02/2026;024;22129;6191114623156;L;385;25H;;1,00;
08/02/2026;024;22132;6191114623835;M;794;25H;;1,00;
08/02/2026;024;22139;6191114624467;L;940;25H;;1,00;
08/02/2026;024;22140;6191114624658;3XL;995;25H;;1,00;
08/02/2026;024;22142;6191114624740;L;195;25H;;1,00;
08/02/2026;024;22142;6191114624795;XXL;875;25H;;1,00;
08/02/2026;024;22142;6191114624801;XXL;195;25H;;1,00;
08/02/2026;024;22145;6191114629936;M;995;25H;;1,00;
08/02/2026;024;22148;6191114625556;L;995;25H;;1,00;
08/02/2026;024;22152;6191114625747;S;995;25H;;1,00;
08/02/2026;024;22152;6191114625754;M;995;25H;;1,00;
08/02/2026;024;22175;6191114628830;3XL;990;25H;;1,00;
08/02/2026;024;22177;6191114628915;XL;215;25H;;1,00;
08/02/2026;024;22177;6191114628946;3XL;010;25H;;1,00;
08/02/2026;024;22182;6191114629356;M;784;25H;;1,00;
08/02/2026;024;22182;6191114629363;L;870;25H;;1,00;
08/02/2026;024;22183;6191114629547;XL;385;25H;;1,00;
08/02/2026;024;22185;6191114627574;XS;695;25H;;1,00;
08/02/2026;024;22189;6191114644762;S/M;200;25H;;1,00;
08/02/2026;024;22190;6191114627833;L;995;25H;;1,00;
08/02/2026;024;22194;6191114628175;L;I880;25H;;1,00;
08/02/2026;024;22194;6191114628182;L;I385;25H;;1,00;
08/02/2026;024;22194;6191114628205;XL;I880;25H;;1,00;
08/02/2026;024;22199;6191114631113;XXL;995;25H;;1,00;
08/02/2026;024;22207;6191114640474;XL;880;25H;;1,00;
08/02/2026;024;22207;6191114640542;3XL;784;25H;;1,00;
08/02/2026;024;22217;6191114642799;S;000;25H;;2,00;
08/02/2026;024;22223;6191114643529;M;870;25H;;1,00;
08/02/2026;024;22239;6191114644946;M;815;25H;;1,00;
08/02/2026;024;22239;6191114645028;XL;784;25H;;1,00;
08/02/2026;024;22239;6191114645035;XXL;815;25H;;-1,00;
08/02/2026;024;22242;6191114647572;XL;380;25H;;1,00;
08/02/2026;024;22244;6191114647954;L;995;25H;;1,00;
08/02/2026;024;22244;6191114647978;L;695;25H;;1,00;
08/02/2026;024;22244;6191114647985;XL;995;25H;;2,00;
08/02/2026;024;22246;6191114648784;S;870;25H;;1,00;
08/02/2026;024;22246;6191114648838;L;995;25H;;1,00;
08/02/2026;024;22246;6191114648845;XL;870;25H;;1,00;
08/02/2026;024;22246;6191114648852;XL;995;25H;;1,00;
08/02/2026;024;22252;6191114650145;L;995;25H;;1,00;
08/02/2026;024;22253;6191114650244;L;995;25H;;1,00;
08/02/2026;024;22254;6191114650329;XXL;995;25H;;1,00;
08/02/2026;024;22256;6191114650435;XL;995;25H;;1,00;
08/02/2026;024;22257;6191114650565;XL;I350;25H;;1,00;
08/02/2026;024;22257;6191114650671;4XL;I195;25H;;1,00;
08/02/2026;024;22258;6191114650718;M;385;25H;;1,00;
08/02/2026;024;22258;6191114650800;XXL;385;25H;;1,00;
08/02/2026;024;22259;6191114650909;S;490;25H;;1,00;
08/02/2026;024;22259;6191114650992;3XL;010;25H;;2,00;
08/02/2026;024;22261;6191114651319;3XL;385;25H;;1,00;
08/02/2026;024;22262;6191114651371;L;385;25H;;1,00;
08/02/2026;024;22262;6191114651395;XL;385;25H;;1,00;
08/02/2026;024;22270;6191114649965;XXL;995;25H;;1,00;
08/02/2026;024;22275;6191114653023;3XL;790;25H;;1,00;
08/02/2026;024;22277;6191114653443;XL;784;25H;;1,00;
08/02/2026;024;22279;6191114653603;M;995;25H;;1,00;
08/02/2026;024;22279;6191114653627;L;645;25H;;1,00;
08/02/2026;024;22284;6191114654259;XXL;385;25H;;1,00;
08/02/2026;024;22285;6191114654419;3XL;385;25H;;1,00;
08/02/2026;024;22287;6191114654594;XXL;815;25H;;1,00;
08/02/2026;024;22287;6191114654600;XXL;995;25H;;1,00;
08/02/2026;024;22292;6191114655706;XXL;870;25H;;1,00;
08/02/2026;024;22295;6191114656246;XL;995;25H;;1,00;
08/02/2026;024;22299;6191114659742;XL;695;25H;;1,00;
08/02/2026;024;22301;6191114657090;M;995;25H;;1,00;
08/02/2026;024;22302;6191114657250;XL;995;25H;;1,00;
08/02/2026;024;22302;6191114657274;XXL;995;25H;;1,00;
08/02/2026;024;22303;6191114657366;M;195;25H;;1,00;
08/02/2026;024;22303;6191114657434;3XL;870;25H;;1,00;
08/02/2026;024;22306;6191114669062;M;995;25H;;1,00;
08/02/2026;024;22307;6191114669918;S;M815;25H;;1,00;
08/02/2026;024;22307;6191114669970;L;M815;25H;;1,00;
08/02/2026;024;22320;6191114659179;L;825;25H;;1,00;
08/02/2026;024;22320;6191114659186;XL;870;25H;;1,00;
08/02/2026;024;22321;6191114659360;3XL;870;25H;;1,00;
08/02/2026;024;22324;6191114659698;3XL;995;25H;;1,00;
08/02/2026;024;22330;6191114660052;L;724;25H;;2,00;
08/02/2026;024;22335;6191114660946;S/M;010;25H;;1,00;
08/02/2026;024;22348;6191114668652;M;I995;25H;;1,00;
08/02/2026;024;22349;6191114668690;S;I815;25H;;1,00;
08/02/2026;024;55715;6191114526303;XL;385;24H;;1,00;
08/02/2026;024;55720;6191114526549;M;385;24H;;1,00;
08/02/2026;024;55725;6191114526792;M;385;24H;;1,00;
08/02/2026;024;55800;6191114621534;S;995;25H;;1,00;
08/02/2026;024;55808;6191114641167;S;995;25H;;1,00;
08/02/2026;024;55808;6191114641228;L;995;25H;;1,00;
08/02/2026;024;55810;6191114642225;L;385;25H;;2,00;
08/02/2026;024;55810;6191114642270;XXL;010;25H;;1,00;
08/02/2026;024;55811;6191114644649;XXL;R784;25H;;1,00;
08/02/2026;024;55811;6191114644656;3XL;R310;25H;;1,00;
08/02/2026;024;55815;6191114669352;3XL;995;25H;;1,00;
08/02/2026;024;55816;6191114648487;XL;R990;25H;;1,00;
08/02/2026;024;55817;6191114654709;S;385;25H;;1,00;
08/02/2026;024;55817;6191114654754;M;790;25H;;1,00;
08/02/2026;024;55817;6191114654778;L;695;25H;;1,00;
08/02/2026;024;55818;6191114654891;S;995;25H;;1,00;
08/02/2026;024;55818;6191114654907;S;824;25H;;1,00;
08/02/2026;024;55818;6191114655003;L;824;25H;;1,00;
08/02/2026;024;55818;6191114655041;XL;995;25H;;1,00;
08/02/2026;024;55818;6191114655072;XL;694;25H;;1,00;
08/02/2026;024;55819;6191114657571;XL;R385;25H;;1,00;
08/02/2026;024;55819;6191114657595;XL;R824;25H;;1,00;
08/02/2026;024;70201;6191114607996;S;R870;25H;;1,00;
08/02/2026;024;70207;6191114612532;L;R385;25H;;1,00;
08/02/2026;024;70209;6191114612730;S;R170;25H;;1,00;
08/02/2026;024;70216;6191114624313;L;R385;25H;;1,00;
08/02/2026;024;70217;6191114647305;M;E385;25H;;1,00;
08/02/2026;024;70222;6191114630987;L;476;25H;;1,00;
08/02/2026;024;70223;6191114631052;XL;476;25H;;1,00;
08/02/2026;024;70226;6191114652088;XXL;I815;25H;;1,00;
08/02/2026;024;70229;6191114657793;XXL;476;25H;;1,00;
08/02/2026;024;70231;6191114658752;3XL;C000;25H;;1,00;
08/02/2026;024;70233;6191114658899;XL;995;25H;;1,00;
08/02/2026;024;91273;6194444115674;TU;815;22H;;1,00;
08/02/2026;024;91509;6191114625341;39;995;25H;;1,00;
08/02/2026;024;91510;6191114625495;40;815;25H;;1,00;
08/02/2026;024;91530;6191114648555;TU;010;25H;;1,00;
08/02/2026;029;21073;6191114448421;XS;815;24H;;1,00;
08/02/2026;029;21189;6191114471313;3XL;I350;24H;;1,00;
08/02/2026;029;21314;6191114499386;39;995;24H;;1,00;
08/02/2026;029;21430;6191114527355;M;170;24H;;1,00;
08/02/2026;029;22020;6191114609563;XL;695;25H;;1,00;
08/02/2026;029;22030;6191114610682;L;995;25H;;1,00;
08/02/2026;029;22033;6191114611030;M;695;25H;;1,00;
08/02/2026;029;22036;6191114611153;M;R010;25H;;1,00;
08/02/2026;029;22090;6191114620056;L;815;25H;;1,00;
08/02/2026;029;22091;6191114620193;XL;815;25H;;1,00;
08/02/2026;029;22129;6191114623170;L;010;25H;;1,00;
08/02/2026;029;22162;6191114647206;M;995;25H;;1,00;
08/02/2026;029;22182;6191114629448;XXL;784;25H;;1,00;
08/02/2026;029;22211;6191114641372;L;694;25H;;1,00;
08/02/2026;029;22263;6191114651586;XL;995;25H;;1,00;
08/02/2026;029;22279;6191114653672;XL;000;25H;;1,00;
08/02/2026;029;22288;6191114654631;XS;995;25H;;1,00;
08/02/2026;029;22318;6191114659001;L;C000;25H;;1,00;
08/02/2026;029;70207;6191114612594;3XL;R385;25H;;1,00;
08/02/2026;029;70226;6191114652033;XL;I995;25H;;1,00;
08/02/2026;029;70226;6191114652095;3XL;I995;25H;;1,00;
08/02/2026;029;70227;6191114652217;XL;I740;25H;;1,00;
08/02/2026;030;20354;6191114297487;3XL;790;23H;;1,00;
08/02/2026;030;20406;6191114291812;XL;260;23H;;1,00;
08/02/2026;030;20598;6191114330047;XL;I740;24E;;1,00;
08/02/2026;030;20726;6191114363458;XXL;270;24E;;1,00;
08/02/2026;030;21136;6191114463295;XXL;815;24H;;1,00;
08/02/2026;030;21472;6191114532182;3XL;995;24H;;1,00;
08/02/2026;030;21831;6191114583566;XL;995;25E;;1,00;
08/02/2026;030;21831;6191114583580;XL;200;25E;;1,00;
08/02/2026;030;21832;6191114583726;XL;000;25E;;1,00;
08/02/2026;030;21835;6191114584419;3XL;645;25E;;1,00;
08/02/2026;030;21954;6191114605374;XXL;784;25E;;1,00;
08/02/2026;030;22019;6191114609426;L;815;25H;;1,00;
08/02/2026;030;22024;6191114653313;L;815;25H;;1,00;
08/02/2026;030;22032;6191114610958;XL;940;25H;;1,00;
08/02/2026;030;22032;6191114610965;XXL;995;25H;;1,00;
08/02/2026;030;22033;6191114611047;L;815;25H;;1,00;
08/02/2026;030;22033;6191114611085;XXL;815;25H;;1,00;
08/02/2026;030;22044;6191114609112;XL;995;25H;;1,00;
08/02/2026;030;22054;6191114617438;L;995;25H;;1,00;
08/02/2026;030;22056;6191114617650;S;000;25H;;1,00;
08/02/2026;030;22056;6191114617667;M;310;25H;;1,00;
08/02/2026;030;22056;6191114617704;XL;310;25H;;1,00;
08/02/2026;030;22063;6191114618466;XS;995;25H;;1,00;
08/02/2026;030;22063;6191114618497;S;995;25H;;1,00;
08/02/2026;030;22063;6191114618534;M;784;25H;;1,00;
08/02/2026;030;22063;6191114618565;L;784;25H;;1,00;
08/02/2026;030;22064;6191114618800;XXL;815;25H;;1,00;
08/02/2026;030;22064;6191114618824;XXL;695;25H;;1,00;
08/02/2026;030;22064;6191114618879;3XL;695;25H;;1,00;
08/02/2026;030;22073;6191114616257;S;870;25H;;1,00;
08/02/2026;030;22089;6191114619982;3XL;995;25H;;1,00;
08/02/2026;030;22113;6191114645646;S;820;25H;;1,00;
08/02/2026;030;22113;6191114645707;L;820;25H;;1,00;
08/02/2026;030;22115;6191114645974;L;820;25H;;2,00;
08/02/2026;030;22116;6191114646148;L;770;25H;;1,00;
08/02/2026;030;22125;6191114646988;3XL;E385;25H;;1,00;
08/02/2026;030;22127;6191114649064;L;770;25H;;1,00;
08/02/2026;030;22130;6191114623538;M;995;25H;;1,00;
08/02/2026;030;22130;6191114623576;XL;995;25H;;1,00;
08/02/2026;030;22132;6191114623927;3XL;224;25H;;1,00;
08/02/2026;030;22137;6191114623408;XL;385;25H;;1,00;
08/02/2026;030;22142;6191114624733;L;875;25H;;1,00;
08/02/2026;030;22142;6191114624740;L;195;25H;;1,00;
08/02/2026;030;22146;6191114629998;M;995;25H;;1,00;
08/02/2026;030;22147;6191114625136;M;815;25H;;1,00;
08/02/2026;030;22150;6191114625679;XXL;995;25H;;2,00;
08/02/2026;030;22151;6191114625716;L;995;25H;;1,00;
08/02/2026;030;22162;6191114647220;L;995;25H;;1,00;
08/02/2026;030;22163;6191114659797;S;C490;25H;;1,00;
08/02/2026;030;22164;6191114649507;XXL;995;25H;;1,00;
08/02/2026;030;22177;6191114628861;M;010;25H;;1,00;
08/02/2026;030;22177;6191114628915;XL;215;25H;;1,00;
08/02/2026;030;22181;6191114629271;XL;995;25H;;1,00;
08/02/2026;030;22182;6191114629301;S;870;25H;;1,00;
08/02/2026;030;22187;6191114644700;L/XL;200;25H;;3,00;
08/02/2026;030;22188;6191114644748;L/XL;200;25H;;2,00;
08/02/2026;030;22189;6191114644786;L/XL;200;25H;;1,00;
08/02/2026;030;22198;6191114630208;XXL;385;25H;;1,00;
08/02/2026;030;22200;6191114630321;XXL;010;25H;;1,00;
08/02/2026;030;22201;6191114630369;S;815;25H;;1,00;
08/02/2026;030;22201;6191114630468;3XL;815;25H;;1,00;
08/02/2026;030;22202;6191114630550;XL;790;25H;;1,00;
08/02/2026;030;22202;6191114630574;XXL;790;25H;;1,00;
08/02/2026;030;22204;6191114630727;S;995;25H;;1,00;
08/02/2026;030;22209;6191114640757;XXL;815;25H;;1,00;
08/02/2026;030;22223;6191114643543;L;645;25H;;-1,00;
08/02/2026;030;22223;6191114643574;XL;645;25H;;1,00;
08/02/2026;030;22223;6191114643581;XL;870;25H;;1,00;
08/02/2026;030;22233;6191114644380;M;000;25H;;1,00;
08/02/2026;030;22233;6191114644434;XXL;815;25H;;1,00;
08/02/2026;030;22239;6191114644922;S;995;25H;;1,00;
08/02/2026;030;22243;6191114647800;XL;995;25H;;1,00;
08/02/2026;030;22243;6191114647817;XL;215;25H;;1,00;
08/02/2026;030;22243;6191114647824;XL;695;25H;;1,00;
08/02/2026;030;22244;6191114647985;XL;995;25H;;1,00;
08/02/2026;030;22245;6191114648227;XL;645;25H;;1,00;
08/02/2026;030;22246;6191114648845;XL;870;25H;;1,00;
08/02/2026;030;22247;6191114648722;XL;R385;25H;;1,00;
08/02/2026;030;22247;6191114648753;XXL;R385;25H;;1,00;
08/02/2026;030;22253;6191114650251;XL;995;25H;;1,00;
08/02/2026;030;22253;6191114650268;XXL;995;25H;;1,00;
08/02/2026;030;22254;6191114650305;L;995;25H;;1,00;
08/02/2026;030;22255;6191114650367;L;995;25H;;1,00;
08/02/2026;030;22257;6191114650541;L;I740;25H;;1,00;
08/02/2026;030;22257;6191114650558;L;I195;25H;;1,00;
08/02/2026;030;22270;6191114649927;S;995;25H;;1,00;
08/02/2026;030;22275;6191114652910;S;385;25H;;1,00;
08/02/2026;030;22277;6191114653429;L;784;25H;;1,00;
08/02/2026;030;22277;6191114653436;XL;815;25H;;1,00;
08/02/2026;030;22285;6191114654334;M;385;25H;;1,00;
08/02/2026;030;22287;6191114654594;XXL;815;25H;;1,00;
08/02/2026;030;22288;6191114654631;XS;995;25H;;1,00;
08/02/2026;030;22292;6191114655669;L;870;25H;;1,00;
08/02/2026;030;22298;6191114658264;L;R385;25H;;1,00;
08/02/2026;030;22301;6191114657120;L;215;25H;;1,00;
08/02/2026;030;22302;6191114657267;XL;245;25H;;1,00;
08/02/2026;030;22307;6191114669970;L;M815;25H;;1,00;
08/02/2026;030;22307;6191114670044;XXL;M870;25H;;1,00;
08/02/2026;030;22308;6191114657731;XXL;870;25H;;1,00;
08/02/2026;030;22310;6191114658035;S;995;25H;;1,00;
08/02/2026;030;22316;6191114658493;S;476;25H;;1,00;
08/02/2026;030;22328;6191114661400;L;995;25H;;1,00;
08/02/2026;030;22331;6191114660281;XL;390;25H;;1,00;
08/02/2026;030;22352;6191114668881;M;I010;25H;;1,00;
08/02/2026;030;55813;6191114645332;3XL;940;25H;;1,00;
08/02/2026;030;55816;6191114648401;M;R995;25H;;1,00;
08/02/2026;030;55816;6191114648463;XL;R995;25H;;1,00;
08/02/2026;030;55817;6191114654822;XXL;385;25H;;1,00;
08/02/2026;030;66481;6191114502222;L/XL;200;24H;;3,00;
08/02/2026;030;70206;6191114612440;XL;995;25H;;1,00;
08/02/2026;030;70217;6191114647343;3XL;E385;25H;;1,00;
08/02/2026;030;70221;6191114631281;M;I995;25H;;1,00;
08/02/2026;030;70224;6191114641808;L;694;25H;;1,00;
08/02/2026;030;70226;6191114652057;XL;I815;25H;;1,00;
08/02/2026;030;70228;6191114649880;L;995;25H;;1,00;
08/02/2026;030;70230;6191114658196;M;I995;25H;;1,00;
08/02/2026;030;91505;6191114657328;TU;385;25H;;1,00;
08/02/2026;030;91507;6191114626416;TU;824;25H;;1,00;
08/02/2026;030;91510;6191114625525;41;995;25H;;1,00;
08/02/2026;031;22006;6191114606845;L;815;25H;;-1,00;
08/02/2026;031;22006;6191114606876;L;995;25H;;-1,00;
08/02/2026;031;22013;6191114607644;L;870;25H;;1,00;
08/02/2026;031;22023;6191114609853;L;R010;25H;;1,00;
08/02/2026;031;22063;6191114618558;L;995;25H;;1,00;
08/02/2026;031;22064;6191114618657;M;815;25H;;1,00;
08/02/2026;031;22064;6191114618725;L;695;25H;;1,00;
08/02/2026;031;22066;6191114615557;S;815;25H;;1,00;
08/02/2026;031;22089;6191114619937;XL;385;25H;;1,00;
08/02/2026;031;22110;6191114622494;XL;255;25H;;1,00;
08/02/2026;031;22114;6191114645868;XL;020;25H;;1,00;
08/02/2026;031;22117;6191114648999;L;940;25H;;2,00;
08/02/2026;031;22131;6191114623637;L;995;25H;;1,00;
08/02/2026;031;22142;6191114624726;L;995;25H;;1,00;
08/02/2026;031;22160;6191114626195;M;870;25H;;-1,00;
08/02/2026;031;22175;6191114628786;S;990;25H;;1,00;
08/02/2026;031;22175;6191114628793;M;990;25H;;1,00;
08/02/2026;031;22198;6191114630239;3XL;695;25H;;1,00;
08/02/2026;031;22201;6191114630406;L;815;25H;;1,00;
08/02/2026;031;22203;6191114630628;M;995;25H;;1,00;
08/02/2026;031;22212;6191114641587;XXL;255;25H;;1,00;
08/02/2026;031;22222;6191114643321;S;995;25H;;1,00;
08/02/2026;031;22233;6191114644373;M;815;25H;;1,00;
08/02/2026;031;22233;6191114644403;L;000;25H;;1,00;
08/02/2026;031;22237;6191114644823;XL;I815;25H;;1,00;
08/02/2026;031;22239;6191114645028;XL;784;25H;;1,00;
08/02/2026;031;22246;6191114648807;M;870;25H;;1,00;
08/02/2026;031;22246;6191114648814;M;995;25H;;1,00;
08/02/2026;031;22261;6191114651227;S;490;25H;;1,00;
08/02/2026;031;22261;6191114651272;XL;385;25H;;1,00;
08/02/2026;031;22262;6191114651340;S;490;25H;;1,00;
08/02/2026;031;22277;6191114653368;XS;784;25H;;1,00;
08/02/2026;031;22277;6191114653382;S;784;25H;;1,00;
08/02/2026;031;22287;6191114654556;L;815;25H;;1,00;
08/02/2026;031;22288;6191114654662;L;995;25H;;1,00;
08/02/2026;031;22294;6191114656055;M;820;25H;;1,00;
08/02/2026;031;22295;6191114656222;L;995;25H;;1,00;
08/02/2026;031;22295;6191114656246;XL;995;25H;;1,00;
08/02/2026;031;22306;6191114669109;3XL;995;25H;;1,00;
08/02/2026;031;22317;6191114658547;XS;195;25H;;1,00;
08/02/2026;031;22325;6191114659933;M;995;25H;;1,00;
08/02/2026;031;22349;6191114668720;XL;I815;25H;;1,00;
08/02/2026;031;70227;6191114652224;XL;I875;25H;;1,00;
08/02/2026;032;22005;6191114606593;M;010;25H;;1,00;
08/02/2026;032;22012;6191114607514;M;010;25H;;1,00;
08/02/2026;032;22025;6191114610118;XL;010;25H;;1,00;
08/02/2026;032;22054;6191114617438;L;995;25H;;1,00;
08/02/2026;032;22061;6191114618169;L;R385;25H;;1,00;
08/02/2026;032;22063;6191114618596;XL;784;25H;;1,00;
08/02/2026;032;22068;6191114642416;3XL;695;25H;;1,00;
08/02/2026;032;22070;6191114615991;L;385;25H;;1,00;
08/02/2026;032;22089;6191114619968;XXL;995;25H;;1,00;
08/02/2026;032;22114;6191114645790;S;815;25H;;1,00;
08/02/2026;032;22115;6191114646001;XL;820;25H;;1,00;
08/02/2026;032;22121;6191114646582;M;995;25H;;1,00;
08/02/2026;032;22122;6191114646643;M;995;25H;;1,00;
08/02/2026;032;22128;6191114622944;S;385;25H;;1,00;
08/02/2026;032;22128;6191114622999;M;995;25H;;1,00;
08/02/2026;032;22133;6191114623972;M;645;25H;;1,00;
08/02/2026;032;22139;6191114624467;L;940;25H;;1,00;
08/02/2026;032;22142;6191114624665;S;995;25H;;1,00;
08/02/2026;032;22142;6191114624696;M;995;25H;;1,00;
08/02/2026;032;22151;6191114625709;M;995;25H;;1,00;
08/02/2026;032;22182;6191114629479;3XL;784;25H;;1,00;
08/02/2026;032;22185;6191114627666;XL;784;25H;;1,00;
08/02/2026;032;22190;6191114627864;3XL;995;25H;;1,00;
08/02/2026;032;22191;6191114627925;L;P010;25H;;1,00;
08/02/2026;032;22194;6191114628182;L;I385;25H;;1,00;
08/02/2026;032;22194;6191114628199;L;I255;25H;;1,00;
08/02/2026;032;22209;6191114640672;S;815;25H;;1,00;
08/02/2026;032;22229;6191114644021;XL;995;25H;;1,00;
08/02/2026;032;22241;6191114647404;3XL;R000;25H;;1,00;
08/02/2026;032;22257;6191114650510;M;I740;25H;;1,00;
08/02/2026;032;22258;6191114650770;XL;385;25H;;1,00;
08/02/2026;032;22269;6191114649804;S;870;25H;;1,00;
08/02/2026;032;22276;6191114655799;L;995;25H;;1,00;
08/02/2026;032;55811;6191114644595;L;R310;25H;;1,00;
08/02/2026;032;70210;6191114619173;M;R350;25H;;1,00;
08/02/2026;032;70210;6191114619227;XXL;R385;25H;;1,00;
08/02/2026;032;70211;6191114621305;L;995;25H;;1,00;
08/02/2026;032;70226;6191114651975;M;I995;25H;;1,00;
08/02/2026;032;70226;6191114652002;L;I995;25H;;1,00;
08/02/2026;032;91501;6191114626294;TU;385;25H;;1,00;
09/02/2026;002;20141;6191114229372;S;740;23H;;1,00;
09/02/2026;002;20831;6191114396333;2XL/3;784;24E;;2,00;
09/02/2026;002;20834;6191114396531;L/XL;740;24E;;1,00;
09/02/2026;002;20834;6191114396562;L/XL;235;24E;;2,00;
09/02/2026;002;20834;6191114396609;2XL/3;625;24E;;1,00;
09/02/2026;002;21090;6191114454583;XXL;995;24E;;2,00;
09/02/2026;002;21136;6191114463318;3XL;815;24H;;1,00;
09/02/2026;002;21201;6191114471580;S;870;24H;;1,00;
09/02/2026;002;21312;6191114496705;36;995;24H;;1,00;
09/02/2026;002;21336;6191114499836;S;784;24H;;1,00;
09/02/2026;002;21351;6191114502055;L/XL;200;24H;;1,00;
09/02/2026;002;21357;6191114503656;XXL;995;24H;;1,00;
09/02/2026;002;21358;6191114503724;3XL;995;24H;;1,00;
09/02/2026;002;21402;6191114513242;S;824;24H;;1,00;
09/02/2026;002;21402;6191114513310;XL;995;24H;;1,00;
09/02/2026;002;21659;6191114553880;L;995;25E;;1,00;
09/02/2026;002;21797;6191114579668;L;385;25E;;1,00;
09/02/2026;002;21826;6191114582835;L;200;25E;;2,00;
09/02/2026;002;21835;6191114583993;S;235;25E;;1,00;
09/02/2026;002;21835;6191114584068;M;145;25E;;1,00;
09/02/2026;002;21835;6191114584341;XXL;645;25E;;1,00;
09/02/2026;002;21907;6191114600218;S;010;25E;;1,00;
09/02/2026;002;22001;6191114605947;XXL;815;25H;;1,00;
09/02/2026;002;22012;6191114607507;M;995;25H;;1,00;
09/02/2026;002;22021;6191114609655;XL;385;25H;;1,00;
09/02/2026;002;22024;6191114653344;3XL;815;25H;;1,00;
09/02/2026;002;22025;6191114610118;XL;010;25H;;1,00;
09/02/2026;002;22026;6191114610248;XXL;815;25H;;1,00;
09/02/2026;002;22045;6191114611726;XL;995;25H;;1,00;
09/02/2026;002;22048;6191114612006;L;010;25H;;1,00;
09/02/2026;002;22049;6191114612075;S;815;25H;;1,00;
09/02/2026;002;22055;6191114617544;M;870;25H;;1,00;
09/02/2026;002;22062;6191114618244;S;870;25H;;1,00;
09/02/2026;002;22064;6191114618848;XXL;855;25H;;1,00;
09/02/2026;002;22066;6191114615557;S;815;25H;;-1,00;
09/02/2026;002;22066;6191114615571;M;815;25H;;1,00;
09/02/2026;002;22073;6191114616318;XL;870;25H;;1,00;
09/02/2026;002;22088;6191114619814;XXL;385;25H;;1,00;
09/02/2026;002;22095;6191114620506;S;R350;25H;;1,00;
09/02/2026;002;22097;6191114620704;S;995;25H;;1,00;
09/02/2026;002;22097;6191114620780;XXL;995;25H;;1,00;
09/02/2026;002;22097;6191114622265;S;870;25H;;1,00;
09/02/2026;002;22101;6191114621015;S;995;25H;;-1,00;
09/02/2026;002;22101;6191114621022;M;995;25H;;1,00;
09/02/2026;002;22110;6191114622401;S;385;25H;;1,00;
09/02/2026;002;22110;6191114622432;XL;385;25H;;1,00;
09/02/2026;002;22111;6191114622654;M;255;25H;;1,00;
09/02/2026;002;22124;6191114646834;M;645;25H;;1,00;
09/02/2026;002;22126;6191114647046;3XL;E385;25H;;1,00;
09/02/2026;002;22128;6191114623033;XL;385;25H;;1,00;
09/02/2026;002;22129;6191114623170;L;010;25H;;1,00;
09/02/2026;002;22129;6191114623187;XL;385;25H;;1,00;
09/02/2026;002;22133;6191114625181;M;995;25H;;-1,00;
09/02/2026;002;22142;6191114624689;S;195;25H;;1,00;
09/02/2026;002;22142;6191114624740;L;195;25H;;1,00;
09/02/2026;002;22148;6191114625563;XL;995;25H;;1,00;
09/02/2026;002;22148;6191114625587;3XL;995;25H;;1,00;
09/02/2026;002;22150;6191114625617;M;995;25H;;1,00;
09/02/2026;002;22159;6191114626065;L;880;25H;;-1,00;
09/02/2026;002;22175;6191114628816;XL;990;25H;;1,00;
09/02/2026;002;22182;6191114629332;M;870;25H;;1,00;
09/02/2026;002;22182;6191114629455;3XL;870;25H;;1,00;
09/02/2026;002;22185;6191114627666;XL;784;25H;;1,00;
09/02/2026;002;22186;6191114627727;M;784;25H;;1,00;
09/02/2026;002;22186;6191114627741;L;784;25H;;1,00;
09/02/2026;002;22186;6191114627789;XXL;784;25H;;1,00;
09/02/2026;002;22194;6191114628175;L;I880;25H;;1,00;
09/02/2026;002;22194;6191114628182;L;I385;25H;;1,00;
09/02/2026;002;22202;6191114630505;M;995;25H;;1,00;
09/02/2026;002;22202;6191114630550;XL;790;25H;;1,00;
09/02/2026;002;22207;6191114640474;XL;880;25H;;1,00;
09/02/2026;002;22209;6191114640719;L;815;25H;;1,00;
09/02/2026;002;22212;6191114641518;L;385;25H;;1,00;
09/02/2026;002;22212;6191114641525;L;255;25H;;1,00;
09/02/2026;002;22215;6191114642560;XXL;210;25H;;1,00;
09/02/2026;002;22223;6191114643567;L;995;25H;;1,00;
09/02/2026;002;22238;6191114644892;XXL;I995;25H;;1,00;
09/02/2026;002;22242;6191114647657;XXL;724;25H;;1,00;
09/02/2026;002;22243;6191114647794;L;695;25H;;1,00;
09/02/2026;002;22243;6191114647824;XL;695;25H;;1,00;
09/02/2026;002;22243;6191114647848;XXL;215;25H;;1,00;
09/02/2026;002;22254;6191114650305;L;995;25H;;1,00;
09/02/2026;002;22257;6191114650664;4XL;I740;25H;;1,00;
09/02/2026;002;22258;6191114650800;XXL;385;25H;;1,00;
09/02/2026;002;22263;6191114651456;XS;870;25H;;1,00;
09/02/2026;002;22265;6191114651777;L;995;25H;;1,00;
09/02/2026;002;22275;6191114652996;XXL;385;25H;;1,00;
09/02/2026;002;22276;6191114655836;XXL;995;25H;;1,00;
09/02/2026;002;22277;6191114653368;XS;784;25H;;1,00;
09/02/2026;002;22277;6191114653429;L;784;25H;;1,00;
09/02/2026;002;22279;6191114653627;L;645;25H;;1,00;
09/02/2026;002;22279;6191114653719;3XL;645;25H;;1,00;
09/02/2026;002;22280;6191114653870;XL;995;25H;;1,00;
09/02/2026;002;22281;6191114653955;XS;995;25H;;1,00;
09/02/2026;002;22285;6191114654327;S;995;25H;;1,00;
09/02/2026;002;22290;6191114657946;L;R385;25H;;1,00;
09/02/2026;002;22296;6191114656482;M;215;25H;;1,00;
09/02/2026;002;22296;6191114656567;XXL;385;25H;;1,00;
09/02/2026;002;22301;6191114657120;L;215;25H;;1,00;
09/02/2026;002;22303;6191114657397;XL;870;25H;;1,00;
09/02/2026;002;22312;6191114658158;XL;995;25H;;1,00;
09/02/2026;002;22322;6191114659520;XXL;645;25H;;1,00;
09/02/2026;002;22330;6191114660120;3XL;220;25H;;1,00;
09/02/2026;002;22331;6191114660212;L;815;25H;;1,00;
09/02/2026;002;22331;6191114660274;XL;995;25H;;1,00;
09/02/2026;002;22331;6191114660380;M;495;25H;;1,00;
09/02/2026;002;22338;6191114660885;S;170;25H;;1,00;
09/02/2026;002;22338;6191114660915;XL;170;25H;;1,00;
09/02/2026;002;28474;6191113927675;3XL;990;21H;;1,00;
09/02/2026;002;28474;6191113927804;XXL;685;21H;;1,00;
09/02/2026;002;55716;6191114526334;S;385;24H;;1,00;
09/02/2026;002;55716;6191114526365;XL;385;24H;;1,00;
09/02/2026;002;55716;6191114526389;3XL;385;24H;;-1,00;
09/02/2026;002;55808;6191114641181;M;385;25H;;1,00;
09/02/2026;002;55808;6191114641297;XXL;975;25H;;1,00;
09/02/2026;002;55811;6191114644595;L;R310;25H;;1,00;
09/02/2026;002;55813;6191114645257;XL;385;25H;;1,00;
09/02/2026;002;55813;6191114645295;XXL;310;25H;;1,00;
09/02/2026;002;55813;6191114645332;3XL;940;25H;;1,00;
09/02/2026;002;55815;6191114645585;XL;385;25H;;-1,00;
09/02/2026;002;55815;6191114645608;XXL;385;25H;;1,00;
09/02/2026;002;55815;6191114645622;3XL;385;25H;;1,00;
09/02/2026;002;55816;6191114648494;XXL;R995;25H;;1,00;
09/02/2026;002;55818;6191114654938;M;385;25H;;1,00;
09/02/2026;002;55818;6191114654952;M;824;25H;;1,00;
09/02/2026;002;55818;6191114654976;M;694;25H;;1,00;
09/02/2026;002;55818;6191114658301;M;535;25H;;1,00;
09/02/2026;002;66480;6191114493032;3XL;995;24H;;1,00;
09/02/2026;002;70201;6191114608078;XXL;R870;25H;;1,00;
09/02/2026;002;70209;6191114612778;L;R170;25H;;1,00;
09/02/2026;002;70210;6191114619210;XL;R350;25H;;1,00;
09/02/2026;002;70210;6191114619227;XXL;R385;25H;;1,00;
09/02/2026;002;70220;6191114631205;XL;695;25H;;1,00;
09/02/2026;002;70227;6191114652187;M;I875;25H;;-1,00;
09/02/2026;002;70227;6191114652194;L;I740;25H;;1,00;
09/02/2026;002;70227;6191114652200;L;I875;25H;;1,00;
09/02/2026;002;70229;6191114657786;XL;476;25H;;2,00;
09/02/2026;002;70229;6191114657809;3XL;476;25H;;-1,00;
09/02/2026;002;91509;6191114625341;39;995;25H;;1,00;
09/02/2026;002;91529;6191114640337;39;385;25H;;1,00;
09/02/2026;002;91531;6191114648586;TU;695;25H;;1,00;
09/02/2026;005;20098;6191114222229;L;390;23H;;1,00;
09/02/2026;005;20694;6191114356948;XL;925;24E;;1,00;
09/02/2026;005;21079;6191114449251;M;995;24H;;1,00;
09/02/2026;005;21136;6191114463257;L;815;24H;;1,00;
09/02/2026;005;21156;6191114465411;S;940;24H;;1,00;
09/02/2026;005;21156;6191114465428;S;190;24H;;1,00;
09/02/2026;005;21166;6191114466579;M;270;24H;;1,00;
09/02/2026;005;21300;6191114499126;M;E695;24H;;1,00;
09/02/2026;005;21336;6191114499881;L;870;24H;;1,00;
09/02/2026;005;21825;6191114582736;3XL;000;25E;;1,00;
09/02/2026;005;22024;6191114653269;XL;870;25H;;1,00;
09/02/2026;005;22036;6191114611184;XL;R995;25H;;1,00;
09/02/2026;005;22038;6191114611412;3XL;R385;25H;;1,00;
09/02/2026;005;22044;6191114609105;L;995;25H;;1,00;
09/02/2026;005;22049;6191114612129;L;995;25H;;1,00;
09/02/2026;005;22058;6191114617995;3XL;000;25H;;1,00;
09/02/2026;005;22064;6191114618787;XL;175;25H;;1,00;
09/02/2026;005;22064;6191114618794;XL;855;25H;;1,00;
09/02/2026;005;22064;6191114618855;3XL;815;25H;;1,00;
09/02/2026;005;22099;6191114620902;M;995;25H;;1,00;
09/02/2026;005;22101;6191114621022;M;995;25H;;1,00;
09/02/2026;005;22102;6191114621077;S;995;25H;;1,00;
09/02/2026;005;22117;6191114649019;XXL;940;25H;;1,00;
09/02/2026;005;22127;6191114649088;XXL;770;25H;;1,00;
09/02/2026;005;22131;6191114623644;XL;995;25H;;1,00;
09/02/2026;005;22133;6191114623934;S;815;25H;;1,00;
09/02/2026;005;22163;6191114659834;L;C490;25H;;1,00;
09/02/2026;005;22206;6191114630932;XXL;195;25H;;1,00;
09/02/2026;005;22207;6191114640443;L;880;25H;;1,00;
09/02/2026;005;22216;6191114642676;M;I385;25H;;1,00;
09/02/2026;005;22243;6191114647831;XXL;995;25H;;1,00;
09/02/2026;005;22253;6191114650251;XL;995;25H;;1,00;
09/02/2026;005;22257;6191114650572;XL;I740;25H;;1,00;
09/02/2026;005;22258;6191114650794;XL;740;25H;;1,00;
09/02/2026;005;22261;6191114651265;L;490;25H;;1,00;
09/02/2026;005;22262;6191114651333;S;385;25H;;1,00;
09/02/2026;005;22262;6191114651340;S;490;25H;;1,00;
09/02/2026;005;22262;6191114651388;L;490;25H;;1,00;
09/02/2026;005;22288;6191114654693;3XL;995;25H;;1,00;
09/02/2026;005;22322;6191114659537;XXL;740;25H;;1,00;
09/02/2026;005;22328;6191114661417;XL;995;25H;;1,00;
09/02/2026;005;22328;6191114661424;XXL;995;25H;;1,00;
09/02/2026;005;70205;6191114612297;L;385;25H;;1,00;
09/02/2026;005;70220;6191114631229;XXL;695;25H;;1,00;
09/02/2026;009;22013;6191114607668;XL;870;25H;;1,00;
09/02/2026;009;22033;6191114611054;L;695;25H;;1,00;
09/02/2026;009;22064;6191114618763;XL;010;25H;;1,00;
09/02/2026;009;22071;6191114616110;L;784;25H;;1,00;
09/02/2026;009;22071;6191114616172;3XL;784;25H;;1,00;
09/02/2026;009;22077;6191114626133;M;326;25H;;1,00;
09/02/2026;009;22084;6191114616479;L;000;25H;;1,00;
09/02/2026;009;22173;6191114628687;L;995;25H;;1,00;
09/02/2026;009;22175;6191114628809;L;990;25H;;1,00;
09/02/2026;009;22239;6191114645066;3XL;815;25H;;1,00;
09/02/2026;009;22257;6191114650541;L;I740;25H;;1,00;
09/02/2026;009;22258;6191114650770;XL;385;25H;;1,00;
09/02/2026;009;22265;6191114651760;M;995;25H;;1,00;
09/02/2026;009;22303;6191114657335;S;870;25H;;1,00;
09/02/2026;009;55820;6191114657816;S;R995;25H;;1,00;
09/02/2026;009;70226;6191114651975;M;I995;25H;;1,00;
09/02/2026;011;21164;6191114466302;S;995;24H;;1,00;
09/02/2026;011;21343;6191114501034;XL;895;24H;;1,00;
09/02/2026;011;22036;6191114611214;XXL;R010;25H;;1,00;
09/02/2026;011;22060;6191114618022;M;215;25H;;1,00;
09/02/2026;011;22073;6191114616325;XL;395;25H;;1,00;
09/02/2026;011;22116;6191114646124;M;770;25H;;1,00;
09/02/2026;011;22123;6191114646711;M;995;25H;;1,00;
09/02/2026;011;22126;6191114647046;3XL;E385;25H;;1,00;
09/02/2026;011;22126;6191114649323;L;760;25H;;1,00;
09/02/2026;011;22127;6191114649057;M;770;25H;;1,00;
09/02/2026;011;22159;6191114626041;S;880;25H;;1,00;
09/02/2026;011;22178;6191114628984;L;P010;25H;;1,00;
09/02/2026;011;22182;6191114629394;XL;870;25H;;1,00;
09/02/2026;011;22203;6191114630659;L;010;25H;;1,00;
09/02/2026;011;22206;6191114630888;L;995;25H;;1,00;
09/02/2026;011;22237;6191114644823;XL;I815;25H;;1,00;
09/02/2026;011;22239;6191114645059;XXL;784;25H;;1,00;
09/02/2026;011;22242;6191114647572;XL;380;25H;;1,00;
09/02/2026;011;22244;6191114648005;XL;695;25H;;1,00;
09/02/2026;011;22244;6191114648050;3XL;215;25H;;1,00;
09/02/2026;011;22257;6191114650640;3XL;I195;25H;;1,00;
09/02/2026;011;22263;6191114651531;M;010;25H;;1,00;
09/02/2026;011;22269;6191114653184;M;695;25H;;1,00;
09/02/2026;011;22294;6191114656130;XXL;870;25H;;1,00;
09/02/2026;011;22296;6191114656451;S;215;25H;;1,00;
09/02/2026;011;22324;6191114659698;3XL;995;25H;;1,00;
09/02/2026;011;22347;6191114668607;L;I815;25H;;1,00;
09/02/2026;011;55816;6191114648395;S;R990;25H;;1,00;
09/02/2026;011;91272;6194444115667;TU;815;22H;;1,00;
09/02/2026;014;21405;6191114513648;L;950;24H;;1,00;
09/02/2026;014;21561;6191114542747;L/XL;695;25E;;1,00;
09/02/2026;014;21659;6191114553903;XXL;995;25E;;1,00;
09/02/2026;014;21922;6191114601987;S;805;25E;;1,00;
09/02/2026;014;22024;6191114653337;XXL;815;25H;;1,00;
09/02/2026;014;22030;6191114610699;L;010;25H;;1,00;
09/02/2026;014;22031;6191114610804;L;995;25H;;1,00;
09/02/2026;014;22052;6191114617216;XL;385;25H;;1,00;
09/02/2026;014;22057;6191114617803;L;010;25H;;1,00;
09/02/2026;014;22089;6191114619913;L;385;25H;;1,00;
09/02/2026;014;22091;6191114620186;L;995;25H;;1,00;
09/02/2026;014;22113;6191114645745;XL;990;25H;;2,00;
09/02/2026;014;22114;6191114645899;3XL;815;25H;;1,00;
09/02/2026;014;22115;6191114645950;M;990;25H;;1,00;
09/02/2026;014;22115;6191114646001;XL;820;25H;;1,00;
09/02/2026;014;22115;6191114646018;XL;990;25H;;1,00;
09/02/2026;014;22116;6191114646162;XL;770;25H;;1,00;
09/02/2026;014;22117;6191114649002;XL;940;25H;;1,00;
09/02/2026;014;22126;6191114647046;3XL;E385;25H;;1,00;
09/02/2026;014;22127;6191114649064;L;770;25H;;1,00;
09/02/2026;014;22128;6191114623057;XL;995;25H;;1,00;
09/02/2026;014;22129;6191114623125;M;385;25H;;1,00;
09/02/2026;014;22133;6191114624009;L;645;25H;;1,00;
09/02/2026;014;22178;6191114628960;S;P010;25H;;1,00;
09/02/2026;014;22183;6191114629516;M;995;25H;;1,00;
09/02/2026;014;22186;6191114627758;XL;385;25H;;1,00;
09/02/2026;014;22189;6191114644755;S/M;995;25H;;1,00;
09/02/2026;014;22197;6191114630079;L;815;25H;;1,00;
09/02/2026;014;22222;6191114643444;XXL;995;25H;;1,00;
09/02/2026;014;22223;6191114643543;L;645;25H;;1,00;
09/02/2026;014;22239;6191114644915;S;815;25H;;1,00;
09/02/2026;014;22242;6191114647497;M;790;25H;;1,00;
09/02/2026;014;22244;6191114647893;S;995;25H;;1,00;
09/02/2026;014;22252;6191114650206;3XL;995;25H;;1,00;
09/02/2026;014;22253;6191114650275;3XL;995;25H;;1,00;
09/02/2026;014;22253;6191114669253;L;255;25H;;1,00;
09/02/2026;014;22253;6191114669277;XXL;255;25H;;1,00;
09/02/2026;014;22257;6191114650558;L;I195;25H;;1,00;
09/02/2026;014;22263;6191114651463;XS;995;25H;;1,00;
09/02/2026;014;22295;6191114656239;L;695;25H;;1,00;
09/02/2026;014;22296;6191114656512;L;215;25H;;1,00;
09/02/2026;014;22301;6191114657120;L;215;25H;;1,00;
09/02/2026;014;22302;6191114657236;L;995;25H;;1,00;
09/02/2026;014;22308;6191114657724;XL;870;25H;;1,00;
09/02/2026;014;22319;6191114670242;L;995;25H;;1,00;
09/02/2026;014;22320;6191114659131;S;825;25H;;1,00;
09/02/2026;014;22321;6191114659315;L;825;25H;;1,00;
09/02/2026;014;22322;6191114659575;3XL;190;25H;;1,00;
09/02/2026;014;22331;6191114660373;S;495;25H;;1,00;
09/02/2026;014;22338;6191114660892;M;170;25H;;-1,00;
09/02/2026;014;55811;6191114644571;M;R310;25H;;2,00;
09/02/2026;014;55813;6191114645219;M;940;25H;;1,00;
09/02/2026;014;70227;6191114652224;XL;I875;25H;;1,00;
09/02/2026;014;91509;6191114625235;36;815;25H;;1,00;
09/02/2026;015;21164;6191114466302;S;995;24H;;1,00;
09/02/2026;015;21658;6191114553774;XL;995;25E;;1,00;
09/02/2026;015;21831;6191114583573;XL;000;25E;;1,00;
09/02/2026;015;21905;6191114599918;L;385;25E;;1,00;
09/02/2026;015;22033;6191114611047;L;815;25H;;-1,00;
09/02/2026;015;22033;6191114611054;L;695;25H;;-1,00;
09/02/2026;015;22033;6191114611061;XL;815;25H;;1,00;
09/02/2026;015;22033;6191114611078;XL;695;25H;;1,00;
09/02/2026;015;22064;6191114618770;XL;695;25H;;1,00;
09/02/2026;015;22064;6191114618787;XL;175;25H;;1,00;
09/02/2026;015;22064;6191114618794;XL;855;25H;;1,00;
09/02/2026;015;22070;6191114616028;XL;995;25H;;1,00;
09/02/2026;015;22092;6191114620292;L;815;25H;;1,00;
09/02/2026;015;22111;6191114622661;L;255;25H;;1,00;
09/02/2026;015;22127;6191114647077;S;995;25H;;1,00;
09/02/2026;015;22127;6191114649064;L;770;25H;;1,00;
09/02/2026;015;22137;6191114623422;XL;235;25H;;1,00;
09/02/2026;015;22146;6191114630017;XL;995;25H;;1,00;
09/02/2026;015;22177;6191114628878;M;215;25H;;1,00;
09/02/2026;015;22177;6191114628908;XL;010;25H;;1,00;
09/02/2026;015;22194;6191114628229;XL;I255;25H;;1,00;
09/02/2026;015;22194;6191114628250;XXL;I255;25H;;1,00;
09/02/2026;015;22202;6191114630543;XL;995;25H;;1,00;
09/02/2026;015;22203;6191114630635;M;010;25H;;1,00;
09/02/2026;015;22241;6191114647381;XL;R000;25H;;1,00;
09/02/2026;015;22242;6191114647558;L;724;25H;;1,00;
09/02/2026;015;22253;6191114650244;L;995;25H;;1,00;
09/02/2026;015;22253;6191114650251;XL;995;25H;;1,00;
09/02/2026;015;22258;6191114650749;L;385;25H;;1,00;
09/02/2026;015;22276;6191114655812;XL;995;25H;;-1,00;
09/02/2026;015;22287;6191114654624;3XL;995;25H;;1,00;
09/02/2026;015;22295;6191114656215;M;695;25H;;1,00;
09/02/2026;015;22306;6191114669062;M;995;25H;;1,00;
09/02/2026;015;22318;6191114659049;XXL;C000;25H;;1,00;
09/02/2026;015;22319;6191114670228;S;995;25H;;1,00;
09/02/2026;015;22326;6191114668317;L;920;25H;;1,00;
09/02/2026;015;22330;6191114660038;M;724;25H;;1,00;
09/02/2026;015;70232;6191114658813;L;995;25H;;1,00;
09/02/2026;016;21181;6191114469365;XS;385;24H;;1,00;
09/02/2026;016;21284;6191114502888;L;195;24H;;1,00;
09/02/2026;016;21318;6191114497146;36;995;24H;;1,00;
09/02/2026;016;21343;6191114500983;M;995;24H;;1,00;
09/02/2026;016;21343;6191114501058;XXL;895;24H;;1,00;
09/02/2026;016;21380;6191114508354;S;995;24H;;1,00;
09/02/2026;016;21402;6191114513273;M;995;24H;;1,00;
09/02/2026;016;21475;6191114532502;XL;695;24H;;1,00;
09/02/2026;016;21688;6191114566224;XL;476;25E;;1,00;
09/02/2026;016;22013;6191114607644;L;870;25H;;1,00;
09/02/2026;016;22020;6191114609549;L;695;25H;;1,00;
09/02/2026;016;22025;6191114610125;XXL;995;25H;;1,00;
09/02/2026;016;22032;6191114610965;XXL;995;25H;;1,00;
09/02/2026;016;22048;6191114612020;XL;010;25H;;1,00;
09/02/2026;016;22066;6191114615625;XL;875;25H;;1,00;
09/02/2026;016;22072;6191114616233;XXL;476;25H;;1,00;
09/02/2026;016;22114;6191114645806;S;020;25H;;1,00;
09/02/2026;016;22126;6191114649354;3XL;760;25H;;1,00;
09/02/2026;016;22135;6191114624139;M;870;25H;;1,00;
09/02/2026;016;22139;6191114624375;XS;940;25H;;1,00;
09/02/2026;016;22139;6191114624429;M;995;25H;;1,00;
09/02/2026;016;22139;6191114624443;L;385;25H;;1,00;
09/02/2026;016;22160;6191114626249;XL;820;25H;;1,00;
09/02/2026;016;22163;6191114659773;XL;C490;25H;;1,00;
09/02/2026;016;22163;6191114659827;L;C790;25H;;1,00;
09/02/2026;016;22182;6191114629448;XXL;784;25H;;1,00;
09/02/2026;016;22183;6191114629547;XL;385;25H;;-1,00;
09/02/2026;016;22200;6191114630321;XXL;010;25H;;-1,00;
09/02/2026;016;22200;6191114630345;3XL;010;25H;;1,00;
09/02/2026;016;22207;6191114640443;L;880;25H;;1,00;
09/02/2026;016;22223;6191114643505;S;995;25H;;1,00;
09/02/2026;016;22239;6191114644953;M;995;25H;;1,00;
09/02/2026;016;22239;6191114645004;XL;815;25H;;1,00;
09/02/2026;016;22244;6191114647893;S;995;25H;;1,00;
09/02/2026;016;22250;6191114649682;XXL;784;25H;;1,00;
09/02/2026;016;22261;6191114651289;XL;490;25H;;1,00;
09/02/2026;016;22262;6191114651401;XL;490;25H;;1,00;
09/02/2026;016;22276;6191114655782;L;385;25H;;1,00;
09/02/2026;016;22276;6191114655799;L;995;25H;;1,00;
09/02/2026;016;22276;6191114655805;XL;385;25H;;1,00;
09/02/2026;016;22284;6191114654211;L;385;25H;;1,00;
09/02/2026;016;22285;6191114654396;XXL;385;25H;;1,00;
09/02/2026;016;22285;6191114654402;XXL;995;25H;;1,00;
09/02/2026;016;22287;6191114654587;XL;995;25H;;1,00;
09/02/2026;016;22288;6191114654686;XXL;995;25H;;1,00;
09/02/2026;016;22289;6191114655256;L;476;25H;;1,00;
09/02/2026;016;22294;6191114656093;L;950;25H;;1,00;
09/02/2026;016;22322;6191114659537;XXL;740;25H;;1,00;
09/02/2026;016;55800;6191114621619;XL;385;25H;;1,00;
09/02/2026;016;55806;6191114640856;L;385;25H;;1,00;
09/02/2026;016;55817;6191114654792;XL;385;25H;;1,00;
09/02/2026;016;70205;6191114612259;S;385;25H;;1,00;
09/02/2026;016;70213;6191114623699;L;P385;25H;;1,00;
09/02/2026;016;70224;6191114641792;L;385;25H;;1,00;
09/02/2026;016;70229;6191114657779;L;476;25H;;1,00;
09/02/2026;016;70229;6191114657786;XL;476;25H;;1,00;
09/02/2026;016;91273;6194444115674;TU;815;22H;;5,00;
09/02/2026;016;91510;6191114625501;40;995;25H;;1,00;
09/02/2026;019;20354;6191114279827;XXL;995;23H;;1,00;
09/02/2026;019;20354;6191114279841;4XL;995;23H;;1,00;
09/02/2026;019;20465;6191114302976;XXL;940;23H;;1,00;
09/02/2026;019;20714;6191114360457;XXL;I235;24E;;1,00;
09/02/2026;019;21347;6191114501461;M;385;24H;;1,00;
09/02/2026;019;21475;6191114532465;M;695;24H;;1,00;
09/02/2026;019;22006;6191114606838;M;995;25H;;1,00;
09/02/2026;019;22024;6191114653313;L;815;25H;;1,00;
09/02/2026;019;22061;6191114618176;L;R350;25H;;1,00;
09/02/2026;019;22068;6191114642416;3XL;695;25H;;1,00;
09/02/2026;019;22108;6191114622159;L;870;25H;;1,00;
09/02/2026;019;22117;6191114646315;XXL;995;25H;;1,00;
09/02/2026;019;22118;6191114646407;L;874;25H;;1,00;
09/02/2026;019;22127;6191114649088;XXL;770;25H;;1,00;
09/02/2026;019;22151;6191114625723;XL;995;25H;;1,00;
09/02/2026;019;22159;6191114626058;M;880;25H;;1,00;
09/02/2026;019;22229;6191114644038;XXL;995;25H;;1,00;
09/02/2026;019;22233;6191114644403;L;000;25H;;1,00;
09/02/2026;019;22239;6191114644977;L;815;25H;;1,00;
09/02/2026;019;22239;6191114645042;XXL;995;25H;;1,00;
09/02/2026;019;22258;6191114650862;4XL;385;25H;;1,00;
09/02/2026;019;22259;6191114650954;XL;010;25H;;1,00;
09/02/2026;019;22263;6191114651500;S;010;25H;;1,00;
09/02/2026;019;22298;6191114658288;XXL;R385;25H;;1,00;
09/02/2026;019;22303;6191114657434;3XL;870;25H;;1,00;
09/02/2026;019;22328;6191114661431;3XL;995;25H;;2,00;
09/02/2026;019;55811;6191114644595;L;R310;25H;;2,00;
09/02/2026;019;55811;6191114644601;L;R784;25H;;1,00;
09/02/2026;019;70217;6191114647312;L;E385;25H;;1,00;
09/02/2026;019;70220;6191114631205;XL;695;25H;;1,00;
09/02/2026;019;91501;6191114626300;TU;195;25H;;1,00;
09/02/2026;019;91509;6191114625280;37;995;25H;;1,00;
09/02/2026;019;91526;6191114639980;37;880;25H;;1,00;
09/02/2026;021;21358;6191114503700;XL;995;24H;;1,00;
09/02/2026;021;21383;6191114508729;L/XL;870;24H;;1,00;
09/02/2026;021;22011;6191114607439;XL;215;25H;;1,00;
09/02/2026;021;22026;6191114610262;3XL;815;25H;;1,00;
09/02/2026;021;22052;6191114617230;XXL;385;25H;;-1,00;
09/02/2026;021;22061;6191114618237;3XL;R350;25H;;1,00;
09/02/2026;021;22126;6191114647008;M;E385;25H;;1,00;
09/02/2026;021;22178;6191114628991;XL;P010;25H;;1,00;
09/02/2026;021;22183;6191114629547;XL;385;25H;;1,00;
09/02/2026;021;22190;6191114627819;S;995;25H;;1,00;
09/02/2026;021;22193;6191114628106;3XL;995;25H;;1,00;
09/02/2026;021;22212;6191114641549;XL;385;25H;;1,00;
09/02/2026;021;22217;6191114642836;L;000;25H;;1,00;
09/02/2026;021;22223;6191114643499;S;870;25H;;1,00;
09/02/2026;021;22237;6191114644816;L;I815;25H;;1,00;
09/02/2026;021;22241;6191114647381;XL;R000;25H;;1,00;
09/02/2026;021;22250;6191114649620;L;784;25H;;1,00;
09/02/2026;021;22258;6191114650732;M;740;25H;;1,00;
09/02/2026;021;22259;6191114650916;M;010;25H;;1,00;
09/02/2026;021;22267;6191114651883;XXL;815;25H;;-1,00;
09/02/2026;021;22267;6191114651906;3XL;815;25H;;1,00;
09/02/2026;021;22269;6191114653184;M;695;25H;;1,00;
09/02/2026;021;22277;6191114653429;L;784;25H;;1,00;
09/02/2026;021;22287;6191114654587;XL;995;25H;;1,00;
09/02/2026;021;22288;6191114654648;S;995;25H;;1,00;
09/02/2026;021;22292;6191114655683;XL;870;25H;;1,00;
09/02/2026;021;22295;6191114656277;XXL;695;25H;;-1,00;
09/02/2026;021;22302;6191114657243;L;245;25H;;1,00;
09/02/2026;021;22303;6191114657427;XXL;195;25H;;1,00;
09/02/2026;021;22306;6191114669093;XXL;995;25H;;1,00;
09/02/2026;021;70201;6191114608030;L;R870;25H;;1,00;
09/02/2026;021;70217;6191114649392;XL;I385;25H;;1,00;
09/02/2026;021;70227;6191114652170;M;I740;25H;;1,00;
09/02/2026;024;20618;6191114334014;37;380;24E;;1,00;
09/02/2026;024;20802;6191114389618;L;995;24E;;1,00;
09/02/2026;024;21078;6191114449152;XL;995;24H;;1,00;
09/02/2026;024;21425;6191114533134;XXL;870;24H;;1,00;
09/02/2026;024;22004;6191114606395;M;R815;25H;;1,00;
09/02/2026;024;22025;6191114610149;3XL;995;25H;;1,00;
09/02/2026;024;22036;6191114611153;M;R010;25H;;1,00;
09/02/2026;024;22052;6191114617193;L;385;25H;;1,00;
09/02/2026;024;22063;6191114618565;L;784;25H;;1,00;
09/02/2026;024;22064;6191114618824;XXL;695;25H;;1,00;
09/02/2026;024;22071;6191114616073;S;784;25H;;1,00;
09/02/2026;024;22115;6191114645950;M;990;25H;;1,00;
09/02/2026;024;22117;6191114648982;M;940;25H;;1,00;
09/02/2026;024;22126;6191114647008;M;E385;25H;;1,00;
09/02/2026;024;22142;6191114624702;M;875;25H;;1,00;
09/02/2026;024;22142;6191114624719;M;195;25H;;1,00;
09/02/2026;024;22142;6191114624726;L;995;25H;;1,00;
09/02/2026;024;22142;6191114624771;XL;195;25H;;1,00;
09/02/2026;024;22146;6191114630000;L;995;25H;;1,00;
09/02/2026;024;22200;6191114648340;XL;210;25H;;1,00;
09/02/2026;024;22201;6191114630420;XL;815;25H;;1,00;
09/02/2026;024;22207;6191114640382;S;880;25H;;1,00;
09/02/2026;024;22217;6191114642812;M;000;25H;;1,00;
09/02/2026;024;22250;6191114649590;M;784;25H;;1,00;
09/02/2026;024;22252;6191114650152;L;255;25H;;1,00;
09/02/2026;024;22253;6191114669253;L;255;25H;;1,00;
09/02/2026;024;22254;6191114650312;XL;995;25H;;1,00;
09/02/2026;024;22257;6191114650510;M;I740;25H;;1,00;
09/02/2026;024;22258;6191114650725;M;195;25H;;1,00;
09/02/2026;024;22261;6191114651265;L;490;25H;;1,00;
09/02/2026;024;22261;6191114651289;XL;490;25H;;1,00;
09/02/2026;024;22269;6191114653184;M;695;25H;;1,00;
09/02/2026;024;22271;6191114652385;L;010;25H;;1,00;
09/02/2026;024;22271;6191114652392;L;695;25H;;1,00;
09/02/2026;024;22271;6191114652484;3XL;695;25H;;1,00;
09/02/2026;024;22276;6191114655829;XXL;385;25H;;1,00;
09/02/2026;024;22279;6191114653665;XL;995;25H;;1,00;
09/02/2026;024;22284;6191114654235;XL;385;25H;;1,00;
09/02/2026;024;22286;6191114654471;XXL;995;25H;;1,00;
09/02/2026;024;22292;6191114655683;XL;870;25H;;1,00;
09/02/2026;024;22298;6191114658257;M;R385;25H;;1,00;
09/02/2026;024;55800;6191114621558;M;385;25H;;1,00;
09/02/2026;024;55800;6191114621671;3XL;385;25H;;1,00;
09/02/2026;024;55806;6191114640887;XL;385;25H;;1,00;
09/02/2026;024;55816;6191114648487;XL;R990;25H;;1,00;
09/02/2026;024;55817;6191114654716;S;695;25H;;1,00;
09/02/2026;024;55817;6191114654730;M;385;25H;;1,00;
09/02/2026;024;55817;6191114654808;XL;695;25H;;1,00;
09/02/2026;024;55817;6191114654815;XL;790;25H;;1,00;
09/02/2026;024;55818;6191114655041;XL;995;25H;;1,00;
09/02/2026;024;70227;6191114652248;XXL;I875;25H;;1,00;
09/02/2026;024;91526;6191114640009;38;880;25H;;1,00;
09/02/2026;029;21233;6191114477452;36;815;24H;;1,00;
09/02/2026;029;21317;6191114497085;36;995;24H;;1,00;
09/02/2026;029;21584;6191114550308;39;695;25E;;1,00;
09/02/2026;029;21584;6191114550322;40;695;25E;;-1,00;
09/02/2026;029;22011;6191114607477;3XL;215;25H;;1,00;
09/02/2026;029;22013;6191114607712;3XL;995;25H;;1,00;
09/02/2026;029;22028;6191114610507;3XL;870;25H;;1,00;
09/02/2026;029;22052;6191114617209;L;995;25H;;1,00;
09/02/2026;029;22052;6191114617254;3XL;385;25H;;1,00;
09/02/2026;029;22114;6191114645905;3XL;020;25H;;1,00;
09/02/2026;029;22118;6191114646414;XL;995;25H;;1,00;
09/02/2026;029;22194;6191114628205;XL;I880;25H;;1,00;
09/02/2026;029;22212;6191114641587;XXL;255;25H;;1,00;
09/02/2026;029;22257;6191114650671;4XL;I195;25H;;1,00;
09/02/2026;029;22265;6191114651777;L;995;25H;;1,00;
09/02/2026;029;22276;6191114655805;XL;385;25H;;1,00;
09/02/2026;029;22276;6191114655843;3XL;385;25H;;1,00;
09/02/2026;029;22301;6191114657113;L;995;25H;;1,00;
09/02/2026;029;22303;6191114657427;XXL;195;25H;;1,00;
09/02/2026;029;22328;6191114661424;XXL;995;25H;;1,00;
09/02/2026;029;22330;6191114660076;XL;724;25H;;1,00;
09/02/2026;029;70205;6191114612297;L;385;25H;;1,00;
09/02/2026;029;70226;6191114652040;XL;I880;25H;;1,00;
09/02/2026;030;22012;6191114607491;S;010;25H;;1,00;
09/02/2026;030;22012;6191114607590;3XL;010;25H;;1,00;
09/02/2026;030;22028;6191114610484;XXL;870;25H;;1,00;
09/02/2026;030;22048;6191114611993;L;995;25H;;1,00;
09/02/2026;030;22049;6191114612143;XL;995;25H;;1,00;
09/02/2026;030;22070;6191114616028;XL;995;25H;;1,00;
09/02/2026;030;22087;6191114619661;L;995;25H;;1,00;
09/02/2026;030;22101;6191114621039;L;995;25H;;1,00;
09/02/2026;030;22113;6191114645745;XL;990;25H;;1,00;
09/02/2026;030;22128;6191114622951;S;870;25H;;1,00;
09/02/2026;030;22159;6191114626065;L;880;25H;;1,00;
09/02/2026;030;22173;6191114628717;3XL;995;25H;;1,00;
09/02/2026;030;22182;6191114629417;XL;784;25H;;1,00;
09/02/2026;030;22183;6191114629509;M;385;25H;;2,00;
09/02/2026;030;22190;6191114627833;L;995;25H;;1,00;
09/02/2026;030;22194;6191114628168;M;I255;25H;;1,00;
09/02/2026;030;22198;6191114630178;L;695;25H;;1,00;
09/02/2026;030;22200;6191114648326;M;210;25H;;1,00;
09/02/2026;030;22243;6191114647855;XXL;695;25H;;1,00;
09/02/2026;030;22243;6191114647862;3XL;995;25H;;1,00;
09/02/2026;030;22250;6191114649637;XL;815;25H;;1,00;
09/02/2026;030;22250;6191114649699;3XL;815;25H;;-1,00;
09/02/2026;030;22263;6191114651517;M;870;25H;;1,00;
09/02/2026;030;22263;6191114651630;3XL;870;25H;;1,00;
09/02/2026;030;22285;6191114654365;L;995;25H;;1,00;
09/02/2026;030;22286;6191114654440;M;995;25H;;1,00;
09/02/2026;030;22291;6191114655430;L;495;25H;;1,00;
09/02/2026;030;22317;6191114658585;M;195;25H;;1,00;
09/02/2026;030;22325;6191114660007;XXL;695;25H;;1,00;
09/02/2026;030;22328;6191114661417;XL;995;25H;;1,00;
09/02/2026;030;22343;6191114661479;3XL;I634;25H;;1,00;
09/02/2026;030;55813;6191114645240;L;940;25H;;-1,00;
09/02/2026;030;55813;6191114645257;XL;385;25H;;1,00;
09/02/2026;030;55816;6191114648371;S;R995;25H;;1,00;
09/02/2026;030;55816;6191114648425;M;R990;25H;;1,00;
09/02/2026;030;55816;6191114648432;L;R995;25H;;1,00;
09/02/2026;030;55816;6191114648463;XL;R995;25H;;1,00;
09/02/2026;030;70214;6191114623750;L;995;25H;;1,00;
09/02/2026;030;70217;6191114649378;M;I385;25H;;1,00;
09/02/2026;030;70224;6191114641846;XXL;694;25H;;1,00;
09/02/2026;030;70231;6191114658691;L;C000;25H;;1,00;
09/02/2026;030;70232;6191114658806;M;995;25H;;1,00;
09/02/2026;030;70232;6191114658820;XL;995;25H;;1,00;
09/02/2026;030;70233;6191114658882;L;995;25H;;1,00;
09/02/2026;030;70234;6191114660748;S;010;25H;;1,00;
09/02/2026;031;22114;6191114645851;XL;815;25H;;1,00;
09/02/2026;031;22142;6191114624689;S;195;25H;;1,00;
09/02/2026;031;22182;6191114629417;XL;784;25H;;1,00;
09/02/2026;031;22209;6191114640696;M;815;25H;;1,00;
09/02/2026;031;22239;6191114644953;M;995;25H;;1,00;
09/02/2026;031;22239;6191114644984;L;995;25H;;1,00;
09/02/2026;031;22241;6191114647381;XL;R000;25H;;1,00;
09/02/2026;031;22250;6191114649569;S;784;25H;;1,00;
09/02/2026;031;22257;6191114650589;XL;I195;25H;;1,00;
09/02/2026;031;22258;6191114650756;L;195;25H;;1,00;
09/02/2026;031;22263;6191114651555;L;995;25H;;1,00;
09/02/2026;031;22277;6191114653375;S;815;25H;;1,00;
09/02/2026;031;22288;6191114654655;M;995;25H;;1,00;
09/02/2026;031;22291;6191114655430;L;495;25H;;1,00;
09/02/2026;031;22292;6191114655669;L;870;25H;;1,00;
09/02/2026;031;22307;6191114670020;XL;M940;25H;;1,00;
09/02/2026;031;22319;6191114670242;L;995;25H;;1,00;
09/02/2026;032;21360;6191114503793;S;MCO;24H;;1,00;
09/02/2026;032;22010;6191114607293;L;995;25H;;1,00;
09/02/2026;032;22010;6191114607316;XL;995;25H;;1,00;
09/02/2026;032;22010;6191114607347;3XL;815;25H;;1,00;
09/02/2026;032;22044;6191114622043;XL;695;25H;;1,00;
09/02/2026;032;22047;6191114611856;S;695;25H;;1,00;
09/02/2026;032;22080;6191114617018;XL;476;25H;;1,00;
09/02/2026;032;22142;6191114624702;M;875;25H;;1,00;
09/02/2026;032;22145;6191114629950;XL;995;25H;;1,00;
09/02/2026;032;22151;6191114625709;M;995;25H;;1,00;
09/02/2026;032;55816;6191114648517;XXL;R990;25H;;1,00;
09/02/2026;032;70203;6191114608276;L;R995;25H;;1,00;
09/02/2026;033;22014;6191114607767;L;R010;25H;;1,00;
09/02/2026;033;22022;6191114609792;3XL;R010;25H;;1,00;
09/02/2026;033;22177;6191114628885;L;010;25H;;1,00;
09/02/2026;033;22198;6191114630215;XXL;695;25H;;1,00;
09/02/2026;033;22213;6191114642324;L;815;25H;;1,00;
09/02/2026;033;22265;6191114651777;L;995;25H;;1,00;
10/02/2026;002;21070;6191114448131;4XL;815;24H;;1,00;
10/02/2026;002;21131;6191114462700;XL;010;24H;;1,00;
10/02/2026;002;21131;6191114462717;XL;530;24H;;1,00;
10/02/2026;002;21237;6191114477957;37;995;24H;;1,00;
10/02/2026;002;21323;6191114498778;3XL;870;24H;;1,00;
10/02/2026;002;21402;6191114513310;XL;995;24H;;1,00;
10/02/2026;002;21420;6191114514317;XL;695;24H;;1,00;
10/02/2026;002;21426;6191114526976;M;995;24H;;1,00;
10/02/2026;002;21482;6191114532847;S;995;24H;;1,00;
10/02/2026;002;21546;6191114542969;38;815;25E;;1,00;
10/02/2026;002;21563;6191114542860;L/XL;995;25E;;1,00;
10/02/2026;002;21830;6191114583443;XXL;995;25E;;1,00;
10/02/2026;002;21830;6191114583467;XXL;200;25E;;1,00;
10/02/2026;002;21831;6191114583559;L;200;25E;;1,00;
10/02/2026;002;21832;6191114583757;XXL;000;25E;;1,00;
10/02/2026;002;21863;6191114589476;3XL;310;25E;;1,00;
10/02/2026;002;22004;6191114606487;XXL;R815;25H;;1,00;
10/02/2026;002;22007;6191114607002;S;905;25H;;1,00;
10/02/2026;002;22007;6191114607026;L;905;25H;;1,00;
10/02/2026;002;22013;6191114607675;XL;995;25H;;1,00;
10/02/2026;002;22026;6191114610200;L;815;25H;;1,00;
10/02/2026;002;22033;6191114611047;L;815;25H;;1,00;
10/02/2026;002;22033;6191114611061;XL;815;25H;;1,00;
10/02/2026;002;22036;6191114611207;XXL;R995;25H;;1,00;
10/02/2026;002;22046;6191114611818;XL;C385;25H;;1,00;
10/02/2026;002;22052;6191114617209;L;995;25H;;1,00;
10/02/2026;002;22052;6191114617230;XXL;385;25H;;1,00;
10/02/2026;002;22063;6191114618541;L;870;25H;;1,00;
10/02/2026;002;22064;6191114618879;3XL;695;25H;;1,00;
10/02/2026;002;22068;6191114615762;L;995;25H;;1,00;
10/02/2026;002;22070;6191114616035;XXL;385;25H;;1,00;
10/02/2026;002;22081;6191114617070;XL;380;25H;;1,00;
10/02/2026;002;22096;6191114620629;XL;995;25H;;1,00;
10/02/2026;002;22117;6191114648999;L;940;25H;;1,00;
10/02/2026;002;22126;6191114647046;3XL;E385;25H;;-1,00;
10/02/2026;002;22126;6191114649330;XL;760;25H;;1,00;
10/02/2026;002;22129;6191114623156;L;385;25H;;1,00;
10/02/2026;002;22142;6191114624771;XL;195;25H;;1,00;
10/02/2026;002;22177;6191114628854;S;215;25H;;1,00;
10/02/2026;002;22181;6191114629264;L;995;25H;;1,00;
10/02/2026;002;22182;6191114629394;XL;870;25H;;1,00;
10/02/2026;002;22182;6191114629400;XL;995;25H;;1,00;
10/02/2026;002;22182;6191114629417;XL;784;25H;;1,00;
10/02/2026;002;22191;6191114627949;XL;P010;25H;;1,00;
10/02/2026;002;22191;6191114627963;XXL;P010;25H;;1,00;
10/02/2026;002;22199;6191114631106;XL;995;25H;;1,00;
10/02/2026;002;22205;6191114630789;S;870;25H;;1,00;
10/02/2026;002;22238;6191114644885;XL;I995;25H;;1,00;
10/02/2026;002;22242;6191114647572;XL;380;25H;;1,00;
10/02/2026;002;22243;6191114647800;XL;995;25H;;1,00;
10/02/2026;002;22243;6191114647817;XL;215;25H;;1,00;
10/02/2026;002;22247;6191114648753;XXL;R385;25H;;1,00;
10/02/2026;002;22250;6191114649590;M;784;25H;;2,00;
10/02/2026;002;22250;6191114649637;XL;815;25H;;1,00;
10/02/2026;002;22250;6191114649699;3XL;815;25H;;1,00;
10/02/2026;002;22258;6191114650770;XL;385;25H;;1,00;
10/02/2026;002;22259;6191114650930;L;010;25H;;1,00;
10/02/2026;002;22263;6191114651487;S;870;25H;;1,00;
10/02/2026;002;22267;6191114651845;L;815;25H;;1,00;
10/02/2026;002;22275;6191114652972;XL;385;25H;;1,00;
10/02/2026;002;22284;6191114654259;XXL;385;25H;;1,00;
10/02/2026;002;22285;6191114654372;XL;385;25H;;1,00;
10/02/2026;002;22296;6191114656543;XL;215;25H;;1,00;
10/02/2026;002;22301;6191114657113;L;995;25H;;2,00;
10/02/2026;002;22301;6191114657120;L;215;25H;;1,00;
10/02/2026;002;22301;6191114657137;XL;995;25H;;3,00;
10/02/2026;002;22301;6191114657144;XL;215;25H;;1,00;
10/02/2026;002;22302;6191114657267;XL;245;25H;;1,00;
10/02/2026;002;22308;6191114657694;S;870;25H;;1,00;
10/02/2026;002;22317;6191114658592;L;385;25H;;1,00;
10/02/2026;002;22322;6191114659544;XXL;190;25H;;1,00;
10/02/2026;002;22330;6191114660076;XL;724;25H;;1,00;
10/02/2026;002;22330;6191114660113;3XL;724;25H;;-1,00;
10/02/2026;002;22331;6191114660229;L;385;25H;;1,00;
10/02/2026;002;22331;6191114660250;XL;815;25H;;1,00;
10/02/2026;002;22338;6191114660915;XL;170;25H;;1,00;
10/02/2026;002;27514;6191113731319;XS;385;20H;;1,00;
10/02/2026;002;55808;6191114641297;XXL;975;25H;;-1,00;
10/02/2026;002;55808;6191114641327;3XL;975;25H;;1,00;
10/02/2026;002;55809;6191114642102;L;010;25H;;-1,00;
10/02/2026;002;55810;6191114642256;XL;010;25H;;1,00;
10/02/2026;002;55811;6191114644618;XL;R310;25H;;1,00;
10/02/2026;002;55813;6191114645226;L;385;25H;;-1,00;
10/02/2026;002;55813;6191114645257;XL;385;25H;;2,00;
10/02/2026;002;55813;6191114645295;XXL;310;25H;;1,00;
10/02/2026;002;55813;6191114645318;3XL;385;25H;;1,00;
10/02/2026;002;55816;6191114648401;M;R995;25H;;-1,00;
10/02/2026;002;55816;6191114648456;L;R990;25H;;1,00;
10/02/2026;002;55816;6191114648487;XL;R990;25H;;1,00;
10/02/2026;002;55818;6191114655034;XL;385;25H;;1,00;
10/02/2026;002;55818;6191114655133;3XL;385;25H;;1,00;
10/02/2026;002;55818;6191114655140;3XL;995;25H;;1,00;
10/02/2026;002;55820;6191114657908;XXL;R784;25H;;1,00;
10/02/2026;002;70206;6191114612457;XXL;870;25H;;1,00;
10/02/2026;002;70209;6191114612761;M;R920;25H;;1,00;
10/02/2026;002;70209;6191114612808;XL;R920;25H;;1,00;
10/02/2026;002;70210;6191114619203;XL;R385;25H;;1,00;
10/02/2026;002;70211;6191114621909;L;870;25H;;1,00;
10/02/2026;002;70226;6191114652033;XL;I995;25H;;2,00;
10/02/2026;002;70229;6191114657786;XL;476;25H;;-1,00;
10/02/2026;002;70229;6191114657793;XXL;476;25H;;1,00;
10/02/2026;002;91505;6191114657311;TU;815;25H;;1,00;
10/02/2026;005;20958;6191114424456;L;820;24E;;1,00;
10/02/2026;005;21112;6191114452909;XXL;M634;24H;;1,00;
10/02/2026;005;21476;6191114532595;L;995;24H;;1,00;
10/02/2026;005;21828;6191114583238;XXL;995;25E;;1,00;
10/02/2026;005;21828;6191114583245;XXL;000;25E;;1,00;
10/02/2026;005;21828;6191114583283;3XL;200;25E;;1,00;
10/02/2026;005;21922;6191114602021;XXL;805;25E;;1,00;
10/02/2026;005;22014;6191114607835;3XL;R495;25H;;1,00;
10/02/2026;005;22019;6191114609495;3XL;995;25H;;1,00;
10/02/2026;005;22044;6191114609105;L;995;25H;;-1,00;
10/02/2026;005;22055;6191114624849;S;995;25H;;1,00;
10/02/2026;005;22066;6191114615625;XL;875;25H;;1,00;
10/02/2026;005;22089;6191114619920;L;995;25H;;1,00;
10/02/2026;005;22113;6191114645691;M;005;25H;;1,00;
10/02/2026;005;22113;6191114645769;XXL;990;25H;;1,00;
10/02/2026;005;22114;6191114645851;XL;815;25H;;1,00;
10/02/2026;005;22114;6191114645899;3XL;815;25H;;1,00;
10/02/2026;005;22115;6191114646063;3XL;820;25H;;1,00;
10/02/2026;005;22115;6191114646070;3XL;990;25H;;1,00;
10/02/2026;005;22115;6191114646087;3XL;005;25H;;1,00;
10/02/2026;005;22123;6191114646780;XXL;695;25H;;1,00;
10/02/2026;005;22127;6191114647152;XXL;995;25H;;1,00;
10/02/2026;005;22131;6191114623651;XXL;995;25H;;1,00;
10/02/2026;005;22138;6191114624269;L;995;25H;;1,00;
10/02/2026;005;22140;6191114624641;XXL;995;25H;;1,00;
10/02/2026;005;22142;6191114624696;M;995;25H;;1,00;
10/02/2026;005;22163;6191114659834;L;C490;25H;;1,00;
10/02/2026;005;22190;6191114627826;M;995;25H;;1,00;
10/02/2026;005;22206;6191114630888;L;995;25H;;1,00;
10/02/2026;005;22207;6191114640535;3XL;880;25H;;1,00;
10/02/2026;005;22233;6191114644373;M;815;25H;;1,00;
10/02/2026;005;22244;6191114647909;S;215;25H;;1,00;
10/02/2026;005;22244;6191114648005;XL;695;25H;;1,00;
10/02/2026;005;22246;6191114648821;L;870;25H;;1,00;
10/02/2026;005;22257;6191114650558;L;I195;25H;;1,00;
10/02/2026;005;22264;6191114651739;4XL;995;25H;;1,00;
10/02/2026;005;22275;6191114652972;XL;385;25H;;1,00;
10/02/2026;005;22276;6191114655799;L;995;25H;;1,00;
10/02/2026;005;22279;6191114653603;M;995;25H;;1,00;
10/02/2026;005;22292;6191114655683;XL;870;25H;;1,00;
10/02/2026;005;22295;6191114656239;L;695;25H;;1,00;
10/02/2026;005;22318;6191114658981;M;C000;25H;;1,00;
10/02/2026;005;22320;6191114659162;L;870;25H;;1,00;
10/02/2026;005;22321;6191114659308;L;870;25H;;1,00;
10/02/2026;005;22321;6191114659339;XL;825;25H;;1,00;
10/02/2026;005;22330;6191114660120;3XL;220;25H;;1,00;
10/02/2026;005;55818;6191114655089;XXL;385;25H;;1,00;
10/02/2026;005;55818;6191114655096;XXL;995;25H;;1,00;
10/02/2026;005;70202;6191114608184;XL;010;25H;;1,00;
10/02/2026;005;70202;6191114608221;3XL;010;25H;;1,00;
10/02/2026;005;70214;6191114623774;XL;995;25H;;1,00;
10/02/2026;005;91367;6191114542570;TU;824;25E;;1,00;
10/02/2026;009;22005;6191114606630;L;010;25H;;1,00;
10/02/2026;009;22005;6191114606739;3XL;645;25H;;1,00;
10/02/2026;009;22019;6191114609464;XXL;815;25H;;1,00;
10/02/2026;009;22033;6191114611108;3XL;815;25H;;1,00;
10/02/2026;009;22050;6191114614475;L/XL;995;25H;;1,00;
10/02/2026;009;22064;6191114618770;XL;695;25H;;1,00;
10/02/2026;009;22101;6191114621046;XL;995;25H;;1,00;
10/02/2026;009;22124;6191114646919;3XL;645;25H;;1,00;
10/02/2026;009;22194;6191114628182;L;I385;25H;;1,00;
10/02/2026;009;22207;6191114640443;L;880;25H;;1,00;
10/02/2026;009;22222;6191114643413;XL;995;25H;;1,00;
10/02/2026;009;22242;6191114647527;L;380;25H;;1,00;
10/02/2026;009;22250;6191114649712;3XL;784;25H;;1,00;
10/02/2026;009;22257;6191114650589;XL;I195;25H;;1,00;
10/02/2026;009;22275;6191114652989;XL;790;25H;;1,00;
10/02/2026;009;22289;6191114655294;XXL;476;25H;;1,00;
10/02/2026;009;22295;6191114656239;L;695;25H;;1,00;
10/02/2026;009;22296;6191114656536;XL;385;25H;;1,00;
10/02/2026;009;22301;6191114657144;XL;215;25H;;1,00;
10/02/2026;009;22316;6191114658516;L;476;25H;;1,00;
10/02/2026;009;22316;6191114658523;XL;476;25H;;1,00;
10/02/2026;009;22320;6191114659162;L;870;25H;;1,00;
10/02/2026;009;22321;6191114659308;L;870;25H;;1,00;
10/02/2026;009;55810;6191114642232;L;010;25H;;1,00;
10/02/2026;009;55818;6191114654990;L;995;25H;;1,00;
10/02/2026;009;70201;6191114608030;L;R870;25H;;2,00;
10/02/2026;009;70231;6191114658707;L;C995;25H;;1,00;
10/02/2026;011;21126;6191114462083;L;R634;24H;;1,00;
10/02/2026;011;22030;6191114610712;XL;010;25H;;1,00;
10/02/2026;011;22032;6191114610927;L;995;25H;;1,00;
10/02/2026;011;22048;6191114612013;XL;995;25H;;1,00;
10/02/2026;011;22064;6191114618701;L;815;25H;;1,00;
10/02/2026;011;22068;6191114615762;L;995;25H;;1,00;
10/02/2026;011;22071;6191114616073;S;784;25H;;1,00;
10/02/2026;011;22096;6191114622197;S;870;25H;;1,00;
10/02/2026;011;22097;6191114622272;M;870;25H;;1,00;
10/02/2026;011;22099;6191114620933;XXL;995;25H;;1,00;
10/02/2026;011;22115;6191114645974;L;820;25H;;1,00;
10/02/2026;011;22116;6191114646148;L;770;25H;;1,00;
10/02/2026;011;22118;6191114646414;XL;995;25H;;1,00;
10/02/2026;011;22127;6191114649064;L;770;25H;;1,00;
10/02/2026;011;22142;6191114624726;L;995;25H;;1,00;
10/02/2026;011;22159;6191114626041;S;880;25H;;-1,00;
10/02/2026;011;22201;6191114630369;S;815;25H;;1,00;
10/02/2026;011;22202;6191114630550;XL;790;25H;;1,00;
10/02/2026;011;22202;6191114630598;3XL;790;25H;;-1,00;
10/02/2026;011;22238;6191114644908;3XL;I995;25H;;1,00;
10/02/2026;011;22244;6191114647930;M;215;25H;;1,00;
10/02/2026;011;22244;6191114647978;L;695;25H;;1,00;
10/02/2026;011;22254;6191114650299;M;995;25H;;1,00;
10/02/2026;011;22255;6191114650350;M;995;25H;;1,00;
10/02/2026;011;22279;6191114653627;L;645;25H;;1,00;
10/02/2026;011;22287;6191114654600;XXL;995;25H;;1,00;
10/02/2026;011;22288;6191114654686;XXL;995;25H;;1,00;
10/02/2026;011;22301;6191114657175;3XL;995;25H;;1,00;
10/02/2026;011;22303;6191114657373;L;870;25H;;1,00;
10/02/2026;011;22303;6191114657380;L;195;25H;;1,00;
10/02/2026;011;22320;6191114659179;L;825;25H;;1,00;
10/02/2026;011;22321;6191114659315;L;825;25H;;1,00;
10/02/2026;011;55800;6191114621589;L;385;25H;;1,00;
10/02/2026;011;55813;6191114645202;M;310;25H;;1,00;
10/02/2026;011;55815;6191114645561;L;385;25H;;1,00;
10/02/2026;011;55817;6191114654747;M;695;25H;;1,00;
10/02/2026;011;70217;6191114649392;XL;I385;25H;;1,00;
10/02/2026;011;91272;6194444115667;TU;815;22H;;1,00;
10/02/2026;011;91510;6191114625525;41;995;25H;;1,00;
10/02/2026;014;21345;6191114501263;XL;995;24H;;1,00;
10/02/2026;014;21830;6191114583429;XL;000;25E;;1,00;
10/02/2026;014;21831;6191114583610;XXL;200;25E;;1,00;
10/02/2026;014;21922;6191114601987;S;805;25E;;-1,00;
10/02/2026;014;22004;6191114606364;S;R815;25H;;1,00;
10/02/2026;014;22006;6191114606968;3XL;815;25H;;1,00;
10/02/2026;014;22018;6191114609303;L;R385;25H;;1,00;
10/02/2026;014;22045;6191114611726;XL;995;25H;;1,00;
10/02/2026;014;22045;6191114611733;XL;695;25H;;1,00;
10/02/2026;014;22047;6191114612853;3XL;385;25H;;1,00;
10/02/2026;014;22056;6191114617704;XL;310;25H;;1,00;
10/02/2026;014;22061;6191114618183;XL;R385;25H;;1,00;
10/02/2026;014;22062;6191114618367;XXL;870;25H;;1,00;
10/02/2026;014;22101;6191114621015;S;995;25H;;1,00;
10/02/2026;014;22111;6191114622722;L;235;25H;;1,00;
10/02/2026;014;22117;6191114648999;L;940;25H;;1,00;
10/02/2026;014;22117;6191114649019;XXL;940;25H;;1,00;
10/02/2026;014;22120;6191114646490;L;995;25H;;1,00;
10/02/2026;014;22129;6191114623200;XL;010;25H;;1,00;
10/02/2026;014;22129;6191114623217;XXL;385;25H;;1,00;
10/02/2026;014;22139;6191114624498;XL;940;25H;;-1,00;
10/02/2026;014;22139;6191114624511;XXL;995;25H;;-1,00;
10/02/2026;014;22142;6191114624719;M;195;25H;;1,00;
10/02/2026;014;22170;6191114626928;L;R385;25H;;1,00;
10/02/2026;014;22171;6191114627178;L;R385;25H;;1,00;
10/02/2026;014;22182;6191114629387;L;784;25H;;1,00;
10/02/2026;014;22191;6191114648920;L;P385;25H;;1,00;
10/02/2026;014;22191;6191114648937;XL;P385;25H;;1,00;
10/02/2026;014;22199;6191114631106;XL;995;25H;;1,00;
10/02/2026;014;22202;6191114630499;S;790;25H;;1,00;
10/02/2026;014;22203;6191114630666;XL;995;25H;;1,00;
10/02/2026;014;22205;6191114630802;L;870;25H;;-1,00;
10/02/2026;014;22209;6191114640740;XL;870;25H;;1,00;
10/02/2026;014;22216;6191114642690;XL;I385;25H;;2,00;
10/02/2026;014;22223;6191114643628;XXL;995;25H;;1,00;
10/02/2026;014;22239;6191114645066;3XL;815;25H;;1,00;
10/02/2026;014;22242;6191114647541;L;790;25H;;1,00;
10/02/2026;014;22247;6191114648746;XL;R270;25H;;1,00;
10/02/2026;014;22251;6191114650060;XXL;995;25H;;1,00;
10/02/2026;014;22254;6191114650312;XL;995;25H;;1,00;
10/02/2026;014;22255;6191114650374;XL;995;25H;;1,00;
10/02/2026;014;22258;6191114650756;L;195;25H;;1,00;
10/02/2026;014;22264;6191114651685;M;995;25H;;1,00;
10/02/2026;014;22268;6191114653092;S;695;25H;;1,00;
10/02/2026;014;22269;6191114653177;S;695;25H;;1,00;
10/02/2026;014;22271;6191114652385;L;010;25H;;1,00;
10/02/2026;014;22291;6191114655478;XXL;495;25H;;1,00;
10/02/2026;014;22292;6191114655669;L;870;25H;;1,00;
10/02/2026;014;22299;6191114659742;XL;695;25H;;1,00;
10/02/2026;014;22306;6191114669093;XXL;995;25H;;1,00;
10/02/2026;014;22343;6191114661462;XXL;I634;25H;;1,00;
10/02/2026;014;22348;6191114668645;S;I995;25H;;1,00;
10/02/2026;014;55801;6191114621732;M;385;25H;;1,00;
10/02/2026;014;55813;6191114645271;XL;940;25H;;1,00;
10/02/2026;014;55815;6191114645585;XL;385;25H;;2,00;
10/02/2026;014;55815;6191114669338;XL;995;25H;;1,00;
10/02/2026;014;55816;6191114648487;XL;R990;25H;;2,00;
10/02/2026;014;55817;6191114654808;XL;695;25H;;1,00;
10/02/2026;014;70209;6191114612747;S;R920;25H;;1,00;
10/02/2026;014;70226;6191114652026;L;I815;25H;;1,00;
10/02/2026;014;70226;6191114652040;XL;I880;25H;;1,00;
10/02/2026;014;70227;6191114652194;L;I740;25H;;1,00;
10/02/2026;014;70231;6191114658776;4XL;C000;25H;;1,00;
10/02/2026;014;91505;6191114657328;TU;385;25H;;1,00;
10/02/2026;014;91527;6191114640108;37;995;25H;;1,00;
10/02/2026;015;21343;6191114501027;XL;995;24H;;1,00;
10/02/2026;015;21440;6191114528901;3XL;995;24H;;1,00;
10/02/2026;015;21452;6191114530089;S/M;I270;24H;;1,00;
10/02/2026;015;22010;6191114607347;3XL;815;25H;;1,00;
10/02/2026;015;22048;6191114612037;XXL;995;25H;;1,00;
10/02/2026;015;22048;6191114612068;3XL;010;25H;;1,00;
10/02/2026;015;22127;6191114649088;XXL;770;25H;;1,00;
10/02/2026;015;22132;6191114623859;L;794;25H;;1,00;
10/02/2026;015;22132;6191114623903;XXL;224;25H;;1,00;
10/02/2026;015;22182;6191114629363;L;870;25H;;1,00;
10/02/2026;015;22183;6191114629561;XXL;385;25H;;1,00;
10/02/2026;015;22201;6191114630451;XXL;995;25H;;1,00;
10/02/2026;015;22206;6191114630925;XXL;995;25H;;1,00;
10/02/2026;015;22207;6191114640375;S;995;25H;;1,00;
10/02/2026;015;22212;6191114641549;XL;385;25H;;1,00;
10/02/2026;015;22229;6191114644014;L;995;25H;;1,00;
10/02/2026;015;22247;6191114648661;M;R385;25H;;1,00;
10/02/2026;015;22247;6191114648685;M;R270;25H;;1,00;
10/02/2026;015;22247;6191114648692;L;R385;25H;;1,00;
10/02/2026;015;22255;6191114650367;L;995;25H;;1,00;
10/02/2026;015;22295;6191114656222;L;995;25H;;1,00;
10/02/2026;015;22296;6191114656482;M;215;25H;;-1,00;
10/02/2026;015;22296;6191114656512;L;215;25H;;1,00;
10/02/2026;015;22302;6191114657243;L;245;25H;;1,00;
10/02/2026;015;22322;6191114659506;XL;740;25H;;1,00;
10/02/2026;015;22328;6191114661394;M;995;25H;;1,00;
10/02/2026;015;70210;6191114619227;XXL;R385;25H;;1,00;
10/02/2026;015;91272;6194444115667;TU;815;22H;;1,00;
10/02/2026;015;91501;6191114626300;TU;195;25H;;1,00;
10/02/2026;015;91510;6191114625440;37;995;25H;;1,00;
10/02/2026;016;20811;6191114391673;XS;385;24E;;1,00;
10/02/2026;016;21136;6191114463318;3XL;815;24H;;1,00;
10/02/2026;016;21220;6191114478855;M;995;24H;;1,00;
10/02/2026;016;21222;6191114479135;XL;645;24H;;1,00;
10/02/2026;016;21223;6191114479241;L;995;24H;;1,00;
10/02/2026;016;21254;6191114482951;S;995;24H;;1,00;
10/02/2026;016;21283;6191114502772;XL;995;24H;;1,00;
10/02/2026;016;21318;6191114497245;41;995;24H;;1,00;
10/02/2026;016;21325;6191114497733;3XL;995;24H;;1,00;
10/02/2026;016;21350;6191114501829;L;995;24H;;1,00;
10/02/2026;016;21350;6191114501836;XL;995;24H;;1,00;
10/02/2026;016;21402;6191114513358;3XL;995;24H;;1,00;
10/02/2026;016;21471;6191114531864;M;385;24H;;1,00;
10/02/2026;016;21908;6191114600386;M;645;25E;;1,00;
10/02/2026;016;22013;6191114607637;M;995;25H;;1,00;
10/02/2026;016;22013;6191114607699;XXL;995;25H;;1,00;
10/02/2026;016;22025;6191114610118;XL;010;25H;;1,00;
10/02/2026;016;22058;6191114617940;XL;995;25H;;1,00;
10/02/2026;016;22064;6191114618701;L;815;25H;;1,00;
10/02/2026;016;22067;6191114615687;L;380;25H;;1,00;
10/02/2026;016;22077;6191114626157;XL;326;25H;;1,00;
10/02/2026;016;22084;6191114616479;L;000;25H;;1,00;
10/02/2026;016;22114;6191114645837;L;815;25H;;1,00;
10/02/2026;016;22117;6191114646254;M;995;25H;;1,00;
10/02/2026;016;22126;6191114647046;3XL;E385;25H;;1,00;
10/02/2026;016;22127;6191114649057;M;770;25H;;1,00;
10/02/2026;016;22151;6191114625693;S;995;25H;;1,00;
10/02/2026;016;22178;6191114629011;3XL;P010;25H;;1,00;
10/02/2026;016;22188;6191114644731;L/XL;995;25H;;1,00;
10/02/2026;016;22201;6191114630369;S;815;25H;;1,00;
10/02/2026;016;22201;6191114630437;XL;995;25H;;1,00;
10/02/2026;016;22204;6191114630758;XL;995;25H;;1,00;
10/02/2026;016;22207;6191114640481;XL;784;25H;;1,00;
10/02/2026;016;22239;6191114644946;M;815;25H;;1,00;
10/02/2026;016;22263;6191114651586;XL;995;25H;;1,00;
10/02/2026;016;22263;6191114651616;XXL;995;25H;;-1,00;
10/02/2026;016;22269;6191114656437;3XL;890;25H;;1,00;
10/02/2026;016;22273;6191114652699;S;824;25H;;1,00;
10/02/2026;016;22277;6191114653399;M;815;25H;;1,00;
10/02/2026;016;22294;6191114656024;S;820;25H;;1,00;
10/02/2026;016;22294;6191114656161;3XL;870;25H;;1,00;
10/02/2026;016;22295;6191114656246;XL;995;25H;;1,00;
10/02/2026;016;22298;6191114658240;S;R385;25H;;1,00;
10/02/2026;016;22303;6191114657397;XL;870;25H;;1,00;
10/02/2026;016;22307;6191114669987;L;M870;25H;;1,00;
10/02/2026;016;22353;6191114668911;S;I010;25H;;1,00;
10/02/2026;016;55800;6191114621602;L;975;25H;;1,00;
10/02/2026;016;55806;6191114640887;XL;385;25H;;1,00;
10/02/2026;016;55809;6191114642096;L;870;25H;;1,00;
10/02/2026;016;55810;6191114642225;L;385;25H;;1,00;
10/02/2026;016;55810;6191114642232;L;010;25H;;1,00;
10/02/2026;016;70201;6191114608030;L;R870;25H;;1,00;
10/02/2026;016;70222;6191114630963;S;476;25H;;1,00;
10/02/2026;016;70223;6191114631038;M;476;25H;;1,00;
10/02/2026;016;70227;6191114652262;3XL;I875;25H;;1,00;
10/02/2026;016;70231;6191114658691;L;C000;25H;;1,00;
10/02/2026;016;91272;6194444115667;TU;815;22H;;1,00;
10/02/2026;016;91273;6194444115674;TU;815;22H;;1,00;
10/02/2026;016;91510;6191114625518;41;815;25H;;1,00;
10/02/2026;016;91526;6191114640061;41;880;25H;;1,00;
10/02/2026;016;91528;6191114640214;38;870;25H;;1,00;
10/02/2026;016;91528;6191114640221;38;995;25H;;1,00;
10/02/2026;019;20354;6191114297371;3XL;685;23H;;1,00;
10/02/2026;019;20598;6191114329935;XL;I270;24E;;1,00;
10/02/2026;019;20678;6191114354760;L;270;24E;;1,00;
10/02/2026;019;20795;6191114388482;L;I430;24E;;1,00;
10/02/2026;019;20881;6191114407329;XL;I740;24E;;1,00;
10/02/2026;019;21131;6191114462694;L;530;24H;;1,00;
10/02/2026;019;21136;6191114463295;XXL;815;24H;;1,00;
10/02/2026;019;21479;6191114530904;XXL;695;24H;;1,00;
10/02/2026;019;21535;6191114588608;M;310;25E;;1,00;
10/02/2026;019;21535;6191114588660;XXL;310;25E;;1,00;
10/02/2026;019;21604;6191114549104;M;R815;25E;;1,00;
10/02/2026;019;21863;6191114589438;XL;310;25E;;1,00;
10/02/2026;019;21879;6191114599246;XL;R815;25E;;1,00;
10/02/2026;019;21910;6191114600768;XL;310;25E;;1,00;
10/02/2026;019;22024;6191114653269;XL;870;25H;;1,00;
10/02/2026;019;22026;6191114610279;3XL;645;25H;;1,00;
10/02/2026;019;22031;6191114610804;L;995;25H;;2,00;
10/02/2026;019;22037;6191114611290;L;010;25H;;1,00;
10/02/2026;019;22052;6191114617216;XL;385;25H;;1,00;
10/02/2026;019;22066;6191114615595;L;815;25H;;1,00;
10/02/2026;019;22066;6191114615601;L;875;25H;;1,00;
10/02/2026;019;22068;6191114615809;XXL;995;25H;;1,00;
10/02/2026;019;22099;6191114620940;3XL;995;25H;;1,00;
10/02/2026;019;22111;6191114622586;S;385;25H;;1,00;
10/02/2026;019;22115;6191114645912;S;820;25H;;1,00;
10/02/2026;019;22118;6191114646377;M;995;25H;;1,00;
10/02/2026;019;22118;6191114646414;XL;995;25H;;2,00;
10/02/2026;019;22118;6191114646421;XL;874;25H;;1,00;
10/02/2026;019;22127;6191114647138;XL;995;25H;;1,00;
10/02/2026;019;22140;6191114624641;XXL;995;25H;;1,00;
10/02/2026;019;22142;6191114624696;M;995;25H;;1,00;
10/02/2026;019;22182;6191114629455;3XL;870;25H;;1,00;
10/02/2026;019;22195;6191114628588;XL;210;25H;;1,00;
10/02/2026;019;22200;6191114648357;XXL;210;25H;;1,00;
10/02/2026;019;22201;6191114630451;XXL;995;25H;;1,00;
10/02/2026;019;22202;6191114630543;XL;995;25H;;1,00;
10/02/2026;019;22203;6191114630628;M;995;25H;;1,00;
10/02/2026;019;22207;6191114640542;3XL;784;25H;;1,00;
10/02/2026;019;22213;6191114642324;L;815;25H;;1,00;
10/02/2026;019;22216;6191114642690;XL;I385;25H;;1,00;
10/02/2026;019;22222;6191114643420;XL;010;25H;;1,00;
10/02/2026;019;22244;6191114647893;S;995;25H;;1,00;
10/02/2026;019;22244;6191114647954;L;995;25H;;2,00;
10/02/2026;019;22247;6191114648722;XL;R385;25H;;1,00;
10/02/2026;019;22269;6191114653221;3XL;695;25H;;1,00;
10/02/2026;019;22290;6191114657953;XL;R385;25H;;1,00;
10/02/2026;019;22301;6191114657076;S;995;25H;;1,00;
10/02/2026;019;22328;6191114661424;XXL;995;25H;;1,00;
10/02/2026;019;22332;6191114660519;M;940;25H;;1,00;
10/02/2026;019;22340;6191114661189;L;MCO;25H;;1,00;
10/02/2026;019;22343;6191114661462;XXL;I634;25H;;1,00;
10/02/2026;019;22349;6191114668706;M;I815;25H;;2,00;
10/02/2026;019;22350;6191114668775;L;I815;25H;;1,00;
10/02/2026;019;55808;6191114641242;XL;385;25H;;1,00;
10/02/2026;019;55818;6191114655003;L;824;25H;;1,00;
10/02/2026;019;70203;6191114608276;L;R995;25H;;1,00;
10/02/2026;019;70206;6191114612419;L;870;25H;;1,00;
10/02/2026;019;70214;6191114623743;M;195;25H;;1,00;
10/02/2026;019;70214;6191114623774;XL;995;25H;;1,00;
10/02/2026;019;70217;6191114649378;M;I385;25H;;1,00;
10/02/2026;019;70220;6191114631205;XL;695;25H;;1,00;
10/02/2026;019;70226;6191114652101;3XL;I880;25H;;1,00;
10/02/2026;019;70231;6191114658707;L;C995;25H;;1,00;
10/02/2026;019;70233;6191114658882;L;995;25H;;1,00;
10/02/2026;021;21093;6191114454675;2;724;24E;;1,00;
10/02/2026;021;21355;6191114503342;M;000;24H;;1,00;
10/02/2026;021;22006;6191114606838;M;995;25H;;1,00;
10/02/2026;021;22007;6191114607033;XL;905;25H;;1,00;
10/02/2026;021;22022;6191114609761;XXL;R385;25H;;1,00;
10/02/2026;021;22061;6191114618121;S;R385;25H;;1,00;
10/02/2026;021;22061;6191114618183;XL;R385;25H;;1,00;
10/02/2026;021;22065;6191114618930;M;820;25H;;1,00;
10/02/2026;021;22122;6191114646650;L;995;25H;;1,00;
10/02/2026;021;22137;6191114623446;XXL;255;25H;;1,00;
10/02/2026;021;22147;6191114625051;XS;000;25H;;1,00;
10/02/2026;021;22177;6191114628878;M;215;25H;;1,00;
10/02/2026;021;22215;6191114642560;XXL;210;25H;;1,00;
10/02/2026;021;22222;6191114643352;M;995;25H;;1,00;
10/02/2026;021;22233;6191114644403;L;000;25H;;1,00;
10/02/2026;021;22243;6191114647855;XXL;695;25H;;1,00;
10/02/2026;021;22287;6191114654556;L;815;25H;;1,00;
10/02/2026;021;22318;6191114658998;L;235;25H;;1,00;
10/02/2026;021;22330;6191114660052;L;724;25H;;1,00;
10/02/2026;021;22331;6191114660410;XXL;495;25H;;1,00;
10/02/2026;021;55808;6191114641259;XL;995;25H;;1,00;
10/02/2026;021;70212;6191114623248;S;I995;25H;;1,00;
10/02/2026;021;70217;6191114647343;3XL;E385;25H;;1,00;
10/02/2026;021;70232;6191114658806;M;995;25H;;1,00;
10/02/2026;021;91528;6191114640245;39;995;25H;;1,00;
10/02/2026;024;20802;6191114389625;XL;995;24E;;1,00;
10/02/2026;024;20812;6191114391833;XXL;995;24E;;1,00;
10/02/2026;024;20930;6191114416611;M;995;24E;;1,00;
10/02/2026;024;21111;6191114452732;XL;995;24H;;1,00;
10/02/2026;024;21116;6191114453517;4XL;995;24H;;1,00;
10/02/2026;024;21181;6191114469433;XL;000;24H;;1,00;
10/02/2026;024;21235;6191114477780;40;815;24H;;1,00;
10/02/2026;024;21336;6191114499928;XL;784;24H;;1,00;
10/02/2026;024;21336;6191114499935;XL;355;24H;;1,00;
10/02/2026;024;21350;6191114501843;XXL;995;24H;;1,00;
10/02/2026;024;21426;6191114526945;S;695;24H;;1,00;
10/02/2026;024;21431;6191114527393;XS;170;24H;;1,00;
10/02/2026;024;22007;6191114607057;3XL;905;25H;;1,00;
10/02/2026;024;22033;6191114611085;XXL;815;25H;;1,00;
10/02/2026;024;22044;6191114622036;L;695;25H;;1,00;
10/02/2026;024;22049;6191114612082;S;995;25H;;1,00;
10/02/2026;024;22061;6191114618183;XL;R385;25H;;1,00;
10/02/2026;024;22071;6191114616158;XXL;784;25H;;1,00;
10/02/2026;024;22072;6191114616196;S;476;25H;;1,00;
10/02/2026;024;22089;6191114619876;S;385;25H;;1,00;
10/02/2026;024;22091;6191114620179;L;815;25H;;1,00;
10/02/2026;024;22113;6191114645714;L;990;25H;;1,00;
10/02/2026;024;22115;6191114645974;L;820;25H;;1,00;
10/02/2026;024;22115;6191114645998;L;005;25H;;1,00;
10/02/2026;024;22117;6191114646292;XL;995;25H;;1,00;
10/02/2026;024;22121;6191114646599;L;995;25H;;1,00;
10/02/2026;024;22132;6191114623880;XL;224;25H;;2,00;
10/02/2026;024;22142;6191114624672;S;875;25H;;1,00;
10/02/2026;024;22142;6191114624719;M;195;25H;;2,00;
10/02/2026;024;22142;6191114624764;XL;875;25H;;1,00;
10/02/2026;024;22148;6191114625563;XL;995;25H;;1,00;
10/02/2026;024;22153;6191114625808;M;995;25H;;1,00;
10/02/2026;024;22177;6191114628908;XL;010;25H;;1,00;
10/02/2026;024;22199;6191114631359;S;995;25H;;1,00;
10/02/2026;024;22202;6191114630574;XXL;790;25H;;1,00;
10/02/2026;024;22212;6191114641570;XXL;385;25H;;1,00;
10/02/2026;024;22212;6191114641587;XXL;255;25H;;1,00;
10/02/2026;024;22230;6191114644144;XXL;790;25H;;1,00;
10/02/2026;024;22238;6191114644854;S;I995;25H;;1,00;
10/02/2026;024;22239;6191114644960;M;784;25H;;1,00;
10/02/2026;024;22254;6191114650305;L;995;25H;;1,00;
10/02/2026;024;22255;6191114650381;XXL;995;25H;;1,00;
10/02/2026;024;22257;6191114650558;L;I195;25H;;1,00;
10/02/2026;024;22262;6191114651432;3XL;385;25H;;1,00;
10/02/2026;024;22263;6191114651463;XS;995;25H;;1,00;
10/02/2026;024;22263;6191114651623;XXL;010;25H;;1,00;
10/02/2026;024;22288;6191114654631;XS;995;25H;;1,00;
10/02/2026;024;22296;6191114656512;L;215;25H;;1,00;
10/02/2026;024;22312;6191114658158;XL;995;25H;;1,00;
10/02/2026;024;22322;6191114659551;3XL;645;25H;;1,00;
10/02/2026;024;55716;6191114526341;M;385;24H;;1,00;
10/02/2026;024;55716;6191114526358;L;385;24H;;1,00;
10/02/2026;024;55717;6191114528437;S;940;24H;;1,00;
10/02/2026;024;55808;6191114641211;L;385;25H;;1,00;
10/02/2026;024;55808;6191114641266;XL;975;25H;;1,00;
10/02/2026;024;55809;6191114642133;XXL;870;25H;;-1,00;
10/02/2026;024;55809;6191114642157;3XL;870;25H;;1,00;
10/02/2026;024;55813;6191114645219;M;940;25H;;1,00;
10/02/2026;024;55817;6191114654778;L;695;25H;;1,00;
10/02/2026;024;55817;6191114654808;XL;695;25H;;1,00;
10/02/2026;024;55818;6191114654983;L;385;25H;;1,00;
10/02/2026;024;70201;6191114608054;XL;R870;25H;;1,00;
10/02/2026;024;70201;6191114608061;XL;R385;25H;;1,00;
10/02/2026;024;70226;6191114652033;XL;I995;25H;;1,00;
10/02/2026;024;70226;6191114652132;4XL;I880;25H;;1,00;
10/02/2026;024;70231;6191114658714;XL;C000;25H;;1,00;
10/02/2026;024;70232;6191114658820;XL;995;25H;;1,00;
10/02/2026;029;21111;6191114452718;L;995;24H;;1,00;
10/02/2026;029;21440;6191114528901;3XL;995;24H;;1,00;
10/02/2026;029;22025;6191114610125;XXL;995;25H;;1,00;
10/02/2026;029;22088;6191114619807;XL;995;25H;;1,00;
10/02/2026;029;22117;6191114649019;XXL;940;25H;;1,00;
10/02/2026;029;22120;6191114646537;XXL;995;25H;;1,00;
10/02/2026;029;22128;6191114622982;M;870;25H;;1,00;
10/02/2026;029;22128;6191114622999;M;995;25H;;1,00;
10/02/2026;029;22128;6191114623026;L;995;25H;;1,00;
10/02/2026;029;22152;6191114625761;L;995;25H;;1,00;
10/02/2026;029;22197;6191114630109;3XL;815;25H;;1,00;
10/02/2026;029;22198;6191114630192;XL;695;25H;;1,00;
10/02/2026;029;22202;6191114630550;XL;790;25H;;1,00;
10/02/2026;029;22223;6191114643482;S;645;25H;;1,00;
10/02/2026;029;22251;6191114650046;XL;995;25H;;1,00;
10/02/2026;029;22258;6191114650718;M;385;25H;;1,00;
10/02/2026;029;22265;6191114651777;L;995;25H;;-1,00;
10/02/2026;029;22265;6191114651784;XL;995;25H;;1,00;
10/02/2026;029;22279;6191114653627;L;645;25H;;1,00;
10/02/2026;029;22287;6191114654549;M;995;25H;;1,00;
10/02/2026;029;22292;6191114655706;XXL;870;25H;;1,00;
10/02/2026;029;22295;6191114656260;XXL;995;25H;;1,00;
10/02/2026;029;22307;6191114670044;XXL;M870;25H;;1,00;
10/02/2026;029;66479;6191114492943;L;995;24H;;1,00;
10/02/2026;029;70221;6191114631335;4XL;I995;25H;;1,00;
10/02/2026;029;70231;6191114658752;3XL;C000;25H;;1,00;
10/02/2026;029;91502;6191114669116;TU;385;25H;;1,00;
10/02/2026;030;21345;6191114501300;3XL;995;24H;;1,00;
10/02/2026;030;22002;6191114606128;XXL;870;25H;;1,00;
10/02/2026;030;22004;6191114606395;M;R815;25H;;1,00;
10/02/2026;030;22004;6191114606425;L;R815;25H;;1,00;
10/02/2026;030;22019;6191114609495;3XL;995;25H;;1,00;
10/02/2026;030;22020;6191114609587;XXL;695;25H;;1,00;
10/02/2026;030;22031;6191114610859;XXL;695;25H;;1,00;
10/02/2026;030;22038;6191114611399;XL;R385;25H;;1,00;
10/02/2026;030;22049;6191114612082;S;995;25H;;1,00;
10/02/2026;030;22052;6191114617223;XL;995;25H;;1,00;
10/02/2026;030;22062;6191114618428;4XL;870;25H;;1,00;
10/02/2026;030;22064;6191114618817;XXL;010;25H;;1,00;
10/02/2026;030;22065;6191114618947;L;350;25H;;1,00;
10/02/2026;030;22066;6191114615595;L;815;25H;;1,00;
10/02/2026;030;22072;6191114616226;XL;476;25H;;1,00;
10/02/2026;030;22075;6191114616585;L;385;25H;;1,00;
10/02/2026;030;22077;6191114626140;L;326;25H;;1,00;
10/02/2026;030;22081;6191114617049;S;380;25H;;1,00;
10/02/2026;030;22085;6191114619418;XL;195;25H;;1,00;
10/02/2026;030;22097;6191114620728;M;995;25H;;1,00;
10/02/2026;030;22100;6191114620971;L;995;25H;;1,00;
10/02/2026;030;22125;6191114646971;XXL;E385;25H;;1,00;
10/02/2026;030;22128;6191114622999;M;995;25H;;1,00;
10/02/2026;030;22129;6191114623163;L;995;25H;;1,00;
10/02/2026;030;22129;6191114623170;L;010;25H;;1,00;
10/02/2026;030;22132;6191114623903;XXL;224;25H;;1,00;
10/02/2026;030;22133;6191114623996;L;815;25H;;1,00;
10/02/2026;030;22133;6191114625211;XXL;995;25H;;1,00;
10/02/2026;030;22150;6191114625655;XL;995;25H;;1,00;
10/02/2026;030;22184;6191114629660;XXL;995;25H;;1,00;
10/02/2026;030;22194;6191114628229;XL;I255;25H;;1,00;
10/02/2026;030;22199;6191114631106;XL;995;25H;;1,00;
10/02/2026;030;22238;6191114644878;L;I995;25H;;1,00;
10/02/2026;030;22243;6191114647718;S;995;25H;;1,00;
10/02/2026;030;22244;6191114648043;3XL;995;25H;;1,00;
10/02/2026;030;22246;6191114648852;XL;995;25H;;1,00;
10/02/2026;030;22250;6191114649569;S;784;25H;;1,00;
10/02/2026;030;22250;6191114649699;3XL;815;25H;;1,00;
10/02/2026;030;22257;6191114650572;XL;I740;25H;;1,00;
10/02/2026;030;22258;6191114650817;XXL;195;25H;;1,00;
10/02/2026;030;22260;6191114651128;L;815;25H;;1,00;
10/02/2026;030;22285;6191114654389;XL;995;25H;;1,00;
10/02/2026;030;22289;6191114655195;XS;476;25H;;1,00;
10/02/2026;030;22292;6191114655645;M;870;25H;;1,00;
10/02/2026;030;22296;6191114656604;3XL;215;25H;;1,00;
10/02/2026;030;22298;6191114658257;M;R385;25H;;1,00;
10/02/2026;030;22298;6191114658264;L;R385;25H;;1,00;
10/02/2026;030;22301;6191114657175;3XL;995;25H;;1,00;
10/02/2026;030;22302;6191114657274;XXL;995;25H;;1,00;
10/02/2026;030;22316;6191114658523;XL;476;25H;;1,00;
10/02/2026;030;22326;6191114668249;XS;995;25H;;1,00;
10/02/2026;030;22330;6191114660076;XL;724;25H;;1,00;
10/02/2026;030;55806;6191114640894;XL;870;25H;;1,00;
10/02/2026;030;55806;6191114640917;XXL;385;25H;;1,00;
10/02/2026;030;55819;6191114657571;XL;R385;25H;;1,00;
10/02/2026;030;55819;6191114657595;XL;R824;25H;;1,00;
10/02/2026;030;70213;6191114624566;XXL;P385;25H;;1,00;
10/02/2026;030;70217;6191114649408;XXL;I385;25H;;1,00;
10/02/2026;030;70231;6191114658752;3XL;C000;25H;;1,00;
10/02/2026;030;70231;6191114658769;3XL;C995;25H;;1,00;
10/02/2026;030;91510;6191114625440;37;995;25H;;1,00;
10/02/2026;031;21131;6191114462656;S;530;24H;;1,00;
10/02/2026;031;22019;6191114609440;XL;815;25H;;1,00;
10/02/2026;031;22026;6191114610163;S;815;25H;;1,00;
10/02/2026;031;22058;6191114617926;L;995;25H;;1,00;
10/02/2026;031;22058;6191114617933;L;000;25H;;1,00;
10/02/2026;031;22060;6191114618046;L;215;25H;;1,00;
10/02/2026;031;22064;6191114618855;3XL;815;25H;;1,00;
10/02/2026;031;22066;6191114615618;XL;815;25H;;1,00;
10/02/2026;031;22073;6191114616318;XL;870;25H;;1,00;
10/02/2026;031;22123;6191114646735;L;995;25H;;1,00;
10/02/2026;031;22142;6191114624696;M;995;25H;;2,00;
10/02/2026;031;22164;6191114649484;XL;995;25H;;1,00;
10/02/2026;031;22175;6191114628809;L;990;25H;;1,00;
10/02/2026;031;22183;6191114629523;L;385;25H;;1,00;
10/02/2026;031;22188;6191114644731;L/XL;995;25H;;2,00;
10/02/2026;031;22201;6191114630413;L;995;25H;;2,00;
10/02/2026;031;22211;6191114641419;XXL;694;25H;;1,00;
10/02/2026;031;22287;6191114654556;L;815;25H;;1,00;
10/02/2026;031;70201;6191114608078;XXL;R870;25H;;1,00;
10/02/2026;031;70216;6191114624306;M;R385;25H;;1,00;
10/02/2026;031;70227;6191114652248;XXL;I875;25H;;1,00;
10/02/2026;032;22052;6191114617209;L;995;25H;;1,00;
10/02/2026;032;22113;6191114645684;M;990;25H;;1,00;
10/02/2026;032;22174;6191114628762;XXL;990;25H;;1,00;
10/02/2026;032;22184;6191114629677;3XL;995;25H;;1,00;
10/02/2026;032;22212;6191114641594;XXL;235;25H;;1,00;
10/02/2026;032;22216;6191114642690;XL;I385;25H;;1,00;
10/02/2026;032;22239;6191114644946;M;815;25H;;1,00;
10/02/2026;032;22241;6191114647381;XL;R000;25H;;1,00;
10/02/2026;032;22261;6191114651258;L;385;25H;;1,00;
10/02/2026;032;22262;6191114651357;M;385;25H;;1,00;
10/02/2026;032;22285;6191114654402;XXL;995;25H;;1,00;
10/02/2026;032;70217;6191114649378;M;I385;25H;;1,00;
10/02/2026;032;91273;6194444115674;TU;815;22H;;1,00;
10/02/2026;033;22199;6191114631090;L;995;25H;;-1,00;
10/02/2026;033;22199;6191114631359;S;995;25H;;1,00;
11/02/2026;002;20354;6191114297463;XL;790;23H;;1,00;
11/02/2026;002;20666;6191114352650;S;350;23H;;1,00;
11/02/2026;002;20834;6191114396579;2XL/3;235;24E;;1,00;
11/02/2026;002;20834;6191114396609;2XL/3;625;24E;;1,00;
11/02/2026;002;21126;6191114462113;XL;R634;24H;;1,00;
11/02/2026;002;21131;6191114462694;L;530;24H;;1,00;
11/02/2026;002;21135;6191114463134;L;940;24H;;1,00;
11/02/2026;002;21182;6191114482791;XS;915;24H;;1,00;
11/02/2026;002;21250;6191114481978;S;385;24H;;1,00;
11/02/2026;002;21382;6191114508606;L;695;24H;;2,00;
11/02/2026;002;21383;6191114508682;S/M;870;24H;;1,00;
11/02/2026;002;21437;6191114528130;M;995;24H;;1,00;
11/02/2026;002;21472;6191114532083;L;815;24H;;1,00;
11/02/2026;002;21830;6191114583443;XXL;995;25E;;1,00;
11/02/2026;002;21830;6191114583498;3XL;200;25E;;1,00;
11/02/2026;002;21831;6191114583566;XL;995;25E;;1,00;
11/02/2026;002;21845;6191114586307;L;010;25E;;1,00;
11/02/2026;002;21863;6191114589377;S;310;25E;;1,00;
11/02/2026;002;21908;6191114600393;L;385;25E;;1,00;
11/02/2026;002;22017;6191114609181;L;995;25H;;1,00;
11/02/2026;002;22022;6191114609761;XXL;R385;25H;;1,00;
11/02/2026;002;22036;6191114611160;L;R995;25H;;1,00;
11/02/2026;002;22037;6191114611306;XL;995;25H;;1,00;
11/02/2026;002;22046;6191114611788;S;C385;25H;;1,00;
11/02/2026;002;22064;6191114618626;S;695;25H;;1,00;
11/02/2026;002;22071;6191114616103;M;195;25H;;1,00;
11/02/2026;002;22072;6191114616219;L;476;25H;;1,00;
11/02/2026;002;22085;6191114619401;L;740;25H;;1,00;
11/02/2026;002;22086;6191114619517;L;995;25H;;1,00;
11/02/2026;002;22086;6191114619531;XL;995;25H;;1,00;
11/02/2026;002;22113;6191114645721;L;005;25H;;1,00;
11/02/2026;002;22114;6191114645820;M;020;25H;;1,00;
11/02/2026;002;22124;6191114646902;XXL;995;25H;;1,00;
11/02/2026;002;22126;6191114647039;XXL;E385;25H;;1,00;
11/02/2026;002;22133;6191114624009;L;645;25H;;1,00;
11/02/2026;002;22152;6191114625778;XL;995;25H;;1,00;
11/02/2026;002;22153;6191114625815;L;995;25H;;1,00;
11/02/2026;002;22158;6191114626010;M;880;25H;;1,00;
11/02/2026;002;22159;6191114626041;S;880;25H;;1,00;
11/02/2026;002;22160;6191114626225;L;820;25H;;1,00;
11/02/2026;002;22163;6191114659810;M;C490;25H;;1,00;
11/02/2026;002;22164;6191114649460;L;995;25H;;1,00;
11/02/2026;002;22164;6191114649484;XL;995;25H;;1,00;
11/02/2026;002;22164;6191114649507;XXL;995;25H;;1,00;
11/02/2026;002;22172;6191114627307;XS;995;25H;;1,00;
11/02/2026;002;22173;6191114628694;XL;995;25H;;1,00;
11/02/2026;002;22174;6191114628748;L;990;25H;;1,00;
11/02/2026;002;22182;6191114629370;L;995;25H;;1,00;
11/02/2026;002;22183;6191114629530;L;995;25H;;1,00;
11/02/2026;002;22185;6191114627680;XXL;784;25H;;1,00;
11/02/2026;002;22186;6191114627741;L;784;25H;;1,00;
11/02/2026;002;22198;6191114630192;XL;695;25H;;1,00;
11/02/2026;002;22202;6191114630512;M;790;25H;;1,00;
11/02/2026;002;22203;6191114630659;L;010;25H;;1,00;
11/02/2026;002;22207;6191114640429;M;784;25H;;1,00;
11/02/2026;002;22207;6191114640450;L;784;25H;;1,00;
11/02/2026;002;22213;6191114642355;3XL;815;25H;;1,00;
11/02/2026;002;22215;6191114642591;3XL;210;25H;;1,00;
11/02/2026;002;22216;6191114642652;3XL;I880;25H;;1,00;
11/02/2026;002;22222;6191114643468;3XL;995;25H;;1,00;
11/02/2026;002;22242;6191114647411;S;385;25H;;1,00;
11/02/2026;002;22243;6191114647817;XL;215;25H;;1,00;
11/02/2026;002;22244;6191114647978;L;695;25H;;1,00;
11/02/2026;002;22247;6191114648647;S;R310;25H;;1,00;
11/02/2026;002;22249;6191114649224;M;010;25H;;1,00;
11/02/2026;002;22250;6191114649606;L;815;25H;;1,00;
11/02/2026;002;22259;6191114650930;L;010;25H;;1,00;
11/02/2026;002;22259;6191114650978;XXL;010;25H;;1,00;
11/02/2026;002;22267;6191114651937;4XL;995;25H;;1,00;
11/02/2026;002;22269;6191114653184;M;695;25H;;1,00;
11/02/2026;002;22276;6191114655775;M;995;25H;;1,00;
11/02/2026;002;22276;6191114655782;L;385;25H;;1,00;
11/02/2026;002;22276;6191114655799;L;995;25H;;1,00;
11/02/2026;002;22276;6191114655836;XXL;995;25H;;-1,00;
11/02/2026;002;22276;6191114655850;3XL;995;25H;;1,00;
11/02/2026;002;22280;6191114653818;M;995;25H;;1,00;
11/02/2026;002;22285;6191114654341;M;995;25H;;1,00;
11/02/2026;002;22291;6191114655416;M;495;25H;;1,00;
11/02/2026;002;22307;6191114670013;XL;M870;25H;;-1,00;
11/02/2026;002;22308;6191114657724;XL;870;25H;;1,00;
11/02/2026;002;22317;6191114658561;S;195;25H;;1,00;
11/02/2026;002;22322;6191114659452;M;190;25H;;1,00;
11/02/2026;002;22326;6191114668348;XXL;995;25H;;1,00;
11/02/2026;002;22330;6191114660090;XXL;724;25H;;1,00;
11/02/2026;002;22331;6191114660151;S;995;25H;;1,00;
11/02/2026;002;22331;6191114660168;S;390;25H;;1,00;
11/02/2026;002;22331;6191114660212;L;815;25H;;1,00;
11/02/2026;002;22331;6191114660229;L;385;25H;;1,00;
11/02/2026;002;22331;6191114660373;S;495;25H;;1,00;
11/02/2026;002;22332;6191114660496;S;940;25H;;1,00;
11/02/2026;002;22335;6191114660946;S/M;010;25H;;1,00;
11/02/2026;002;22340;6191114661189;L;MCO;25H;;1,00;
11/02/2026;002;22342;6191114661288;M;I995;25H;;1,00;
11/02/2026;002;22344;6191114668454;L;I815;25H;;1,00;
11/02/2026;002;22346;6191114668539;M;I815;25H;;1,00;
11/02/2026;002;22351;6191114668829;M;I815;25H;;1,00;
11/02/2026;002;55800;6191114621589;L;385;25H;;1,00;
11/02/2026;002;55800;6191114621695;3XL;975;25H;;1,00;
11/02/2026;002;55808;6191114641235;L;975;25H;;1,00;
11/02/2026;002;55811;6191114644571;M;R310;25H;;1,00;
11/02/2026;002;55811;6191114644595;L;R310;25H;;1,00;
11/02/2026;002;55811;6191114644618;XL;R310;25H;;2,00;
11/02/2026;002;55813;6191114645264;XL;310;25H;;2,00;
11/02/2026;002;55813;6191114645271;XL;940;25H;;1,00;
11/02/2026;002;55816;6191114648494;XXL;R995;25H;;1,00;
11/02/2026;002;55817;6191114654778;L;695;25H;;-1,00;
11/02/2026;002;55817;6191114654808;XL;695;25H;;1,00;
11/02/2026;002;55818;6191114654983;L;385;25H;;-1,00;
11/02/2026;002;55818;6191114655034;XL;385;25H;;1,00;
11/02/2026;002;55820;6191114657847;M;R784;25H;;1,00;
11/02/2026;002;70201;6191114608054;XL;R870;25H;;1,00;
11/02/2026;002;70202;6191114608139;M;995;25H;;1,00;
11/02/2026;002;70205;6191114612365;3XL;695;25H;;1,00;
11/02/2026;002;70209;6191114612761;M;R920;25H;;1,00;
11/02/2026;002;70231;6191114658738;XXL;C000;25H;;1,00;
11/02/2026;002;70232;6191114658813;L;995;25H;;1,00;
11/02/2026;002;70233;6191114658912;3XL;995;25H;;1,00;
11/02/2026;002;91504;6191114626331;TU;880;25H;;1,00;
11/02/2026;002;91509;6191114625297;38;815;25H;;1,00;
11/02/2026;002;91509;6191114625372;40;995;25H;;1,00;
11/02/2026;002;91528;6191114640191;37;870;25H;;1,00;
11/02/2026;005;22021;6191114609679;3XL;385;25H;;1,00;
11/02/2026;005;22024;6191114653344;3XL;815;25H;;1,00;
11/02/2026;005;22031;6191114610781;M;995;25H;;1,00;
11/02/2026;005;22054;6191114617490;3XL;995;25H;;1,00;
11/02/2026;005;22062;6191114618350;XL;195;25H;;1,00;
11/02/2026;005;22063;6191114618596;XL;784;25H;;1,00;
11/02/2026;005;22064;6191114618763;XL;010;25H;;1,00;
11/02/2026;005;22066;6191114615625;XL;875;25H;;1,00;
11/02/2026;005;22111;6191114622678;XL;255;25H;;1,00;
11/02/2026;005;22113;6191114645752;XXL;820;25H;;1,00;
11/02/2026;005;22114;6191114645851;XL;815;25H;;1,00;
11/02/2026;005;22120;6191114646513;XL;995;25H;;1,00;
11/02/2026;005;22130;6191114623583;XL;195;25H;;1,00;
11/02/2026;005;22131;6191114623644;XL;995;25H;;1,00;
11/02/2026;005;22131;6191114623651;XXL;995;25H;;1,00;
11/02/2026;005;22148;6191114625532;S;995;25H;;1,00;
11/02/2026;005;22152;6191114625761;L;995;25H;;1,00;
11/02/2026;005;22153;6191114625808;M;995;25H;;1,00;
11/02/2026;005;22162;6191114647244;XL;995;25H;;1,00;
11/02/2026;005;22163;6191114659858;XXL;C790;25H;;1,00;
11/02/2026;005;22191;6191114627901;M;P010;25H;;1,00;
11/02/2026;005;22194;6191114628175;L;I880;25H;;1,00;
11/02/2026;005;22194;6191114628182;L;I385;25H;;1,00;
11/02/2026;005;22194;6191114628199;L;I255;25H;;1,00;
11/02/2026;005;22197;6191114630109;3XL;815;25H;;1,00;
11/02/2026;005;22202;6191114630567;XXL;995;25H;;1,00;
11/02/2026;005;22233;6191114644380;M;000;25H;;1,00;
11/02/2026;005;22253;6191114650275;3XL;995;25H;;1,00;
11/02/2026;005;22262;6191114651371;L;385;25H;;1,00;
11/02/2026;005;22287;6191114654594;XXL;815;25H;;1,00;
11/02/2026;005;22307;6191114670013;XL;M870;25H;;1,00;
11/02/2026;005;22321;6191114659353;XXL;825;25H;;1,00;
11/02/2026;005;70205;6191114612358;3XL;385;25H;;1,00;
11/02/2026;005;70210;6191114619173;M;R350;25H;;1,00;
11/02/2026;005;70210;6191114619210;XL;R350;25H;;1,00;
11/02/2026;005;70217;6191114647305;M;E385;25H;;1,00;
11/02/2026;005;70224;6191114641822;XL;694;25H;;1,00;
11/02/2026;005;70226;6191114652057;XL;I815;25H;;1,00;
11/02/2026;005;91502;6191114669116;TU;385;25H;;1,00;
11/02/2026;009;22005;6191114606623;L;995;25H;;1,00;
11/02/2026;009;22005;6191114606708;XXL;995;25H;;1,00;
11/02/2026;009;22005;6191114606739;3XL;645;25H;;-1,00;
11/02/2026;009;22011;6191114607439;XL;215;25H;;1,00;
11/02/2026;009;22024;6191114653269;XL;870;25H;;1,00;
11/02/2026;009;22089;6191114619968;XXL;995;25H;;1,00;
11/02/2026;009;22102;6191114621107;XL;995;25H;;1,00;
11/02/2026;009;22127;6191114647114;L;995;25H;;1,00;
11/02/2026;009;22183;6191114629523;L;385;25H;;1,00;
11/02/2026;009;22195;6191114628595;XXL;215;25H;;1,00;
11/02/2026;009;22238;6191114644908;3XL;I995;25H;;1,00;
11/02/2026;009;22244;6191114648050;3XL;215;25H;;1,00;
11/02/2026;009;22252;6191114650190;XXL;255;25H;;1,00;
11/02/2026;009;22257;6191114650534;L;I350;25H;;1,00;
11/02/2026;009;22258;6191114650800;XXL;385;25H;;1,00;
11/02/2026;009;22273;6191114652736;L;385;25H;;1,00;
11/02/2026;009;22276;6191114655768;M;385;25H;;1,00;
11/02/2026;009;22276;6191114655805;XL;385;25H;;1,00;
11/02/2026;009;22278;6191114653504;XL;995;25H;;1,00;
11/02/2026;009;22285;6191114654365;L;995;25H;;1,00;
11/02/2026;009;22289;6191114655263;XL;995;25H;;1,00;
11/02/2026;009;22296;6191114656451;S;215;25H;;1,00;
11/02/2026;009;22316;6191114658523;XL;476;25H;;-1,00;
11/02/2026;009;22320;6191114659186;XL;870;25H;;1,00;
11/02/2026;009;22320;6191114659254;4XL;825;25H;;1,00;
11/02/2026;009;22321;6191114659346;XXL;870;25H;;1,00;
11/02/2026;009;22321;6191114659377;3XL;825;25H;;1,00;
11/02/2026;009;22322;6191114659490;XL;645;25H;;1,00;
11/02/2026;009;70216;6191114624337;XXL;R385;25H;;1,00;
11/02/2026;009;91526;6191114639973;37;995;25H;;1,00;
11/02/2026;011;20831;6191114396302;2XL/3;495;24E;;1,00;
11/02/2026;011;20835;6191114396661;2XL/3;385;24E;;1,00;
11/02/2026;011;22031;6191114610842;XXL;995;25H;;1,00;
11/02/2026;011;22033;6191114611047;L;815;25H;;1,00;
11/02/2026;011;22097;6191114620735;L;385;25H;;1,00;
11/02/2026;011;22115;6191114645936;S;005;25H;;1,00;
11/02/2026;011;22118;6191114646414;XL;995;25H;;-1,00;
11/02/2026;011;22128;6191114623002;L;385;25H;;1,00;
11/02/2026;011;22183;6191114629530;L;995;25H;;1,00;
11/02/2026;011;22201;6191114630475;3XL;995;25H;;1,00;
11/02/2026;011;22257;6191114650527;M;I195;25H;;1,00;
11/02/2026;011;22258;6191114650756;L;195;25H;;1,00;
11/02/2026;011;22268;6191114656345;XL;890;25H;;1,00;
11/02/2026;011;22269;6191114656437;3XL;890;25H;;1,00;
11/02/2026;011;22295;6191114656222;L;995;25H;;1,00;
11/02/2026;011;22307;6191114670037;XXL;M815;25H;;1,00;
11/02/2026;011;22320;6191114659179;L;825;25H;;-1,00;
11/02/2026;011;22321;6191114659261;S;870;25H;;1,00;
11/02/2026;011;22321;6191114659315;L;825;25H;;-1,00;
11/02/2026;011;70205;6191114612310;XL;385;25H;;1,00;
11/02/2026;014;21114;6191114453159;L;355;24H;;1,00;
11/02/2026;014;21119;6191114453852;3XL;R815;24H;;1,00;
11/02/2026;014;21156;6191114465398;S;784;24H;;1,00;
11/02/2026;014;21380;6191114508422;XL;875;24H;;1,00;
11/02/2026;014;21429;6191114527263;XS;170;24H;;1,00;
11/02/2026;014;21430;6191114527355;M;170;24H;;1,00;
11/02/2026;014;22003;6191114606227;L;R000;25H;;1,00;
11/02/2026;014;22005;6191114606623;L;995;25H;;1,00;
11/02/2026;014;22005;6191114606630;L;010;25H;;1,00;
11/02/2026;014;22045;6191114611672;S;695;25H;;1,00;
11/02/2026;014;22052;6191114617216;XL;385;25H;;1,00;
11/02/2026;014;22053;6191114617339;XL;995;25H;;1,00;
11/02/2026;014;22057;6191114617834;XL;195;25H;;1,00;
11/02/2026;014;22101;6191114621015;S;995;25H;;1,00;
11/02/2026;014;22114;6191114645844;L;020;25H;;1,00;
11/02/2026;014;22128;6191114623088;XXL;995;25H;;1,00;
11/02/2026;014;22129;6191114623101;S;995;25H;;1,00;
11/02/2026;014;22146;6191114630017;XL;995;25H;;1,00;
11/02/2026;014;22163;6191114659858;XXL;C790;25H;;1,00;
11/02/2026;014;22163;6191114659865;XXL;C490;25H;;1,00;
11/02/2026;014;22182;6191114629332;M;870;25H;;-1,00;
11/02/2026;014;22182;6191114629363;L;870;25H;;1,00;
11/02/2026;014;22182;6191114629455;3XL;870;25H;;1,00;
11/02/2026;014;22186;6191114627772;XXL;385;25H;;1,00;
11/02/2026;014;22191;6191114648937;XL;P385;25H;;-1,00;
11/02/2026;014;22191;6191114648944;XXL;P385;25H;;1,00;
11/02/2026;014;22194;6191114628212;XL;I385;25H;;1,00;
11/02/2026;014;22203;6191114630673;XL;010;25H;;1,00;
11/02/2026;014;22212;6191114641570;XXL;385;25H;;1,00;
11/02/2026;014;22223;6191114643635;3XL;645;25H;;1,00;
11/02/2026;014;22239;6191114645004;XL;815;25H;;1,00;
11/02/2026;014;22258;6191114650787;XL;195;25H;;1,00;
11/02/2026;014;22270;6191114649965;XXL;995;25H;;1,00;
11/02/2026;014;22276;6191114655843;3XL;385;25H;;1,00;
11/02/2026;014;22278;6191114653504;XL;995;25H;;1,00;
11/02/2026;014;22282;6191114654082;3XL;I815;25H;;1,00;
11/02/2026;014;22284;6191114654273;3XL;385;25H;;1,00;
11/02/2026;014;22285;6191114654372;XL;385;25H;;1,00;
11/02/2026;014;22292;6191114655652;M;995;25H;;2,00;
11/02/2026;014;22296;6191114656451;S;215;25H;;1,00;
11/02/2026;014;22319;6191114670235;M;995;25H;;1,00;
11/02/2026;014;22319;6191114670242;L;995;25H;;-1,00;
11/02/2026;014;22331;6191114660298;XXL;815;25H;;1,00;
11/02/2026;014;22331;6191114660304;XXL;385;25H;;1,00;
11/02/2026;014;22331;6191114660311;XXL;995;25H;;1,00;
11/02/2026;014;22351;6191114668829;M;I815;25H;;1,00;
11/02/2026;014;55811;6191114644649;XXL;R784;25H;;1,00;
11/02/2026;014;55813;6191114645257;XL;385;25H;;-1,00;
11/02/2026;014;55817;6191114654792;XL;385;25H;;1,00;
11/02/2026;014;70203;6191114608306;XL;R355;25H;;1,00;
11/02/2026;014;70207;6191114612570;XXL;R385;25H;;1,00;
11/02/2026;014;70210;6191114619142;S;R385;25H;;1,00;
11/02/2026;014;70226;6191114652095;3XL;I995;25H;;1,00;
11/02/2026;014;70227;6191114652156;S;I740;25H;;1,00;
11/02/2026;014;91509;6191114625334;39;870;25H;;1,00;
11/02/2026;014;91527;6191114640115;38;870;25H;;1,00;
11/02/2026;014;91527;6191114640122;38;995;25H;;1,00;
11/02/2026;014;91528;6191114640191;37;870;25H;;1,00;
11/02/2026;015;21659;6191114588899;L;005;25E;;1,00;
11/02/2026;015;22023;6191114609853;L;R010;25H;;1,00;
11/02/2026;015;22055;6191114617568;L;870;25H;;1,00;
11/02/2026;015;22063;6191114618459;XS;870;25H;;1,00;
11/02/2026;015;22063;6191114618572;XL;870;25H;;1,00;
11/02/2026;015;22071;6191114616110;L;784;25H;;1,00;
11/02/2026;015;22088;6191114619821;XXL;995;25H;;1,00;
11/02/2026;015;22091;6191114620247;3XL;995;25H;;1,00;
11/02/2026;015;22128;6191114623040;XL;870;25H;;1,00;
11/02/2026;015;22132;6191114623859;L;794;25H;;1,00;
11/02/2026;015;22142;6191114624733;L;875;25H;;1,00;
11/02/2026;015;22164;6191114649446;M;995;25H;;1,00;
11/02/2026;015;22182;6191114629424;XXL;870;25H;;1,00;
11/02/2026;015;22195;6191114628397;XL;310;25H;;1,00;
11/02/2026;015;22212;6191114641556;XL;255;25H;;1,00;
11/02/2026;015;22223;6191114643581;XL;870;25H;;1,00;
11/02/2026;015;22275;6191114652989;XL;790;25H;;1,00;
11/02/2026;015;22295;6191114656215;M;695;25H;;-1,00;
11/02/2026;015;22295;6191114656239;L;695;25H;;1,00;
11/02/2026;015;22301;6191114657113;L;995;25H;;1,00;
11/02/2026;015;22307;6191114670020;XL;M940;25H;;1,00;
11/02/2026;015;22308;6191114657724;XL;870;25H;;1,00;
11/02/2026;015;22320;6191114659124;S;870;25H;;1,00;
11/02/2026;015;22321;6191114659285;M;870;25H;;1,00;
11/02/2026;015;22331;6191114660236;L;995;25H;;1,00;
11/02/2026;015;22331;6191114660250;XL;815;25H;;1,00;
11/02/2026;015;22331;6191114660397;L;495;25H;;1,00;
11/02/2026;015;22331;6191114660403;XL;495;25H;;1,00;
11/02/2026;015;22333;6191114660694;XXL;990;25H;;1,00;
11/02/2026;015;55816;6191114648456;L;R990;25H;;1,00;
11/02/2026;015;70205;6191114612358;3XL;385;25H;;1,00;
11/02/2026;015;70210;6191114619234;XXL;R350;25H;;1,00;
11/02/2026;015;70227;6191114652262;3XL;I875;25H;;1,00;
11/02/2026;015;91528;6191114640245;39;995;25H;;1,00;
11/02/2026;016;20427;6191114295483;XL;995;23H;;1,00;
11/02/2026;016;20450;6191114300422;L;790;23H;;1,00;
11/02/2026;016;21073;6191114448483;M;815;24H;;1,00;
11/02/2026;016;21336;6191114499959;XXL;784;24H;;1,00;
11/02/2026;016;21380;6191114508385;M;875;24H;;1,00;
11/02/2026;016;21402;6191114513310;XL;995;24H;;1,00;
11/02/2026;016;21859;6191114588776;L;880;25E;;1,00;
11/02/2026;016;22007;6191114607033;XL;905;25H;;1,00;
11/02/2026;016;22021;6191114609655;XL;385;25H;;1,00;
11/02/2026;016;22024;6191114653313;L;815;25H;;1,00;
11/02/2026;016;22026;6191114610187;M;815;25H;;1,00;
11/02/2026;016;22031;6191114610804;L;995;25H;;1,00;
11/02/2026;016;22032;6191114610941;XL;995;25H;;1,00;
11/02/2026;016;22032;6191114610972;XXL;940;25H;;1,00;
11/02/2026;016;22045;6191114611689;M;995;25H;;1,00;
11/02/2026;016;22061;6191114618176;L;R350;25H;;1,00;
11/02/2026;016;22068;6191114615786;XL;995;25H;;1,00;
11/02/2026;016;22071;6191114616110;L;784;25H;;1,00;
11/02/2026;016;22072;6191114616226;XL;476;25H;;1,00;
11/02/2026;016;22095;6191114620506;S;R350;25H;;1,00;
11/02/2026;016;22111;6191114622616;XL;385;25H;;1,00;
11/02/2026;016;22113;6191114645691;M;005;25H;;1,00;
11/02/2026;016;22120;6191114646452;S;995;25H;;1,00;
11/02/2026;016;22120;6191114646490;L;995;25H;;1,00;
11/02/2026;016;22142;6191114624696;M;995;25H;;1,00;
11/02/2026;016;22142;6191114624719;M;195;25H;;1,00;
11/02/2026;016;22180;6191114629226;L;995;25H;;1,00;
11/02/2026;016;22183;6191114629523;L;385;25H;;1,00;
11/02/2026;016;22187;6191114644670;S/M;995;25H;;1,00;
11/02/2026;016;22188;6191114644724;S/M;200;25H;;1,00;
11/02/2026;016;22212;6191114641549;XL;385;25H;;1,00;
11/02/2026;016;22212;6191114641556;XL;255;25H;;1,00;
11/02/2026;016;22223;6191114643611;XXL;870;25H;;1,00;
11/02/2026;016;22238;6191114644878;L;I995;25H;;1,00;
11/02/2026;016;22246;6191114648845;XL;870;25H;;1,00;
11/02/2026;016;22255;6191114650374;XL;995;25H;;1,00;
11/02/2026;016;22261;6191114651258;L;385;25H;;1,00;
11/02/2026;016;22263;6191114651555;L;995;25H;;1,00;
11/02/2026;016;22267;6191114651845;L;815;25H;;1,00;
11/02/2026;016;22276;6191114655737;XS;995;25H;;1,00;
11/02/2026;016;22287;6191114654570;XL;815;25H;;1,00;
11/02/2026;016;22321;6191114659315;L;825;25H;;1,00;
11/02/2026;016;22324;6191114659674;XL;995;25H;;1,00;
11/02/2026;016;22348;6191114668652;M;I995;25H;;1,00;
11/02/2026;016;55808;6191114641266;XL;975;25H;;1,00;
11/02/2026;016;55811;6191114644618;XL;R310;25H;;1,00;
11/02/2026;016;55818;6191114655102;XXL;824;25H;;1,00;
11/02/2026;016;55818;6191114655140;3XL;995;25H;;1,00;
11/02/2026;016;55818;6191114655171;3XL;694;25H;;1,00;
11/02/2026;016;55818;6191114658349;3XL;535;25H;;1,00;
11/02/2026;016;70201;6191114608078;XXL;R870;25H;;1,00;
11/02/2026;016;70203;6191114608269;M;R355;25H;;1,00;
11/02/2026;016;70217;6191114647336;XXL;E385;25H;;1,00;
11/02/2026;016;70226;6191114652040;XL;I880;25H;;1,00;
11/02/2026;016;70232;6191114658790;S;995;25H;;1,00;
11/02/2026;016;70233;6191114658899;XL;995;25H;;1,00;
11/02/2026;016;91272;6194444115667;TU;815;22H;;2,00;
11/02/2026;016;91273;6194444115674;TU;815;22H;;1,00;
11/02/2026;016;91506;6191114626379;TU;995;25H;;1,00;
11/02/2026;019;20162;6191114234475;XXL;410;23H;;1,00;
11/02/2026;019;20255;6191114257856;L;995;23H;;1,00;
11/02/2026;019;20255;6191114257962;L;010;23H;;1,00;
11/02/2026;019;20255;6191114258181;L;695;23H;;1,00;
11/02/2026;019;20354;6191114279827;XXL;995;23H;;1,00;
11/02/2026;019;20569;6191114324480;L;I430;24E;;1,00;
11/02/2026;019;21447;6191114529472;XXL;385;24H;;1,00;
11/02/2026;019;21503;6191114539358;XL;815;25E;;1,00;
11/02/2026;019;21604;6191114549159;XL;R350;25E;;1,00;
11/02/2026;019;21876;6191114599024;L;I995;25E;;1,00;
11/02/2026;019;22009;6191114607194;XL;380;25H;;1,00;
11/02/2026;019;22010;6191114607316;XL;995;25H;;1,00;
11/02/2026;019;22030;6191114610682;L;995;25H;;1,00;
11/02/2026;019;22032;6191114610941;XL;995;25H;;1,00;
11/02/2026;019;22068;6191114615786;XL;995;25H;;1,00;
11/02/2026;019;22068;6191114615809;XXL;995;25H;;1,00;
11/02/2026;019;22115;6191114646032;XXL;820;25H;;1,00;
11/02/2026;019;22115;6191114646049;XXL;990;25H;;1,00;
11/02/2026;019;22194;6191114628168;M;I255;25H;;1,00;
11/02/2026;019;22239;6191114644960;M;784;25H;;1,00;
11/02/2026;019;22244;6191114648012;XXL;995;25H;;1,00;
11/02/2026;019;22244;6191114648036;XXL;695;25H;;1,00;
11/02/2026;019;22250;6191114649606;L;815;25H;;1,00;
11/02/2026;019;22259;6191114650992;3XL;010;25H;;1,00;
11/02/2026;019;22274;6191114652880;XL;995;25H;;1,00;
11/02/2026;019;22280;6191114653870;XL;995;25H;;1,00;
11/02/2026;019;22280;6191114653887;XL;000;25H;;1,00;
11/02/2026;019;22290;6191114657946;L;R385;25H;;1,00;
11/02/2026;019;22291;6191114655461;XXL;995;25H;;1,00;
11/02/2026;019;22306;6191114669093;XXL;995;25H;;1,00;
11/02/2026;019;22307;6191114670044;XXL;M870;25H;;1,00;
11/02/2026;019;22338;6191114660908;L;170;25H;;1,00;
11/02/2026;019;55816;6191114648463;XL;R995;25H;;1,00;
11/02/2026;019;70203;6191114608337;3XL;R995;25H;;1,00;
11/02/2026;019;70231;6191114658745;XXL;C995;25H;;1,00;
11/02/2026;019;70233;6191114658929;4XL;995;25H;;1,00;
11/02/2026;019;91501;6191114626300;TU;195;25H;;1,00;
11/02/2026;019;91509;6191114625372;40;995;25H;;1,00;
11/02/2026;019;91528;6191114640177;36;870;25H;;1,00;
11/02/2026;019;91528;6191114640184;36;995;25H;;1,00;
11/02/2026;019;91528;6191114640191;37;870;25H;;1,00;
11/02/2026;021;20714;6191114360440;XL;I235;24E;;1,00;
11/02/2026;021;21189;6191114471207;S;I625;24H;;1,00;
11/02/2026;021;21358;6191114503694;L;995;24H;;1,00;
11/02/2026;021;21383;6191114508712;L/XL;995;24H;;1,00;
11/02/2026;021;22031;6191114610835;XL;695;25H;;1,00;
11/02/2026;021;22064;6191114618657;M;815;25H;;1,00;
11/02/2026;021;22064;6191114618763;XL;010;25H;;1,00;
11/02/2026;021;22064;6191114618817;XXL;010;25H;;-1,00;
11/02/2026;021;22066;6191114615601;L;875;25H;;1,00;
11/02/2026;021;22068;6191114642386;L;695;25H;;1,00;
11/02/2026;021;22085;6191114619418;XL;195;25H;;-1,00;
11/02/2026;021;22090;6191114620018;S;815;25H;;1,00;
11/02/2026;021;22091;6191114620131;S;815;25H;;1,00;
11/02/2026;021;22126;6191114649309;S;760;25H;;-1,00;
11/02/2026;021;22127;6191114649064;L;770;25H;;1,00;
11/02/2026;021;22132;6191114623828;S;224;25H;;1,00;
11/02/2026;021;22182;6191114629363;L;870;25H;;1,00;
11/02/2026;021;22183;6191114629554;XL;995;25H;;1,00;
11/02/2026;021;22189;6191114644762;S/M;200;25H;;1,00;
11/02/2026;021;22193;6191114628083;XL;995;25H;;1,00;
11/02/2026;021;22194;6191114628120;S;I385;25H;;1,00;
11/02/2026;021;22200;6191114648340;XL;210;25H;;1,00;
11/02/2026;021;22203;6191114630673;XL;010;25H;;1,00;
11/02/2026;021;22212;6191114641549;XL;385;25H;;1,00;
11/02/2026;021;22212;6191114641556;XL;255;25H;;1,00;
11/02/2026;021;22253;6191114650275;3XL;995;25H;;1,00;
11/02/2026;021;22254;6191114650336;3XL;995;25H;;1,00;
11/02/2026;021;22255;6191114650381;XXL;995;25H;;1,00;
11/02/2026;021;22260;6191114651128;L;815;25H;;-1,00;
11/02/2026;021;22260;6191114656772;L;995;25H;;1,00;
11/02/2026;021;22262;6191114651401;XL;490;25H;;1,00;
11/02/2026;021;22262;6191114651432;3XL;385;25H;;1,00;
11/02/2026;021;22295;6191114656246;XL;995;25H;;1,00;
11/02/2026;021;22295;6191114656277;XXL;695;25H;;1,00;
11/02/2026;021;22302;6191114657243;L;245;25H;;-1,00;
11/02/2026;021;22303;6191114657366;M;195;25H;;1,00;
11/02/2026;021;22303;6191114657373;L;870;25H;;1,00;
11/02/2026;021;22338;6191114660908;L;170;25H;;1,00;
11/02/2026;021;70202;6191114608122;S;010;25H;;-1,00;
11/02/2026;021;70203;6191114608269;M;R355;25H;;1,00;
11/02/2026;021;70205;6191114612273;M;385;25H;;1,00;
11/02/2026;024;20138;6191114228634;XL;995;23H;;1,00;
11/02/2026;024;20227;6191114252783;XXL;E995;23H;;1,00;
11/02/2026;024;20237;6191114254176;36;995;23H;;1,00;
11/02/2026;024;20322;6191114273627;L;I940;23H;;1,00;
11/02/2026;024;20618;6191114334007;36;380;24E;;1,00;
11/02/2026;024;20621;6191114334724;36;920;24E;;1,00;
11/02/2026;024;21111;6191114452732;XL;995;24H;;1,00;
11/02/2026;024;21287;6191114503281;XXL;790;24H;;1,00;
11/02/2026;024;21310;6191114485853;L;995;24H;;1,00;
11/02/2026;024;21314;6191114499379;38;995;24H;;1,00;
11/02/2026;024;21318;6191114497245;41;995;24H;;1,00;
11/02/2026;024;21403;6191114513457;XXL;995;24H;;1,00;
11/02/2026;024;21418;6191114513792;M;995;24H;;1,00;
11/02/2026;024;21426;6191114527065;XL;815;24H;;1,00;
11/02/2026;024;21476;6191114532618;XL;995;24H;;1,00;
11/02/2026;024;21830;6191114583481;3XL;000;25E;;1,00;
11/02/2026;024;21832;6191114583771;3XL;995;25E;;1,00;
11/02/2026;024;21833;6191114583924;XXL;995;25E;;1,00;
11/02/2026;024;22001;6191114605879;S;705;25H;;1,00;
11/02/2026;024;22002;6191114605992;S;645;25H;;1,00;
11/02/2026;024;22004;6191114606340;S;R000;25H;;1,00;
11/02/2026;024;22010;6191114607255;S;995;25H;;1,00;
11/02/2026;024;22033;6191114611016;S;695;25H;;1,00;
11/02/2026;024;22052;6191114617223;XL;995;25H;;1,00;
11/02/2026;024;22066;6191114615618;XL;815;25H;;1,00;
11/02/2026;024;22085;6191114619449;XXL;740;25H;;1,00;
11/02/2026;024;22089;6191114620001;4XL;995;25H;;1,00;
11/02/2026;024;22113;6191114645653;S;990;25H;;1,00;
11/02/2026;024;22114;6191114645790;S;815;25H;;1,00;
11/02/2026;024;22114;6191114645806;S;020;25H;;1,00;
11/02/2026;024;22117;6191114648975;S;940;25H;;1,00;
11/02/2026;024;22130;6191114623552;L;995;25H;;1,00;
11/02/2026;024;22132;6191114623859;L;794;25H;;1,00;
11/02/2026;024;22140;6191114624658;3XL;995;25H;;1,00;
11/02/2026;024;22162;6191114647183;S;995;25H;;1,00;
11/02/2026;024;22198;6191114630185;XL;385;25H;;1,00;
11/02/2026;024;22199;6191114631113;XXL;995;25H;;1,00;
11/02/2026;024;22207;6191114640399;S;784;25H;;1,00;
11/02/2026;024;22244;6191114647930;M;215;25H;;1,00;
11/02/2026;024;22244;6191114647985;XL;995;25H;;1,00;
11/02/2026;024;22246;6191114648838;L;995;25H;;1,00;
11/02/2026;024;22278;6191114653481;M;995;25H;;1,00;
11/02/2026;024;22285;6191114654365;L;995;25H;;1,00;
11/02/2026;024;22288;6191114654662;L;995;25H;;1,00;
11/02/2026;024;22289;6191114655195;XS;476;25H;;1,00;
11/02/2026;024;22295;6191114656260;XXL;995;25H;;1,00;
11/02/2026;024;22302;6191114657229;M;245;25H;;1,00;
11/02/2026;024;55716;6191114526389;3XL;385;24H;;1,00;
11/02/2026;024;55725;6191114526808;L;385;24H;;1,00;
11/02/2026;024;55808;6191114641235;L;975;25H;;1,00;
11/02/2026;024;55817;6191114654815;XL;790;25H;;1,00;
11/02/2026;024;55818;6191114655041;XL;995;25H;;3,00;
11/02/2026;024;70210;6191114619159;S;R350;25H;;1,00;
11/02/2026;024;70214;6191114623774;XL;995;25H;;1,00;
11/02/2026;024;70220;6191114631168;M;695;25H;;1,00;
11/02/2026;024;70220;6191114631182;L;695;25H;;1,00;
11/02/2026;024;70220;6191114631250;4XL;870;25H;;1,00;
11/02/2026;024;70226;6191114651944;S;I995;25H;;1,00;
11/02/2026;024;70226;6191114651975;M;I995;25H;;1,00;
11/02/2026;024;70227;6191114652194;L;I740;25H;;1,00;
11/02/2026;024;91272;6194444115667;TU;815;22H;;1,00;
11/02/2026;029;21485;6191114537002;S;995;24H;;1,00;
11/02/2026;029;22023;6191114609914;3XL;R010;25H;;1,00;
11/02/2026;029;22238;6191114644878;L;I995;25H;;1,00;
11/02/2026;029;22246;6191114648838;L;995;25H;;1,00;
11/02/2026;029;22331;6191114660311;XXL;995;25H;;1,00;
11/02/2026;029;70202;6191114608139;M;995;25H;;1,00;
11/02/2026;029;70231;6191114658707;L;C995;25H;;1,00;
11/02/2026;030;22020;6191114609501;S;695;25H;;1,00;
11/02/2026;030;22027;6191114610309;M;645;25H;;1,00;
11/02/2026;030;22054;6191114617452;XL;995;25H;;1,00;
11/02/2026;030;22058;6191114617926;L;995;25H;;1,00;
11/02/2026;030;22091;6191114620186;L;995;25H;;1,00;
11/02/2026;030;22096;6191114620605;L;995;25H;;1,00;
11/02/2026;030;22113;6191114645769;XXL;990;25H;;1,00;
11/02/2026;030;22114;6191114645882;XXL;020;25H;;1,00;
11/02/2026;030;22124;6191114646872;XL;645;25H;;1,00;
11/02/2026;030;22127;6191114647114;L;995;25H;;1,00;
11/02/2026;030;22127;6191114649071;XL;770;25H;;1,00;
11/02/2026;030;22128;6191114623026;L;995;25H;;1,00;
11/02/2026;030;22143;6191114624900;S;476;25H;;1,00;
11/02/2026;030;22180;6191114629219;M;995;25H;;1,00;
11/02/2026;030;22182;6191114629394;XL;870;25H;;1,00;
11/02/2026;030;22197;6191114630079;L;815;25H;;1,00;
11/02/2026;030;22200;6191114648326;M;210;25H;;1,00;
11/02/2026;030;22239;6191114645011;XL;995;25H;;1,00;
11/02/2026;030;22247;6191114648777;XXL;R270;25H;;1,00;
11/02/2026;030;22252;6191114650183;XXL;995;25H;;1,00;
11/02/2026;030;22258;6191114650770;XL;385;25H;;1,00;
11/02/2026;030;22261;6191114651296;XXL;385;25H;;1,00;
11/02/2026;030;22261;6191114651302;XXL;490;25H;;1,00;
11/02/2026;030;22262;6191114651425;XXL;490;25H;;1,00;
11/02/2026;030;22276;6191114655836;XXL;995;25H;;1,00;
11/02/2026;030;22276;6191114655843;3XL;385;25H;;1,00;
11/02/2026;030;22278;6191114653498;L;995;25H;;1,00;
11/02/2026;030;22279;6191114653658;XL;645;25H;;1,00;
11/02/2026;030;22279;6191114653689;XXL;645;25H;;1,00;
11/02/2026;030;22280;6191114653870;XL;995;25H;;1,00;
11/02/2026;030;22286;6191114654433;S;995;25H;;1,00;
11/02/2026;030;22286;6191114654464;XL;995;25H;;1,00;
11/02/2026;030;22286;6191114654471;XXL;995;25H;;1,00;
11/02/2026;030;22287;6191114654518;S;815;25H;;1,00;
11/02/2026;030;22287;6191114654563;L;995;25H;;1,00;
11/02/2026;030;22292;6191114655683;XL;870;25H;;1,00;
11/02/2026;030;22300;6191114656819;M;870;25H;;1,00;
11/02/2026;030;22301;6191114657137;XL;995;25H;;1,00;
11/02/2026;030;22304;6191114660472;XXL;MCO;25H;;1,00;
11/02/2026;030;22322;6191114659469;L;645;25H;;1,00;
11/02/2026;030;22333;6191114660618;S;990;25H;;1,00;
11/02/2026;030;55806;6191114640894;XL;870;25H;;-1,00;
11/02/2026;030;55806;6191114640924;XXL;870;25H;;1,00;
11/02/2026;030;55811;6191114644601;L;R784;25H;;1,00;
11/02/2026;030;55814;6191114645349;S;385;25H;;1,00;
11/02/2026;030;55816;6191114648456;L;R990;25H;;1,00;
11/02/2026;030;70217;6191114649415;3XL;I385;25H;;1,00;
11/02/2026;030;70226;6191114651944;S;I995;25H;;1,00;
11/02/2026;030;70226;6191114651951;S;I880;25H;;1,00;
11/02/2026;030;70226;6191114652040;XL;I880;25H;;1,00;
11/02/2026;030;70227;6191114652224;XL;I875;25H;;1,00;
11/02/2026;030;70231;6191114658677;M;C000;25H;;1,00;
11/02/2026;031;22060;6191114618046;L;215;25H;;1,00;
11/02/2026;031;22070;6191114616066;3XL;995;25H;;1,00;
11/02/2026;031;22098;6191114620858;L;995;25H;;1,00;
11/02/2026;031;22183;6191114629547;XL;385;25H;;1,00;
11/02/2026;031;22195;6191114628588;XL;210;25H;;1,00;
11/02/2026;031;22197;6191114630093;XXL;815;25H;;1,00;
11/02/2026;031;22239;6191114645035;XXL;815;25H;;1,00;
11/02/2026;031;22253;6191114650251;XL;995;25H;;1,00;
11/02/2026;031;22257;6191114650534;L;I350;25H;;1,00;
11/02/2026;031;22257;6191114650619;XXL;I195;25H;;1,00;
11/02/2026;031;22258;6191114650831;3XL;385;25H;;1,00;
11/02/2026;031;22290;6191114657953;XL;R385;25H;;1,00;
11/02/2026;031;22317;6191114658646;XXL;195;25H;;1,00;
11/02/2026;031;22318;6191114659018;XL;235;25H;;1,00;
11/02/2026;031;55818;6191114655089;XXL;385;25H;;1,00;
11/02/2026;031;55818;6191114658332;XXL;535;25H;;1,00;
11/02/2026;031;91510;6191114625419;36;815;25H;;1,00;
11/02/2026;032;22063;6191114618589;XL;995;25H;;1,00;
11/02/2026;032;22070;6191114616004;L;995;25H;;1,00;
11/02/2026;032;22072;6191114616219;L;476;25H;;1,00;
11/02/2026;032;22131;6191114623637;L;995;25H;;1,00;
11/02/2026;032;22182;6191114629363;L;870;25H;;1,00;
11/02/2026;032;22182;6191114629370;L;995;25H;;1,00;
11/02/2026;032;22239;6191114644946;M;815;25H;;-1,00;
11/02/2026;032;22257;6191114650558;L;I195;25H;;1,00;
11/02/2026;032;22262;6191114651371;L;385;25H;;1,00;
11/02/2026;032;22276;6191114655836;XXL;995;25H;;1,00;
11/02/2026;032;70231;6191114658776;4XL;C000;25H;;1,00;
11/02/2026;032;91273;6194444115674;TU;815;22H;;-1,00;
11/02/2026;033;22023;6191114609853;L;R010;25H;;1,00;
11/02/2026;033;22097;6191114620728;M;995;25H;;1,00;
11/02/2026;033;22262;6191114651357;M;385;25H;;1,00;
11/02/2026;033;91512;6191114626423;TU;995;25H;;1,00;
12/02/2026;002;20831;6191114396258;S/M;995;24E;;1,00;
12/02/2026;002;20834;6191114396555;S/M;235;24E;;1,00;
12/02/2026;002;21071;6191114448278;XXL;815;24H;;1,00;
12/02/2026;002;21222;6191114479159;XXL;645;24H;;1,00;
12/02/2026;002;21400;6191114511194;5XL;270;24H;;1,00;
12/02/2026;002;21400;6191114511255;5XL;195;24H;;1,00;
12/02/2026;002;21420;6191114514249;S;995;24H;;1,00;
12/02/2026;002;21471;6191114531932;XL;815;24H;;1,00;
12/02/2026;002;21476;6191114532625;XL;695;24H;;1,00;
12/02/2026;002;21554;6191114543744;36;815;25E;;1,00;
12/02/2026;002;21556;6191114544000;39;170;25E;;1,00;
12/02/2026;002;21583;6191114549722;38;995;25E;;1,00;
12/02/2026;002;21826;6191114582811;L;995;25E;;1,00;
12/02/2026;002;21826;6191114582828;L;000;25E;;1,00;
12/02/2026;002;21826;6191114582835;L;200;25E;;1,00;
12/02/2026;002;21830;6191114583412;XL;995;25E;;1,00;
12/02/2026;002;21832;6191114583719;XL;995;25E;;1,00;
12/02/2026;002;21832;6191114583733;XL;200;25E;;2,00;
12/02/2026;002;22003;6191114606302;XXL;R870;25H;;1,00;
12/02/2026;002;22005;6191114606654;XL;645;25H;;1,00;
12/02/2026;002;22020;6191114609587;XXL;695;25H;;1,00;
12/02/2026;002;22032;6191114610958;XL;940;25H;;-1,00;
12/02/2026;002;22033;6191114611016;S;695;25H;;1,00;
12/02/2026;002;22036;6191114611214;XXL;R010;25H;;1,00;
12/02/2026;002;22040;6191114611566;L;R010;25H;;1,00;
12/02/2026;002;22046;6191114611788;S;C385;25H;;1,00;
12/02/2026;002;22050;6191114614482;2XL/3;995;25H;;1,00;
12/02/2026;002;22053;6191114617315;L;995;25H;;1,00;
12/02/2026;002;22057;6191114617858;XXL;195;25H;;1,00;
12/02/2026;002;22073;6191114616295;L;870;25H;;1,00;
12/02/2026;002;22080;6191114617018;XL;476;25H;;1,00;
12/02/2026;002;22102;6191114621107;XL;995;25H;;1,00;
12/02/2026;002;22115;6191114645981;L;990;25H;;1,00;
12/02/2026;002;22120;6191114646469;S;495;25H;;1,00;
12/02/2026;002;22123;6191114646759;XL;995;25H;;1,00;
12/02/2026;002;22126;6191114649323;L;760;25H;;1,00;
12/02/2026;002;22126;6191114649330;XL;760;25H;;-1,00;
12/02/2026;002;22133;6191114625174;S;995;25H;;1,00;
12/02/2026;002;22142;6191114624719;M;195;25H;;1,00;
12/02/2026;002;22146;6191114630017;XL;995;25H;;1,00;
12/02/2026;002;22148;6191114625556;L;995;25H;;1,00;
12/02/2026;002;22164;6191114649446;M;995;25H;;1,00;
12/02/2026;002;22164;6191114649460;L;995;25H;;-1,00;
12/02/2026;002;22186;6191114627734;L;385;25H;;1,00;
12/02/2026;002;22197;6191114630086;XL;815;25H;;1,00;
12/02/2026;002;22198;6191114630130;S;695;25H;;1,00;
12/02/2026;002;22201;6191114630475;3XL;995;25H;;1,00;
12/02/2026;002;22207;6191114640481;XL;784;25H;;1,00;
12/02/2026;002;22212;6191114641488;M;385;25H;;1,00;
12/02/2026;002;22222;6191114643444;XXL;995;25H;;1,00;
12/02/2026;002;22229;6191114644014;L;995;25H;;1,00;
12/02/2026;002;22230;6191114644083;M;790;25H;;1,00;
12/02/2026;002;22230;6191114644090;L;880;25H;;1,00;
12/02/2026;002;22230;6191114644106;L;790;25H;;1,00;
12/02/2026;002;22244;6191114647954;L;995;25H;;1,00;
12/02/2026;002;22257;6191114650497;S;I195;25H;;1,00;
12/02/2026;002;22265;6191114651760;M;995;25H;;1,00;
12/02/2026;002;22265;6191114651784;XL;995;25H;;1,00;
12/02/2026;002;22267;6191114651807;S;815;25H;;1,00;
12/02/2026;002;22274;6191114652880;XL;995;25H;;1,00;
12/02/2026;002;22285;6191114654365;L;995;25H;;1,00;
12/02/2026;002;22287;6191114654570;XL;815;25H;;1,00;
12/02/2026;002;22287;6191114654587;XL;995;25H;;1,00;
12/02/2026;002;22287;6191114654594;XXL;815;25H;;1,00;
12/02/2026;002;22291;6191114655393;S;495;25H;;1,00;
12/02/2026;002;22291;6191114655416;M;495;25H;;-1,00;
12/02/2026;002;22303;6191114657366;M;195;25H;;1,00;
12/02/2026;002;22306;6191114669093;XXL;995;25H;;1,00;
12/02/2026;002;22321;6191114659308;L;870;25H;;1,00;
12/02/2026;002;22330;6191114660106;XXL;220;25H;;1,00;
12/02/2026;002;22331;6191114660144;S;385;25H;;1,00;
12/02/2026;002;22331;6191114660335;3XL;815;25H;;1,00;
12/02/2026;002;22331;6191114660359;3XL;995;25H;;2,00;
12/02/2026;002;22331;6191114660373;S;495;25H;;1,00;
12/02/2026;002;22351;6191114668836;L;I815;25H;;1,00;
12/02/2026;002;29212;6191114066021;S;815;22H;;1,00;
12/02/2026;002;29391;6191114095861;3XL;790;22H;;1,00;
12/02/2026;002;55806;6191114640955;3XL;870;25H;;1,00;
12/02/2026;002;55810;6191114642201;M;385;25H;;1,00;
12/02/2026;002;55810;6191114642249;XL;385;25H;;1,00;
12/02/2026;002;55813;6191114645226;L;385;25H;;1,00;
12/02/2026;002;55813;6191114645233;L;310;25H;;1,00;
12/02/2026;002;55813;6191114645240;L;940;25H;;1,00;
12/02/2026;002;55816;6191114648470;XL;R385;25H;;1,00;
12/02/2026;002;70214;6191114623736;M;995;25H;;1,00;
12/02/2026;002;70233;6191114658899;XL;995;25H;;1,00;
12/02/2026;005;21688;6191114566224;XL;476;25E;;1,00;
12/02/2026;005;22005;6191114606609;L;815;25H;;1,00;
12/02/2026;005;22117;6191114646254;M;995;25H;;1,00;
12/02/2026;005;22117;6191114648982;M;940;25H;;1,00;
12/02/2026;005;22122;6191114646674;XXL;995;25H;;1,00;
12/02/2026;005;22133;6191114625204;XL;995;25H;;1,00;
12/02/2026;005;22148;6191114625563;XL;995;25H;;1,00;
12/02/2026;005;22245;6191114648289;L;010;25H;;1,00;
12/02/2026;005;22256;6191114650404;S;995;25H;;1,00;
12/02/2026;005;22257;6191114650633;3XL;I740;25H;;1,00;
12/02/2026;005;22257;6191114650640;3XL;I195;25H;;1,00;
12/02/2026;005;22261;6191114651326;3XL;490;25H;;1,00;
12/02/2026;005;22278;6191114653474;S;995;25H;;1,00;
12/02/2026;005;22281;6191114654013;3XL;995;25H;;1,00;
12/02/2026;005;22288;6191114654662;L;995;25H;;1,00;
12/02/2026;005;22292;6191114655690;XL;995;25H;;1,00;
12/02/2026;005;22298;6191114658288;XXL;R385;25H;;1,00;
12/02/2026;005;22306;6191114669062;M;995;25H;;1,00;
12/02/2026;005;70207;6191114612549;L;R695;25H;;1,00;
12/02/2026;005;70226;6191114651982;M;I880;25H;;1,00;
12/02/2026;005;91342;6191114512511;TU;995;24H;;1,00;
12/02/2026;009;22005;6191114606579;M;645;25H;;1,00;
12/02/2026;009;22005;6191114606616;L;645;25H;;-1,00;
12/02/2026;009;22019;6191114609433;L;995;25H;;2,00;
12/02/2026;009;22021;6191114609662;XXL;385;25H;;1,00;
12/02/2026;009;22046;6191114611801;L;C385;25H;;1,00;
12/02/2026;009;22049;6191114612143;XL;995;25H;;1,00;
12/02/2026;009;22077;6191114626157;XL;326;25H;;1,00;
12/02/2026;009;22123;6191114646766;XL;695;25H;;1,00;
12/02/2026;009;22194;6191114628236;XXL;I880;25H;;1,00;
12/02/2026;009;22206;6191114630949;3XL;995;25H;;1,00;
12/02/2026;009;22207;6191114640535;3XL;880;25H;;1,00;
12/02/2026;009;22222;6191114643383;L;995;25H;;1,00;
12/02/2026;009;22243;6191114647787;L;215;25H;;1,00;
12/02/2026;009;22253;6191114650251;XL;995;25H;;1,00;
12/02/2026;009;22257;6191114650671;4XL;I195;25H;;1,00;
12/02/2026;009;22258;6191114650787;XL;195;25H;;1,00;
12/02/2026;009;22274;6191114652897;XXL;995;25H;;1,00;
12/02/2026;009;22292;6191114655669;L;870;25H;;1,00;
12/02/2026;009;55811;6191114644618;XL;R310;25H;;1,00;
12/02/2026;011;21189;6191114471252;L;I350;24H;;1,00;
12/02/2026;011;21190;6191114471382;XL;I625;24H;;1,00;
12/02/2026;011;21405;6191114513662;XL;950;24H;;1,00;
12/02/2026;011;21659;6191114553873;M;995;25E;;1,00;
12/02/2026;011;22020;6191114609525;M;695;25H;;1,00;
12/02/2026;011;22052;6191114617209;L;995;25H;;1,00;
12/02/2026;011;22063;6191114618466;XS;995;25H;;1,00;
12/02/2026;011;22063;6191114618473;XS;784;25H;;1,00;
12/02/2026;011;22068;6191114642362;S;695;25H;;1,00;
12/02/2026;011;22070;6191114615953;S;385;25H;;1,00;
12/02/2026;011;22124;6191114646841;M;995;25H;;1,00;
12/02/2026;011;22128;6191114622982;M;870;25H;;1,00;
12/02/2026;011;22201;6191114630420;XL;815;25H;;1,00;
12/02/2026;011;22212;6191114641556;XL;255;25H;;1,00;
12/02/2026;011;22247;6191114648777;XXL;R270;25H;;1,00;
12/02/2026;011;22268;6191114656321;M;890;25H;;1,00;
12/02/2026;011;22279;6191114653665;XL;995;25H;;1,00;
12/02/2026;011;22292;6191114655614;XS;995;25H;;1,00;
12/02/2026;014;21127;6191114462243;XL;995;24H;;1,00;
12/02/2026;014;21136;6191114463295;XXL;815;24H;;1,00;
12/02/2026;014;21239;6191114480292;L;995;24H;;1,00;
12/02/2026;014;21266;6191114484962;XXL;995;24H;;1,00;
12/02/2026;014;21282;6191114502574;S;995;24H;;1,00;
12/02/2026;014;21345;6191114501294;XXL;895;24H;;1,00;
12/02/2026;014;21381;6191114508453;S;995;24H;;1,00;
12/02/2026;014;21381;6191114508484;M;875;24H;;1,00;
12/02/2026;014;21402;6191114513303;XL;824;24H;;1,00;
12/02/2026;014;21826;6191114582781;M;995;25E;;1,00;
12/02/2026;014;21826;6191114582903;3XL;995;25E;;1,00;
12/02/2026;014;21835;6191114584426;3XL;235;25E;;1,00;
12/02/2026;014;21906;6191114600102;L;995;25E;;1,00;
12/02/2026;014;22005;6191114606678;XL;010;25H;;1,00;
12/02/2026;014;22032;6191114610941;XL;995;25H;;1,00;
12/02/2026;014;22033;6191114611061;XL;815;25H;;1,00;
12/02/2026;014;22055;6191114617582;XL;870;25H;;1,00;
12/02/2026;014;22057;6191114617841;XXL;010;25H;;1,00;
12/02/2026;014;22064;6191114618657;M;815;25H;;1,00;
12/02/2026;014;22064;6191114618756;XL;815;25H;;1,00;
12/02/2026;014;22072;6191114616240;3XL;476;25H;;1,00;
12/02/2026;014;22096;6191114622227;XL;870;25H;;1,00;
12/02/2026;014;22111;6191114622661;L;255;25H;;1,00;
12/02/2026;014;22114;6191114645844;L;020;25H;;1,00;
12/02/2026;014;22116;6191114646209;3XL;770;25H;;1,00;
12/02/2026;014;22118;6191114646391;L;995;25H;;1,00;
12/02/2026;014;22124;6191114646834;M;645;25H;;1,00;
12/02/2026;014;22127;6191114649071;XL;770;25H;;1,00;
12/02/2026;014;22128;6191114623057;XL;995;25H;;1,00;
12/02/2026;014;22129;6191114623125;M;385;25H;;1,00;
12/02/2026;014;22132;6191114623859;L;794;25H;;1,00;
12/02/2026;014;22133;6191114623972;M;645;25H;;1,00;
12/02/2026;014;22133;6191114623996;L;815;25H;;1,00;
12/02/2026;014;22142;6191114624740;L;195;25H;;1,00;
12/02/2026;014;22145;6191114629950;XL;995;25H;;1,00;
12/02/2026;014;22163;6191114659872;3XL;C790;25H;;1,00;
12/02/2026;014;22163;6191114659889;3XL;C490;25H;;1,00;
12/02/2026;014;22170;6191114627031;XXL;R925;25H;;1,00;
12/02/2026;014;22182;6191114629424;XXL;870;25H;;1,00;
12/02/2026;014;22187;6191114644670;S/M;995;25H;;2,00;
12/02/2026;014;22187;6191114644687;S/M;200;25H;;2,00;
12/02/2026;014;22191;6191114627888;S;P010;25H;;1,00;
12/02/2026;014;22191;6191114648944;XXL;P385;25H;;1,00;
12/02/2026;014;22194;6191114628175;L;I880;25H;;1,00;
12/02/2026;014;22199;6191114631113;XXL;995;25H;;1,00;
12/02/2026;014;22217;6191114642874;XXL;000;25H;;1,00;
12/02/2026;014;22233;6191114644410;XL;815;25H;;1,00;
12/02/2026;014;22255;6191114650367;L;995;25H;;1,00;
12/02/2026;014;22255;6191114650381;XXL;995;25H;;1,00;
12/02/2026;014;22261;6191114651326;3XL;490;25H;;1,00;
12/02/2026;014;22262;6191114651449;3XL;490;25H;;1,00;
12/02/2026;014;22292;6191114655706;XXL;870;25H;;1,00;
12/02/2026;014;22294;6191114656017;S;870;25H;;1,00;
12/02/2026;014;22299;6191114656949;M;870;25H;;1,00;
12/02/2026;014;22311;6191114658103;XL;I995;25H;;1,00;
12/02/2026;014;22319;6191114670242;L;995;25H;;1,00;
12/02/2026;014;22321;6191114659285;M;870;25H;;1,00;
12/02/2026;014;22331;6191114660137;S;815;25H;;1,00;
12/02/2026;014;22345;6191114668492;M;I815;25H;;1,00;
12/02/2026;014;55806;6191114640948;3XL;385;25H;;1,00;
12/02/2026;014;55809;6191114642072;M;870;25H;;1,00;
12/02/2026;014;55813;6191114645172;S;310;25H;;-1,00;
12/02/2026;014;55813;6191114645233;L;310;25H;;1,00;
12/02/2026;014;55814;6191114645349;S;385;25H;;1,00;
12/02/2026;014;55815;6191114645585;XL;385;25H;;1,00;
12/02/2026;014;55815;6191114669338;XL;995;25H;;1,00;
12/02/2026;014;55816;6191114648456;L;R990;25H;;1,00;
12/02/2026;014;70202;6191114608146;M;010;25H;;1,00;
12/02/2026;014;70203;6191114608337;3XL;R995;25H;;1,00;
12/02/2026;014;70226;6191114652071;XXL;I880;25H;;1,00;
12/02/2026;014;70231;6191114658752;3XL;C000;25H;;1,00;
12/02/2026;014;91504;6191114626331;TU;880;25H;;1,00;
12/02/2026;015;21405;6191114513693;3XL;995;24H;;1,00;
12/02/2026;015;21440;6191114528871;L;995;24H;;1,00;
12/02/2026;015;22066;6191114615533;XS;815;25H;;1,00;
12/02/2026;015;22113;6191114645660;S;005;25H;;1,00;
12/02/2026;015;22140;6191114624658;3XL;995;25H;;1,00;
12/02/2026;015;22244;6191114647985;XL;995;25H;;1,00;
12/02/2026;015;22253;6191114650244;L;995;25H;;1,00;
12/02/2026;015;22288;6191114654655;M;995;25H;;1,00;
12/02/2026;015;22320;6191114659179;L;825;25H;;1,00;
12/02/2026;015;55811;6191114644595;L;R310;25H;;1,00;
12/02/2026;015;55813;6191114645172;S;310;25H;;1,00;
12/02/2026;015;70205;6191114612297;L;385;25H;;1,00;
12/02/2026;015;91502;6191114669116;TU;385;25H;;1,00;
12/02/2026;016;21239;6191114480322;XL;995;24H;;1,00;
12/02/2026;016;21242;6191114479944;XXL;950;24H;;1,00;
12/02/2026;016;21255;6191114483132;XL;010;24H;;1,00;
12/02/2026;016;21345;6191114501300;3XL;995;24H;;1,00;
12/02/2026;016;21402;6191114513334;XXL;995;24H;;1,00;
12/02/2026;016;21429;6191114527300;XL;170;24H;;1,00;
12/02/2026;016;21431;6191114527430;XL;170;24H;;1,00;
12/02/2026;016;21475;6191114532434;S;995;24H;;1,00;
12/02/2026;016;21475;6191114532533;3XL;995;24H;;1,00;
12/02/2026;016;22010;6191114607347;3XL;815;25H;;1,00;
12/02/2026;016;22024;6191114653252;L;870;25H;;1,00;
12/02/2026;016;22031;6191114610835;XL;695;25H;;1,00;
12/02/2026;016;22048;6191114612020;XL;010;25H;;1,00;
12/02/2026;016;22055;6191114624870;XL;995;25H;;1,00;
12/02/2026;016;22064;6191114618657;M;815;25H;;1,00;
12/02/2026;016;22066;6191114615564;S;875;25H;;1,00;
12/02/2026;016;22113;6191114645684;M;990;25H;;1,00;
12/02/2026;016;22113;6191114645691;M;005;25H;;1,00;
12/02/2026;016;22114;6191114645820;M;020;25H;;1,00;
12/02/2026;016;22126;6191114649347;XXL;760;25H;;1,00;
12/02/2026;016;22127;6191114649064;L;770;25H;;1,00;
12/02/2026;016;22129;6191114623156;L;385;25H;;1,00;
12/02/2026;016;22129;6191114623163;L;995;25H;;1,00;
12/02/2026;016;22129;6191114623170;L;010;25H;;1,00;
12/02/2026;016;22163;6191114659827;L;C790;25H;;1,00;
12/02/2026;016;22171;6191114627062;S;R995;25H;;1,00;
12/02/2026;016;22175;6191114628816;XL;990;25H;;1,00;
12/02/2026;016;22182;6191114629370;L;995;25H;;1,00;
12/02/2026;016;22182;6191114629394;XL;870;25H;;1,00;
12/02/2026;016;22207;6191114640443;L;880;25H;;1,00;
12/02/2026;016;22207;6191114640474;XL;880;25H;;1,00;
12/02/2026;016;22223;6191114643529;M;870;25H;;1,00;
12/02/2026;016;22267;6191114651937;4XL;995;25H;;1,00;
12/02/2026;016;22271;6191114652378;L;870;25H;;1,00;
12/02/2026;016;22272;6191114652590;XL;995;25H;;1,00;
12/02/2026;016;22338;6191114660908;L;170;25H;;1,00;
12/02/2026;016;22351;6191114668843;XL;I815;25H;;1,00;
12/02/2026;016;70202;6191114608184;XL;010;25H;;1,00;
12/02/2026;016;91510;6191114625457;38;815;25H;;1,00;
12/02/2026;016;91528;6191114640269;40;995;25H;;1,00;
12/02/2026;019;20797;6191114447240;L/XL;920;24E;;1,00;
12/02/2026;019;20798;6191114447424;XL;940;24E;;1,00;
12/02/2026;019;21583;6191114549715;37;170;25E;;1,00;
12/02/2026;019;21604;6191114549135;L;R350;25E;;1,00;
12/02/2026;019;21914;6191114601161;L;385;25E;;1,00;
12/02/2026;019;22019;6191114609440;XL;815;25H;;1,00;
12/02/2026;019;22024;6191114653320;XL;815;25H;;1,00;
12/02/2026;019;22025;6191114610088;L;995;25H;;1,00;
12/02/2026;019;22032;6191114610958;XL;940;25H;;1,00;
12/02/2026;019;22050;6191114614468;S/M;995;25H;;1,00;
12/02/2026;019;22080;6191114617001;XL;380;25H;;1,00;
12/02/2026;019;22087;6191114619715;3XL;385;25H;;1,00;
12/02/2026;019;22118;6191114646407;L;874;25H;;1,00;
12/02/2026;019;22127;6191114649064;L;770;25H;;1,00;
12/02/2026;019;22128;6191114622982;M;870;25H;;1,00;
12/02/2026;019;22129;6191114623149;M;010;25H;;1,00;
12/02/2026;019;22160;6191114626249;XL;820;25H;;1,00;
12/02/2026;019;22239;6191114644984;L;995;25H;;1,00;
12/02/2026;019;22241;6191114647381;XL;R000;25H;;1,00;
12/02/2026;019;22277;6191114653375;S;815;25H;;1,00;
12/02/2026;019;22279;6191114653726;3XL;995;25H;;1,00;
12/02/2026;019;22328;6191114661417;XL;995;25H;;1,00;
12/02/2026;019;29492;6191114111257;XL;995;23E;;1,00;
12/02/2026;019;55813;6191114645257;XL;385;25H;;1,00;
12/02/2026;019;70203;6191114608313;XXL;R995;25H;;1,00;
12/02/2026;021;21863;6191114589438;XL;310;25E;;1,00;
12/02/2026;021;22013;6191114607637;M;995;25H;;-1,00;
12/02/2026;021;22018;6191114609327;XL;R385;25H;;1,00;
12/02/2026;021;22064;6191114618718;L;010;25H;;1,00;
12/02/2026;021;22086;6191114619470;S;995;25H;;1,00;
12/02/2026;021;22128;6191114622999;M;995;25H;;1,00;
12/02/2026;021;22140;6191114624627;L;995;25H;;1,00;
12/02/2026;021;22152;6191114625754;M;995;25H;;1,00;
12/02/2026;021;22243;6191114647794;L;695;25H;;1,00;
12/02/2026;021;22265;6191114651777;L;995;25H;;1,00;
12/02/2026;021;22271;6191114652385;L;010;25H;;1,00;
12/02/2026;021;22276;6191114655805;XL;385;25H;;1,00;
12/02/2026;021;22280;6191114653894;XXL;645;25H;;1,00;
12/02/2026;021;22288;6191114654686;XXL;995;25H;;1,00;
12/02/2026;021;22303;6191114657359;M;870;25H;;1,00;
12/02/2026;021;22306;6191114669093;XXL;995;25H;;1,00;
12/02/2026;021;22322;6191114659414;S;740;25H;;1,00;
12/02/2026;021;70220;6191114631144;S;695;25H;;1,00;
12/02/2026;021;91509;6191114625334;39;870;25H;;1,00;
12/02/2026;024;20377;6191114284340;39;915;23H;;1,00;
12/02/2026;024;20752;6191114378698;M;940;24E;;1,00;
12/02/2026;024;21073;6191114448445;XS;740;24H;;1,00;
12/02/2026;024;21135;6191114463158;XL;940;24H;;1,00;
12/02/2026;024;21182;6191114469501;M;915;24H;;1,00;
12/02/2026;024;21325;6191114497733;3XL;995;24H;;1,00;
12/02/2026;024;21406;6191114512689;M;695;24H;;1,00;
12/02/2026;024;21425;6191114526884;XXL;995;24H;;1,00;
12/02/2026;024;21426;6191114526938;S;870;24H;;1,00;
12/02/2026;024;21472;6191114536913;XL;940;24H;;1,00;
12/02/2026;024;21830;6191114583481;3XL;000;25E;;1,00;
12/02/2026;024;21830;6191114583498;3XL;200;25E;;1,00;
12/02/2026;024;21831;6191114583597;XXL;995;25E;;1,00;
12/02/2026;024;21831;6191114583603;XXL;000;25E;;1,00;
12/02/2026;024;21831;6191114583610;XXL;200;25E;;1,00;
12/02/2026;024;21832;6191114583771;3XL;995;25E;;1,00;
12/02/2026;024;21832;6191114583788;3XL;000;25E;;1,00;
12/02/2026;024;21832;6191114583795;3XL;200;25E;;1,00;
12/02/2026;024;22005;6191114606524;S;815;25H;;1,00;
12/02/2026;024;22005;6191114606586;M;995;25H;;1,00;
12/02/2026;024;22012;6191114607552;XL;010;25H;;1,00;
12/02/2026;024;22060;6191114618053;L;310;25H;;1,00;
12/02/2026;024;22062;6191114618350;XL;195;25H;;1,00;
12/02/2026;024;22064;6191114618725;L;695;25H;;1,00;
12/02/2026;024;22072;6191114616196;S;476;25H;;2,00;
12/02/2026;024;22085;6191114619463;3XL;740;25H;;1,00;
12/02/2026;024;22132;6191114623859;L;794;25H;;1,00;
12/02/2026;024;22132;6191114623866;L;224;25H;;1,00;
12/02/2026;024;22135;6191114624153;L;870;25H;;1,00;
12/02/2026;024;22142;6191114624672;S;875;25H;;1,00;
12/02/2026;024;22153;6191114625808;M;995;25H;;1,00;
12/02/2026;024;22182;6191114629332;M;870;25H;;1,00;
12/02/2026;024;22209;6191114640702;M;870;25H;;1,00;
12/02/2026;024;22243;6191114647800;XL;995;25H;;1,00;
12/02/2026;024;22243;6191114647824;XL;695;25H;;1,00;
12/02/2026;024;22246;6191114648869;XXL;870;25H;;1,00;
12/02/2026;024;22257;6191114650527;M;I195;25H;;1,00;
12/02/2026;024;22259;6191114650930;L;010;25H;;-1,00;
12/02/2026;024;22261;6191114651258;L;385;25H;;1,00;
12/02/2026;024;22262;6191114651388;L;490;25H;;1,00;
12/02/2026;024;22262;6191114651395;XL;385;25H;;1,00;
12/02/2026;024;22276;6191114655768;M;385;25H;;1,00;
12/02/2026;024;22317;6191114658615;XL;385;25H;;1,00;
12/02/2026;024;22320;6191114659162;L;870;25H;;1,00;
12/02/2026;024;22322;6191114659544;XXL;190;25H;;1,00;
12/02/2026;024;22349;6191114668713;L;I815;25H;;1,00;
12/02/2026;024;55810;6191114642263;XXL;385;25H;;1,00;
12/02/2026;024;55816;6191114648487;XL;R990;25H;;1,00;
12/02/2026;024;55820;6191114657816;S;R995;25H;;1,00;
12/02/2026;024;70214;6191114623781;XL;195;25H;;1,00;
12/02/2026;024;70224;6191114641785;M;694;25H;;1,00;
12/02/2026;024;70226;6191114652057;XL;I815;25H;;1,00;
12/02/2026;024;70227;6191114652224;XL;I875;25H;;1,00;
12/02/2026;024;70227;6191114652231;XXL;I740;25H;;1,00;
12/02/2026;024;70227;6191114652248;XXL;I875;25H;;1,00;
12/02/2026;024;70227;6191114652262;3XL;I875;25H;;1,00;
12/02/2026;029;22062;6191114618282;M;995;25H;;1,00;
12/02/2026;029;22113;6191114645646;S;820;25H;;1,00;
12/02/2026;029;22113;6191114645684;M;990;25H;;1,00;
12/02/2026;029;22307;6191114669994;L;M940;25H;;1,00;
12/02/2026;029;70226;6191114651944;S;I995;25H;;1,00;
12/02/2026;030;21658;6191114553699;M;000;25E;;1,00;
12/02/2026;030;21658;6191114553743;S;995;25E;;1,00;
12/02/2026;030;21833;6191114583863;L;995;25E;;1,00;
12/02/2026;030;21835;6191114583986;S;145;25E;;1,00;
12/02/2026;030;21978;6191114616417;XL;000;25E;;1,00;
12/02/2026;030;22025;6191114610132;XXL;010;25H;;1,00;
12/02/2026;030;22027;6191114653054;L;870;25H;;1,00;
12/02/2026;030;22031;6191114610811;L;695;25H;;1,00;
12/02/2026;030;22063;6191114618527;M;995;25H;;1,00;
12/02/2026;030;22072;6191114616240;3XL;476;25H;;1,00;
12/02/2026;030;22077;6191114626133;M;326;25H;;1,00;
12/02/2026;030;22097;6191114620698;S;385;25H;;1,00;
12/02/2026;030;22111;6191114622708;S;235;25H;;1,00;
12/02/2026;030;22114;6191114645837;L;815;25H;;1,00;
12/02/2026;030;22116;6191114646124;M;770;25H;;1,00;
12/02/2026;030;22118;6191114646391;L;995;25H;;1,00;
12/02/2026;030;22120;6191114646506;L;495;25H;;1,00;
12/02/2026;030;22124;6191114646865;L;995;25H;;1,00;
12/02/2026;030;22127;6191114649057;M;770;25H;;1,00;
12/02/2026;030;22129;6191114623118;S;010;25H;;1,00;
12/02/2026;030;22129;6191114623125;M;385;25H;;1,00;
12/02/2026;030;22132;6191114623880;XL;224;25H;;1,00;
12/02/2026;030;22180;6191114629219;M;995;25H;;-1,00;
12/02/2026;030;22182;6191114629394;XL;870;25H;;1,00;
12/02/2026;030;22185;6191114627581;XS;784;25H;;1,00;
12/02/2026;030;22188;6191114644748;L/XL;200;25H;;1,00;
12/02/2026;030;22200;6191114630307;XL;010;25H;;1,00;
12/02/2026;030;22200;6191114648319;S;210;25H;;1,00;
12/02/2026;030;22200;6191114648326;M;210;25H;;-1,00;
12/02/2026;030;22203;6191114630604;S;995;25H;;1,00;
12/02/2026;030;22206;6191114630888;L;995;25H;;1,00;
12/02/2026;030;22243;6191114647800;XL;995;25H;;1,00;
12/02/2026;030;22246;6191114648869;XXL;870;25H;;1,00;
12/02/2026;030;22253;6191114669239;S;255;25H;;1,00;
12/02/2026;030;22255;6191114650367;L;995;25H;;1,00;
12/02/2026;030;22258;6191114650794;XL;740;25H;;1,00;
12/02/2026;030;22261;6191114651289;XL;490;25H;;1,00;
12/02/2026;030;22262;6191114651401;XL;490;25H;;1,00;
12/02/2026;030;22267;6191114651807;S;815;25H;;1,00;
12/02/2026;030;22273;6191114652811;XXL;824;25H;;1,00;
12/02/2026;030;22280;6191114653788;S;995;25H;;1,00;
12/02/2026;030;22282;6191114654044;M;I815;25H;;1,00;
12/02/2026;030;22288;6191114654686;XXL;995;25H;;1,00;
12/02/2026;030;22301;6191114657076;S;995;25H;;1,00;
12/02/2026;030;22319;6191114670242;L;995;25H;;1,00;
12/02/2026;030;22331;6191114660250;XL;815;25H;;1,00;
12/02/2026;030;22331;6191114660267;XL;385;25H;;1,00;
12/02/2026;030;22333;6191114660632;M;990;25H;;1,00;
12/02/2026;030;22356;6191114668218;XXL;920;25H;;1,00;
12/02/2026;030;55808;6191114641303;3XL;385;25H;;1,00;
12/02/2026;030;55818;6191114655003;L;824;25H;;1,00;
12/02/2026;030;70213;6191114623705;XL;P385;25H;;1,00;
12/02/2026;030;70226;6191114652019;L;I880;25H;;1,00;
12/02/2026;030;70226;6191114652118;3XL;I815;25H;;1,00;
12/02/2026;030;70226;6191114652149;4XL;I815;25H;;1,00;
12/02/2026;030;91500;6191114626270;TU;995;25H;;1,00;
12/02/2026;030;91505;6191114657311;TU;815;25H;;1,00;
12/02/2026;030;91526;6191114640047;40;880;25H;;1,00;
12/02/2026;031;21131;6191114462687;L;010;24H;;1,00;
12/02/2026;031;22012;6191114607552;XL;010;25H;;1,00;
12/02/2026;031;22052;6191114617193;L;385;25H;;1,00;
12/02/2026;031;22061;6191114618190;XL;R350;25H;;1,00;
12/02/2026;031;22064;6191114618671;M;695;25H;;1,00;
12/02/2026;031;22132;6191114623927;3XL;224;25H;;1,00;
12/02/2026;031;22182;6191114629370;L;995;25H;;1,00;
12/02/2026;031;22183;6191114629554;XL;995;25H;;1,00;
12/02/2026;031;22197;6191114630055;S;815;25H;;1,00;
12/02/2026;031;22238;6191114644885;XL;I995;25H;;1,00;
12/02/2026;031;22242;6191114647459;S;724;25H;;1,00;
12/02/2026;031;22245;6191114648296;XL;010;25H;;1,00;
12/02/2026;031;22252;6191114650176;XL;255;25H;;1,00;
12/02/2026;031;22253;6191114669260;XL;255;25H;;1,00;
12/02/2026;031;22262;6191114651371;L;385;25H;;1,00;
12/02/2026;031;22276;6191114655805;XL;385;25H;;1,00;
12/02/2026;031;22277;6191114653467;XXL;784;25H;;1,00;
12/02/2026;031;22284;6191114654211;L;385;25H;;1,00;
12/02/2026;031;22284;6191114654259;XXL;385;25H;;1,00;
12/02/2026;031;22285;6191114654372;XL;385;25H;;1,00;
12/02/2026;031;22295;6191114656253;XL;695;25H;;1,00;
12/02/2026;031;22307;6191114669918;S;M815;25H;;1,00;
12/02/2026;031;22331;6191114660205;M;390;25H;;1,00;
12/02/2026;031;22343;6191114661479;3XL;I634;25H;;1,00;
12/02/2026;031;22352;6191114668881;M;I010;25H;;1,00;
12/02/2026;031;70209;6191114612761;M;R920;25H;;1,00;
12/02/2026;031;70217;6191114647305;M;E385;25H;;1,00;
12/02/2026;031;70217;6191114647312;L;E385;25H;;1,00;
12/02/2026;031;91532;6191114648609;TU;695;25H;;1,00;
12/02/2026;032;22058;6191114617988;3XL;995;25H;;1,00;
12/02/2026;032;22101;6191114621060;3XL;995;25H;;1,00;
12/02/2026;032;22181;6191114629271;XL;995;25H;;1,00;
12/02/2026;032;22264;6191114651739;4XL;995;25H;;1,00;
12/02/2026;032;22320;6191114659179;L;825;25H;;1,00;
12/02/2026;032;22321;6191114659315;L;825;25H;;1,00;
12/02/2026;032;55808;6191114641181;M;385;25H;;1,00;
12/02/2026;032;55817;6191114654778;L;695;25H;;1,00;
12/02/2026;032;70202;6191114608160;L;010;25H;;1,00;
12/02/2026;032;70224;6191114641808;L;694;25H;;1,00;
12/02/2026;032;70231;6191114658677;M;C000;25H;;1,00;
12/02/2026;033;22031;6191114610798;M;695;25H;;1,00;
12/02/2026;033;22053;6191114617339;XL;995;25H;;1,00;
12/02/2026;033;22163;6191114659810;M;C490;25H;;1,00;
12/02/2026;033;22175;6191114628786;S;990;25H;;1,00;
12/02/2026;033;22195;6191114628588;XL;210;25H;;1,00;
12/02/2026;033;22295;6191114656208;M;995;25H;;1,00;
13/02/2026;002;20831;6191114396326;L/XL;784;24E;;1,00;
13/02/2026;002;20832;6191114396357;L/XL;995;24E;;1,00;
13/02/2026;002;20832;6191114396418;L/XL;784;24E;;1,00;
13/02/2026;002;20834;6191114396524;S/M;740;24E;;1,00;
13/02/2026;002;20834;6191114396562;L/XL;235;24E;;1,00;
13/02/2026;002;20834;6191114396593;L/XL;625;24E;;1,00;
13/02/2026;002;20834;6191114396609;2XL/3;625;24E;;1,00;
13/02/2026;002;20835;6191114396654;L/XL;385;24E;;1,00;
13/02/2026;002;20836;6191114396746;L/XL;385;24E;;1,00;
13/02/2026;002;21135;6191114463158;XL;940;24H;;1,00;
13/02/2026;002;21237;6191114478039;41;995;24H;;1,00;
13/02/2026;002;21301;6191114491939;XL;995;24H;;1,00;
13/02/2026;002;21472;6191114532038;S;995;24H;;1,00;
13/02/2026;002;21479;6191114530898;XXL;995;24H;;1,00;
13/02/2026;002;21481;6191114531031;L;995;24H;;1,00;
13/02/2026;002;21658;6191114553743;S;995;25E;;1,00;
13/02/2026;002;21835;6191114584266;XL;645;25E;;1,00;
13/02/2026;002;21835;6191114584372;3XL;000;25E;;1,00;
13/02/2026;002;22004;6191114606388;M;R995;25H;;1,00;
13/02/2026;002;22005;6191114606630;L;010;25H;;1,00;
13/02/2026;002;22006;6191114606845;L;815;25H;;1,00;
13/02/2026;002;22013;6191114607675;XL;995;25H;;1,00;
13/02/2026;002;22026;6191114610163;S;815;25H;;1,00;
13/02/2026;002;22028;6191114610446;L;870;25H;;1,00;
13/02/2026;002;22029;6191114610590;XL;695;25H;;1,00;
13/02/2026;002;22030;6191114610699;L;010;25H;;-1,00;
13/02/2026;002;22033;6191114611078;XL;695;25H;;1,00;
13/02/2026;002;22038;6191114611368;S;R385;25H;;2,00;
13/02/2026;002;22039;6191114611528;3XL;995;25H;;1,00;
13/02/2026;002;22042;6191114609044;XXL;385;25H;;1,00;
13/02/2026;002;22047;6191114611863;M;385;25H;;1,00;
13/02/2026;002;22060;6191114618039;M;310;25H;;1,00;
13/02/2026;002;22061;6191114618237;3XL;R350;25H;;1,00;
13/02/2026;002;22069;6191114615878;L;870;25H;;1,00;
13/02/2026;002;22080;6191114617025;XXL;380;25H;;1,00;
13/02/2026;002;22092;6191114620292;L;815;25H;;1,00;
13/02/2026;002;22098;6191114620889;3XL;995;25H;;1,00;
13/02/2026;002;22108;6191114622135;S;870;25H;;1,00;
13/02/2026;002;22111;6191114622708;S;235;25H;;1,00;
13/02/2026;002;22114;6191114645844;L;020;25H;;1,00;
13/02/2026;002;22115;6191114645936;S;005;25H;;1,00;
13/02/2026;002;22124;6191114646872;XL;645;25H;;1,00;
13/02/2026;002;22128;6191114622968;S;995;25H;;1,00;
13/02/2026;002;22128;6191114622975;M;385;25H;;1,00;
13/02/2026;002;22129;6191114623125;M;385;25H;;1,00;
13/02/2026;002;22132;6191114623859;L;794;25H;;1,00;
13/02/2026;002;22137;6191114623408;XL;385;25H;;1,00;
13/02/2026;002;22138;6191114624283;XXL;995;25H;;1,00;
13/02/2026;002;22139;6191114624351;XS;385;25H;;1,00;
13/02/2026;002;22142;6191114624726;L;995;25H;;1,00;
13/02/2026;002;22152;6191114625785;XXL;995;25H;;1,00;
13/02/2026;002;22160;6191114626195;M;870;25H;;1,00;
13/02/2026;002;22164;6191114649460;L;995;25H;;1,00;
13/02/2026;002;22170;6191114626911;L;R995;25H;;1,00;
13/02/2026;002;22170;6191114626980;XL;R925;25H;;1,00;
13/02/2026;002;22171;6191114627161;L;R995;25H;;1,00;
13/02/2026;002;22171;6191114627185;L;R925;25H;;1,00;
13/02/2026;002;22180;6191114629219;M;995;25H;;1,00;
13/02/2026;002;22182;6191114629394;XL;870;25H;;1,00;
13/02/2026;002;22182;6191114629400;XL;995;25H;;1,00;
13/02/2026;002;22186;6191114627710;M;385;25H;;1,00;
13/02/2026;002;22194;6191114628212;XL;I385;25H;;1,00;
13/02/2026;002;22197;6191114630109;3XL;815;25H;;1,00;
13/02/2026;002;22198;6191114630123;S;385;25H;;1,00;
13/02/2026;002;22205;6191114630833;3XL;870;25H;;1,00;
13/02/2026;002;22207;6191114640474;XL;880;25H;;1,00;
13/02/2026;002;22212;6191114641549;XL;385;25H;;1,00;
13/02/2026;002;22216;6191114642706;XXL;I385;25H;;1,00;
13/02/2026;002;22222;6191114643406;L;685;25H;;1,00;
13/02/2026;002;22222;6191114643451;XXL;010;25H;;1,00;
13/02/2026;002;22223;6191114643512;M;645;25H;;1,00;
13/02/2026;002;22244;6191114647992;XL;215;25H;;1,00;
13/02/2026;002;22244;6191114648043;3XL;995;25H;;1,00;
13/02/2026;002;22244;6191114648050;3XL;215;25H;;1,00;
13/02/2026;002;22244;6191114648067;3XL;695;25H;;1,00;
13/02/2026;002;22245;6191114648197;L;645;25H;;1,00;
13/02/2026;002;22246;6191114648814;M;995;25H;;1,00;
13/02/2026;002;22247;6191114648722;XL;R385;25H;;1,00;
13/02/2026;002;22254;6191114650305;L;995;25H;;1,00;
13/02/2026;002;22257;6191114650541;L;I740;25H;;1,00;
13/02/2026;002;22257;6191114650671;4XL;I195;25H;;1,00;
13/02/2026;002;22258;6191114650848;3XL;195;25H;;1,00;
13/02/2026;002;22267;6191114651807;S;815;25H;;1,00;
13/02/2026;002;22270;6191114649941;L;995;25H;;1,00;
13/02/2026;002;22276;6191114655775;M;995;25H;;-1,00;
13/02/2026;002;22279;6191114653672;XL;000;25H;;1,00;
13/02/2026;002;22282;6191114654068;XL;I815;25H;;1,00;
13/02/2026;002;22284;6191114654204;M;995;25H;;1,00;
13/02/2026;002;22286;6191114654440;M;995;25H;;1,00;
13/02/2026;002;22295;6191114656253;XL;695;25H;;1,00;
13/02/2026;002;22295;6191114656277;XXL;695;25H;;1,00;
13/02/2026;002;22307;6191114670051;XXL;M940;25H;;1,00;
13/02/2026;002;22311;6191114658097;L;I995;25H;;1,00;
13/02/2026;002;22311;6191114658110;XXL;I995;25H;;1,00;
13/02/2026;002;22322;6191114659476;L;740;25H;;1,00;
13/02/2026;002;22330;6191114660014;S;724;25H;;1,00;
13/02/2026;002;22330;6191114660021;S;220;25H;;1,00;
13/02/2026;002;22331;6191114660229;L;385;25H;;1,00;
13/02/2026;002;22331;6191114660281;XL;390;25H;;1,00;
13/02/2026;002;22341;6191114661226;S;R950;25H;;1,00;
13/02/2026;002;27705;6191113776068;3;385;20H;;1,00;
13/02/2026;002;55718;6191114528390;L;385;24H;;1,00;
13/02/2026;002;55808;6191114641297;XXL;975;25H;;1,00;
13/02/2026;002;55813;6191114645240;L;940;25H;;2,00;
13/02/2026;002;55816;6191114648401;M;R995;25H;;1,00;
13/02/2026;002;55818;6191114654990;L;995;25H;;1,00;
13/02/2026;002;66475;6191114201866;S/M;995;23E;;1,00;
13/02/2026;002;70202;6191114608115;S;995;25H;;1,00;
13/02/2026;002;70205;6191114612259;S;385;25H;;1,00;
13/02/2026;002;70206;6191114612396;M;870;25H;;1,00;
13/02/2026;002;70210;6191114619210;XL;R350;25H;;1,00;
13/02/2026;002;70227;6191114652170;M;I740;25H;;1,00;
13/02/2026;002;70227;6191114652248;XXL;I875;25H;;1,00;
13/02/2026;002;70228;6191114649897;XL;995;25H;;1,00;
13/02/2026;002;70231;6191114658721;XL;C995;25H;;1,00;
13/02/2026;002;70232;6191114658806;M;995;25H;;1,00;
13/02/2026;002;70233;6191114658899;XL;995;25H;;2,00;
13/02/2026;002;91504;6191114626348;TU;695;25H;;1,00;
13/02/2026;002;91509;6191114625242;36;870;25H;;1,00;
13/02/2026;005;21093;6191114454699;3;724;24E;;1,00;
13/02/2026;005;21223;6191114479210;M;815;24H;;1,00;
13/02/2026;005;21297;6191114491601;S;995;24H;;1,00;
13/02/2026;005;22005;6191114606654;XL;645;25H;;1,00;
13/02/2026;005;22005;6191114606746;3XL;995;25H;;1,00;
13/02/2026;005;22007;6191114607033;XL;905;25H;;1,00;
13/02/2026;005;22024;6191114653320;XL;815;25H;;1,00;
13/02/2026;005;22033;6191114611047;L;815;25H;;1,00;
13/02/2026;005;22064;6191114618732;L;175;25H;;1,00;
13/02/2026;005;22064;6191114618817;XXL;010;25H;;1,00;
13/02/2026;005;22064;6191114618824;XXL;695;25H;;1,00;
13/02/2026;005;22067;6191114615663;S;380;25H;;1,00;
13/02/2026;005;22073;6191114616288;M;395;25H;;1,00;
13/02/2026;005;22080;6191114616998;L;476;25H;;1,00;
13/02/2026;005;22098;6191114620865;XL;995;25H;;1,00;
13/02/2026;005;22113;6191114645738;XL;820;25H;;1,00;
13/02/2026;005;22114;6191114645837;L;815;25H;;1,00;
13/02/2026;005;22114;6191114645868;XL;020;25H;;1,00;
13/02/2026;005;22114;6191114645905;3XL;020;25H;;1,00;
13/02/2026;005;22115;6191114646056;XXL;005;25H;;1,00;
13/02/2026;005;22115;6191114646087;3XL;005;25H;;1,00;
13/02/2026;005;22117;6191114649002;XL;940;25H;;1,00;
13/02/2026;005;22126;6191114647022;XL;E385;25H;;1,00;
13/02/2026;005;22126;6191114649316;M;760;25H;;1,00;
13/02/2026;005;22126;6191114649323;L;760;25H;;1,00;
13/02/2026;005;22132;6191114623873;XL;794;25H;;1,00;
13/02/2026;005;22132;6191114623880;XL;224;25H;;1,00;
13/02/2026;005;22133;6191114623941;S;645;25H;;1,00;
13/02/2026;005;22133;6191114623972;M;645;25H;;1,00;
13/02/2026;005;22139;6191114624436;M;940;25H;;1,00;
13/02/2026;005;22182;6191114629349;M;995;25H;;1,00;
13/02/2026;005;22182;6191114629356;M;784;25H;;2,00;
13/02/2026;005;22182;6191114629455;3XL;870;25H;;1,00;
13/02/2026;005;22193;6191114628069;M;995;25H;;1,00;
13/02/2026;005;22194;6191114628229;XL;I255;25H;;1,00;
13/02/2026;005;22194;6191114628236;XXL;I880;25H;;1,00;
13/02/2026;005;22194;6191114628267;3XL;I880;25H;;1,00;
13/02/2026;005;22199;6191114631083;M;995;25H;;1,00;
13/02/2026;005;22201;6191114630444;XXL;815;25H;;1,00;
13/02/2026;005;22212;6191114641525;L;255;25H;;1,00;
13/02/2026;005;22222;6191114643383;L;995;25H;;1,00;
13/02/2026;005;22223;6191114643505;S;995;25H;;1,00;
13/02/2026;005;22223;6191114643628;XXL;995;25H;;1,00;
13/02/2026;005;22238;6191114644908;3XL;I995;25H;;1,00;
13/02/2026;005;22239;6191114644915;S;815;25H;;1,00;
13/02/2026;005;22239;6191114644977;L;815;25H;;1,00;
13/02/2026;005;22241;6191114647404;3XL;R000;25H;;1,00;
13/02/2026;005;22243;6191114647725;S;215;25H;;1,00;
13/02/2026;005;22243;6191114647800;XL;995;25H;;1,00;
13/02/2026;005;22255;6191114650343;S;995;25H;;1,00;
13/02/2026;005;22261;6191114651296;XXL;385;25H;;1,00;
13/02/2026;005;22262;6191114651425;XXL;490;25H;;1,00;
13/02/2026;005;22276;6191114655768;M;385;25H;;1,00;
13/02/2026;005;22277;6191114653443;XL;784;25H;;1,00;
13/02/2026;005;22281;6191114653962;S;995;25H;;1,00;
13/02/2026;005;22281;6191114653979;M;995;25H;;1,00;
13/02/2026;005;22282;6191114654051;L;I815;25H;;1,00;
13/02/2026;005;22284;6191114654150;XS;385;25H;;1,00;
13/02/2026;005;22285;6191114654358;L;385;25H;;1,00;
13/02/2026;005;22287;6191114654532;M;815;25H;;1,00;
13/02/2026;005;22287;6191114654570;XL;815;25H;;1,00;
13/02/2026;005;22289;6191114655263;XL;995;25H;;1,00;
13/02/2026;005;22292;6191114655621;S;870;25H;;1,00;
13/02/2026;005;22292;6191114655669;L;870;25H;;1,00;
13/02/2026;005;22303;6191114657397;XL;870;25H;;1,00;
13/02/2026;005;22306;6191114669093;XXL;995;25H;;1,00;
13/02/2026;005;22307;6191114670020;XL;M940;25H;;1,00;
13/02/2026;005;22307;6191114670044;XXL;M870;25H;;1,00;
13/02/2026;005;22311;6191114658080;M;I995;25H;;1,00;
13/02/2026;005;22322;6191114659537;XXL;740;25H;;-1,00;
13/02/2026;005;22322;6191114659551;3XL;645;25H;;1,00;
13/02/2026;005;22322;6191114659568;3XL;740;25H;;1,00;
13/02/2026;005;22322;6191114659575;3XL;190;25H;;1,00;
13/02/2026;005;22326;6191114668348;XXL;995;25H;;1,00;
13/02/2026;005;22330;6191114660076;XL;724;25H;;1,00;
13/02/2026;005;22331;6191114660298;XXL;815;25H;;1,00;
13/02/2026;005;55807;6191114641013;M;995;25H;;1,00;
13/02/2026;005;55810;6191114642218;M;010;25H;;1,00;
13/02/2026;005;55811;6191114644656;3XL;R310;25H;;1,00;
13/02/2026;005;55816;6191114648463;XL;R995;25H;;1,00;
13/02/2026;005;70211;6191114621923;XXL;870;25H;;1,00;
13/02/2026;005;70217;6191114649378;M;I385;25H;;1,00;
13/02/2026;005;70220;6191114631205;XL;695;25H;;1,00;
13/02/2026;005;70224;6191114641808;L;694;25H;;1,00;
13/02/2026;005;70226;6191114651968;S;I815;25H;;1,00;
13/02/2026;005;70226;6191114651999;M;I815;25H;;1,00;
13/02/2026;005;70231;6191114658707;L;C995;25H;;1,00;
13/02/2026;005;70232;6191114658844;3XL;995;25H;;1,00;
13/02/2026;009;22033;6191114611115;3XL;695;25H;;1,00;
13/02/2026;009;22060;6191114618015;S;310;25H;;1,00;
13/02/2026;009;22151;6191114625709;M;995;25H;;2,00;
13/02/2026;009;22173;6191114628700;XXL;995;25H;;1,00;
13/02/2026;009;22183;6191114629578;XXL;995;25H;;1,00;
13/02/2026;009;22194;6191114628212;XL;I385;25H;;1,00;
13/02/2026;009;22204;6191114630741;L;995;25H;;1,00;
13/02/2026;009;22206;6191114630888;L;995;25H;;1,00;
13/02/2026;009;22209;6191114640696;M;815;25H;;1,00;
13/02/2026;009;22239;6191114644977;L;815;25H;;1,00;
13/02/2026;009;22252;6191114650145;L;995;25H;;1,00;
13/02/2026;009;22253;6191114650244;L;995;25H;;1,00;
13/02/2026;009;22261;6191114651258;L;385;25H;;1,00;
13/02/2026;009;22261;6191114651272;XL;385;25H;;1,00;
13/02/2026;009;22262;6191114651371;L;385;25H;;1,00;
13/02/2026;009;22262;6191114651395;XL;385;25H;;1,00;
13/02/2026;009;22302;6191114657243;L;245;25H;;1,00;
13/02/2026;009;22307;6191114669956;M;M870;25H;;1,00;
13/02/2026;009;22308;6191114657717;L;870;25H;;1,00;
13/02/2026;009;55816;6191114648456;L;R990;25H;;1,00;
13/02/2026;009;70224;6191114641761;S;694;25H;;1,00;
13/02/2026;009;91507;6191114626416;TU;824;25H;;1,00;
13/02/2026;009;91509;6191114625297;38;815;25H;;1,00;
13/02/2026;009;91529;6191114640306;37;875;25H;;1,00;
13/02/2026;009;91529;6191114640344;39;875;25H;;1,00;
13/02/2026;009;91531;6191114648579;TU;870;25H;;1,00;
13/02/2026;011;20831;6191114396326;L/XL;784;24E;;1,00;
13/02/2026;011;20832;6191114396340;S/M;995;24E;;1,00;
13/02/2026;011;20833;6191114400672;S/M;950;24E;;1,00;
13/02/2026;011;20836;6191114396715;L/XL;995;24E;;1,00;
13/02/2026;011;21126;6191114462168;3XL;R195;24H;;1,00;
13/02/2026;011;21164;6191114466302;S;995;24H;;2,00;
13/02/2026;011;22013;6191114607613;S;995;25H;;1,00;
13/02/2026;011;22017;6191114609242;3XL;995;25H;;1,00;
13/02/2026;011;22020;6191114609587;XXL;695;25H;;1,00;
13/02/2026;011;22025;6191114610088;L;995;25H;;1,00;
13/02/2026;011;22026;6191114610200;L;815;25H;;1,00;
13/02/2026;011;22056;6191114617681;L;310;25H;;1,00;
13/02/2026;011;22061;6191114618169;L;R385;25H;;1,00;
13/02/2026;011;22064;6191114618671;M;695;25H;;1,00;
13/02/2026;011;22064;6191114618701;L;815;25H;;1,00;
13/02/2026;011;22097;6191114620780;XXL;995;25H;;1,00;
13/02/2026;011;22099;6191114620919;L;995;25H;;1,00;
13/02/2026;011;22113;6191114645738;XL;820;25H;;1,00;
13/02/2026;011;22120;6191114646476;M;995;25H;;1,00;
13/02/2026;011;22125;6191114646964;XL;E385;25H;;1,00;
13/02/2026;011;22125;6191114646971;XXL;E385;25H;;1,00;
13/02/2026;011;22128;6191114622975;M;385;25H;;1,00;
13/02/2026;011;22128;6191114622982;M;870;25H;;1,00;
13/02/2026;011;22128;6191114623026;L;995;25H;;1,00;
13/02/2026;011;22132;6191114623880;XL;224;25H;;1,00;
13/02/2026;011;22147;6191114625150;XL;815;25H;;1,00;
13/02/2026;011;22151;6191114625716;L;995;25H;;1,00;
13/02/2026;011;22173;6191114628687;L;995;25H;;1,00;
13/02/2026;011;22181;6191114629257;M;995;25H;;1,00;
13/02/2026;011;22200;6191114630307;XL;010;25H;;1,00;
13/02/2026;011;22200;6191114648333;L;210;25H;;1,00;
13/02/2026;011;22207;6191114640429;M;784;25H;;1,00;
13/02/2026;011;22233;6191114644359;S;815;25H;;1,00;
13/02/2026;011;22233;6191114644373;M;815;25H;;1,00;
13/02/2026;011;22243;6191114647794;L;695;25H;;1,00;
13/02/2026;011;22248;6191114649156;L;815;25H;;1,00;
13/02/2026;011;22248;6191114649187;XL;995;25H;;1,00;
13/02/2026;011;22250;6191114649668;XXL;815;25H;;1,00;
13/02/2026;011;22258;6191114650763;L;740;25H;;1,00;
13/02/2026;011;22261;6191114651258;L;385;25H;;1,00;
13/02/2026;011;22276;6191114655782;L;385;25H;;1,00;
13/02/2026;011;22276;6191114655843;3XL;385;25H;;2,00;
13/02/2026;011;22278;6191114653511;XXL;995;25H;;1,00;
13/02/2026;011;22302;6191114657199;S;995;25H;;1,00;
13/02/2026;011;22318;6191114658998;L;235;25H;;1,00;
13/02/2026;011;22318;6191114659001;L;C000;25H;;1,00;
13/02/2026;011;22322;6191114659483;L;190;25H;;1,00;
13/02/2026;011;22331;6191114660359;3XL;995;25H;;1,00;
13/02/2026;011;22331;6191114660366;3XL;390;25H;;1,00;
13/02/2026;011;70205;6191114612334;XXL;385;25H;;1,00;
13/02/2026;011;70206;6191114612426;L;995;25H;;1,00;
13/02/2026;011;70206;6191114612464;XXL;995;25H;;1,00;
13/02/2026;011;70207;6191114612563;XL;R695;25H;;1,00;
13/02/2026;011;70210;6191114619180;L;R385;25H;;1,00;
13/02/2026;011;70210;6191114619203;XL;R385;25H;;1,00;
13/02/2026;011;70227;6191114652224;XL;I875;25H;;1,00;
13/02/2026;011;91507;6191114626416;TU;824;25H;;1,00;
13/02/2026;014;21166;6191114466531;S;270;24H;;1,00;
13/02/2026;014;21239;6191114480353;XXL;995;24H;;1,00;
13/02/2026;014;21254;6191114482951;S;995;24H;;1,00;
13/02/2026;014;21337;6191114500051;M;790;24H;;1,00;
13/02/2026;014;21337;6191114508101;M;634;24H;;1,00;
13/02/2026;014;21337;6191114508125;XL;634;24H;;1,00;
13/02/2026;014;21405;6191114513624;M;950;24H;;1,00;
13/02/2026;014;21405;6191114513686;XXL;950;24H;;1,00;
13/02/2026;014;21436;6191114528086;XL;995;24H;;1,00;
13/02/2026;014;21447;6191114529434;XL;385;24H;;1,00;
13/02/2026;014;21475;6191114532434;S;995;24H;;1,00;
13/02/2026;014;21688;6191114566217;L;476;25E;;1,00;
13/02/2026;014;22004;6191114606517;3XL;R815;25H;;1,00;
13/02/2026;014;22005;6191114606609;L;815;25H;;1,00;
13/02/2026;014;22006;6191114606920;XXL;815;25H;;1,00;
13/02/2026;014;22010;6191114607293;L;995;25H;;1,00;
13/02/2026;014;22013;6191114607644;L;870;25H;;1,00;
13/02/2026;014;22024;6191114653283;3XL;870;25H;;1,00;
13/02/2026;014;22032;6191114610927;L;995;25H;;1,00;
13/02/2026;014;22032;6191114610934;L;940;25H;;1,00;
13/02/2026;014;22032;6191114610965;XXL;995;25H;;1,00;
13/02/2026;014;22044;6191114622043;XL;695;25H;;1,00;
13/02/2026;014;22048;6191114612020;XL;010;25H;;1,00;
13/02/2026;014;22048;6191114612051;3XL;995;25H;;1,00;
13/02/2026;014;22057;6191114617803;L;010;25H;;1,00;
13/02/2026;014;22061;6191114618237;3XL;R350;25H;;1,00;
13/02/2026;014;22064;6191114618671;M;695;25H;;1,00;
13/02/2026;014;22064;6191114618794;XL;855;25H;;1,00;
13/02/2026;014;22065;6191114619005;3XL;350;25H;;1,00;
13/02/2026;014;22066;6191114615571;M;815;25H;;1,00;
13/02/2026;014;22072;6191114616219;L;476;25H;;1,00;
13/02/2026;014;22072;6191114616226;XL;476;25H;;1,00;
13/02/2026;014;22084;6191114616493;XL;000;25H;;1,00;
13/02/2026;014;22088;6191114619753;M;385;25H;;1,00;
13/02/2026;014;22089;6191114620001;4XL;995;25H;;1,00;
13/02/2026;014;22092;6191114620292;L;815;25H;;1,00;
13/02/2026;014;22096;6191114622258;XXL;870;25H;;1,00;
13/02/2026;014;22097;6191114622302;XXL;870;25H;;1,00;
13/02/2026;014;22101;6191114621039;L;995;25H;;1,00;
13/02/2026;014;22103;6191114621152;L;995;25H;;1,00;
13/02/2026;014;22103;6191114621169;XL;995;25H;;1,00;
13/02/2026;014;22112;6191114622920;XXL;995;25H;;1,00;
13/02/2026;014;22113;6191114645776;3XL;820;25H;;1,00;
13/02/2026;014;22120;6191114646551;3XL;995;25H;;1,00;
13/02/2026;014;22128;6191114623002;L;385;25H;;1,00;
13/02/2026;014;22128;6191114623019;L;870;25H;;1,00;
13/02/2026;014;22128;6191114623040;XL;870;25H;;1,00;
13/02/2026;014;22129;6191114623217;XXL;385;25H;;1,00;
13/02/2026;014;22130;6191114623583;XL;195;25H;;1,00;
13/02/2026;014;22142;6191114624740;L;195;25H;;1,00;
13/02/2026;014;22142;6191114624801;XXL;195;25H;;1,00;
13/02/2026;014;22163;6191114659872;3XL;C790;25H;;1,00;
13/02/2026;014;22170;6191114626850;M;R000;25H;;1,00;
13/02/2026;014;22171;6191114627055;S;R000;25H;;1,00;
13/02/2026;014;22172;6191114627413;3XL;995;25H;;1,00;
13/02/2026;014;22194;6191114628182;L;I385;25H;;1,00;
13/02/2026;014;22194;6191114628212;XL;I385;25H;;1,00;
13/02/2026;014;22195;6191114628380;XL;215;25H;;1,00;
13/02/2026;014;22200;6191114648333;L;210;25H;;1,00;
13/02/2026;014;22201;6191114630420;XL;815;25H;;1,00;
13/02/2026;014;22203;6191114630680;XXL;995;25H;;1,00;
13/02/2026;014;22206;6191114630888;L;995;25H;;1,00;
13/02/2026;014;22239;6191114644977;L;815;25H;;1,00;
13/02/2026;014;22243;6191114647725;S;215;25H;;1,00;
13/02/2026;014;22244;6191114647916;S;695;25H;;1,00;
13/02/2026;014;22246;6191114648883;3XL;870;25H;;1,00;
13/02/2026;014;22248;6191114649156;L;815;25H;;1,00;
13/02/2026;014;22258;6191114650756;L;195;25H;;1,00;
13/02/2026;014;22258;6191114650817;XXL;195;25H;;1,00;
13/02/2026;014;22258;6191114650879;4XL;195;25H;;1,00;
13/02/2026;014;22269;6191114653160;XS;695;25H;;1,00;
13/02/2026;014;22270;6191114649958;XL;995;25H;;1,00;
13/02/2026;014;22273;6191114652811;XXL;824;25H;;1,00;
13/02/2026;014;22275;6191114652958;L;385;25H;;1,00;
13/02/2026;014;22275;6191114652965;L;790;25H;;1,00;
13/02/2026;014;22284;6191114654273;3XL;385;25H;;-1,00;
13/02/2026;014;22287;6191114654570;XL;815;25H;;1,00;
13/02/2026;014;22292;6191114655706;XXL;870;25H;;1,00;
13/02/2026;014;22295;6191114656246;XL;995;25H;;1,00;
13/02/2026;014;22299;6191114657069;3XL;870;25H;;1,00;
13/02/2026;014;22303;6191114657373;L;870;25H;;1,00;
13/02/2026;014;22303;6191114657380;L;195;25H;;1,00;
13/02/2026;014;22304;6191114660441;M;MCO;25H;;1,00;
13/02/2026;014;22304;6191114660458;L;MCO;25H;;1,00;
13/02/2026;014;22307;6191114669970;L;M815;25H;;1,00;
13/02/2026;014;22330;6191114660052;L;724;25H;;1,00;
13/02/2026;014;22331;6191114660267;XL;385;25H;;1,00;
13/02/2026;014;22338;6191114660885;S;170;25H;;1,00;
13/02/2026;014;22341;6191114661233;M;R950;25H;;1,00;
13/02/2026;014;22343;6191114661349;M;I634;25H;;1,00;
13/02/2026;014;22343;6191114661462;XXL;I634;25H;;1,00;
13/02/2026;014;22347;6191114668607;L;I815;25H;;1,00;
13/02/2026;014;55718;6191114526440;L;995;24H;;1,00;
13/02/2026;014;55720;6191114526532;S;385;24H;;-1,00;
13/02/2026;014;55808;6191114641211;L;385;25H;;1,00;
13/02/2026;014;55808;6191114641235;L;975;25H;;2,00;
13/02/2026;014;55811;6191114644557;S;R310;25H;;1,00;
13/02/2026;014;55811;6191114644625;XL;R784;25H;;1,00;
13/02/2026;014;55813;6191114645240;L;940;25H;;1,00;
13/02/2026;014;55813;6191114645325;3XL;310;25H;;1,00;
13/02/2026;014;55814;6191114645349;S;385;25H;;-1,00;
13/02/2026;014;55815;6191114645523;S;385;25H;;1,00;
13/02/2026;014;55815;6191114645547;M;385;25H;;1,00;
13/02/2026;014;55815;6191114645561;L;385;25H;;1,00;
13/02/2026;014;55816;6191114648463;XL;R995;25H;;1,00;
13/02/2026;014;55816;6191114648548;3XL;R990;25H;;1,00;
13/02/2026;014;70209;6191114612754;M;R170;25H;;1,00;
13/02/2026;014;70226;6191114651999;M;I815;25H;;1,00;
13/02/2026;014;70226;6191114652149;4XL;I815;25H;;1,00;
13/02/2026;014;70230;6191114658202;L;I995;25H;;1,00;
13/02/2026;014;70231;6191114658684;M;C995;25H;;1,00;
13/02/2026;014;70231;6191114658721;XL;C995;25H;;1,00;
13/02/2026;014;70233;6191114658882;L;995;25H;;1,00;
13/02/2026;014;91500;6191114626287;TU;195;25H;;1,00;
13/02/2026;014;91504;6191114626348;TU;695;25H;;1,00;
13/02/2026;014;91506;6191114626386;TU;880;25H;;1,00;
13/02/2026;014;91509;6191114625389;41;815;25H;;1,00;
13/02/2026;014;91510;6191114625518;41;815;25H;;1,00;
13/02/2026;015;21380;6191114508408;L;875;24H;;1,00;
13/02/2026;015;21863;6191114589407;L;000;25E;;1,00;
13/02/2026;015;22025;6191114610125;XXL;995;25H;;1,00;
13/02/2026;015;22030;6191114610699;L;010;25H;;1,00;
13/02/2026;015;22036;6191114611153;M;R010;25H;;1,00;
13/02/2026;015;22049;6191114612112;L;815;25H;;1,00;
13/02/2026;015;22056;6191114617698;L;000;25H;;1,00;
13/02/2026;015;22070;6191114616028;XL;995;25H;;1,00;
13/02/2026;015;22072;6191114616219;L;476;25H;;1,00;
13/02/2026;015;22096;6191114620605;L;995;25H;;1,00;
13/02/2026;015;22108;6191114622135;S;870;25H;;1,00;
13/02/2026;015;22113;6191114645714;L;990;25H;;1,00;
13/02/2026;015;22114;6191114645868;XL;020;25H;;1,00;
13/02/2026;015;22127;6191114647053;XS;995;25H;;1,00;
13/02/2026;015;22131;6191114623644;XL;995;25H;;1,00;
13/02/2026;015;22133;6191114625204;XL;995;25H;;1,00;
13/02/2026;015;22139;6191114624467;L;940;25H;;1,00;
13/02/2026;015;22139;6191114624511;XXL;995;25H;;1,00;
13/02/2026;015;22147;6191114625082;L;000;25H;;1,00;
13/02/2026;015;22201;6191114630451;XXL;995;25H;;1,00;
13/02/2026;015;22216;6191114642683;L;I385;25H;;1,00;
13/02/2026;015;22238;6191114644878;L;I995;25H;;1,00;
13/02/2026;015;22244;6191114647954;L;995;25H;;1,00;
13/02/2026;015;22244;6191114647961;L;215;25H;;1,00;
13/02/2026;015;22248;6191114649170;XL;815;25H;;1,00;
13/02/2026;015;22253;6191114650244;L;995;25H;;1,00;
13/02/2026;015;22254;6191114650312;XL;995;25H;;1,00;
13/02/2026;015;22256;6191114650435;XL;995;25H;;1,00;
13/02/2026;015;22279;6191114653634;L;995;25H;;1,00;
13/02/2026;015;22302;6191114657250;XL;995;25H;;1,00;
13/02/2026;015;22303;6191114657397;XL;870;25H;;1,00;
13/02/2026;015;22312;6191114658158;XL;995;25H;;1,00;
13/02/2026;015;22318;6191114658998;L;235;25H;;1,00;
13/02/2026;015;22320;6191114659131;S;825;25H;;1,00;
13/02/2026;015;22324;6191114659674;XL;995;25H;;1,00;
13/02/2026;015;22325;6191114659896;XS;995;25H;;1,00;
13/02/2026;015;22343;6191114661363;XL;I634;25H;;1,00;
13/02/2026;015;55809;6191114642119;XL;870;25H;;1,00;
13/02/2026;015;55810;6191114642249;XL;385;25H;;1,00;
13/02/2026;015;55813;6191114645288;XXL;385;25H;;1,00;
13/02/2026;015;70205;6191114612327;XL;695;25H;;1,00;
13/02/2026;015;70227;6191114652224;XL;I875;25H;;1,00;
13/02/2026;015;91272;6194444115667;TU;815;22H;;1,00;
13/02/2026;015;91509;6191114625266;37;815;25H;;1,00;
13/02/2026;016;20694;6191114356931;L;925;24E;;1,00;
13/02/2026;016;21070;6191114447998;M;784;24H;;1,00;
13/02/2026;016;21073;6191114448452;S;815;24H;;1,00;
13/02/2026;016;21136;6191114463264;XL;995;24H;;1,00;
13/02/2026;016;21175;6191114467651;M;494;24H;;1,00;
13/02/2026;016;21214;6191114476813;S;000;24H;;1,00;
13/02/2026;016;21283;6191114505162;XL;390;24H;;1,00;
13/02/2026;016;21318;6191114497153;36;870;24H;;1,00;
13/02/2026;016;21325;6191114497689;S;995;24H;;1,00;
13/02/2026;016;21325;6191114497726;XXL;995;24H;;1,00;
13/02/2026;016;21345;6191114501263;XL;995;24H;;1,00;
13/02/2026;016;21345;6191114501294;XXL;895;24H;;1,00;
13/02/2026;016;21347;6191114501508;XL;385;24H;;1,00;
13/02/2026;016;21381;6191114508507;L;875;24H;;1,00;
13/02/2026;016;21381;6191114508521;XL;875;24H;;1,00;
13/02/2026;016;21402;6191114513358;3XL;995;24H;;1,00;
13/02/2026;016;21426;6191114526921;S;995;24H;;1,00;
13/02/2026;016;21426;6191114527072;XL;995;24H;;1,00;
13/02/2026;016;21426;6191114527171;3XL;995;24H;;1,00;
13/02/2026;016;21433;6191114527805;XS;995;24H;;1,00;
13/02/2026;016;21570;6191114546189;L;385;25E;;1,00;
13/02/2026;016;21835;6191114584112;L;385;25E;;1,00;
13/02/2026;016;21835;6191114584143;L;145;25E;;1,00;
13/02/2026;016;21863;6191114589452;XXL;310;25E;;1,00;
13/02/2026;016;22038;6191114611405;XXL;R385;25H;;1,00;
13/02/2026;016;22052;6191114617223;XL;995;25H;;1,00;
13/02/2026;016;22055;6191114617568;L;870;25H;;1,00;
13/02/2026;016;22062;6191114618404;3XL;995;25H;;1,00;
13/02/2026;016;22064;6191114618718;L;010;25H;;1,00;
13/02/2026;016;22066;6191114615625;XL;875;25H;;1,00;
13/02/2026;016;22088;6191114619807;XL;995;25H;;1,00;
13/02/2026;016;22090;6191114620070;XL;815;25H;;1,00;
13/02/2026;016;22090;6191114620087;XL;995;25H;;1,00;
13/02/2026;016;22097;6191114620773;XXL;385;25H;;1,00;
13/02/2026;016;22110;6191114622562;XXL;235;25H;;1,00;
13/02/2026;016;22113;6191114645653;S;990;25H;;1,00;
13/02/2026;016;22113;6191114645752;XXL;820;25H;;1,00;
13/02/2026;016;22115;6191114646001;XL;820;25H;;1,00;
13/02/2026;016;22115;6191114646025;XL;005;25H;;1,00;
13/02/2026;016;22120;6191114646513;XL;995;25H;;1,00;
13/02/2026;016;22120;6191114646551;3XL;995;25H;;1,00;
13/02/2026;016;22124;6191114646858;L;645;25H;;1,00;
13/02/2026;016;22124;6191114646902;XXL;995;25H;;1,00;
13/02/2026;016;22130;6191114623576;XL;995;25H;;1,00;
13/02/2026;016;22132;6191114623880;XL;224;25H;;1,00;
13/02/2026;016;22137;6191114623453;XXL;235;25H;;1,00;
13/02/2026;016;22139;6191114624474;XL;385;25H;;1,00;
13/02/2026;016;22140;6191114624634;XL;995;25H;;1,00;
13/02/2026;016;22162;6191114647244;XL;995;25H;;1,00;
13/02/2026;016;22174;6191114628748;L;990;25H;;1,00;
13/02/2026;016;22180;6191114629226;L;995;25H;;1,00;
13/02/2026;016;22181;6191114629271;XL;995;25H;;1,00;
13/02/2026;016;22182;6191114629400;XL;995;25H;;1,00;
13/02/2026;016;22182;6191114629417;XL;784;25H;;1,00;
13/02/2026;016;22182;6191114629462;3XL;995;25H;;1,00;
13/02/2026;016;22184;6191114629653;XL;995;25H;;2,00;
13/02/2026;016;22186;6191114627727;M;784;25H;;1,00;
13/02/2026;016;22197;6191114630093;XXL;815;25H;;1,00;
13/02/2026;016;22198;6191114630161;L;385;25H;;1,00;
13/02/2026;016;22200;6191114648340;XL;210;25H;;1,00;
13/02/2026;016;22203;6191114630628;M;995;25H;;1,00;
13/02/2026;016;22208;6191114640603;L;995;25H;;1,00;
13/02/2026;016;22215;6191114642591;3XL;210;25H;;1,00;
13/02/2026;016;22222;6191114643390;L;010;25H;;1,00;
13/02/2026;016;22222;6191114643444;XXL;995;25H;;1,00;
13/02/2026;016;22233;6191114645103;3XL;000;25H;;1,00;
13/02/2026;016;22237;6191114644823;XL;I815;25H;;1,00;
13/02/2026;016;22242;6191114647473;M;380;25H;;1,00;
13/02/2026;016;22243;6191114647800;XL;995;25H;;1,00;
13/02/2026;016;22243;6191114647817;XL;215;25H;;1,00;
13/02/2026;016;22243;6191114647824;XL;695;25H;;1,00;
13/02/2026;016;22250;6191114649590;M;784;25H;;1,00;
13/02/2026;016;22250;6191114649699;3XL;815;25H;;-1,00;
13/02/2026;016;22254;6191114650305;L;995;25H;;1,00;
13/02/2026;016;22254;6191114650312;XL;995;25H;;1,00;
13/02/2026;016;22255;6191114650343;S;995;25H;;1,00;
13/02/2026;016;22257;6191114650510;M;I740;25H;;1,00;
13/02/2026;016;22261;6191114651265;L;490;25H;;1,00;
13/02/2026;016;22262;6191114651371;L;385;25H;;1,00;
13/02/2026;016;22264;6191114651722;3XL;995;25H;;1,00;
13/02/2026;016;22276;6191114655751;S;995;25H;;1,00;
13/02/2026;016;22277;6191114653399;M;815;25H;;1,00;
13/02/2026;016;22277;6191114653412;L;815;25H;;1,00;
13/02/2026;016;22279;6191114653610;M;000;25H;;1,00;
13/02/2026;016;22279;6191114653665;XL;995;25H;;1,00;
13/02/2026;016;22279;6191114653702;XXL;000;25H;;1,00;
13/02/2026;016;22281;6191114654006;XXL;995;25H;;1,00;
13/02/2026;016;22284;6191114654259;XXL;385;25H;;1,00;
13/02/2026;016;22285;6191114654334;M;385;25H;;1,00;
13/02/2026;016;22285;6191114654419;3XL;385;25H;;1,00;
13/02/2026;016;22287;6191114654570;XL;815;25H;;1,00;
13/02/2026;016;22292;6191114655669;L;870;25H;;1,00;
13/02/2026;016;22292;6191114655706;XXL;870;25H;;1,00;
13/02/2026;016;22294;6191114656086;L;820;25H;;1,00;
13/02/2026;016;22296;6191114656543;XL;215;25H;;-1,00;
13/02/2026;016;22298;6191114658257;M;R385;25H;;1,00;
13/02/2026;016;22301;6191114657113;L;995;25H;;1,00;
13/02/2026;016;22304;6191114660472;XXL;MCO;25H;;1,00;
13/02/2026;016;22307;6191114669994;L;M940;25H;;1,00;
13/02/2026;016;22307;6191114670013;XL;M870;25H;;1,00;
13/02/2026;016;22307;6191114670044;XXL;M870;25H;;1,00;
13/02/2026;016;22308;6191114657748;3XL;870;25H;;1,00;
13/02/2026;016;22316;6191114658509;M;476;25H;;1,00;
13/02/2026;016;22318;6191114659001;L;C000;25H;;1,00;
13/02/2026;016;22320;6191114659209;XXL;870;25H;;1,00;
13/02/2026;016;22322;6191114659438;M;645;25H;;1,00;
13/02/2026;016;22323;6191114659612;XL;995;25H;;1,00;
13/02/2026;016;22324;6191114659681;XXL;995;25H;;1,00;
13/02/2026;016;22328;6191114661417;XL;995;25H;;1,00;
13/02/2026;016;22330;6191114660113;3XL;724;25H;;1,00;
13/02/2026;016;22338;6191114660922;XXL;170;25H;;1,00;
13/02/2026;016;55809;6191114642072;M;870;25H;;1,00;
13/02/2026;016;55818;6191114655102;XXL;824;25H;;1,00;
13/02/2026;016;55818;6191114658332;XXL;535;25H;;1,00;
13/02/2026;016;70201;6191114608092;3XL;R870;25H;;1,00;
13/02/2026;016;70202;6191114608207;XXL;010;25H;;1,00;
13/02/2026;016;70202;6191114608221;3XL;010;25H;;1,00;
13/02/2026;016;70210;6191114619210;XL;R350;25H;;1,00;
13/02/2026;016;70222;6191114630994;XL;476;25H;;1,00;
13/02/2026;016;70223;6191114631069;XXL;476;25H;;1,00;
13/02/2026;016;70226;6191114652019;L;I880;25H;;1,00;
13/02/2026;016;70226;6191114652057;XL;I815;25H;;1,00;
13/02/2026;016;70227;6191114652163;S;I875;25H;;1,00;
13/02/2026;016;70227;6191114652224;XL;I875;25H;;1,00;
13/02/2026;016;70231;6191114658776;4XL;C000;25H;;1,00;
13/02/2026;016;70232;6191114658820;XL;995;25H;;1,00;
13/02/2026;016;91273;6194444115674;TU;815;22H;;2,00;
13/02/2026;016;91274;6194444115681;TU;815;22H;;1,00;
13/02/2026;016;91512;6191114626423;TU;995;25H;;1,00;
13/02/2026;016;91526;6191114640030;40;995;25H;;1,00;
13/02/2026;016;91526;6191114640054;41;995;25H;;1,00;
13/02/2026;019;20322;6191114273689;M;I145;23H;;1,00;
13/02/2026;019;20409;6191114292321;XL;995;23H;;-1,00;
13/02/2026;019;20436;6191114297265;3XL;815;23H;;1,00;
13/02/2026;019;20726;6191114363359;3XL;705;24E;;-1,00;
13/02/2026;019;20833;6191114396500;L/XL;784;24E;;1,00;
13/02/2026;019;20833;6191114400689;L/XL;950;24E;;1,00;
13/02/2026;019;21402;6191114513297;L;995;24H;;1,00;
13/02/2026;019;21604;6191114549104;M;R815;25E;;-1,00;
13/02/2026;019;21705;6191114567092;XXL;995;25E;;1,00;
13/02/2026;019;21905;6191114599970;XXL;385;25E;;1,00;
13/02/2026;019;21910;6191114600782;3XL;310;25E;;-1,00;
13/02/2026;019;22013;6191114607675;XL;995;25H;;1,00;
13/02/2026;019;22020;6191114609563;XL;695;25H;;1,00;
13/02/2026;019;22023;6191114609884;XXL;R385;25H;;1,00;
13/02/2026;019;22032;6191114610934;L;940;25H;;-1,00;
13/02/2026;019;22032;6191114610972;XXL;940;25H;;1,00;
13/02/2026;019;22033;6191114611047;L;815;25H;;1,00;
13/02/2026;019;22036;6191114611177;L;R010;25H;;1,00;
13/02/2026;019;22065;6191114618954;L;820;25H;;-1,00;
13/02/2026;019;22068;6191114642393;XL;695;25H;;-1,00;
13/02/2026;019;22072;6191114616226;XL;476;25H;;1,00;
13/02/2026;019;22097;6191114620735;L;385;25H;;-1,00;
13/02/2026;019;22116;6191114646155;XL;995;25H;;1,00;
13/02/2026;019;22128;6191114622975;M;385;25H;;1,00;
13/02/2026;019;22128;6191114622999;M;995;25H;;1,00;
13/02/2026;019;22131;6191114623651;XXL;995;25H;;1,00;
13/02/2026;019;22137;6191114623392;L;235;25H;;1,00;
13/02/2026;019;22139;6191114624481;XL;995;25H;;1,00;
13/02/2026;019;22142;6191114624801;XXL;195;25H;;1,00;
13/02/2026;019;22183;6191114629516;M;995;25H;;1,00;
13/02/2026;019;22183;6191114629578;XXL;995;25H;;1,00;
13/02/2026;019;22193;6191114628083;XL;995;25H;;-1,00;
13/02/2026;019;22216;6191114642768;XXL;I255;25H;;1,00;
13/02/2026;019;22222;6191114643413;XL;995;25H;;1,00;
13/02/2026;019;22222;6191114643437;XL;685;25H;;1,00;
13/02/2026;019;22239;6191114645011;XL;995;25H;;1,00;
13/02/2026;019;22258;6191114650770;XL;385;25H;;-1,00;
13/02/2026;019;22274;6191114652866;M;995;25H;;-1,00;
13/02/2026;019;22286;6191114654471;XXL;995;25H;;1,00;
13/02/2026;019;22288;6191114654679;XL;995;25H;;1,00;
13/02/2026;019;22316;6191114658493;S;476;25H;;1,00;
13/02/2026;019;22319;6191114670259;XL;995;25H;;1,00;
13/02/2026;019;22331;6191114660274;XL;995;25H;;1,00;
13/02/2026;019;22351;6191114668843;XL;I815;25H;;1,00;
13/02/2026;019;55816;6191114648463;XL;R995;25H;;1,00;
13/02/2026;021;21093;6191114454699;3;724;24E;;1,00;
13/02/2026;021;21358;6191114503694;L;995;24H;;1,00;
13/02/2026;021;21380;6191114508330;XS;995;24H;;1,00;
13/02/2026;021;22003;6191114606203;M;R724;25H;;1,00;
13/02/2026;021;22004;6191114606388;M;R995;25H;;1,00;
13/02/2026;021;22005;6191114606531;S;645;25H;;1,00;
13/02/2026;021;22006;6191114606845;L;815;25H;;1,00;
13/02/2026;021;22019;6191114609433;L;995;25H;;1,00;
13/02/2026;021;22030;6191114610699;L;010;25H;;1,00;
13/02/2026;021;22061;6191114618220;3XL;R385;25H;;1,00;
13/02/2026;021;22062;6191114618343;XL;995;25H;;1,00;
13/02/2026;021;22063;6191114618503;S;784;25H;;1,00;
13/02/2026;021;22064;6191114618763;XL;010;25H;;1,00;
13/02/2026;021;22064;6191114618817;XXL;010;25H;;1,00;
13/02/2026;021;22064;6191114618824;XXL;695;25H;;1,00;
13/02/2026;021;22071;6191114616127;L;195;25H;;1,00;
13/02/2026;021;22128;6191114622968;S;995;25H;;1,00;
13/02/2026;021;22128;6191114623064;XXL;385;25H;;1,00;
13/02/2026;021;22128;6191114623071;XXL;870;25H;;1,00;
13/02/2026;021;22128;6191114623088;XXL;995;25H;;1,00;
13/02/2026;021;22129;6191114623149;M;010;25H;;1,00;
13/02/2026;021;22139;6191114624429;M;995;25H;;1,00;
13/02/2026;021;22139;6191114624450;L;995;25H;;1,00;
13/02/2026;021;22139;6191114624511;XXL;995;25H;;1,00;
13/02/2026;021;22142;6191114624771;XL;195;25H;;1,00;
13/02/2026;021;22163;6191114659803;M;C790;25H;;1,00;
13/02/2026;021;22170;6191114626928;L;R385;25H;;1,00;
13/02/2026;021;22182;6191114629431;XXL;995;25H;;-1,00;
13/02/2026;021;22195;6191114628649;3XL;210;25H;;1,00;
13/02/2026;021;22197;6191114630109;3XL;815;25H;;-1,00;
13/02/2026;021;22200;6191114630246;S;010;25H;;1,00;
13/02/2026;021;22217;6191114642812;M;000;25H;;1,00;
13/02/2026;021;22238;6191114644892;XXL;I995;25H;;1,00;
13/02/2026;021;22239;6191114644915;S;815;25H;;1,00;
13/02/2026;021;22239;6191114644946;M;815;25H;;1,00;
13/02/2026;021;22244;6191114647916;S;695;25H;;-1,00;
13/02/2026;021;22259;6191114650930;L;010;25H;;1,00;
13/02/2026;021;22262;6191114651364;M;490;25H;;1,00;
13/02/2026;021;22263;6191114651456;XS;870;25H;;1,00;
13/02/2026;021;22277;6191114653443;XL;784;25H;;1,00;
13/02/2026;021;22284;6191114654273;3XL;385;25H;;1,00;
13/02/2026;021;22300;6191114656833;XL;870;25H;;1,00;
13/02/2026;021;22316;6191114658486;XS;476;25H;;1,00;
13/02/2026;021;22323;6191114659605;L;995;25H;;1,00;
13/02/2026;021;22324;6191114659674;XL;995;25H;;1,00;
13/02/2026;021;22325;6191114659964;L;695;25H;;1,00;
13/02/2026;021;22343;6191114661479;3XL;I634;25H;;1,00;
13/02/2026;021;55820;6191114657861;L;R784;25H;;1,00;
13/02/2026;021;70202;6191114608221;3XL;010;25H;;1,00;
13/02/2026;021;70214;6191114623798;XXL;995;25H;;1,00;
13/02/2026;021;70221;6191114631274;S;I995;25H;;1,00;
13/02/2026;021;70221;6191114631335;4XL;I995;25H;;1,00;
13/02/2026;021;70226;6191114652118;3XL;I815;25H;;1,00;
13/02/2026;021;91505;6191114657311;TU;815;25H;;1,00;
13/02/2026;021;91510;6191114625464;38;995;25H;;1,00;
13/02/2026;021;91529;6191114640290;37;385;25H;;1,00;
13/02/2026;024;20239;6191114254923;39;170;23H;;1,00;
13/02/2026;024;20752;6191114378711;XL;940;24E;;1,00;
13/02/2026;024;21073;6191114448476;S;740;24H;;1,00;
13/02/2026;024;21078;6191114449107;S;870;24H;;1,00;
13/02/2026;024;21247;6191114481527;XL;995;24H;;1,00;
13/02/2026;024;21297;6191114491618;S;820;24H;;1,00;
13/02/2026;024;21305;6191114492332;S;995;24H;;1,00;
13/02/2026;024;21402;6191114513334;XXL;995;24H;;1,00;
13/02/2026;024;21423;6191114514645;XL;995;24H;;1,00;
13/02/2026;024;21433;6191114527850;XXL;995;24H;;1,00;
13/02/2026;024;22007;6191114607026;L;905;25H;;1,00;
13/02/2026;024;22044;6191114622029;M;695;25H;;1,00;
13/02/2026;024;22049;6191114612099;M;815;25H;;1,00;
13/02/2026;024;22050;6191114614482;2XL/3;995;25H;;1,00;
13/02/2026;024;22072;6191114616226;XL;476;25H;;1,00;
13/02/2026;024;22106;6191114621428;L;995;25H;;1,00;
13/02/2026;024;22113;6191114645653;S;990;25H;;1,00;
13/02/2026;024;22113;6191114645769;XXL;990;25H;;1,00;
13/02/2026;024;22115;6191114646001;XL;820;25H;;1,00;
13/02/2026;024;22115;6191114646025;XL;005;25H;;1,00;
13/02/2026;024;22115;6191114646087;3XL;005;25H;;1,00;
13/02/2026;024;22116;6191114646131;L;995;25H;;1,00;
13/02/2026;024;22129;6191114623132;M;995;25H;;1,00;
13/02/2026;024;22139;6191114624405;S;940;25H;;1,00;
13/02/2026;024;22145;6191114629929;S;995;25H;;1,00;
13/02/2026;024;22153;6191114625822;XL;995;25H;;1,00;
13/02/2026;024;22163;6191114659773;XL;C490;25H;;1,00;
13/02/2026;024;22163;6191114659810;M;C490;25H;;1,00;
13/02/2026;024;22171;6191114627291;XXL;R990;25H;;1,00;
13/02/2026;024;22182;6191114629349;M;995;25H;;1,00;
13/02/2026;024;22183;6191114629530;L;995;25H;;1,00;
13/02/2026;024;22195;6191114628380;XL;215;25H;;1,00;
13/02/2026;024;22207;6191114640450;L;784;25H;;1,00;
13/02/2026;024;22207;6191114640511;XXL;784;25H;;1,00;
13/02/2026;024;22223;6191114643482;S;645;25H;;1,00;
13/02/2026;024;22223;6191114643635;3XL;645;25H;;1,00;
13/02/2026;024;22240;6191114645141;XL;010;25H;;1,00;
13/02/2026;024;22244;6191114647893;S;995;25H;;1,00;
13/02/2026;024;22244;6191114648029;XXL;215;25H;;1,00;
13/02/2026;024;22247;6191114648661;M;R385;25H;;1,00;
13/02/2026;024;22251;6191114650046;XL;995;25H;;1,00;
13/02/2026;024;22259;6191114650916;M;010;25H;;1,00;
13/02/2026;024;22262;6191114651357;M;385;25H;;1,00;
13/02/2026;024;22263;6191114651586;XL;995;25H;;1,00;
13/02/2026;024;22287;6191114654563;L;995;25H;;1,00;
13/02/2026;024;22292;6191114655683;XL;870;25H;;1,00;
13/02/2026;024;22294;6191114656093;L;950;25H;;1,00;
13/02/2026;024;22295;6191114656215;M;695;25H;;1,00;
13/02/2026;024;22295;6191114656239;L;695;25H;;1,00;
13/02/2026;024;22295;6191114656246;XL;995;25H;;1,00;
13/02/2026;024;22302;6191114657304;3XL;245;25H;;1,00;
13/02/2026;024;22303;6191114657410;XXL;870;25H;;1,00;
13/02/2026;024;22307;6191114670013;XL;M870;25H;;1,00;
13/02/2026;024;22316;6191114658516;L;476;25H;;1,00;
13/02/2026;024;22331;6191114660212;L;815;25H;;1,00;
13/02/2026;024;22342;6191114661288;M;I995;25H;;1,00;
13/02/2026;024;22352;6191114668874;S;I010;25H;;1,00;
13/02/2026;024;22409;6191114670990;M;995;26E;;1,00;
13/02/2026;024;55805;6191114626751;M;R175;25H;;1,00;
13/02/2026;024;55808;6191114641297;XXL;975;25H;;1,00;
13/02/2026;024;55808;6191114641303;3XL;385;25H;;1,00;
13/02/2026;024;55813;6191114645240;L;940;25H;;1,00;
13/02/2026;024;70210;6191114619258;3XL;R350;25H;;1,00;
13/02/2026;024;70226;6191114651999;M;I815;25H;;1,00;
13/02/2026;024;70233;6191114658882;L;995;25H;;1,00;
13/02/2026;024;91272;6194444115667;TU;815;22H;;2,00;
13/02/2026;024;91509;6191114625365;40;870;25H;;1,00;
13/02/2026;024;91526;6191114640009;38;880;25H;;1,00;
13/02/2026;029;20452;6191114301016;4XL;805;23H;;1,00;
13/02/2026;029;20619;6191114334243;36;815;24E;;1,00;
13/02/2026;029;21555;6191114543874;37;815;25E;;1,00;
13/02/2026;029;21556;6191114543980;37;170;25E;;2,00;
13/02/2026;029;21587;6191114567917;40;195;25E;;1,00;
13/02/2026;029;21863;6191114589414;L;310;25E;;1,00;
13/02/2026;029;21863;6191114589421;XL;000;25E;;1,00;
13/02/2026;029;22005;6191114606609;L;815;25H;;1,00;
13/02/2026;029;22005;6191114606623;L;995;25H;;1,00;
13/02/2026;029;22006;6191114606883;XL;815;25H;;1,00;
13/02/2026;029;22006;6191114606913;XL;995;25H;;1,00;
13/02/2026;029;22033;6191114611023;M;815;25H;;1,00;
13/02/2026;029;22036;6191114611122;S;R995;25H;;1,00;
13/02/2026;029;22038;6191114611368;S;R385;25H;;1,00;
13/02/2026;029;22038;6191114611405;XXL;R385;25H;;1,00;
13/02/2026;029;22061;6191114618169;L;R385;25H;;1,00;
13/02/2026;029;22067;6191114615687;L;380;25H;;1,00;
13/02/2026;029;22080;6191114616981;L;380;25H;;1,00;
13/02/2026;029;22091;6191114620230;3XL;815;25H;;1,00;
13/02/2026;029;22111;6191114622739;XL;235;25H;;1,00;
13/02/2026;029;22113;6191114645714;L;990;25H;;1,00;
13/02/2026;029;22118;6191114646360;S;874;25H;;1,00;
13/02/2026;029;22125;6191114646957;L;E385;25H;;1,00;
13/02/2026;029;22127;6191114647091;M;995;25H;;1,00;
13/02/2026;029;22129;6191114623149;M;010;25H;;1,00;
13/02/2026;029;22132;6191114623835;M;794;25H;;1,00;
13/02/2026;029;22132;6191114623866;L;224;25H;;1,00;
13/02/2026;029;22133;6191114624023;XL;815;25H;;1,00;
13/02/2026;029;22142;6191114624757;XL;995;25H;;1,00;
13/02/2026;029;22146;6191114630017;XL;995;25H;;1,00;
13/02/2026;029;22162;6191114647244;XL;995;25H;;1,00;
13/02/2026;029;22174;6191114628748;L;990;25H;;1,00;
13/02/2026;029;22178;6191114628984;L;P010;25H;;1,00;
13/02/2026;029;22183;6191114629547;XL;385;25H;;1,00;
13/02/2026;029;22207;6191114640504;XXL;880;25H;;1,00;
13/02/2026;029;22207;6191114640542;3XL;784;25H;;1,00;
13/02/2026;029;22229;6191114644014;L;995;25H;;1,00;
13/02/2026;029;22233;6191114644373;M;815;25H;;1,00;
13/02/2026;029;22233;6191114644403;L;000;25H;;1,00;
13/02/2026;029;22238;6191114644908;3XL;I995;25H;;1,00;
13/02/2026;029;22239;6191114644960;M;784;25H;;1,00;
13/02/2026;029;22244;6191114647893;S;995;25H;;1,00;
13/02/2026;029;22244;6191114647954;L;995;25H;;1,00;
13/02/2026;029;22248;6191114649132;M;815;25H;;1,00;
13/02/2026;029;22257;6191114650480;S;I740;25H;;1,00;
13/02/2026;029;22257;6191114650619;XXL;I195;25H;;1,00;
13/02/2026;029;22258;6191114650787;XL;195;25H;;1,00;
13/02/2026;029;22276;6191114655782;L;385;25H;;1,00;
13/02/2026;029;22284;6191114654198;M;385;25H;;1,00;
13/02/2026;029;22284;6191114654211;L;385;25H;;1,00;
13/02/2026;029;22287;6191114654563;L;995;25H;;1,00;
13/02/2026;029;22288;6191114654655;M;995;25H;;1,00;
13/02/2026;029;22303;6191114657434;3XL;870;25H;;1,00;
13/02/2026;029;22328;6191114661394;M;995;25H;;1,00;
13/02/2026;029;70207;6191114612532;L;R385;25H;;1,00;
13/02/2026;029;70226;6191114652088;XXL;I815;25H;;1,00;
13/02/2026;029;70227;6191114652224;XL;I875;25H;;1,00;
13/02/2026;029;70231;6191114658707;L;C995;25H;;1,00;
13/02/2026;029;70231;6191114658721;XL;C995;25H;;1,00;
13/02/2026;029;70232;6191114658813;L;995;25H;;1,00;
13/02/2026;030;21358;6191114503694;L;995;24H;;1,00;
13/02/2026;030;21658;6191114553798;3XL;995;25E;;1,00;
13/02/2026;030;21831;6191114583566;XL;995;25E;;1,00;
13/02/2026;030;21835;6191114584235;XL;235;25E;;1,00;
13/02/2026;030;22005;6191114606623;L;995;25H;;1,00;
13/02/2026;030;22027;6191114653078;XXL;870;25H;;1,00;
13/02/2026;030;22030;6191114610699;L;010;25H;;1,00;
13/02/2026;030;22031;6191114610828;XL;995;25H;;1,00;
13/02/2026;030;22032;6191114610996;3XL;940;25H;;1,00;
13/02/2026;030;22033;6191114611115;3XL;695;25H;;1,00;
13/02/2026;030;22046;6191114611825;XXL;C385;25H;;1,00;
13/02/2026;030;22049;6191114612112;L;815;25H;;1,00;
13/02/2026;030;22050;6191114614475;L/XL;995;25H;;1,00;
13/02/2026;030;22064;6191114618749;L;855;25H;;1,00;
13/02/2026;030;22068;6191114642409;XXL;695;25H;;1,00;
13/02/2026;030;22086;6191114619548;XL;010;25H;;1,00;
13/02/2026;030;22095;6191114620544;XXL;R350;25H;;1,00;
13/02/2026;030;22097;6191114620742;L;995;25H;;1,00;
13/02/2026;030;22113;6191114645684;M;990;25H;;1,00;
13/02/2026;030;22113;6191114645769;XXL;990;25H;;1,00;
13/02/2026;030;22118;6191114646414;XL;995;25H;;1,00;
13/02/2026;030;22126;6191114647039;XXL;E385;25H;;1,00;
13/02/2026;030;22129;6191114623118;S;010;25H;;1,00;
13/02/2026;030;22133;6191114625198;L;995;25H;;1,00;
13/02/2026;030;22139;6191114624429;M;995;25H;;1,00;
13/02/2026;030;22163;6191114659889;3XL;C490;25H;;1,00;
13/02/2026;030;22164;6191114649446;M;995;25H;;1,00;
13/02/2026;030;22183;6191114629509;M;385;25H;;1,00;
13/02/2026;030;22187;6191114644700;L/XL;200;25H;;1,00;
13/02/2026;030;22189;6191114644755;S/M;995;25H;;1,00;
13/02/2026;030;22189;6191114644762;S/M;200;25H;;2,00;
13/02/2026;030;22189;6191114644779;L/XL;995;25H;;1,00;
13/02/2026;030;22193;6191114628106;3XL;995;25H;;1,00;
13/02/2026;030;22203;6191114630642;L;995;25H;;1,00;
13/02/2026;030;22204;6191114630734;M;995;25H;;1,00;
13/02/2026;030;22212;6191114641495;M;255;25H;;1,00;
13/02/2026;030;22233;6191114644397;L;815;25H;;2,00;
13/02/2026;030;22243;6191114647725;S;215;25H;;1,00;
13/02/2026;030;22243;6191114647794;L;695;25H;;2,00;
13/02/2026;030;22243;6191114647817;XL;215;25H;;1,00;
13/02/2026;030;22244;6191114647978;L;695;25H;;1,00;
13/02/2026;030;22244;6191114648005;XL;695;25H;;1,00;
13/02/2026;030;22244;6191114648029;XXL;215;25H;;1,00;
13/02/2026;030;22244;6191114648043;3XL;995;25H;;1,00;
13/02/2026;030;22250;6191114649712;3XL;784;25H;;1,00;
13/02/2026;030;22261;6191114651258;L;385;25H;;1,00;
13/02/2026;030;22261;6191114651272;XL;385;25H;;1,00;
13/02/2026;030;22263;6191114651555;L;995;25H;;1,00;
13/02/2026;030;22263;6191114651586;XL;995;25H;;1,00;
13/02/2026;030;22268;6191114653139;XXL;695;25H;;1,00;
13/02/2026;030;22269;6191114653177;S;695;25H;;1,00;
13/02/2026;030;22269;6191114653214;XXL;695;25H;;1,00;
13/02/2026;030;22278;6191114653511;XXL;995;25H;;1,00;
13/02/2026;030;22279;6191114653696;XXL;995;25H;;1,00;
13/02/2026;030;22279;6191114653702;XXL;000;25H;;1,00;
13/02/2026;030;22280;6191114653900;XXL;995;25H;;1,00;
13/02/2026;030;22281;6191114653986;L;995;25H;;1,00;
13/02/2026;030;22287;6191114654570;XL;815;25H;;1,00;
13/02/2026;030;22292;6191114655676;L;995;25H;;1,00;
13/02/2026;030;22292;6191114655683;XL;870;25H;;2,00;
13/02/2026;030;22300;6191114656833;XL;870;25H;;1,00;
13/02/2026;030;22302;6191114657243;L;245;25H;;1,00;
13/02/2026;030;22303;6191114657427;XXL;195;25H;;1,00;
13/02/2026;030;22306;6191114669062;M;995;25H;;1,00;
13/02/2026;030;22316;6191114658516;L;476;25H;;1,00;
13/02/2026;030;22318;6191114659018;XL;235;25H;;1,00;
13/02/2026;030;22322;6191114659483;L;190;25H;;1,00;
13/02/2026;030;22322;6191114659513;XL;190;25H;;1,00;
13/02/2026;030;22324;6191114659667;L;995;25H;;1,00;
13/02/2026;030;22326;6191114668331;XL;920;25H;;1,00;
13/02/2026;030;22328;6191114661424;XXL;995;25H;;1,00;
13/02/2026;030;22331;6191114660212;L;815;25H;;1,00;
13/02/2026;030;22331;6191114660274;XL;995;25H;;1,00;
13/02/2026;030;22351;6191114668829;M;I815;25H;;1,00;
13/02/2026;030;55801;6191114621787;L;975;25H;;1,00;
13/02/2026;030;55806;6191114640894;XL;870;25H;;1,00;
13/02/2026;030;55808;6191114641235;L;975;25H;;1,00;
13/02/2026;030;55811;6191114644649;XXL;R784;25H;;1,00;
13/02/2026;030;55813;6191114645226;L;385;25H;;1,00;
13/02/2026;030;55815;6191114645622;3XL;385;25H;;1,00;
13/02/2026;030;55816;6191114648395;S;R990;25H;;1,00;
13/02/2026;030;55817;6191114654747;M;695;25H;;1,00;
13/02/2026;030;55817;6191114654808;XL;695;25H;;1,00;
13/02/2026;030;55818;6191114654976;M;694;25H;;1,00;
13/02/2026;030;55819;6191114657588;XL;R790;25H;;1,00;
13/02/2026;030;55819;6191114657601;XL;R480;25H;;1,00;
13/02/2026;030;66481;6191114502222;L/XL;200;24H;;3,00;
13/02/2026;030;70210;6191114619197;L;R350;25H;;2,00;
13/02/2026;030;70217;6191114647312;L;E385;25H;;1,00;
13/02/2026;030;70231;6191114658745;XXL;C995;25H;;1,00;
13/02/2026;030;70232;6191114658837;XXL;995;25H;;1,00;
13/02/2026;031;22005;6191114606685;XXL;815;25H;;1,00;
13/02/2026;031;22024;6191114653337;XXL;815;25H;;1,00;
13/02/2026;031;22033;6191114611115;3XL;695;25H;;1,00;
13/02/2026;031;22060;6191114618091;XXL;310;25H;;1,00;
13/02/2026;031;22125;6191114646964;XL;E385;25H;;1,00;
13/02/2026;031;22127;6191114649064;L;770;25H;;1,00;
13/02/2026;031;22130;6191114623514;S;995;25H;;1,00;
13/02/2026;031;22130;6191114623521;S;195;25H;;1,00;
13/02/2026;031;22183;6191114629523;L;385;25H;;-1,00;
13/02/2026;031;22195;6191114628595;XXL;215;25H;;1,00;
13/02/2026;031;22195;6191114628618;XXL;210;25H;;1,00;
13/02/2026;031;22197;6191114630062;M;815;25H;;1,00;
13/02/2026;031;22201;6191114630406;L;815;25H;;1,00;
13/02/2026;031;22201;6191114630468;3XL;815;25H;;1,00;
13/02/2026;031;22203;6191114630697;XXL;010;25H;;1,00;
13/02/2026;031;22204;6191114630758;XL;995;25H;;1,00;
13/02/2026;031;22237;6191114644816;L;I815;25H;;1,00;
13/02/2026;031;22239;6191114644953;M;995;25H;;-1,00;
13/02/2026;031;22239;6191114645011;XL;995;25H;;1,00;
13/02/2026;031;22244;6191114647985;XL;995;25H;;1,00;
13/02/2026;031;22290;6191114657960;XXL;R385;25H;;1,00;
13/02/2026;031;22297;6191114656628;S;215;25H;;1,00;
13/02/2026;031;22301;6191114657076;S;995;25H;;1,00;
13/02/2026;031;22303;6191114657427;XXL;195;25H;;1,00;
13/02/2026;031;22316;6191114658523;XL;476;25H;;1,00;
13/02/2026;031;22330;6191114660045;M;220;25H;;1,00;
13/02/2026;031;22331;6191114660175;M;815;25H;;1,00;
13/02/2026;031;22331;6191114660199;M;995;25H;;1,00;
13/02/2026;031;22331;6191114660380;M;495;25H;;1,00;
13/02/2026;031;22347;6191114668591;M;I815;25H;;1,00;
13/02/2026;031;70217;6191114649385;L;I385;25H;;1,00;
13/02/2026;031;70224;6191114641785;M;694;25H;;1,00;
13/02/2026;031;70232;6191114658837;XXL;995;25H;;1,00;
13/02/2026;031;91505;6191114657328;TU;385;25H;;1,00;
13/02/2026;032;22044;6191114622050;XXL;695;25H;;1,00;
13/02/2026;032;22072;6191114616233;XXL;476;25H;;1,00;
13/02/2026;032;22091;6191114620186;L;995;25H;;1,00;
13/02/2026;032;22108;6191114622159;L;870;25H;;1,00;
13/02/2026;032;22117;6191114649002;XL;940;25H;;1,00;
13/02/2026;032;22131;6191114623620;M;995;25H;;1,00;
13/02/2026;032;22131;6191114623637;L;995;25H;;-1,00;
13/02/2026;032;22197;6191114630079;L;815;25H;;1,00;
13/02/2026;032;22207;6191114640443;L;880;25H;;1,00;
13/02/2026;032;22256;6191114650459;3XL;995;25H;;-1,00;
13/02/2026;032;22268;6191114656338;L;890;25H;;1,00;
13/02/2026;032;22318;6191114659056;3XL;235;25H;;1,00;
13/02/2026;032;22322;6191114659483;L;190;25H;;1,00;
13/02/2026;033;22006;6191114606791;S;995;25H;;1,00;
13/02/2026;033;22023;6191114609846;L;R385;25H;;1,00;
13/02/2026;033;22030;6191114610651;S;010;25H;;1,00;
13/02/2026;033;22030;6191114610668;M;995;25H;;1,00;
13/02/2026;033;22049;6191114612082;S;995;25H;;1,00;
13/02/2026;033;22124;6191114646902;XXL;995;25H;;1,00;
13/02/2026;033;22213;6191114648968;XS;815;25H;;1,00;
13/02/2026;033;22229;6191114644014;L;995;25H;;1,00;
13/02/2026;033;22286;6191114654464;XL;995;25H;;1,00;
13/02/2026;033;22289;6191114655263;XL;995;25H;;1,00;
13/02/2026;033;91273;6194444115674;TU;815;22H;;1,00;
13/02/2026;033;91530;6191114648555;TU;010;25H;;1,00;
14/02/2026;002;20288;6191114266070;XS;385;23H;;2,00;
14/02/2026;002;20370;6191114282858;S/M;200;23H;;2,00;
14/02/2026;002;20768;6191114381018;XS;920;24E;;1,00;
14/02/2026;002;20811;6191114391703;L;385;24E;;1,00;
14/02/2026;002;20831;6191114396258;S/M;995;24E;;1,00;
14/02/2026;002;20834;6191114396531;L/XL;740;24E;;1,00;
14/02/2026;002;20834;6191114396562;L/XL;235;24E;;1,00;
14/02/2026;002;20834;6191114396593;L/XL;625;24E;;1,00;
14/02/2026;002;20836;6191114396722;2XL/3;995;24E;;2,00;
14/02/2026;002;21135;6191114463097;S;940;24H;;1,00;
14/02/2026;002;21242;6191114484498;XS;950;24H;;1,00;
14/02/2026;002;21247;6191114481527;XL;995;24H;;1,00;
14/02/2026;002;21318;6191114497153;36;870;24H;;1,00;
14/02/2026;002;21318;6191114497245;41;995;24H;;1,00;
14/02/2026;002;21343;6191114501010;L;895;24H;;1,00;
14/02/2026;002;21347;6191114501447;S;385;24H;;1,00;
14/02/2026;002;21351;6191114502055;L/XL;200;24H;;3,00;
14/02/2026;002;21353;6191114502109;L/XL;995;24H;;1,00;
14/02/2026;002;21402;6191114513280;L;824;24H;;1,00;
14/02/2026;002;21420;6191114514249;S;995;24H;;1,00;
14/02/2026;002;21472;6191114532113;XL;815;24H;;1,00;
14/02/2026;002;21475;6191114532502;XL;695;24H;;1,00;
14/02/2026;002;21479;6191114530874;XL;995;24H;;1,00;
14/02/2026;002;21479;6191114530928;3XL;695;24H;;1,00;
14/02/2026;002;21569;6191114546066;XL;385;25E;;1,00;
14/02/2026;002;21570;6191114546226;XL;784;25E;;1,00;
14/02/2026;002;21584;6191114550261;37;695;25E;;1,00;
14/02/2026;002;21826;6191114582781;M;995;25E;;1,00;
14/02/2026;002;21835;6191114584341;XXL;645;25E;;1,00;
14/02/2026;002;21835;6191114584372;3XL;000;25E;;1,00;
14/02/2026;002;21906;6191114600126;XL;385;25E;;1,00;
14/02/2026;002;22004;6191114606395;M;R815;25H;;1,00;
14/02/2026;002;22005;6191114606555;S;010;25H;;1,00;
14/02/2026;002;22007;6191114607040;XXL;905;25H;;1,00;
14/02/2026;002;22009;6191114607132;S;380;25H;;1,00;
14/02/2026;002;22013;6191114607651;L;995;25H;;1,00;
14/02/2026;002;22013;6191114607675;XL;995;25H;;-1,00;
14/02/2026;002;22019;6191114609419;M;995;25H;;1,00;
14/02/2026;002;22019;6191114609426;L;815;25H;;1,00;
14/02/2026;002;22020;6191114609600;3XL;695;25H;;1,00;
14/02/2026;002;22024;6191114653337;XXL;815;25H;;1,00;
14/02/2026;002;22025;6191114610088;L;995;25H;;1,00;
14/02/2026;002;22026;6191114610187;M;815;25H;;1,00;
14/02/2026;002;22026;6191114610279;3XL;645;25H;;1,00;
14/02/2026;002;22032;6191114610941;XL;995;25H;;1,00;
14/02/2026;002;22033;6191114611078;XL;695;25H;;1,00;
14/02/2026;002;22036;6191114611139;S;R010;25H;;1,00;
14/02/2026;002;22036;6191114611191;XL;R010;25H;;1,00;
14/02/2026;002;22038;6191114611382;L;R385;25H;;1,00;
14/02/2026;002;22044;6191114622012;S;695;25H;;1,00;
14/02/2026;002;22046;6191114611801;L;C385;25H;;1,00;
14/02/2026;002;22049;6191114612075;S;815;25H;;1,00;
14/02/2026;002;22049;6191114612099;M;815;25H;;1,00;
14/02/2026;002;22049;6191114612174;3XL;815;25H;;2,00;
14/02/2026;002;22050;6191114614475;L/XL;995;25H;;1,00;
14/02/2026;002;22054;6191114617384;S;385;25H;;1,00;
14/02/2026;002;22058;6191114617957;XL;000;25H;;1,00;
14/02/2026;002;22060;6191114618046;L;215;25H;;1,00;
14/02/2026;002;22060;6191114618084;XXL;215;25H;;1,00;
14/02/2026;002;22063;6191114618503;S;784;25H;;1,00;
14/02/2026;002;22066;6191114615625;XL;875;25H;;1,00;
14/02/2026;002;22066;6191114615649;XXL;875;25H;;1,00;
14/02/2026;002;22067;6191114615694;XL;380;25H;;1,00;
14/02/2026;002;22068;6191114642386;L;695;25H;;1,00;
14/02/2026;002;22069;6191114615847;S;784;25H;;1,00;
14/02/2026;002;22069;6191114615946;3XL;784;25H;;1,00;
14/02/2026;002;22071;6191114616134;XL;784;25H;;1,00;
14/02/2026;002;22072;6191114616226;XL;476;25H;;1,00;
14/02/2026;002;22079;6191114626478;XL;476;25H;;1,00;
14/02/2026;002;22085;6191114619401;L;740;25H;;1,00;
14/02/2026;002;22086;6191114619531;XL;995;25H;;1,00;
14/02/2026;002;22091;6191114620209;XL;995;25H;;1,00;
14/02/2026;002;22096;6191114620551;S;385;25H;;1,00;
14/02/2026;002;22096;6191114620643;XXL;995;25H;;1,00;
14/02/2026;002;22097;6191114620698;S;385;25H;;1,00;
14/02/2026;002;22100;6191114620971;L;995;25H;;1,00;
14/02/2026;002;22110;6191114622555;XL;235;25H;;1,00;
14/02/2026;002;22111;6191114622647;S;255;25H;;1,00;
14/02/2026;002;22113;6191114645646;S;820;25H;;1,00;
14/02/2026;002;22113;6191114645653;S;990;25H;;1,00;
14/02/2026;002;22114;6191114645806;S;020;25H;;1,00;
14/02/2026;002;22116;6191114646094;S;995;25H;;1,00;
14/02/2026;002;22116;6191114646124;M;770;25H;;1,00;
14/02/2026;002;22116;6191114646209;3XL;770;25H;;1,00;
14/02/2026;002;22117;6191114646230;S;995;25H;;1,00;
14/02/2026;002;22126;6191114647046;3XL;E385;25H;;1,00;
14/02/2026;002;22127;6191114649040;S;770;25H;;1,00;
14/02/2026;002;22127;6191114649071;XL;770;25H;;1,00;
14/02/2026;002;22129;6191114623095;S;385;25H;;1,00;
14/02/2026;002;22133;6191114624030;XL;645;25H;;1,00;
14/02/2026;002;22137;6191114623415;XL;255;25H;;1,00;
14/02/2026;002;22142;6191114624764;XL;875;25H;;1,00;
14/02/2026;002;22142;6191114624771;XL;195;25H;;1,00;
14/02/2026;002;22142;6191114624801;XXL;195;25H;;1,00;
14/02/2026;002;22148;6191114625532;S;995;25H;;1,00;
14/02/2026;002;22148;6191114625549;M;995;25H;;1,00;
14/02/2026;002;22152;6191114625761;L;995;25H;;1,00;
14/02/2026;002;22158;6191114626027;L;880;25H;;1,00;
14/02/2026;002;22159;6191114626065;L;880;25H;;1,00;
14/02/2026;002;22163;6191114659803;M;C790;25H;;1,00;
14/02/2026;002;22163;6191114659889;3XL;C490;25H;;1,00;
14/02/2026;002;22170;6191114626935;L;R925;25H;;1,00;
14/02/2026;002;22171;6191114627185;L;R925;25H;;1,00;
14/02/2026;002;22172;6191114627321;S;195;25H;;1,00;
14/02/2026;002;22182;6191114629400;XL;995;25H;;1,00;
14/02/2026;002;22182;6191114629424;XXL;870;25H;;1,00;
14/02/2026;002;22183;6191114629547;XL;385;25H;;1,00;
14/02/2026;002;22183;6191114629585;3XL;385;25H;;1,00;
14/02/2026;002;22190;6191114627857;XXL;995;25H;;1,00;
14/02/2026;002;22191;6191114648920;L;P385;25H;;1,00;
14/02/2026;002;22195;6191114628298;S;215;25H;;1,00;
14/02/2026;002;22198;6191114630192;XL;695;25H;;1,00;
14/02/2026;002;22198;6191114630215;XXL;695;25H;;1,00;
14/02/2026;002;22203;6191114630697;XXL;010;25H;;1,00;
14/02/2026;002;22222;6191114643376;M;685;25H;;1,00;
14/02/2026;002;22223;6191114643512;M;645;25H;;1,00;
14/02/2026;002;22233;6191114644410;XL;815;25H;;1,00;
14/02/2026;002;22233;6191114644427;XL;000;25H;;1,00;
14/02/2026;002;22237;6191114644847;3XL;I815;25H;;1,00;
14/02/2026;002;22238;6191114644908;3XL;I995;25H;;1,00;
14/02/2026;002;22241;6191114647381;XL;R000;25H;;1,00;
14/02/2026;002;22242;6191114647527;L;380;25H;;1,00;
14/02/2026;002;22242;6191114647572;XL;380;25H;;1,00;
14/02/2026;002;22243;6191114647831;XXL;995;25H;;1,00;
14/02/2026;002;22244;6191114647985;XL;995;25H;;1,00;
14/02/2026;002;22245;6191114648203;L;740;25H;;1,00;
14/02/2026;002;22246;6191114648821;L;870;25H;;1,00;
14/02/2026;002;22248;6191114649095;XS;815;25H;;1,00;
14/02/2026;002;22250;6191114649637;XL;815;25H;;1,00;
14/02/2026;002;22253;6191114650275;3XL;995;25H;;1,00;
14/02/2026;002;22257;6191114650480;S;I740;25H;;1,00;
14/02/2026;002;22259;6191114650954;XL;010;25H;;1,00;
14/02/2026;002;22261;6191114651265;L;490;25H;;1,00;
14/02/2026;002;22261;6191114651289;XL;490;25H;;1,00;
14/02/2026;002;22262;6191114651364;M;490;25H;;1,00;
14/02/2026;002;22262;6191114651401;XL;490;25H;;1,00;
14/02/2026;002;22271;6191114652361;M;695;25H;;1,00;
14/02/2026;002;22271;6191114652408;XL;870;25H;;1,00;
14/02/2026;002;22273;6191114652736;L;385;25H;;1,00;
14/02/2026;002;22276;6191114655782;L;385;25H;;2,00;
14/02/2026;002;22280;6191114653917;XXL;000;25H;;1,00;
14/02/2026;002;22280;6191114653931;3XL;995;25H;;1,00;
14/02/2026;002;22284;6191114654198;M;385;25H;;1,00;
14/02/2026;002;22284;6191114654242;XL;995;25H;;1,00;
14/02/2026;002;22284;6191114654280;3XL;995;25H;;1,00;
14/02/2026;002;22286;6191114654440;M;995;25H;;1,00;
14/02/2026;002;22286;6191114654471;XXL;995;25H;;1,00;
14/02/2026;002;22288;6191114654648;S;995;25H;;1,00;
14/02/2026;002;22288;6191114654655;M;995;25H;;1,00;
14/02/2026;002;22291;6191114655430;L;495;25H;;1,00;
14/02/2026;002;22292;6191114655669;L;870;25H;;1,00;
14/02/2026;002;22294;6191114656031;S;950;25H;;1,00;
14/02/2026;002;22295;6191114656277;XXL;695;25H;;1,00;
14/02/2026;002;22300;6191114656826;L;870;25H;;1,00;
14/02/2026;002;22306;6191114669086;XL;995;25H;;2,00;
14/02/2026;002;22306;6191114669093;XXL;995;25H;;1,00;
14/02/2026;002;22307;6191114670037;XXL;M815;25H;;1,00;
14/02/2026;002;22310;6191114658035;S;995;25H;;1,00;
14/02/2026;002;22311;6191114658097;L;I995;25H;;1,00;
14/02/2026;002;22316;6191114658523;XL;476;25H;;1,00;
14/02/2026;002;22318;6191114658974;M;235;25H;;1,00;
14/02/2026;002;22320;6191114659193;XL;825;25H;;1,00;
14/02/2026;002;22321;6191114659339;XL;825;25H;;1,00;
14/02/2026;002;22322;6191114659483;L;190;25H;;1,00;
14/02/2026;002;22322;6191114659506;XL;740;25H;;1,00;
14/02/2026;002;22323;6191114659605;L;995;25H;;1,00;
14/02/2026;002;22326;6191114668331;XL;920;25H;;1,00;
14/02/2026;002;22330;6191114660052;L;724;25H;;1,00;
14/02/2026;002;22330;6191114660069;L;220;25H;;1,00;
14/02/2026;002;22331;6191114660274;XL;995;25H;;1,00;
14/02/2026;002;22331;6191114660311;XXL;995;25H;;1,00;
14/02/2026;002;22340;6191114661486;3XL;MCO;25H;;1,00;
14/02/2026;002;22343;6191114661356;L;I634;25H;;1,00;
14/02/2026;002;22343;6191114661479;3XL;I634;25H;;1,00;
14/02/2026;002;22344;6191114668461;XL;I815;25H;;1,00;
14/02/2026;002;22388;6191114669604;S;R815;26E;;1,00;
14/02/2026;002;27514;6191113731319;XS;385;20H;;1,00;
14/02/2026;002;55723;6191114526730;L;385;24H;;1,00;
14/02/2026;002;55725;6191114526792;M;385;24H;;1,00;
14/02/2026;002;55808;6191114641198;M;995;25H;;1,00;
14/02/2026;002;55808;6191114641211;L;385;25H;;1,00;
14/02/2026;002;55808;6191114641266;XL;975;25H;;1,00;
14/02/2026;002;55808;6191114641297;XXL;975;25H;;1,00;
14/02/2026;002;55809;6191114642096;L;870;25H;;1,00;
14/02/2026;002;55811;6191114644595;L;R310;25H;;1,00;
14/02/2026;002;55811;6191114644618;XL;R310;25H;;1,00;
14/02/2026;002;66475;6191114201866;S/M;995;23E;;1,00;
14/02/2026;002;70084;6191114450400;XL;815;24H;;2,00;
14/02/2026;002;70213;6191114623699;L;P385;25H;;1,00;
14/02/2026;002;70226;6191114652019;L;I880;25H;;1,00;
14/02/2026;002;70231;6191114658691;L;C000;25H;;2,00;
14/02/2026;002;70231;6191114658752;3XL;C000;25H;;1,00;
14/02/2026;002;70232;6191114658813;L;995;25H;;1,00;
14/02/2026;002;70233;6191114658868;S;995;25H;;1,00;
14/02/2026;002;70233;6191114658912;3XL;995;25H;;1,00;
14/02/2026;002;91501;6191114626294;TU;385;25H;;1,00;
14/02/2026;002;91504;6191114626355;TU;784;25H;;1,00;
14/02/2026;002;91507;6191114626416;TU;824;25H;;1,00;
14/02/2026;002;91509;6191114625402;41;995;25H;;1,00;
14/02/2026;002;91510;6191114625433;37;815;25H;;1,00;
14/02/2026;002;91527;6191114640160;40;995;25H;;1,00;
14/02/2026;005;20354;6191114297357;XL;685;23H;;1,00;
14/02/2026;005;20808;6191114391048;L;385;24E;;1,00;
14/02/2026;005;21136;6191114463288;XXL;995;24H;;1,00;
14/02/2026;005;21136;6191114463295;XXL;815;24H;;1,00;
14/02/2026;005;21426;6191114527096;XL;695;24H;;1,00;
14/02/2026;005;21829;6191114583320;XL;MCO;25E;;1,00;
14/02/2026;005;22007;6191114607057;3XL;905;25H;;1,00;
14/02/2026;005;22011;6191114607422;XL;010;25H;;1,00;
14/02/2026;005;22033;6191114611054;L;695;25H;;1,00;
14/02/2026;005;22036;6191114611177;L;R010;25H;;1,00;
14/02/2026;005;22036;6191114611214;XXL;R010;25H;;1,00;
14/02/2026;005;22037;6191114611313;XL;010;25H;;1,00;
14/02/2026;005;22038;6191114611382;L;R385;25H;;1,00;
14/02/2026;005;22052;6191114617186;M;995;25H;;1,00;
14/02/2026;005;22054;6191114617438;L;995;25H;;1,00;
14/02/2026;005;22060;6191114618077;XL;310;25H;;1,00;
14/02/2026;005;22061;6191114618169;L;R385;25H;;1,00;
14/02/2026;005;22061;6191114618176;L;R350;25H;;1,00;
14/02/2026;005;22063;6191114618503;S;784;25H;;1,00;
14/02/2026;005;22063;6191114618558;L;995;25H;;1,00;
14/02/2026;005;22072;6191114616226;XL;476;25H;;1,00;
14/02/2026;005;22090;6191114620063;L;995;25H;;1,00;
14/02/2026;005;22113;6191114645707;L;820;25H;;1,00;
14/02/2026;005;22117;6191114646315;XXL;995;25H;;1,00;
14/02/2026;005;22117;6191114649002;XL;940;25H;;-1,00;
14/02/2026;005;22118;6191114646414;XL;995;25H;;1,00;
14/02/2026;005;22118;6191114646421;XL;874;25H;;1,00;
14/02/2026;005;22122;6191114646636;S;995;25H;;1,00;
14/02/2026;005;22131;6191114623644;XL;995;25H;;-1,00;
14/02/2026;005;22132;6191114623897;XXL;794;25H;;1,00;
14/02/2026;005;22142;6191114624719;M;195;25H;;1,00;
14/02/2026;005;22142;6191114624740;L;195;25H;;1,00;
14/02/2026;005;22142;6191114624757;XL;995;25H;;1,00;
14/02/2026;005;22142;6191114624764;XL;875;25H;;1,00;
14/02/2026;005;22164;6191114649484;XL;995;25H;;1,00;
14/02/2026;005;22182;6191114629424;XXL;870;25H;;1,00;
14/02/2026;005;22183;6191114629585;3XL;385;25H;;1,00;
14/02/2026;005;22190;6191114627826;M;995;25H;;1,00;
14/02/2026;005;22194;6191114628243;XXL;I385;25H;;1,00;
14/02/2026;005;22195;6191114628601;XXL;310;25H;;1,00;
14/02/2026;005;22202;6191114630550;XL;790;25H;;1,00;
14/02/2026;005;22223;6191114643482;S;645;25H;;1,00;
14/02/2026;005;22237;6191114644816;L;I815;25H;;1,00;
14/02/2026;005;22239;6191114644977;L;815;25H;;1,00;
14/02/2026;005;22239;6191114645035;XXL;815;25H;;1,00;
14/02/2026;005;22243;6191114647800;XL;995;25H;;1,00;
14/02/2026;005;22243;6191114647817;XL;215;25H;;1,00;
14/02/2026;005;22243;6191114647855;XXL;695;25H;;1,00;
14/02/2026;005;22246;6191114648784;S;870;25H;;1,00;
14/02/2026;005;22250;6191114649651;XL;784;25H;;1,00;
14/02/2026;005;22257;6191114650664;4XL;I740;25H;;1,00;
14/02/2026;005;22258;6191114650855;3XL;740;25H;;1,00;
14/02/2026;005;22261;6191114651272;XL;385;25H;;1,00;
14/02/2026;005;22262;6191114651371;L;385;25H;;1,00;
14/02/2026;005;22262;6191114651395;XL;385;25H;;1,00;
14/02/2026;005;22276;6191114655782;L;385;25H;;1,00;
14/02/2026;005;22279;6191114653627;L;645;25H;;1,00;
14/02/2026;005;22290;6191114657960;XXL;R385;25H;;1,00;
14/02/2026;005;22292;6191114655669;L;870;25H;;1,00;
14/02/2026;005;22296;6191114656512;L;215;25H;;1,00;
14/02/2026;005;22301;6191114657144;XL;215;25H;;1,00;
14/02/2026;005;22303;6191114657403;XL;195;25H;;1,00;
14/02/2026;005;22307;6191114669970;L;M815;25H;;1,00;
14/02/2026;005;22312;6191114658158;XL;995;25H;;1,00;
14/02/2026;005;22312;6191114658165;XXL;995;25H;;1,00;
14/02/2026;005;22318;6191114659025;XL;C000;25H;;1,00;
14/02/2026;005;22320;6191114659179;L;825;25H;;1,00;
14/02/2026;005;22330;6191114660120;3XL;220;25H;;-1,00;
14/02/2026;005;22331;6191114660243;L;390;25H;;1,00;
14/02/2026;005;22409;6191114670938;M;855;26E;;1,00;
14/02/2026;005;22414;6191114672802;2XL/3;770;26E;;1,00;
14/02/2026;005;29212;6191114065918;S;995;22H;;1,00;
14/02/2026;005;55808;6191114641266;XL;975;25H;;1,00;
14/02/2026;005;55810;6191114642232;L;010;25H;;1,00;
14/02/2026;005;55817;6191114654785;L;790;25H;;1,00;
14/02/2026;005;70202;6191114608214;3XL;995;25H;;1,00;
14/02/2026;005;70205;6191114612310;XL;385;25H;;1,00;
14/02/2026;005;70216;6191114624313;L;R385;25H;;1,00;
14/02/2026;005;70217;6191114649408;XXL;I385;25H;;1,00;
14/02/2026;005;70231;6191114658707;L;C995;25H;;1,00;
14/02/2026;005;70232;6191114658790;S;995;25H;;1,00;
14/02/2026;005;70233;6191114658905;XXL;995;25H;;1,00;
14/02/2026;005;70241;6191114672635;L;870;26E;;1,00;
14/02/2026;005;91272;6194444115667;TU;815;22H;;1,00;
14/02/2026;005;91367;6191114542525;TU;995;25E;;2,00;
14/02/2026;005;91502;6191114669116;TU;385;25H;;1,00;
14/02/2026;005;91506;6191114626379;TU;995;25H;;1,00;
14/02/2026;005;91529;6191114640313;38;385;25H;;1,00;
14/02/2026;009;22004;6191114606517;3XL;R815;25H;;1,00;
14/02/2026;009;22037;6191114611290;L;010;25H;;1,00;
14/02/2026;009;22066;6191114615571;M;815;25H;;1,00;
14/02/2026;009;22066;6191114615618;XL;815;25H;;1,00;
14/02/2026;009;22089;6191114619951;XXL;385;25H;;1,00;
14/02/2026;009;22096;6191114622258;XXL;870;25H;;1,00;
14/02/2026;009;22113;6191114645745;XL;990;25H;;1,00;
14/02/2026;009;22125;6191114646988;3XL;E385;25H;;1,00;
14/02/2026;009;22146;6191114630017;XL;995;25H;;1,00;
14/02/2026;009;22162;6191114647220;L;995;25H;;1,00;
14/02/2026;009;22173;6191114628694;XL;995;25H;;1,00;
14/02/2026;009;22177;6191114628892;L;215;25H;;1,00;
14/02/2026;009;22180;6191114629226;L;995;25H;;1,00;
14/02/2026;009;22204;6191114630741;L;995;25H;;1,00;
14/02/2026;009;22206;6191114630901;XL;995;25H;;-1,00;
14/02/2026;009;22206;6191114630925;XXL;995;25H;;1,00;
14/02/2026;009;22257;6191114650619;XXL;I195;25H;;1,00;
14/02/2026;009;22258;6191114650824;XXL;740;25H;;1,00;
14/02/2026;009;22270;6191114649958;XL;995;25H;;1,00;
14/02/2026;009;22274;6191114652903;3XL;995;25H;;1,00;
14/02/2026;009;22276;6191114655782;L;385;25H;;1,00;
14/02/2026;009;22303;6191114657373;L;870;25H;;1,00;
14/02/2026;009;22307;6191114669949;M;M815;25H;;1,00;
14/02/2026;009;22320;6191114659209;XXL;870;25H;;1,00;
14/02/2026;009;22321;6191114659360;3XL;870;25H;;1,00;
14/02/2026;009;22322;6191114659483;L;190;25H;;1,00;
14/02/2026;009;55800;6191114621633;XL;975;25H;;1,00;
14/02/2026;009;55801;6191114621787;L;975;25H;;-1,00;
14/02/2026;009;55816;6191114648548;3XL;R990;25H;;1,00;
14/02/2026;009;70213;6191114624566;XXL;P385;25H;;1,00;
14/02/2026;009;70216;6191114624320;XL;R385;25H;;1,00;
14/02/2026;009;70217;6191114647305;M;E385;25H;;1,00;
14/02/2026;009;70224;6191114641785;M;694;25H;;1,00;
14/02/2026;009;70227;6191114652262;3XL;I875;25H;;1,00;
14/02/2026;009;91528;6191114640221;38;995;25H;;1,00;
14/02/2026;011;21189;6191114471221;M;I625;24H;;1,00;
14/02/2026;011;22005;6191114606609;L;815;25H;;1,00;
14/02/2026;011;22018;6191114609303;L;R385;25H;;1,00;
14/02/2026;011;22023;6191114609914;3XL;R010;25H;;1,00;
14/02/2026;011;22025;6191114610125;XXL;995;25H;;1,00;
14/02/2026;011;22032;6191114610941;XL;995;25H;;1,00;
14/02/2026;011;22056;6191114617735;XXL;000;25H;;1,00;
14/02/2026;011;22064;6191114618749;L;855;25H;;1,00;
14/02/2026;011;22096;6191114620674;4XL;385;25H;;1,00;
14/02/2026;011;22096;6191114620681;4XL;995;25H;;1,00;
14/02/2026;011;22117;6191114649002;XL;940;25H;;1,00;
14/02/2026;011;22123;6191114646759;XL;995;25H;;1,00;
14/02/2026;011;22142;6191114624696;M;995;25H;;1,00;
14/02/2026;011;22142;6191114624702;M;875;25H;;1,00;
14/02/2026;011;22152;6191114625761;L;995;25H;;1,00;
14/02/2026;011;22177;6191114628892;L;215;25H;;1,00;
14/02/2026;011;22182;6191114629363;L;870;25H;;2,00;
14/02/2026;011;22201;6191114630406;L;815;25H;;1,00;
14/02/2026;011;22201;6191114630444;XXL;815;25H;;1,00;
14/02/2026;011;22207;6191114640399;S;784;25H;;1,00;
14/02/2026;011;22237;6191114644823;XL;I815;25H;;1,00;
14/02/2026;011;22239;6191114644984;L;995;25H;;1,00;
14/02/2026;011;22244;6191114648067;3XL;695;25H;;1,00;
14/02/2026;011;22254;6191114650305;L;995;25H;;1,00;
14/02/2026;011;22258;6191114650749;L;385;25H;;1,00;
14/02/2026;011;22276;6191114655829;XXL;385;25H;;1,00;
14/02/2026;011;22278;6191114653511;XXL;995;25H;;1,00;
14/02/2026;011;22287;6191114654549;M;995;25H;;1,00;
14/02/2026;011;22292;6191114655485;XS;870;25H;;1,00;
14/02/2026;011;22292;6191114655713;XXL;995;25H;;1,00;
14/02/2026;011;22307;6191114669987;L;M870;25H;;1,00;
14/02/2026;011;55800;6191114621602;L;975;25H;;1,00;
14/02/2026;011;55808;6191114641235;L;975;25H;;1,00;
14/02/2026;011;55810;6191114642263;XXL;385;25H;;1,00;
14/02/2026;011;55815;6191114645561;L;385;25H;;1,00;
14/02/2026;011;55817;6191114654877;3XL;790;25H;;1,00;
14/02/2026;011;70226;6191114652019;L;I880;25H;;2,00;
14/02/2026;011;70228;6191114649880;L;995;25H;;1,00;
14/02/2026;011;70231;6191114658721;XL;C995;25H;;1,00;
14/02/2026;011;70231;6191114658776;4XL;C000;25H;;1,00;
14/02/2026;011;70232;6191114658837;XXL;995;25H;;1,00;
14/02/2026;011;91273;6194444115674;TU;815;22H;;1,00;
14/02/2026;011;91510;6191114625495;40;815;25H;;1,00;
14/02/2026;014;21126;6191114462106;XL;R195;24H;;1,00;
14/02/2026;014;21135;6191114463158;XL;940;24H;;1,00;
14/02/2026;014;21135;6191114482852;XL;780;24H;;1,00;
14/02/2026;014;21137;6191114463349;M;385;24H;;1,00;
14/02/2026;014;21138;6191114463493;L;010;24H;;1,00;
14/02/2026;014;21171;6191114467279;M;010;24H;;1,00;
14/02/2026;014;21266;6191114484948;XL;995;24H;;1,00;
14/02/2026;014;21304;6191114492257;L;995;24H;;1,00;
14/02/2026;014;21308;6191114492684;S;995;24H;;1,00;
14/02/2026;014;21334;6191114499560;XL;634;24H;;1,00;
14/02/2026;014;21336;6191114499850;M;870;24H;;1,00;
14/02/2026;014;21337;6191114500082;L;790;24H;;1,00;
14/02/2026;014;21337;6191114500174;3XL;790;24H;;1,00;
14/02/2026;014;21337;6191114508125;XL;634;24H;;1,00;
14/02/2026;014;21345;6191114501201;S;995;24H;;1,00;
14/02/2026;014;21374;6191114515703;XXL;995;24H;;1,00;
14/02/2026;014;21380;6191114508361;S;875;24H;;1,00;
14/02/2026;014;21381;6191114508521;XL;875;24H;;1,00;
14/02/2026;014;21401;6191114512559;M;385;24H;;1,00;
14/02/2026;014;21688;6191114566217;L;476;25E;;1,00;
14/02/2026;014;21863;6191114589452;XXL;310;25E;;1,00;
14/02/2026;014;21922;6191114602021;XXL;805;25E;;1,00;
14/02/2026;014;22023;6191114609860;XL;R385;25H;;1,00;
14/02/2026;014;22037;6191114611337;XXL;010;25H;;1,00;
14/02/2026;014;22045;6191114611665;S;995;25H;;1,00;
14/02/2026;014;22048;6191114612044;XXL;010;25H;;1,00;
14/02/2026;014;22052;6191114617186;M;995;25H;;1,00;
14/02/2026;014;22052;6191114617216;XL;385;25H;;1,00;
14/02/2026;014;22054;6191114617438;L;995;25H;;1,00;
14/02/2026;014;22063;6191114618497;S;995;25H;;1,00;
14/02/2026;014;22064;6191114618763;XL;010;25H;;1,00;
14/02/2026;014;22064;6191114618794;XL;855;25H;;-1,00;
14/02/2026;014;22086;6191114619562;XXL;010;25H;;1,00;
14/02/2026;014;22089;6191114619913;L;385;25H;;1,00;
14/02/2026;014;22089;6191114619937;XL;385;25H;;1,00;
14/02/2026;014;22114;6191114645868;XL;020;25H;;1,00;
14/02/2026;014;22115;6191114645998;L;005;25H;;1,00;
14/02/2026;014;22116;6191114646162;XL;770;25H;;1,00;
14/02/2026;014;22120;6191114646476;M;995;25H;;1,00;
14/02/2026;014;22121;6191114646582;M;995;25H;;1,00;
14/02/2026;014;22122;6191114646636;S;995;25H;;1,00;
14/02/2026;014;22127;6191114649071;XL;770;25H;;1,00;
14/02/2026;014;22128;6191114623026;L;995;25H;;1,00;
14/02/2026;014;22129;6191114623132;M;995;25H;;1,00;
14/02/2026;014;22132;6191114623903;XXL;224;25H;;2,00;
14/02/2026;014;22138;6191114624276;XL;995;25H;;1,00;
14/02/2026;014;22139;6191114624375;XS;940;25H;;1,00;
14/02/2026;014;22146;6191114630024;XXL;995;25H;;1,00;
14/02/2026;014;22150;6191114625679;XXL;995;25H;;1,00;
14/02/2026;014;22162;6191114647206;M;995;25H;;1,00;
14/02/2026;014;22163;6191114659841;XL;C790;25H;;1,00;
14/02/2026;014;22164;6191114649484;XL;995;25H;;1,00;
14/02/2026;014;22170;6191114626829;S;R385;25H;;1,00;
14/02/2026;014;22177;6191114628847;S;010;25H;;1,00;
14/02/2026;014;22177;6191114628915;XL;215;25H;;1,00;
14/02/2026;014;22177;6191114628939;XXL;215;25H;;1,00;
14/02/2026;014;22183;6191114629547;XL;385;25H;;1,00;
14/02/2026;014;22183;6191114629554;XL;995;25H;;2,00;
14/02/2026;014;22189;6191114644786;L/XL;200;25H;;1,00;
14/02/2026;014;22191;6191114627925;L;P010;25H;;1,00;
14/02/2026;014;22194;6191114628212;XL;I385;25H;;1,00;
14/02/2026;014;22198;6191114630147;M;385;25H;;1,00;
14/02/2026;014;22203;6191114630680;XXL;995;25H;;1,00;
14/02/2026;014;22203;6191114630710;3XL;010;25H;;1,00;
14/02/2026;014;22217;6191114642850;XL;000;25H;;1,00;
14/02/2026;014;22233;6191114644427;XL;000;25H;;1,00;
14/02/2026;014;22239;6191114644946;M;815;25H;;1,00;
14/02/2026;014;22239;6191114644977;L;815;25H;;1,00;
14/02/2026;014;22242;6191114647442;S;790;25H;;1,00;
14/02/2026;014;22243;6191114647879;3XL;215;25H;;1,00;
14/02/2026;014;22246;6191114648869;XXL;870;25H;;1,00;
14/02/2026;014;22247;6191114648777;XXL;R270;25H;;1,00;
14/02/2026;014;22248;6191114649156;L;815;25H;;1,00;
14/02/2026;014;22253;6191114650244;L;995;25H;;1,00;
14/02/2026;014;22259;6191114650992;3XL;010;25H;;1,00;
14/02/2026;014;22261;6191114651302;XXL;490;25H;;1,00;
14/02/2026;014;22262;6191114651395;XL;385;25H;;1,00;
14/02/2026;014;22262;6191114651401;XL;490;25H;;2,00;
14/02/2026;014;22262;6191114651418;XXL;385;25H;;-1,00;
14/02/2026;014;22265;6191114651753;S;995;25H;;1,00;
14/02/2026;014;22270;6191114649927;S;995;25H;;1,00;
14/02/2026;014;22270;6191114649941;L;995;25H;;1,00;
14/02/2026;014;22276;6191114655829;XXL;385;25H;;1,00;
14/02/2026;014;22277;6191114653412;L;815;25H;;-1,00;
14/02/2026;014;22277;6191114653436;XL;815;25H;;1,00;
14/02/2026;014;22278;6191114653528;3XL;995;25H;;1,00;
14/02/2026;014;22279;6191114653627;L;645;25H;;1,00;
14/02/2026;014;22279;6191114653665;XL;995;25H;;1,00;
14/02/2026;014;22287;6191114654570;XL;815;25H;;1,00;
14/02/2026;014;22287;6191114654617;3XL;815;25H;;1,00;
14/02/2026;014;22287;6191114654624;3XL;995;25H;;1,00;
14/02/2026;014;22292;6191114655485;XS;870;25H;;1,00;
14/02/2026;014;22292;6191114655621;S;870;25H;;1,00;
14/02/2026;014;22292;6191114655669;L;870;25H;;1,00;
14/02/2026;014;22299;6191114656970;L;870;25H;;1,00;
14/02/2026;014;22299;6191114657007;XL;870;25H;;1,00;
14/02/2026;014;22307;6191114670044;XXL;M870;25H;;1,00;
14/02/2026;014;22319;6191114670211;XS;995;25H;;1,00;
14/02/2026;014;22322;6191114659469;L;645;25H;;1,00;
14/02/2026;014;22322;6191114659544;XXL;190;25H;;1,00;
14/02/2026;014;22325;6191114659988;XL;695;25H;;1,00;
14/02/2026;014;22330;6191114660052;L;724;25H;;1,00;
14/02/2026;014;22331;6191114660137;S;815;25H;;1,00;
14/02/2026;014;22331;6191114660250;XL;815;25H;;1,00;
14/02/2026;014;22331;6191114660274;XL;995;25H;;1,00;
14/02/2026;014;22333;6191114660618;S;990;25H;;1,00;
14/02/2026;014;22343;6191114661363;XL;I634;25H;;1,00;
14/02/2026;014;22350;6191114668782;XL;I815;25H;;1,00;
14/02/2026;014;22398;6191114671928;3XL;870;26E;;1,00;
14/02/2026;014;22452;6191114676954;2XL/3;995;26E;;1,00;
14/02/2026;014;55800;6191114621602;L;975;25H;;1,00;
14/02/2026;014;55801;6191114621787;L;975;25H;;1,00;
14/02/2026;014;55805;6191114626799;3XL;R175;25H;;1,00;
14/02/2026;014;55808;6191114641266;XL;975;25H;;1,00;
14/02/2026;014;55808;6191114641327;3XL;975;25H;;1,00;
14/02/2026;014;55809;6191114642010;L;995;25H;;1,00;
14/02/2026;014;55810;6191114642225;L;385;25H;;1,00;
14/02/2026;014;55810;6191114642232;L;010;25H;;-1,00;
14/02/2026;014;55813;6191114645196;M;385;25H;;1,00;
14/02/2026;014;55813;6191114645288;XXL;385;25H;;1,00;
14/02/2026;014;55816;6191114648487;XL;R990;25H;;1,00;
14/02/2026;014;55817;6191114654754;M;790;25H;;1,00;
14/02/2026;014;55817;6191114654761;L;385;25H;;1,00;
14/02/2026;014;55817;6191114654785;L;790;25H;;1,00;
14/02/2026;014;55818;6191114654976;M;694;25H;;1,00;
14/02/2026;014;55818;6191114654983;L;385;25H;;1,00;
14/02/2026;014;55818;6191114655157;3XL;824;25H;;1,00;
14/02/2026;014;55818;6191114658318;L;535;25H;;1,00;
14/02/2026;014;55820;6191114657816;S;R995;25H;;1,00;
14/02/2026;014;70200;6191114607965;XXL;R940;25H;;2,00;
14/02/2026;014;70201;6191114608054;XL;R870;25H;;1,00;
14/02/2026;014;70205;6191114612365;3XL;695;25H;;1,00;
14/02/2026;014;70210;6191114619166;M;R385;25H;;1,00;
14/02/2026;014;70211;6191114621305;L;995;25H;;1,00;
14/02/2026;014;70217;6191114647336;XXL;E385;25H;;1,00;
14/02/2026;014;70231;6191114658714;XL;C000;25H;;1,00;
14/02/2026;014;70233;6191114658905;XXL;995;25H;;1,00;
14/02/2026;014;70234;6191114660762;L;010;25H;;1,00;
14/02/2026;014;91504;6191114626331;TU;880;25H;;1,00;
14/02/2026;014;91505;6191114657311;TU;815;25H;;1,00;
14/02/2026;014;91505;6191114657328;TU;385;25H;;1,00;
14/02/2026;014;91510;6191114625518;41;815;25H;;1,00;
14/02/2026;015;20983;6191114430013;2XL;000;24E;;1,00;
14/02/2026;015;21221;6191114479036;XXL;935;24H;;1,00;
14/02/2026;015;21374;6191114515697;XL;995;24H;;1,00;
14/02/2026;015;21380;6191114508422;XL;875;24H;;1,00;
14/02/2026;015;22019;6191114609457;XL;995;25H;;1,00;
14/02/2026;015;22023;6191114609877;XL;R010;25H;;1,00;
14/02/2026;015;22025;6191114610118;XL;010;25H;;1,00;
14/02/2026;015;22027;6191114653085;3XL;870;25H;;1,00;
14/02/2026;015;22030;6191114610736;XXL;010;25H;;1,00;
14/02/2026;015;22032;6191114610941;XL;995;25H;;1,00;
14/02/2026;015;22032;6191114610958;XL;940;25H;;1,00;
14/02/2026;015;22036;6191114611177;L;R010;25H;;1,00;
14/02/2026;015;22044;6191114609129;XXL;995;25H;;1,00;
14/02/2026;015;22061;6191114618169;L;R385;25H;;1,00;
14/02/2026;015;22061;6191114618213;XXL;R350;25H;;1,00;
14/02/2026;015;22064;6191114618886;3XL;175;25H;;1,00;
14/02/2026;015;22068;6191114642393;XL;695;25H;;1,00;
14/02/2026;015;22088;6191114619814;XXL;385;25H;;1,00;
14/02/2026;015;22112;6191114622807;XXL;815;25H;;1,00;
14/02/2026;015;22112;6191114622920;XXL;995;25H;;1,00;
14/02/2026;015;22113;6191114645752;XXL;820;25H;;1,00;
14/02/2026;015;22113;6191114645776;3XL;820;25H;;1,00;
14/02/2026;015;22125;6191114646957;L;E385;25H;;1,00;
14/02/2026;015;22128;6191114622999;M;995;25H;;1,00;
14/02/2026;015;22131;6191114623637;L;995;25H;;1,00;
14/02/2026;015;22140;6191114624634;XL;995;25H;;1,00;
14/02/2026;015;22182;6191114629363;L;870;25H;;1,00;
14/02/2026;015;22189;6191114644762;S/M;200;25H;;1,00;
14/02/2026;015;22200;6191114630284;L;010;25H;;1,00;
14/02/2026;015;22201;6191114630437;XL;995;25H;;1,00;
14/02/2026;015;22205;6191114630833;3XL;870;25H;;1,00;
14/02/2026;015;22215;6191114642430;S;310;25H;;1,00;
14/02/2026;015;22215;6191114642447;S;210;25H;;1,00;
14/02/2026;015;22217;6191114642836;L;000;25H;;1,00;
14/02/2026;015;22222;6191114643321;S;995;25H;;1,00;
14/02/2026;015;22241;6191114647398;XXL;R000;25H;;1,00;
14/02/2026;015;22242;6191114647701;3XL;724;25H;;1,00;
14/02/2026;015;22250;6191114649590;M;784;25H;;1,00;
14/02/2026;015;22258;6191114650800;XXL;385;25H;;1,00;
14/02/2026;015;22258;6191114650855;3XL;740;25H;;1,00;
14/02/2026;015;22263;6191114651500;S;010;25H;;1,00;
14/02/2026;015;22269;6191114653160;XS;695;25H;;1,00;
14/02/2026;015;22270;6191114649958;XL;995;25H;;1,00;
14/02/2026;015;22279;6191114653610;M;000;25H;;1,00;
14/02/2026;015;22279;6191114653627;L;645;25H;;1,00;
14/02/2026;015;22280;6191114653818;M;995;25H;;1,00;
14/02/2026;015;22284;6191114654211;L;385;25H;;2,00;
14/02/2026;015;22287;6191114654587;XL;995;25H;;1,00;
14/02/2026;015;22288;6191114654648;S;995;25H;;1,00;
14/02/2026;015;22288;6191114654662;L;995;25H;;1,00;
14/02/2026;015;22288;6191114654686;XXL;995;25H;;1,00;
14/02/2026;015;22320;6191114659193;XL;825;25H;;1,00;
14/02/2026;015;22321;6191114659353;XXL;825;25H;;1,00;
14/02/2026;015;22347;6191114668591;M;I815;25H;;1,00;
14/02/2026;015;22414;6191114672765;S/M;770;26E;;1,00;
14/02/2026;015;55810;6191114642225;L;385;25H;;1,00;
14/02/2026;015;55810;6191114642249;XL;385;25H;;-1,00;
14/02/2026;015;55817;6191114654815;XL;790;25H;;1,00;
14/02/2026;015;55818;6191114654983;L;385;25H;;1,00;
14/02/2026;015;55818;6191114655140;3XL;995;25H;;1,00;
14/02/2026;015;55818;6191114658325;XL;535;25H;;1,00;
14/02/2026;015;66477;6191114282889;S/M;200;23H;;2,00;
14/02/2026;015;70202;6191114608184;XL;010;25H;;1,00;
14/02/2026;015;70210;6191114619203;XL;R385;25H;;1,00;
14/02/2026;015;70226;6191114652064;XXL;I995;25H;;1,00;
14/02/2026;015;70231;6191114658684;M;C995;25H;;1,00;
14/02/2026;015;70232;6191114658806;M;995;25H;;1,00;
14/02/2026;015;91272;6194444115667;TU;815;22H;;8,00;
14/02/2026;016;20605;6191114331105;L/XL;270;24E;;1,00;
14/02/2026;016;21223;6191114479296;3XL;815;24H;;1,00;
14/02/2026;016;21242;6191114479944;XXL;950;24H;;1,00;
14/02/2026;016;21250;6191114481978;S;385;24H;;1,00;
14/02/2026;016;21300;6191114499119;M;E385;24H;;1,00;
14/02/2026;016;21344;6191114501089;S;995;24H;;1,00;
14/02/2026;016;21345;6191114501201;S;995;24H;;1,00;
14/02/2026;016;21345;6191114501317;3XL;895;24H;;1,00;
14/02/2026;016;21351;6191114502055;L/XL;200;24H;;1,00;
14/02/2026;016;21380;6191114508330;XS;995;24H;;1,00;
14/02/2026;016;21402;6191114513303;XL;824;24H;;1,00;
14/02/2026;016;21402;6191114513310;XL;995;24H;;1,00;
14/02/2026;016;21408;6191114512870;XXL;995;24H;;1,00;
14/02/2026;016;21475;6191114532526;XXL;695;24H;;1,00;
14/02/2026;016;21604;6191114549104;M;R815;25E;;1,00;
14/02/2026;016;21745;6191114573147;S;010;25E;;1,00;
14/02/2026;016;21910;6191114600744;M;310;25E;;1,00;
14/02/2026;016;22005;6191114606593;M;010;25H;;1,00;
14/02/2026;016;22006;6191114606791;S;995;25H;;1,00;
14/02/2026;016;22018;6191114609310;L;R010;25H;;1,00;
14/02/2026;016;22023;6191114609884;XXL;R385;25H;;1,00;
14/02/2026;016;22025;6191114610118;XL;010;25H;;1,00;
14/02/2026;016;22028;6191114610415;S;940;25H;;1,00;
14/02/2026;016;22030;6191114610644;S;995;25H;;1,00;
14/02/2026;016;22048;6191114612006;L;010;25H;;1,00;
14/02/2026;016;22053;6191114617322;XL;385;25H;;1,00;
14/02/2026;016;22055;6191114624849;S;995;25H;;1,00;
14/02/2026;016;22056;6191114617643;S;310;25H;;1,00;
14/02/2026;016;22064;6191114618770;XL;695;25H;;1,00;
14/02/2026;016;22064;6191114618824;XXL;695;25H;;1,00;
14/02/2026;016;22066;6191114615533;XS;815;25H;;1,00;
14/02/2026;016;22080;6191114616981;L;380;25H;;1,00;
14/02/2026;016;22087;6191114619623;S;995;25H;;1,00;
14/02/2026;016;22092;6191114620261;S;995;25H;;1,00;
14/02/2026;016;22097;6191114620742;L;995;25H;;1,00;
14/02/2026;016;22113;6191114645769;XXL;990;25H;;1,00;
14/02/2026;016;22113;6191114645776;3XL;820;25H;;1,00;
14/02/2026;016;22114;6191114645837;L;815;25H;;2,00;
14/02/2026;016;22117;6191114646254;M;995;25H;;1,00;
14/02/2026;016;22117;6191114648999;L;940;25H;;1,00;
14/02/2026;016;22127;6191114649057;M;770;25H;;1,00;
14/02/2026;016;22139;6191114624436;M;940;25H;;1,00;
14/02/2026;016;22142;6191114624696;M;995;25H;;1,00;
14/02/2026;016;22162;6191114647220;L;995;25H;;1,00;
14/02/2026;016;22183;6191114629523;L;385;25H;;1,00;
14/02/2026;016;22189;6191114644762;S/M;200;25H;;1,00;
14/02/2026;016;22189;6191114644786;L/XL;200;25H;;1,00;
14/02/2026;016;22201;6191114630406;L;815;25H;;2,00;
14/02/2026;016;22239;6191114645066;3XL;815;25H;;-1,00;
14/02/2026;016;22257;6191114650664;4XL;I740;25H;;1,00;
14/02/2026;016;22260;6191114656758;S;995;25H;;1,00;
14/02/2026;016;22263;6191114651616;XXL;995;25H;;1,00;
14/02/2026;016;22270;6191114649941;L;995;25H;;1,00;
14/02/2026;016;22271;6191114652361;M;695;25H;;1,00;
14/02/2026;016;22276;6191114655782;L;385;25H;;1,00;
14/02/2026;016;22277;6191114653412;L;815;25H;;1,00;
14/02/2026;016;22278;6191114653504;XL;995;25H;;1,00;
14/02/2026;016;22286;6191114654457;L;995;25H;;1,00;
14/02/2026;016;22287;6191114654556;L;815;25H;;1,00;
14/02/2026;016;22291;6191114655423;L;995;25H;;1,00;
14/02/2026;016;22299;6191114659735;L;695;25H;;1,00;
14/02/2026;016;22304;6191114660472;XXL;MCO;25H;;1,00;
14/02/2026;016;22306;6191114669093;XXL;995;25H;;1,00;
14/02/2026;016;22307;6191114669994;L;M940;25H;;1,00;
14/02/2026;016;22311;6191114658103;XL;I995;25H;;1,00;
14/02/2026;016;22324;6191114659650;M;995;25H;;1,00;
14/02/2026;016;22346;6191114668522;S;I815;25H;;1,00;
14/02/2026;016;22346;6191114668539;M;I815;25H;;1,00;
14/02/2026;016;22414;6191114672789;L/XL;770;26E;;1,00;
14/02/2026;016;70205;6191114612259;S;385;25H;;1,00;
14/02/2026;016;70214;6191114623781;XL;195;25H;;1,00;
14/02/2026;016;70231;6191114658677;M;C000;25H;;1,00;
14/02/2026;016;91272;6194444115667;TU;815;22H;;1,00;
14/02/2026;016;91273;6194444115674;TU;815;22H;;4,00;
14/02/2026;016;91509;6191114625327;39;815;25H;;1,00;
14/02/2026;016;91510;6191114625464;38;995;25H;;1,00;
14/02/2026;016;91526;6191114640030;40;995;25H;;1,00;
14/02/2026;019;21705;6191114567092;XXL;995;25E;;1,00;
14/02/2026;019;22024;6191114653313;L;815;25H;;1,00;
14/02/2026;019;22031;6191114610811;L;695;25H;;1,00;
14/02/2026;019;22031;6191114610828;XL;995;25H;;1,00;
14/02/2026;019;22087;6191114619715;3XL;385;25H;;1,00;
14/02/2026;019;22125;6191114646964;XL;E385;25H;;1,00;
14/02/2026;019;22146;6191114630017;XL;995;25H;;1,00;
14/02/2026;019;22182;6191114629417;XL;784;25H;;1,00;
14/02/2026;019;22244;6191114647954;L;995;25H;;1,00;
14/02/2026;019;22291;6191114655447;XL;995;25H;;1,00;
14/02/2026;019;22294;6191114656123;XL;950;25H;;1,00;
14/02/2026;019;22330;6191114660120;3XL;220;25H;;1,00;
14/02/2026;019;55811;6191114644625;XL;R784;25H;;1,00;
14/02/2026;019;55816;6191114648487;XL;R990;25H;;1,00;
14/02/2026;019;70210;6191114619203;XL;R385;25H;;1,00;
14/02/2026;019;70211;6191114621947;4XL;870;25H;;1,00;
14/02/2026;019;70214;6191114623804;XXL;195;25H;;1,00;
14/02/2026;019;70220;6191114631250;4XL;870;25H;;1,00;
14/02/2026;019;70226;6191114652125;4XL;I995;25H;;1,00;
14/02/2026;019;91510;6191114625501;40;995;25H;;1,00;
14/02/2026;021;21093;6191114454699;3;724;24E;;1,00;
14/02/2026;021;21355;6191114503465;3XL;000;24H;;1,00;
14/02/2026;021;21355;6191114503472;3XL;995;24H;;1,00;
14/02/2026;021;21355;6191114503489;3XL;200;24H;;1,00;
14/02/2026;021;21357;6191114503649;XL;995;24H;;1,00;
14/02/2026;021;21383;6191114508767;2XL/3;870;24H;;1,00;
14/02/2026;021;21705;6191114567092;XXL;995;25E;;1,00;
14/02/2026;021;21826;6191114582774;S;200;25E;;2,00;
14/02/2026;021;21826;6191114582804;M;200;25E;;1,00;
14/02/2026;021;21832;6191114583726;XL;000;25E;;1,00;
14/02/2026;021;21833;6191114583887;L;200;25E;;1,00;
14/02/2026;021;22003;6191114606296;XXL;R724;25H;;1,00;
14/02/2026;021;22024;6191114653269;XL;870;25H;;1,00;
14/02/2026;021;22025;6191114610118;XL;010;25H;;1,00;
14/02/2026;021;22027;6191114653078;XXL;870;25H;;1,00;
14/02/2026;021;22031;6191114610781;M;995;25H;;1,00;
14/02/2026;021;22033;6191114611009;S;815;25H;;1,00;
14/02/2026;021;22056;6191114617681;L;310;25H;;1,00;
14/02/2026;021;22061;6191114618169;L;R385;25H;;1,00;
14/02/2026;021;22061;6191114618206;XXL;R385;25H;;1,00;
14/02/2026;021;22061;6191114618220;3XL;R385;25H;;1,00;
14/02/2026;021;22064;6191114618688;M;175;25H;;1,00;
14/02/2026;021;22065;6191114618916;S;820;25H;;1,00;
14/02/2026;021;22066;6191114615625;XL;875;25H;;1,00;
14/02/2026;021;22085;6191114619449;XXL;740;25H;;1,00;
14/02/2026;021;22097;6191114620704;S;995;25H;;1,00;
14/02/2026;021;22102;6191114621091;L;995;25H;;1,00;
14/02/2026;021;22103;6191114621176;XXL;995;25H;;1,00;
14/02/2026;021;22114;6191114645899;3XL;815;25H;;1,00;
14/02/2026;021;22114;6191114645905;3XL;020;25H;;1,00;
14/02/2026;021;22117;6191114648999;L;940;25H;;1,00;
14/02/2026;021;22174;6191114628762;XXL;990;25H;;1,00;
14/02/2026;021;22187;6191114644700;L/XL;200;25H;;2,00;
14/02/2026;021;22190;6191114627864;3XL;995;25H;;1,00;
14/02/2026;021;22194;6191114628212;XL;I385;25H;;1,00;
14/02/2026;021;22197;6191114630093;XXL;815;25H;;1,00;
14/02/2026;021;22199;6191114631113;XXL;995;25H;;1,00;
14/02/2026;021;22201;6191114630451;XXL;995;25H;;1,00;
14/02/2026;021;22207;6191114640436;L;995;25H;;1,00;
14/02/2026;021;22237;6191114644823;XL;I815;25H;;1,00;
14/02/2026;021;22239;6191114644991;L;784;25H;;1,00;
14/02/2026;021;22257;6191114650619;XXL;I195;25H;;1,00;
14/02/2026;021;22259;6191114650893;S;010;25H;;1,00;
14/02/2026;021;22261;6191114651319;3XL;385;25H;;1,00;
14/02/2026;021;22261;6191114651326;3XL;490;25H;;1,00;
14/02/2026;021;22262;6191114651449;3XL;490;25H;;1,00;
14/02/2026;021;22276;6191114655744;S;385;25H;;1,00;
14/02/2026;021;22276;6191114655843;3XL;385;25H;;1,00;
14/02/2026;021;22277;6191114653467;XXL;784;25H;;1,00;
14/02/2026;021;22288;6191114654679;XL;995;25H;;1,00;
14/02/2026;021;22303;6191114657434;3XL;870;25H;;1,00;
14/02/2026;021;22316;6191114658516;L;476;25H;;2,00;
14/02/2026;021;22318;6191114659063;3XL;C000;25H;;1,00;
14/02/2026;021;22323;6191114659605;L;995;25H;;1,00;
14/02/2026;021;22324;6191114659681;XXL;995;25H;;1,00;
14/02/2026;021;22325;6191114659971;XL;995;25H;;1,00;
14/02/2026;021;22330;6191114660090;XXL;724;25H;;1,00;
14/02/2026;021;22330;6191114660106;XXL;220;25H;;2,00;
14/02/2026;021;70203;6191114608276;L;R995;25H;;1,00;
14/02/2026;021;70217;6191114649392;XL;I385;25H;;-1,00;
14/02/2026;021;70217;6191114649408;XXL;I385;25H;;1,00;
14/02/2026;021;70224;6191114641822;XL;694;25H;;1,00;
14/02/2026;021;70231;6191114658721;XL;C995;25H;;1,00;
14/02/2026;021;70232;6191114658813;L;995;25H;;1,00;
14/02/2026;021;70233;6191114658899;XL;995;25H;;1,00;
14/02/2026;021;91530;6191114648555;TU;010;25H;;1,00;
14/02/2026;021;91541;6191114671287;40;205;26E;;1,00;
14/02/2026;024;20235;6191114253810;36;205;23H;;1,00;
14/02/2026;024;20324;6191114273924;XXL;350;23H;;1,00;
14/02/2026;024;20621;6191114334724;36;920;24E;;1,00;
14/02/2026;024;21073;6191114448582;XXL;I815;24H;;1,00;
14/02/2026;024;21106;6191114451971;S;995;24H;;1,00;
14/02/2026;024;21138;6191114463448;S;995;24H;;1,00;
14/02/2026;024;21182;6191114482791;XS;915;24H;;1,00;
14/02/2026;024;21189;6191114471252;L;I350;24H;;1,00;
14/02/2026;024;21212;6191114476363;S;490;24H;;1,00;
14/02/2026;024;21249;6191114481800;M;995;24H;;1,00;
14/02/2026;024;21287;6191114503243;L;790;24H;;1,00;
14/02/2026;024;21287;6191114503267;XL;790;24H;;1,00;
14/02/2026;024;21308;6191114492707;L;995;24H;;1,00;
14/02/2026;024;21308;6191114504547;5XL;995;24H;;1,00;
14/02/2026;024;21351;6191114502055;L/XL;200;24H;;1,00;
14/02/2026;024;21355;6191114503397;L;200;24H;;1,00;
14/02/2026;024;21380;6191114508354;S;995;24H;;1,00;
14/02/2026;024;21423;6191114514607;M;995;24H;;1,00;
14/02/2026;024;22005;6191114606623;L;995;25H;;1,00;
14/02/2026;024;22012;6191114607514;M;010;25H;;1,00;
14/02/2026;024;22049;6191114612174;3XL;815;25H;;1,00;
14/02/2026;024;22053;6191114617315;L;995;25H;;1,00;
14/02/2026;024;22056;6191114617759;3XL;000;25H;;1,00;
14/02/2026;024;22060;6191114618091;XXL;310;25H;;1,00;
14/02/2026;024;22061;6191114618183;XL;R385;25H;;1,00;
14/02/2026;024;22063;6191114618497;S;995;25H;;1,00;
14/02/2026;024;22064;6191114618763;XL;010;25H;;1,00;
14/02/2026;024;22071;6191114616127;L;195;25H;;1,00;
14/02/2026;024;22072;6191114616219;L;476;25H;;1,00;
14/02/2026;024;22083;6191114619029;S;350;25H;;1,00;
14/02/2026;024;22088;6191114619869;4XL;995;25H;;1,00;
14/02/2026;024;22113;6191114645707;L;820;25H;;1,00;
14/02/2026;024;22114;6191114645813;M;815;25H;;1,00;
14/02/2026;024;22120;6191114646490;L;995;25H;;1,00;
14/02/2026;024;22123;6191114646711;M;995;25H;;1,00;
14/02/2026;024;22123;6191114646742;L;695;25H;;1,00;
14/02/2026;024;22124;6191114646872;XL;645;25H;;1,00;
14/02/2026;024;22126;6191114646995;S;E385;25H;;1,00;
14/02/2026;024;22126;6191114647008;M;E385;25H;;-1,00;
14/02/2026;024;22126;6191114649316;M;760;25H;;1,00;
14/02/2026;024;22127;6191114647053;XS;995;25H;;1,00;
14/02/2026;024;22147;6191114625105;XXL;000;25H;;1,00;
14/02/2026;024;22162;6191114647206;M;995;25H;;1,00;
14/02/2026;024;22164;6191114649460;L;995;25H;;1,00;
14/02/2026;024;22175;6191114628830;3XL;990;25H;;1,00;
14/02/2026;024;22184;6191114629677;3XL;995;25H;;1,00;
14/02/2026;024;22187;6191114644694;L/XL;995;25H;;1,00;
14/02/2026;024;22190;6191114627840;XL;995;25H;;1,00;
14/02/2026;024;22199;6191114631106;XL;995;25H;;1,00;
14/02/2026;024;22202;6191114630482;S;995;25H;;1,00;
14/02/2026;024;22202;6191114630550;XL;790;25H;;1,00;
14/02/2026;024;22207;6191114640412;M;880;25H;;1,00;
14/02/2026;024;22216;6191114642669;S;I385;25H;;1,00;
14/02/2026;024;22217;6191114642850;XL;000;25H;;1,00;
14/02/2026;024;22230;6191114644120;XL;790;25H;;1,00;
14/02/2026;024;22233;6191114645103;3XL;000;25H;;1,00;
14/02/2026;024;22244;6191114648043;3XL;995;25H;;1,00;
14/02/2026;024;22247;6191114648678;M;R310;25H;;1,00;
14/02/2026;024;22247;6191114648708;L;R310;25H;;1,00;
14/02/2026;024;22247;6191114648746;XL;R270;25H;;1,00;
14/02/2026;024;22252;6191114650107;S;995;25H;;1,00;
14/02/2026;024;22253;6191114650220;S;995;25H;;1,00;
14/02/2026;024;22253;6191114650251;XL;995;25H;;1,00;
14/02/2026;024;22257;6191114650497;S;I195;25H;;1,00;
14/02/2026;024;22261;6191114651258;L;385;25H;;1,00;
14/02/2026;024;22261;6191114651302;XXL;490;25H;;1,00;
14/02/2026;024;22262;6191114651432;3XL;385;25H;;1,00;
14/02/2026;024;22263;6191114651456;XS;870;25H;;1,00;
14/02/2026;024;22263;6191114651555;L;995;25H;;1,00;
14/02/2026;024;22268;6191114649736;S;870;25H;;1,00;
14/02/2026;024;22275;6191114652972;XL;385;25H;;1,00;
14/02/2026;024;22276;6191114655782;L;385;25H;;1,00;
14/02/2026;024;22276;6191114655799;L;995;25H;;1,00;
14/02/2026;024;22276;6191114655805;XL;385;25H;;1,00;
14/02/2026;024;22281;6191114653986;L;995;25H;;1,00;
14/02/2026;024;22285;6191114654327;S;995;25H;;1,00;
14/02/2026;024;22287;6191114654532;M;815;25H;;1,00;
14/02/2026;024;22288;6191114654655;M;995;25H;;1,00;
14/02/2026;024;22289;6191114655270;XL;476;25H;;1,00;
14/02/2026;024;22290;6191114657922;S;R385;25H;;1,00;
14/02/2026;024;22291;6191114655416;M;495;25H;;1,00;
14/02/2026;024;22292;6191114655683;XL;870;25H;;1,00;
14/02/2026;024;22302;6191114657243;L;245;25H;;1,00;
14/02/2026;024;22304;6191114660458;L;MCO;25H;;1,00;
14/02/2026;024;22306;6191114669109;3XL;995;25H;;1,00;
14/02/2026;024;22307;6191114670068;3XL;M815;25H;;1,00;
14/02/2026;024;22310;6191114658035;S;995;25H;;1,00;
14/02/2026;024;22311;6191114658103;XL;I995;25H;;1,00;
14/02/2026;024;22320;6191114659186;XL;870;25H;;1,00;
14/02/2026;024;22331;6191114660274;XL;995;25H;;2,00;
14/02/2026;024;22331;6191114660359;3XL;995;25H;;1,00;
14/02/2026;024;22340;6191114661202;XXL;MCO;25H;;1,00;
14/02/2026;024;22342;6191114661295;L;I995;25H;;1,00;
14/02/2026;024;22349;6191114668706;M;I815;25H;;1,00;
14/02/2026;024;22351;6191114668829;M;I815;25H;;1,00;
14/02/2026;024;22413;6191114672703;S/M;205;26E;;1,00;
14/02/2026;024;55709;6191114507234;3XL;805;24H;;1,00;
14/02/2026;024;55715;6191114526303;XL;385;24H;;1,00;
14/02/2026;024;55723;6191114526747;L;995;24H;;1,00;
14/02/2026;024;55808;6191114641228;L;995;25H;;1,00;
14/02/2026;024;55817;6191114654785;L;790;25H;;2,00;
14/02/2026;024;55817;6191114654815;XL;790;25H;;1,00;
14/02/2026;024;55818;6191114655096;XXL;995;25H;;1,00;
14/02/2026;024;55818;6191114658318;L;535;25H;;1,00;
14/02/2026;024;70205;6191114612310;XL;385;25H;;1,00;
14/02/2026;024;70206;6191114612457;XXL;870;25H;;1,00;
14/02/2026;024;70210;6191114619234;XXL;R350;25H;;1,00;
14/02/2026;024;70213;6191114623705;XL;P385;25H;;1,00;
14/02/2026;024;70222;6191114631014;3XL;476;25H;;1,00;
14/02/2026;024;70223;6191114631076;3XL;476;25H;;1,00;
14/02/2026;024;70226;6191114652071;XXL;I880;25H;;1,00;
14/02/2026;024;70229;6191114657779;L;476;25H;;1,00;
14/02/2026;024;70230;6191114658219;XL;I995;25H;;1,00;
14/02/2026;024;70231;6191114658653;S;C000;25H;;1,00;
14/02/2026;024;70231;6191114658677;M;C000;25H;;1,00;
14/02/2026;024;70232;6191114658790;S;995;25H;;1,00;
14/02/2026;024;70235;6191114660786;S;995;25H;;1,00;
14/02/2026;024;91272;6194444115667;TU;815;22H;;1,00;
14/02/2026;024;91273;6194444115674;TU;815;22H;;1,00;
14/02/2026;024;91525;6191114627567;TU;MCO;25H;;1,00;
14/02/2026;029;20836;6191114396753;2XL/3;385;24E;;1,00;
14/02/2026;029;21073;6191114448445;XS;740;24H;;1,00;
14/02/2026;029;21347;6191114501447;S;385;24H;;1,00;
14/02/2026;029;21552;6191114543614;41;995;25E;;1,00;
14/02/2026;029;22004;6191114606418;L;R995;25H;;1,00;
14/02/2026;029;22023;6191114609914;3XL;R010;25H;;1,00;
14/02/2026;029;22025;6191114610149;3XL;995;25H;;1,00;
14/02/2026;029;22027;6191114610361;XXL;645;25H;;1,00;
14/02/2026;029;22036;6191114611184;XL;R995;25H;;1,00;
14/02/2026;029;22037;6191114611337;XXL;010;25H;;1,00;
14/02/2026;029;22044;6191114609112;XL;995;25H;;1,00;
14/02/2026;029;22064;6191114618831;XXL;175;25H;;1,00;
14/02/2026;029;22072;6191114616226;XL;476;25H;;1,00;
14/02/2026;029;22089;6191114619913;L;385;25H;;1,00;
14/02/2026;029;22095;6191114620506;S;R350;25H;;1,00;
14/02/2026;029;22097;6191114620742;L;995;25H;;1,00;
14/02/2026;029;22128;6191114623071;XXL;870;25H;;1,00;
14/02/2026;029;22129;6191114623156;L;385;25H;;1,00;
14/02/2026;029;22129;6191114623163;L;995;25H;;1,00;
14/02/2026;029;22152;6191114625761;L;995;25H;;1,00;
14/02/2026;029;22206;6191114630888;L;995;25H;;1,00;
14/02/2026;029;22215;6191114642447;S;210;25H;;1,00;
14/02/2026;029;22222;6191114643413;XL;995;25H;;1,00;
14/02/2026;029;22239;6191114644991;L;784;25H;;1,00;
14/02/2026;029;22278;6191114653481;M;995;25H;;1,00;
14/02/2026;029;22286;6191114654464;XL;995;25H;;1,00;
14/02/2026;029;22287;6191114654570;XL;815;25H;;1,00;
14/02/2026;029;22288;6191114654679;XL;995;25H;;1,00;
14/02/2026;029;22297;6191114656703;XXL;215;25H;;1,00;
14/02/2026;029;22301;6191114657106;M;215;25H;;1,00;
14/02/2026;029;22331;6191114660137;S;815;25H;;1,00;
14/02/2026;029;22331;6191114660151;S;995;25H;;1,00;
14/02/2026;029;22331;6191114660250;XL;815;25H;;1,00;
14/02/2026;029;22331;6191114660274;XL;995;25H;;1,00;
14/02/2026;029;22331;6191114660373;S;495;25H;;1,00;
14/02/2026;029;70202;6191114608139;M;995;25H;;1,00;
14/02/2026;029;70207;6191114612518;M;R385;25H;;1,00;
14/02/2026;029;70217;6191114647336;XXL;E385;25H;;1,00;
14/02/2026;029;70217;6191114649408;XXL;I385;25H;;1,00;
14/02/2026;029;70220;6191114631168;M;695;25H;;1,00;
14/02/2026;029;70226;6191114652002;L;I995;25H;;1,00;
14/02/2026;029;70231;6191114658714;XL;C000;25H;;1,00;
14/02/2026;029;91501;6191114626294;TU;385;25H;;1,00;
14/02/2026;030;21255;6191114483163;XXL;535;24H;;1,00;
14/02/2026;030;21922;6191114601833;3XL;000;25E;;1,00;
14/02/2026;030;21922;6191114602014;XL;805;25E;;1,00;
14/02/2026;030;22006;6191114606920;XXL;815;25H;;1,00;
14/02/2026;030;22013;6191114607668;XL;870;25H;;1,00;
14/02/2026;030;22013;6191114607705;3XL;870;25H;;1,00;
14/02/2026;030;22019;6191114609457;XL;995;25H;;1,00;
14/02/2026;030;22024;6191114653276;XXL;870;25H;;1,00;
14/02/2026;030;22032;6191114610972;XXL;940;25H;;-1,00;
14/02/2026;030;22033;6191114611023;M;815;25H;;1,00;
14/02/2026;030;22033;6191114611078;XL;695;25H;;1,00;
14/02/2026;030;22036;6191114611177;L;R010;25H;;1,00;
14/02/2026;030;22036;6191114611214;XXL;R010;25H;;1,00;
14/02/2026;030;22042;6191114609068;3XL;385;25H;;1,00;
14/02/2026;030;22048;6191114612013;XL;995;25H;;1,00;
14/02/2026;030;22052;6191114617193;L;385;25H;;1,00;
14/02/2026;030;22052;6191114617216;XL;385;25H;;1,00;
14/02/2026;030;22053;6191114617315;L;995;25H;;1,00;
14/02/2026;030;22058;6191114617988;3XL;995;25H;;1,00;
14/02/2026;030;22070;6191114616059;3XL;385;25H;;1,00;
14/02/2026;030;22080;6191114617018;XL;476;25H;;1,00;
14/02/2026;030;22088;6191114619821;XXL;995;25H;;1,00;
14/02/2026;030;22088;6191114619852;4XL;385;25H;;1,00;
14/02/2026;030;22090;6191114620124;3XL;995;25H;;1,00;
14/02/2026;030;22095;6191114620513;M;R350;25H;;1,00;
14/02/2026;030;22117;6191114649019;XXL;940;25H;;1,00;
14/02/2026;030;22127;6191114649088;XXL;770;25H;;1,00;
14/02/2026;030;22130;6191114623569;L;195;25H;;1,00;
14/02/2026;030;22130;6191114623606;XXL;195;25H;;1,00;
14/02/2026;030;22133;6191114623972;M;645;25H;;1,00;
14/02/2026;030;22138;6191114624252;M;995;25H;;1,00;
14/02/2026;030;22145;6191114629974;3XL;995;25H;;1,00;
14/02/2026;030;22153;6191114625808;M;995;25H;;1,00;
14/02/2026;030;22163;6191114659865;XXL;C490;25H;;1,00;
14/02/2026;030;22164;6191114649460;L;995;25H;;1,00;
14/02/2026;030;22182;6191114629363;L;870;25H;;1,00;
14/02/2026;030;22184;6191114629653;XL;995;25H;;1,00;
14/02/2026;030;22194;6191114628175;L;I880;25H;;1,00;
14/02/2026;030;22198;6191114630192;XL;695;25H;;1,00;
14/02/2026;030;22200;6191114630260;M;010;25H;;1,00;
14/02/2026;030;22206;6191114630918;XL;195;25H;;1,00;
14/02/2026;030;22206;6191114630949;3XL;995;25H;;1,00;
14/02/2026;030;22209;6191114640733;XL;815;25H;;1,00;
14/02/2026;030;22212;6191114641594;XXL;235;25H;;1,00;
14/02/2026;030;22216;6191114642768;XXL;I255;25H;;1,00;
14/02/2026;030;22217;6191114642812;M;000;25H;;1,00;
14/02/2026;030;22239;6191114645066;3XL;815;25H;;1,00;
14/02/2026;030;22243;6191114647787;L;215;25H;;1,00;
14/02/2026;030;22243;6191114647800;XL;995;25H;;1,00;
14/02/2026;030;22244;6191114647947;M;695;25H;;1,00;
14/02/2026;030;22244;6191114647978;L;695;25H;;1,00;
14/02/2026;030;22244;6191114648012;XXL;995;25H;;1,00;
14/02/2026;030;22244;6191114648050;3XL;215;25H;;1,00;
14/02/2026;030;22248;6191114649101;XS;995;25H;;1,00;
14/02/2026;030;22253;6191114650244;L;995;25H;;1,00;
14/02/2026;030;22253;6191114669260;XL;255;25H;;1,00;
14/02/2026;030;22254;6191114650336;3XL;995;25H;;1,00;
14/02/2026;030;22258;6191114650718;M;385;25H;;1,00;
14/02/2026;030;22258;6191114650756;L;195;25H;;1,00;
14/02/2026;030;22263;6191114651555;L;995;25H;;1,00;
14/02/2026;030;22272;6191114652545;M;010;25H;;1,00;
14/02/2026;030;22276;6191114655799;L;995;25H;;1,00;
14/02/2026;030;22279;6191114653641;L;000;25H;;1,00;
14/02/2026;030;22282;6191114654068;XL;I815;25H;;1,00;
14/02/2026;030;22284;6191114654280;3XL;995;25H;;1,00;
14/02/2026;030;22285;6191114654358;L;385;25H;;1,00;
14/02/2026;030;22287;6191114654563;L;995;25H;;1,00;
14/02/2026;030;22289;6191114655249;L;995;25H;;1,00;
14/02/2026;030;22289;6191114655263;XL;995;25H;;1,00;
14/02/2026;030;22292;6191114655621;S;870;25H;;1,00;
14/02/2026;030;22292;6191114655706;XXL;870;25H;;1,00;
14/02/2026;030;22303;6191114657434;3XL;870;25H;;1,00;
14/02/2026;030;22307;6191114669949;M;M815;25H;;1,00;
14/02/2026;030;22307;6191114669970;L;M815;25H;;1,00;
14/02/2026;030;22307;6191114670006;XL;M815;25H;;1,00;
14/02/2026;030;22307;6191114670013;XL;M870;25H;;2,00;
14/02/2026;030;22307;6191114670020;XL;M940;25H;;1,00;
14/02/2026;030;22316;6191114658486;XS;476;25H;;1,00;
14/02/2026;030;22317;6191114658639;XXL;385;25H;;1,00;
14/02/2026;030;22318;6191114659025;XL;C000;25H;;1,00;
14/02/2026;030;22320;6191114659209;XXL;870;25H;;1,00;
14/02/2026;030;22321;6191114659384;4XL;870;25H;;1,00;
14/02/2026;030;22322;6191114659483;L;190;25H;;1,00;
14/02/2026;030;22322;6191114659537;XXL;740;25H;;1,00;
14/02/2026;030;22322;6191114659544;XXL;190;25H;;1,00;
14/02/2026;030;22331;6191114660199;M;995;25H;;1,00;
14/02/2026;030;22331;6191114660427;3XL;495;25H;;1,00;
14/02/2026;030;22341;6191114661240;L;R950;25H;;1,00;
14/02/2026;030;22414;6191114672802;2XL/3;770;26E;;1,00;
14/02/2026;030;22452;6191114676930;L/XL;995;26E;;1,00;
14/02/2026;030;55813;6191114645325;3XL;310;25H;;1,00;
14/02/2026;030;55815;6191114645547;M;385;25H;;1,00;
14/02/2026;030;55816;6191114648487;XL;R990;25H;;1,00;
14/02/2026;030;55818;6191114658349;3XL;535;25H;;1,00;
14/02/2026;030;70209;6191114612730;S;R170;25H;;1,00;
14/02/2026;030;70214;6191114623798;XXL;995;25H;;1,00;
14/02/2026;030;70226;6191114652026;L;I815;25H;;2,00;
14/02/2026;030;70226;6191114652057;XL;I815;25H;;1,00;
14/02/2026;030;70227;6191114652224;XL;I875;25H;;1,00;
14/02/2026;030;70227;6191114652286;4XL;I875;25H;;1,00;
14/02/2026;030;70231;6191114658707;L;C995;25H;;1,00;
14/02/2026;030;91501;6191114626300;TU;195;25H;;1,00;
14/02/2026;030;91504;6191114626348;TU;695;25H;;1,00;
14/02/2026;030;91505;6191114657328;TU;385;25H;;1,00;
14/02/2026;030;91509;6191114625389;41;815;25H;;1,00;
14/02/2026;031;21131;6191114462700;XL;010;24H;;1,00;
14/02/2026;031;21189;6191114471245;L;I625;24H;;1,00;
14/02/2026;031;21190;6191114471368;L;I625;24H;;1,00;
14/02/2026;031;22024;6191114653320;XL;815;25H;;2,00;
14/02/2026;031;22032;6191114610941;XL;995;25H;;1,00;
14/02/2026;031;22033;6191114611092;XXL;695;25H;;1,00;
14/02/2026;031;22061;6191114618176;L;R350;25H;;1,00;
14/02/2026;031;22064;6191114618626;S;695;25H;;1,00;
14/02/2026;031;22105;6191114621190;S;000;25H;;1,00;
14/02/2026;031;22108;6191114622142;M;870;25H;;1,00;
14/02/2026;031;22133;6191114625181;M;995;25H;;1,00;
14/02/2026;031;22163;6191114659858;XXL;C790;25H;;1,00;
14/02/2026;031;22183;6191114629523;L;385;25H;;1,00;
14/02/2026;031;22183;6191114629554;XL;995;25H;;1,00;
14/02/2026;031;22201;6191114630451;XXL;995;25H;;1,00;
14/02/2026;031;22216;6191114642645;XXL;I880;25H;;1,00;
14/02/2026;031;22239;6191114644991;L;784;25H;;1,00;
14/02/2026;031;22253;6191114650275;3XL;995;25H;;1,00;
14/02/2026;031;22261;6191114651234;M;385;25H;;1,00;
14/02/2026;031;22262;6191114651388;L;490;25H;;1,00;
14/02/2026;031;22296;6191114656543;XL;215;25H;;1,00;
14/02/2026;031;22297;6191114656628;S;215;25H;;-1,00;
14/02/2026;031;22302;6191114657243;L;245;25H;;1,00;
14/02/2026;031;22303;6191114657410;XXL;870;25H;;1,00;
14/02/2026;031;22307;6191114670037;XXL;M815;25H;;1,00;
14/02/2026;031;22317;6191114658622;XL;195;25H;;1,00;
14/02/2026;031;22328;6191114661417;XL;995;25H;;1,00;
14/02/2026;031;22390;6191114673496;TU;920;26E;;1,00;
14/02/2026;031;22413;6191114672741;2XL/3;205;26E;;1,00;
14/02/2026;031;70201;6191114608009;S;R385;25H;;1,00;
14/02/2026;031;70211;6191114621893;M;870;25H;;1,00;
14/02/2026;031;70231;6191114658714;XL;C000;25H;;1,00;
14/02/2026;031;70234;6191114660762;L;010;25H;;1,00;
14/02/2026;031;91272;6194444115667;TU;815;22H;;4,00;
14/02/2026;031;91343;6191114512375;TU;820;24H;;1,00;
14/02/2026;031;91504;6191114626348;TU;695;25H;;1,00;
14/02/2026;031;91510;6191114625457;38;815;25H;;1,00;
14/02/2026;032;21351;6191114502055;L/XL;200;24H;;2,00;
14/02/2026;032;21352;6191114502079;L/XL;200;24H;;1,00;
14/02/2026;032;21358;6191114503700;XL;995;24H;;2,00;
14/02/2026;032;21360;6191114503809;M;MCO;24H;;1,00;
14/02/2026;032;22017;6191114609198;L;010;25H;;1,00;
14/02/2026;032;22019;6191114609402;M;815;25H;;1,00;
14/02/2026;032;22020;6191114609587;XXL;695;25H;;1,00;
14/02/2026;032;22045;6191114611726;XL;995;25H;;1,00;
14/02/2026;032;22061;6191114618213;XXL;R350;25H;;1,00;
14/02/2026;032;22070;6191114615960;S;995;25H;;1,00;
14/02/2026;032;22080;6191114617001;XL;380;25H;;1,00;
14/02/2026;032;22113;6191114645745;XL;990;25H;;1,00;
14/02/2026;032;22128;6191114623071;XXL;870;25H;;1,00;
14/02/2026;032;22186;6191114627802;3XL;784;25H;;1,00;
14/02/2026;032;22194;6191114628199;L;I255;25H;;1,00;
14/02/2026;032;22195;6191114628588;XL;210;25H;;1,00;
14/02/2026;032;22239;6191114644946;M;815;25H;;1,00;
14/02/2026;032;22247;6191114648685;M;R270;25H;;1,00;
14/02/2026;032;22257;6191114650633;3XL;I740;25H;;1,00;
14/02/2026;032;22258;6191114650800;XXL;385;25H;;1,00;
14/02/2026;032;22274;6191114652873;L;995;25H;;1,00;
14/02/2026;032;22284;6191114654235;XL;385;25H;;1,00;
14/02/2026;032;22295;6191114656253;XL;695;25H;;1,00;
14/02/2026;032;22325;6191114659957;L;995;25H;;1,00;
14/02/2026;032;55808;6191114641235;L;975;25H;;1,00;
14/02/2026;032;55808;6191114641297;XXL;975;25H;;1,00;
14/02/2026;032;70210;6191114619203;XL;R385;25H;;1,00;
14/02/2026;032;70224;6191114641785;M;694;25H;;1,00;
14/02/2026;033;22006;6191114606883;XL;815;25H;;1,00;
14/02/2026;033;22052;6191114617193;L;385;25H;;1,00;
14/02/2026;033;22114;6191114645851;XL;815;25H;;1,00;
14/02/2026;033;22148;6191114625570;XXL;995;25H;;1,00;
14/02/2026;033;22159;6191114626058;M;880;25H;;1,00;
14/02/2026;033;22163;6191114659865;XXL;C490;25H;;1,00;
14/02/2026;033;22248;6191114649125;S;995;25H;;1,00;
14/02/2026;033;70241;6191114672659;XXL;870;26E;;1,00;
14/02/2026;033;91273;6194444115674;TU;815;22H;;1,00;
15/02/2026;002;21131;6191114462700;XL;010;24H;;1,00;
15/02/2026;002;21182;6191114469532;XXL;915;24H;;1,00;
15/02/2026;002;21290;6191114485693;S;895;24H;;1,00;
15/02/2026;002;22003;6191114606319;3XL;R000;25H;;1,00;
15/02/2026;002;22004;6191114606494;3XL;R000;25H;;1,00;
15/02/2026;002;22019;6191114609419;M;995;25H;;1,00;
15/02/2026;002;22021;6191114609662;XXL;385;25H;;1,00;
15/02/2026;002;22024;6191114653276;XXL;870;25H;;1,00;
15/02/2026;002;22024;6191114653290;S;815;25H;;1,00;
15/02/2026;002;22026;6191114610262;3XL;815;25H;;1,00;
15/02/2026;002;22052;6191114617223;XL;995;25H;;1,00;
15/02/2026;002;22089;6191114619913;L;385;25H;;1,00;
15/02/2026;002;22089;6191114619920;L;995;25H;;1,00;
15/02/2026;002;22128;6191114623019;L;870;25H;;1,00;
15/02/2026;002;22164;6191114649446;M;995;25H;;1,00;
15/02/2026;002;22173;6191114628687;L;995;25H;;1,00;
15/02/2026;002;22182;6191114629400;XL;995;25H;;-1,00;
15/02/2026;002;22182;6191114629417;XL;784;25H;;-1,00;
15/02/2026;002;22190;6191114627840;XL;995;25H;;1,00;
15/02/2026;002;22202;6191114630574;XXL;790;25H;;1,00;
15/02/2026;002;22233;6191114645097;3XL;815;25H;;1,00;
15/02/2026;002;22258;6191114650763;L;740;25H;;1,00;
15/02/2026;002;22258;6191114650787;XL;195;25H;;1,00;
15/02/2026;002;22261;6191114651272;XL;385;25H;;1,00;
15/02/2026;002;22273;6191114652743;L;695;25H;;1,00;
15/02/2026;002;22277;6191114653351;XS;815;25H;;1,00;
15/02/2026;002;22278;6191114653498;L;995;25H;;1,00;
15/02/2026;002;22282;6191114654075;XXL;I815;25H;;1,00;
15/02/2026;002;22284;6191114654259;XXL;385;25H;;-1,00;
15/02/2026;002;22285;6191114654372;XL;385;25H;;-1,00;
15/02/2026;002;22286;6191114654464;XL;995;25H;;1,00;
15/02/2026;002;22306;6191114669109;3XL;995;25H;;1,00;
15/02/2026;002;22307;6191114669970;L;M815;25H;;1,00;
15/02/2026;002;22307;6191114670013;XL;M870;25H;;2,00;
15/02/2026;002;22307;6191114670020;XL;M940;25H;;-1,00;
15/02/2026;002;22333;6191114660656;L;990;25H;;1,00;
15/02/2026;002;55820;6191114657816;S;R995;25H;;1,00;
15/02/2026;002;70203;6191114608313;XXL;R995;25H;;1,00;
15/02/2026;002;70207;6191114612525;M;R695;25H;;1,00;
15/02/2026;002;70210;6191114619203;XL;R385;25H;;1,00;
15/02/2026;002;70211;6191114621886;S;870;25H;;1,00;
15/02/2026;002;70226;6191114652002;L;I995;25H;;1,00;
15/02/2026;002;70231;6191114658721;XL;C995;25H;;-1,00;
15/02/2026;002;91504;6191114626355;TU;784;25H;;1,00;
15/02/2026;002;91513;6191114627444;TU;MCO;25H;;1,00;
15/02/2026;002;91525;6191114627567;TU;MCO;25H;;1,00;
15/02/2026;002;91526;6191114640030;40;995;25H;;1,00;
15/02/2026;005;22013;6191114607712;3XL;995;25H;;1,00;
15/02/2026;005;22033;6191114611078;XL;695;25H;;1,00;
15/02/2026;005;22033;6191114611085;XXL;815;25H;;1,00;
15/02/2026;005;22060;6191114618039;M;310;25H;;1,00;
15/02/2026;005;22131;6191114623651;XXL;995;25H;;1,00;
15/02/2026;005;22177;6191114628939;XXL;215;25H;;1,00;
15/02/2026;005;22258;6191114650848;3XL;195;25H;;1,00;
15/02/2026;005;55809;6191114642126;XL;010;25H;;1,00;
15/02/2026;009;22019;6191114609471;XXL;995;25H;;1,00;
15/02/2026;009;22024;6191114653283;3XL;870;25H;;1,00;
15/02/2026;009;22091;6191114620186;L;995;25H;;1,00;
15/02/2026;009;22163;6191114659834;L;C490;25H;;1,00;
15/02/2026;009;22287;6191114654556;L;815;25H;;1,00;
15/02/2026;009;22307;6191114670020;XL;M940;25H;;1,00;
15/02/2026;009;22322;6191114659445;M;740;25H;;1,00;
15/02/2026;009;55813;6191114645226;L;385;25H;;1,00;
15/02/2026;009;55816;6191114648425;M;R990;25H;;1,00;
15/02/2026;009;55818;6191114655041;XL;995;25H;;1,00;
15/02/2026;009;55818;6191114655058;XL;824;25H;;1,00;
15/02/2026;009;70202;6191114608146;M;010;25H;;1,00;
15/02/2026;009;70227;6191114652200;L;I875;25H;;-1,00;
15/02/2026;011;20832;6191114396357;L/XL;995;24E;;1,00;
15/02/2026;011;21380;6191114508354;S;995;24H;;1,00;
15/02/2026;011;22024;6191114653320;XL;815;25H;;1,00;
15/02/2026;011;22025;6191114610088;L;995;25H;;1,00;
15/02/2026;011;22033;6191114611030;M;695;25H;;1,00;
15/02/2026;011;22114;6191114645806;S;020;25H;;1,00;
15/02/2026;011;22114;6191114645813;M;815;25H;;1,00;
15/02/2026;011;22162;6191114647282;3XL;995;25H;;1,00;
15/02/2026;011;22164;6191114649422;S;995;25H;;1,00;
15/02/2026;011;22190;6191114627833;L;995;25H;;1,00;
15/02/2026;011;22207;6191114640542;3XL;784;25H;;1,00;
15/02/2026;011;22246;6191114648814;M;995;25H;;1,00;
15/02/2026;011;22328;6191114661431;3XL;995;25H;;1,00;
15/02/2026;011;55808;6191114641266;XL;975;25H;;1,00;
15/02/2026;011;55817;6191114654815;XL;790;25H;;1,00;
15/02/2026;011;70227;6191114652262;3XL;I875;25H;;1,00;
15/02/2026;014;21287;6191114503267;XL;790;24H;;1,00;
15/02/2026;014;21380;6191114508347;XS;875;24H;;1,00;
15/02/2026;014;21381;6191114508521;XL;875;24H;;1,00;
15/02/2026;014;21688;6191114566224;XL;476;25E;;1,00;
15/02/2026;014;21863;6191114589445;XXL;000;25E;;1,00;
15/02/2026;014;22005;6191114606562;M;815;25H;;1,00;
15/02/2026;014;22005;6191114606586;M;995;25H;;1,00;
15/02/2026;014;22005;6191114606708;XXL;995;25H;;1,00;
15/02/2026;014;22025;6191114610088;L;995;25H;;1,00;
15/02/2026;014;22031;6191114610774;S;695;25H;;1,00;
15/02/2026;014;22032;6191114610934;L;940;25H;;1,00;
15/02/2026;014;22040;6191114611542;S;R010;25H;;1,00;
15/02/2026;014;22055;6191114617582;XL;870;25H;;1,00;
15/02/2026;014;22056;6191114617667;M;310;25H;;1,00;
15/02/2026;014;22056;6191114617735;XXL;000;25H;;1,00;
15/02/2026;014;22058;6191114617896;S;000;25H;;1,00;
15/02/2026;014;22058;6191114617919;M;000;25H;;1,00;
15/02/2026;014;22064;6191114618893;3XL;855;25H;;1,00;
15/02/2026;014;22067;6191114615687;L;380;25H;;1,00;
15/02/2026;014;22069;6191114615885;L;784;25H;;1,00;
15/02/2026;014;22088;6191114619777;L;385;25H;;1,00;
15/02/2026;014;22095;6191114620490;XS;R350;25H;;1,00;
15/02/2026;014;22096;6191114620551;S;385;25H;;1,00;
15/02/2026;014;22098;6191114620858;L;995;25H;;1,00;
15/02/2026;014;22098;6191114620872;XXL;995;25H;;1,00;
15/02/2026;014;22116;6191114646100;S;770;25H;;1,00;
15/02/2026;014;22124;6191114646902;XXL;995;25H;;1,00;
15/02/2026;014;22127;6191114649033;XS;770;25H;;1,00;
15/02/2026;014;22137;6191114623392;L;235;25H;;1,00;
15/02/2026;014;22139;6191114624498;XL;940;25H;;1,00;
15/02/2026;014;22148;6191114625563;XL;995;25H;;1,00;
15/02/2026;014;22151;6191114625709;M;995;25H;;1,00;
15/02/2026;014;22162;6191114647220;L;995;25H;;1,00;
15/02/2026;014;22163;6191114659810;M;C490;25H;;1,00;
15/02/2026;014;22182;6191114629356;M;784;25H;;1,00;
15/02/2026;014;22182;6191114629417;XL;784;25H;;1,00;
15/02/2026;014;22195;6191114628588;XL;210;25H;;1,00;
15/02/2026;014;22211;6191114641440;3XL;535;25H;;1,00;
15/02/2026;014;22212;6191114641549;XL;385;25H;;1,00;
15/02/2026;014;22239;6191114644939;S;784;25H;;1,00;
15/02/2026;014;22239;6191114644946;M;815;25H;;-1,00;
15/02/2026;014;22239;6191114645011;XL;995;25H;;1,00;
15/02/2026;014;22240;6191114645158;XXL;010;25H;;1,00;
15/02/2026;014;22249;6191114649255;XXL;010;25H;;1,00;
15/02/2026;014;22250;6191114649637;XL;815;25H;;1,00;
15/02/2026;014;22250;6191114649651;XL;784;25H;;1,00;
15/02/2026;014;22256;6191114650404;S;995;25H;;1,00;
15/02/2026;014;22256;6191114652293;4XL;995;25H;;1,00;
15/02/2026;014;22258;6191114650718;M;385;25H;;1,00;
15/02/2026;014;22258;6191114650749;L;385;25H;;1,00;
15/02/2026;014;22261;6191114651234;M;385;25H;;1,00;
15/02/2026;014;22262;6191114651333;S;385;25H;;1,00;
15/02/2026;014;22262;6191114651357;M;385;25H;;1,00;
15/02/2026;014;22265;6191114651791;XXL;995;25H;;1,00;
15/02/2026;014;22271;6191114652330;S;695;25H;;1,00;
15/02/2026;014;22276;6191114655720;XS;385;25H;;1,00;
15/02/2026;014;22276;6191114655737;XS;995;25H;;1,00;
15/02/2026;014;22277;6191114653375;S;815;25H;;1,00;
15/02/2026;014;22277;6191114653399;M;815;25H;;1,00;
15/02/2026;014;22281;6191114653979;M;995;25H;;1,00;
15/02/2026;014;22291;6191114655409;M;995;25H;;1,00;
15/02/2026;014;22292;6191114655669;L;870;25H;;1,00;
15/02/2026;014;22295;6191114656215;M;695;25H;;1,00;
15/02/2026;014;22300;6191114656802;S;870;25H;;1,00;
15/02/2026;014;22307;6191114669994;L;M940;25H;;1,00;
15/02/2026;014;22330;6191114660083;XL;220;25H;;2,00;
15/02/2026;014;22330;6191114660090;XXL;724;25H;;1,00;
15/02/2026;014;22331;6191114660168;S;390;25H;;1,00;
15/02/2026;014;22331;6191114660212;L;815;25H;;1,00;
15/02/2026;014;22346;6191114668522;S;I815;25H;;1,00;
15/02/2026;014;22409;6191114671034;3XL;995;26E;;1,00;
15/02/2026;014;22414;6191114672802;2XL/3;770;26E;;1,00;
15/02/2026;014;22452;6191114676916;S/M;995;26E;;1,00;
15/02/2026;014;55808;6191114641181;M;385;25H;;1,00;
15/02/2026;014;55808;6191114641211;L;385;25H;;-1,00;
15/02/2026;014;55808;6191114641235;L;975;25H;;1,00;
15/02/2026;014;55808;6191114641266;XL;975;25H;;1,00;
15/02/2026;014;55809;6191114642027;XL;995;25H;;1,00;
15/02/2026;014;55809;6191114642072;M;870;25H;;-1,00;
15/02/2026;014;55809;6191114642096;L;870;25H;;1,00;
15/02/2026;014;55809;6191114642126;XL;010;25H;;1,00;
15/02/2026;014;55816;6191114648395;S;R990;25H;;1,00;
15/02/2026;014;55816;6191114648456;L;R990;25H;;1,00;
15/02/2026;014;70226;6191114652057;XL;I815;25H;;1,00;
15/02/2026;014;70230;6191114658202;L;I995;25H;;1,00;
15/02/2026;014;70233;6191114658899;XL;995;25H;;1,00;
15/02/2026;014;70233;6191114658929;4XL;995;25H;;1,00;
15/02/2026;014;70234;6191114660748;S;010;25H;;1,00;
15/02/2026;015;21126;6191114462083;L;R634;24H;;1,00;
15/02/2026;015;21405;6191114513631;L;995;24H;;1,00;
15/02/2026;015;22046;6191114611825;XXL;C385;25H;;1,00;
15/02/2026;015;22056;6191114617667;M;310;25H;;1,00;
15/02/2026;015;22091;6191114620230;3XL;815;25H;;1,00;
15/02/2026;015;22098;6191114620858;L;995;25H;;1,00;
15/02/2026;015;22099;6191114620902;M;995;25H;;1,00;
15/02/2026;015;22111;6191114622739;XL;235;25H;;1,00;
15/02/2026;015;22128;6191114622999;M;995;25H;;1,00;
15/02/2026;015;22137;6191114623408;XL;385;25H;;1,00;
15/02/2026;015;22145;6191114629943;L;995;25H;;1,00;
15/02/2026;015;22148;6191114625549;M;995;25H;;1,00;
15/02/2026;015;22212;6191114641532;L;235;25H;;1,00;
15/02/2026;015;22212;6191114641556;XL;255;25H;;1,00;
15/02/2026;015;22216;6191114642690;XL;I385;25H;;1,00;
15/02/2026;015;22243;6191114647756;M;215;25H;;1,00;
15/02/2026;015;22257;6191114650596;XXL;I350;25H;;1,00;
15/02/2026;015;22257;6191114650602;XXL;I740;25H;;1,00;
15/02/2026;015;22257;6191114650619;XXL;I195;25H;;1,00;
15/02/2026;015;22282;6191114654082;3XL;I815;25H;;1,00;
15/02/2026;015;22292;6191114655614;XS;995;25H;;1,00;
15/02/2026;015;22316;6191114658493;S;476;25H;;1,00;
15/02/2026;015;22341;6191114661233;M;R950;25H;;1,00;
15/02/2026;015;22347;6191114668584;S;I815;25H;;1,00;
15/02/2026;015;22414;6191114672802;2XL/3;770;26E;;1,00;
15/02/2026;015;55816;6191114648487;XL;R990;25H;;1,00;
15/02/2026;015;55817;6191114654808;XL;695;25H;;1,00;
15/02/2026;015;70210;6191114619159;S;R350;25H;;1,00;
15/02/2026;015;70227;6191114652248;XXL;I875;25H;;1,00;
15/02/2026;015;91526;6191114640009;38;880;25H;;1,00;
15/02/2026;016;22029;6191114610606;XXL;010;25H;;1,00;
15/02/2026;016;22045;6191114611702;L;995;25H;;1,00;
15/02/2026;016;22064;6191114618749;L;855;25H;;1,00;
15/02/2026;016;22182;6191114629363;L;870;25H;;2,00;
15/02/2026;016;22194;6191114628113;S;I880;25H;;1,00;
15/02/2026;016;22201;6191114630451;XXL;995;25H;;1,00;
15/02/2026;016;22246;6191114648807;M;870;25H;;1,00;
15/02/2026;016;22265;6191114651777;L;995;25H;;1,00;
15/02/2026;016;22294;6191114655997;XS;820;25H;;1,00;
15/02/2026;016;22294;6191114656000;XS;950;25H;;1,00;
15/02/2026;016;22299;6191114656994;XL;385;25H;;1,00;
15/02/2026;016;22308;6191114657724;XL;870;25H;;1,00;
15/02/2026;016;22414;6191114672789;L/XL;770;26E;;1,00;
15/02/2026;016;29880;6191114187566;S;000;23E;;1,00;
15/02/2026;016;55816;6191114648371;S;R995;25H;;1,00;
15/02/2026;016;70228;6191114649873;M;995;25H;;1,00;
15/02/2026;016;91272;6194444115667;TU;815;22H;;1,00;
15/02/2026;016;91273;6194444115674;TU;815;22H;;1,00;
15/02/2026;021;22011;6191114607408;L;010;25H;;1,00;
15/02/2026;021;22024;6191114653320;XL;815;25H;;1,00;
15/02/2026;021;22027;6191114610347;XL;645;25H;;1,00;
15/02/2026;021;22030;6191114610682;L;995;25H;;1,00;
15/02/2026;021;22048;6191114612013;XL;995;25H;;1,00;
15/02/2026;021;22048;6191114612020;XL;010;25H;;1,00;
15/02/2026;021;22055;6191114617544;M;870;25H;;1,00;
15/02/2026;021;22064;6191114618732;L;175;25H;;1,00;
15/02/2026;021;22068;6191114615762;L;995;25H;;1,00;
15/02/2026;021;22070;6191114616011;XL;385;25H;;1,00;
15/02/2026;021;22111;6191114622647;S;255;25H;;1,00;
15/02/2026;021;22113;6191114645653;S;990;25H;;1,00;
15/02/2026;021;22117;6191114648982;M;940;25H;;1,00;
15/02/2026;021;22122;6191114646667;XL;995;25H;;1,00;
15/02/2026;021;22142;6191114624696;M;995;25H;;1,00;
15/02/2026;021;22163;6191114659827;L;C790;25H;;1,00;
15/02/2026;021;22164;6191114649460;L;995;25H;;1,00;
15/02/2026;021;22182;6191114629417;XL;784;25H;;1,00;
15/02/2026;021;22194;6191114628212;XL;I385;25H;;1,00;
15/02/2026;021;22203;6191114630628;M;995;25H;;1,00;
15/02/2026;021;22207;6191114640535;3XL;880;25H;;1,00;
15/02/2026;021;22207;6191114640542;3XL;784;25H;;1,00;
15/02/2026;021;22239;6191114645028;XL;784;25H;;1,00;
15/02/2026;021;22250;6191114649682;XXL;784;25H;;1,00;
15/02/2026;021;22256;6191114650404;S;995;25H;;1,00;
15/02/2026;021;22261;6191114651265;L;490;25H;;1,00;
15/02/2026;021;22269;6191114653191;L;695;25H;;1,00;
15/02/2026;021;22269;6191114653207;XL;695;25H;;1,00;
15/02/2026;021;22277;6191114653351;XS;815;25H;;-1,00;
15/02/2026;021;22277;6191114653375;S;815;25H;;1,00;
15/02/2026;021;22303;6191114657380;L;195;25H;;1,00;
15/02/2026;021;22324;6191114659698;3XL;995;25H;;1,00;
15/02/2026;021;22330;6191114660076;XL;724;25H;;1,00;
15/02/2026;021;22330;6191114660083;XL;220;25H;;1,00;
15/02/2026;021;22452;6191114676916;S/M;995;26E;;1,00;
15/02/2026;021;55819;6191114657489;S;R480;25H;;1,00;
15/02/2026;021;70224;6191114641792;L;385;25H;;1,00;
15/02/2026;021;70232;6191114658813;L;995;25H;;1,00;
15/02/2026;021;91504;6191114626348;TU;695;25H;;1,00;
15/02/2026;024;20694;6191114356948;XL;925;24E;;1,00;
15/02/2026;024;21073;6191114448445;XS;740;24H;;1,00;
15/02/2026;024;21078;6191114449138;L;995;24H;;1,00;
15/02/2026;024;21078;6191114449183;XXL;870;24H;;1,00;
15/02/2026;024;21093;6191114454743;5;724;24E;;2,00;
15/02/2026;024;21182;6191114469525;XL;915;24H;;1,00;
15/02/2026;024;21242;6191114479852;S;995;24H;;1,00;
15/02/2026;024;21336;6191114499898;L;784;24H;;1,00;
15/02/2026;024;21351;6191114502055;L/XL;200;24H;;1,00;
15/02/2026;024;21355;6191114503397;L;200;24H;;1,00;
15/02/2026;024;21358;6191114503687;M;995;24H;;1,00;
15/02/2026;024;21381;6191114508507;L;875;24H;;1,00;
15/02/2026;024;21381;6191114508538;XXL;995;24H;;1,00;
15/02/2026;024;21426;6191114527171;3XL;995;24H;;1,00;
15/02/2026;024;21452;6191114530096;S/M;I740;24H;;1,00;
15/02/2026;024;21658;6191114553781;XXL;995;25E;;1,00;
15/02/2026;024;21905;6191114600027;3XL;784;25E;;1,00;
15/02/2026;024;22011;6191114607446;XXL;010;25H;;1,00;
15/02/2026;024;22013;6191114607637;M;995;25H;;1,00;
15/02/2026;024;22021;6191114609655;XL;385;25H;;1,00;
15/02/2026;024;22025;6191114610118;XL;010;25H;;1,00;
15/02/2026;024;22028;6191114610446;L;870;25H;;1,00;
15/02/2026;024;22032;6191114610972;XXL;940;25H;;1,00;
15/02/2026;024;22033;6191114611047;L;815;25H;;1,00;
15/02/2026;024;22033;6191114611061;XL;815;25H;;1,00;
15/02/2026;024;22033;6191114611092;XXL;695;25H;;1,00;
15/02/2026;024;22048;6191114611955;S;995;25H;;1,00;
15/02/2026;024;22050;6191114614475;L/XL;995;25H;;1,00;
15/02/2026;024;22096;6191114620667;3XL;995;25H;;1,00;
15/02/2026;024;22097;6191114620780;XXL;995;25H;;1,00;
15/02/2026;024;22110;6191114622487;L;255;25H;;1,00;
15/02/2026;024;22133;6191114623965;M;815;25H;;1,00;
15/02/2026;024;22133;6191114623996;L;815;25H;;1,00;
15/02/2026;024;22133;6191114625198;L;995;25H;;1,00;
15/02/2026;024;22137;6191114623453;XXL;235;25H;;1,00;
15/02/2026;024;22177;6191114628939;XXL;215;25H;;1,00;
15/02/2026;024;22182;6191114629349;M;995;25H;;1,00;
15/02/2026;024;22182;6191114629424;XXL;870;25H;;1,00;
15/02/2026;024;22183;6191114629509;M;385;25H;;1,00;
15/02/2026;024;22186;6191114627772;XXL;385;25H;;1,00;
15/02/2026;024;22189;6191114644786;L/XL;200;25H;;1,00;
15/02/2026;024;22194;6191114628175;L;I880;25H;;1,00;
15/02/2026;024;22198;6191114630154;M;695;25H;;1,00;
15/02/2026;024;22203;6191114630697;XXL;010;25H;;1,00;
15/02/2026;024;22212;6191114641457;S;385;25H;;1,00;
15/02/2026;024;22212;6191114641594;XXL;235;25H;;1,00;
15/02/2026;024;22215;6191114642591;3XL;210;25H;;1,00;
15/02/2026;024;22216;6191114642683;L;I385;25H;;1,00;
15/02/2026;024;22216;6191114642744;L;I255;25H;;1,00;
15/02/2026;024;22217;6191114642850;XL;000;25H;;1,00;
15/02/2026;024;22223;6191114643543;L;645;25H;;1,00;
15/02/2026;024;22230;6191114644083;M;790;25H;;1,00;
15/02/2026;024;22239;6191114644915;S;815;25H;;1,00;
15/02/2026;024;22244;6191114647992;XL;215;25H;;1,00;
15/02/2026;024;22256;6191114650428;L;995;25H;;1,00;
15/02/2026;024;22257;6191114650602;XXL;I740;25H;;1,00;
15/02/2026;024;22257;6191114650640;3XL;I195;25H;;1,00;
15/02/2026;024;22258;6191114650794;XL;740;25H;;1,00;
15/02/2026;024;22259;6191114650930;L;010;25H;;1,00;
15/02/2026;024;22267;6191114651883;XXL;815;25H;;1,00;
15/02/2026;024;22270;6191114649958;XL;995;25H;;1,00;
15/02/2026;024;22272;6191114652507;S;995;25H;;1,00;
15/02/2026;024;22276;6191114655768;M;385;25H;;1,00;
15/02/2026;024;22287;6191114654556;L;815;25H;;1,00;
15/02/2026;024;22290;6191114657915;XS;R385;25H;;1,00;
15/02/2026;024;22296;6191114656451;S;215;25H;;1,00;
15/02/2026;024;22303;6191114657335;S;870;25H;;1,00;
15/02/2026;024;22306;6191114669079;L;995;25H;;1,00;
15/02/2026;024;22307;6191114669970;L;M815;25H;;1,00;
15/02/2026;024;22307;6191114669994;L;M940;25H;;1,00;
15/02/2026;024;22307;6191114670006;XL;M815;25H;;1,00;
15/02/2026;024;22307;6191114670075;3XL;M870;25H;;1,00;
15/02/2026;024;22318;6191114659025;XL;C000;25H;;1,00;
15/02/2026;024;22328;6191114661417;XL;995;25H;;-1,00;
15/02/2026;024;22330;6191114660014;S;724;25H;;1,00;
15/02/2026;024;22338;6191114660908;L;170;25H;;1,00;
15/02/2026;024;22410;6191114671065;2XL/3;995;26E;;1,00;
15/02/2026;024;22414;6191114672765;S/M;770;26E;;2,00;
15/02/2026;024;22452;6191114676961;2XL/3;855;26E;;1,00;
15/02/2026;024;55715;6191114526273;S;385;24H;;1,00;
15/02/2026;024;55716;6191114526365;XL;385;24H;;1,00;
15/02/2026;024;55806;6191114640955;3XL;870;25H;;1,00;
15/02/2026;024;55811;6191114644601;L;R784;25H;;1,00;
15/02/2026;024;55814;6191114645356;S;995;25H;;1,00;
15/02/2026;024;55815;6191114645561;L;385;25H;;1,00;
15/02/2026;024;55816;6191114648463;XL;R995;25H;;1,00;
15/02/2026;024;55818;6191114654938;M;385;25H;;1,00;
15/02/2026;024;70205;6191114612297;L;385;25H;;1,00;
15/02/2026;024;70210;6191114619180;L;R385;25H;;1,00;
15/02/2026;024;70224;6191114641808;L;694;25H;;1,00;
15/02/2026;024;70227;6191114652262;3XL;I875;25H;;1,00;
15/02/2026;024;70228;6191114649897;XL;995;25H;;1,00;
15/02/2026;024;70229;6191114657786;XL;476;25H;;1,00;
15/02/2026;024;70230;6191114658219;XL;I995;25H;;1,00;
15/02/2026;024;70230;6191114658226;XXL;I995;25H;;1,00;
15/02/2026;024;70231;6191114658691;L;C000;25H;;1,00;
15/02/2026;024;70232;6191114658813;L;995;25H;;1,00;
15/02/2026;024;91272;6194444115667;TU;815;22H;;2,00;
15/02/2026;024;91273;6194444115674;TU;815;22H;;1,00;
15/02/2026;024;91500;6191114626270;TU;995;25H;;1,00;
15/02/2026;024;91527;6191114640108;37;995;25H;;1,00;
15/02/2026;029;21223;6191114479241;L;995;24H;;1,00;
15/02/2026;029;21552;6191114543614;41;995;25E;;-1,00;
15/02/2026;029;21658;6191114553705;L;000;25E;;1,00;
15/02/2026;029;22020;6191114609563;XL;695;25H;;1,00;
15/02/2026;029;22045;6191114611764;3XL;995;25H;;1,00;
15/02/2026;029;22046;6191114611801;L;C385;25H;;1,00;
15/02/2026;029;22071;6191114616172;3XL;784;25H;;1,00;
15/02/2026;029;22087;6191114619708;XXL;995;25H;;1,00;
15/02/2026;029;22140;6191114624610;M;995;25H;;1,00;
15/02/2026;029;22142;6191114624696;M;995;25H;;1,00;
15/02/2026;029;22201;6191114630468;3XL;815;25H;;1,00;
15/02/2026;029;22238;6191114644908;3XL;I995;25H;;1,00;
15/02/2026;029;22257;6191114650602;XXL;I740;25H;;1,00;
15/02/2026;029;22267;6191114651937;4XL;995;25H;;1,00;
15/02/2026;029;22270;6191114649965;XXL;995;25H;;1,00;
15/02/2026;029;22278;6191114653504;XL;995;25H;;1,00;
15/02/2026;029;22295;6191114656253;XL;695;25H;;1,00;
15/02/2026;029;70210;6191114619197;L;R350;25H;;1,00;
15/02/2026;029;70226;6191114652125;4XL;I995;25H;;1,00;
15/02/2026;030;21659;6191114588929;3XL;005;25E;;1,00;
15/02/2026;030;21905;6191114599932;L;784;25E;;1,00;
15/02/2026;030;22005;6191114606661;XL;995;25H;;1,00;
15/02/2026;030;22012;6191114607583;3XL;995;25H;;1,00;
15/02/2026;030;22013;6191114607644;L;870;25H;;1,00;
15/02/2026;030;22027;6191114653078;XXL;870;25H;;1,00;
15/02/2026;030;22028;6191114610514;3XL;940;25H;;1,00;
15/02/2026;030;22030;6191114610682;L;995;25H;;2,00;
15/02/2026;030;22032;6191114610958;XL;940;25H;;-1,00;
15/02/2026;030;22049;6191114612112;L;815;25H;;-1,00;
15/02/2026;030;22056;6191114617667;M;310;25H;;1,00;
15/02/2026;030;22056;6191114617728;XXL;310;25H;;1,00;
15/02/2026;030;22056;6191114617735;XXL;000;25H;;1,00;
15/02/2026;030;22064;6191114618848;XXL;855;25H;;1,00;
15/02/2026;030;22068;6191114642386;L;695;25H;;1,00;
15/02/2026;030;22079;6191114626447;S;476;25H;;1,00;
15/02/2026;030;22088;6191114619845;3XL;995;25H;;1,00;
15/02/2026;030;22090;6191114620063;L;995;25H;;1,00;
15/02/2026;030;22111;6191114622586;S;385;25H;;1,00;
15/02/2026;030;22113;6191114645745;XL;990;25H;;1,00;
15/02/2026;030;22113;6191114645783;3XL;990;25H;;2,00;
15/02/2026;030;22115;6191114646018;XL;990;25H;;1,00;
15/02/2026;030;22115;6191114646025;XL;005;25H;;1,00;
15/02/2026;030;22123;6191114646773;XXL;995;25H;;1,00;
15/02/2026;030;22129;6191114623132;M;995;25H;;1,00;
15/02/2026;030;22129;6191114623170;L;010;25H;;1,00;
15/02/2026;030;22139;6191114624429;M;995;25H;;1,00;
15/02/2026;030;22139;6191114624467;L;940;25H;;1,00;
15/02/2026;030;22139;6191114624542;3XL;995;25H;;1,00;
15/02/2026;030;22142;6191114624696;M;995;25H;;1,00;
15/02/2026;030;22142;6191114624702;M;875;25H;;1,00;
15/02/2026;030;22147;6191114625150;XL;815;25H;;1,00;
15/02/2026;030;22160;6191114626249;XL;820;25H;;-1,00;
15/02/2026;030;22163;6191114659810;M;C490;25H;;1,00;
15/02/2026;030;22163;6191114659834;L;C490;25H;;1,00;
15/02/2026;030;22186;6191114627734;L;385;25H;;1,00;
15/02/2026;030;22186;6191114627741;L;784;25H;;-1,00;
15/02/2026;030;22189;6191114644755;S/M;995;25H;;1,00;
15/02/2026;030;22207;6191114640429;M;784;25H;;1,00;
15/02/2026;030;22216;6191114642690;XL;I385;25H;;1,00;
15/02/2026;030;22229;6191114644014;L;995;25H;;1,00;
15/02/2026;030;22237;6191114644823;XL;I815;25H;;1,00;
15/02/2026;030;22238;6191114644892;XXL;I995;25H;;1,00;
15/02/2026;030;22243;6191114647756;M;215;25H;;1,00;
15/02/2026;030;22246;6191114648821;L;870;25H;;1,00;
15/02/2026;030;22263;6191114651616;XXL;995;25H;;1,00;
15/02/2026;030;22268;6191114649743;M;870;25H;;1,00;
15/02/2026;030;22270;6191114649941;L;995;25H;;1,00;
15/02/2026;030;22271;6191114652347;M;870;25H;;1,00;
15/02/2026;030;22284;6191114654259;XXL;385;25H;;1,00;
15/02/2026;030;22295;6191114656246;XL;995;25H;;1,00;
15/02/2026;030;22299;6191114656888;XS;870;25H;;1,00;
15/02/2026;030;22299;6191114656918;S;870;25H;;1,00;
15/02/2026;030;22299;6191114656949;M;870;25H;;1,00;
15/02/2026;030;22299;6191114657038;XXL;870;25H;;1,00;
15/02/2026;030;22299;6191114659728;M;695;25H;;1,00;
15/02/2026;030;22299;6191114659742;XL;695;25H;;1,00;
15/02/2026;030;22303;6191114657441;3XL;195;25H;;1,00;
15/02/2026;030;22307;6191114669925;S;M870;25H;;1,00;
15/02/2026;030;22307;6191114669987;L;M870;25H;;1,00;
15/02/2026;030;22308;6191114657724;XL;870;25H;;1,00;
15/02/2026;030;22318;6191114658974;M;235;25H;;1,00;
15/02/2026;030;22324;6191114659674;XL;995;25H;;1,00;
15/02/2026;030;22330;6191114660076;XL;724;25H;;1,00;
15/02/2026;030;22330;6191114660083;XL;220;25H;;1,00;
15/02/2026;030;22331;6191114660212;L;815;25H;;1,00;
15/02/2026;030;22331;6191114660236;L;995;25H;;1,00;
15/02/2026;030;22333;6191114660670;XL;990;25H;;1,00;
15/02/2026;030;55806;6191114640948;3XL;385;25H;;1,00;
15/02/2026;030;55808;6191114641235;L;975;25H;;-1,00;
15/02/2026;030;55808;6191114641266;XL;975;25H;;1,00;
15/02/2026;030;55809;6191114642096;L;870;25H;;2,00;
15/02/2026;030;55809;6191114642102;L;010;25H;;1,00;
15/02/2026;030;55815;6191114645561;L;385;25H;;1,00;
15/02/2026;030;55815;6191114669321;L;995;25H;;1,00;
15/02/2026;030;55816;6191114648395;S;R990;25H;;-1,00;
15/02/2026;030;55816;6191114648425;M;R990;25H;;1,00;
15/02/2026;030;55816;6191114648456;L;R990;25H;;-1,00;
15/02/2026;030;55816;6191114648487;XL;R990;25H;;1,00;
15/02/2026;030;55816;6191114648494;XXL;R995;25H;;1,00;
15/02/2026;030;55818;6191114655003;L;824;25H;;1,00;
15/02/2026;030;70217;6191114649385;L;I385;25H;;1,00;
15/02/2026;030;70222;6191114631007;XXL;476;25H;;1,00;
15/02/2026;030;70226;6191114652019;L;I880;25H;;1,00;
15/02/2026;030;70226;6191114652057;XL;I815;25H;;1,00;
15/02/2026;030;70231;6191114658691;L;C000;25H;;1,00;
15/02/2026;030;91510;6191114625419;36;815;25H;;1,00;
15/02/2026;030;91527;6191114640160;40;995;25H;;1,00;
15/02/2026;030;91529;6191114640283;36;875;25H;;1,00;
15/02/2026;031;21131;6191114462670;M;530;24H;;1,00;
15/02/2026;031;21353;6191114502109;L/XL;995;24H;;1,00;
15/02/2026;031;22007;6191114607057;3XL;905;25H;;1,00;
15/02/2026;031;22049;6191114612150;XXL;815;25H;;1,00;
15/02/2026;031;22064;6191114618763;XL;010;25H;;2,00;
15/02/2026;031;22088;6191114619807;XL;995;25H;;1,00;
15/02/2026;031;22089;6191114620001;4XL;995;25H;;1,00;
15/02/2026;031;22118;6191114646391;L;995;25H;;1,00;
15/02/2026;031;22128;6191114623033;XL;385;25H;;1,00;
15/02/2026;031;22129;6191114623187;XL;385;25H;;1,00;
15/02/2026;031;22163;6191114659834;L;C490;25H;;1,00;
15/02/2026;031;22177;6191114628878;M;215;25H;;1,00;
15/02/2026;031;22182;6191114629424;XXL;870;25H;;1,00;
15/02/2026;031;22223;6191114643574;XL;645;25H;;1,00;
15/02/2026;031;22223;6191114643598;XL;995;25H;;1,00;
15/02/2026;031;22246;6191114648845;XL;870;25H;;1,00;
15/02/2026;031;22257;6191114650589;XL;I195;25H;;1,00;
15/02/2026;031;22262;6191114651388;L;490;25H;;1,00;
15/02/2026;031;22265;6191114651746;XS;995;25H;;1,00;
15/02/2026;031;22273;6191114652811;XXL;824;25H;;1,00;
15/02/2026;031;22273;6191114652828;3XL;385;25H;;1,00;
15/02/2026;031;22289;6191114655249;L;995;25H;;1,00;
15/02/2026;031;22322;6191114659513;XL;190;25H;;1,00;
15/02/2026;031;22324;6191114659674;XL;995;25H;;1,00;
15/02/2026;031;70217;6191114647305;M;E385;25H;;1,00;
15/02/2026;031;70217;6191114647312;L;E385;25H;;1,00;
15/02/2026;031;70217;6191114649408;XXL;I385;25H;;1,00;
15/02/2026;031;70227;6191114652200;L;I875;25H;;1,00;
15/02/2026;031;70229;6191114657793;XXL;476;25H;;1,00;
15/02/2026;031;70231;6191114658721;XL;C995;25H;;1,00;
15/02/2026;031;70233;6191114658905;XXL;995;25H;;1,00;
15/02/2026;031;70241;6191114672659;XXL;870;26E;;1,00;
15/02/2026;031;91501;6191114626300;TU;195;25H;;1,00;
15/02/2026;031;91540;6191114671171;41;995;26E;;1,00;
15/02/2026;032;22004;6191114606364;S;R815;25H;;1,00;
15/02/2026;032;22017;6191114609181;L;995;25H;;1,00;
15/02/2026;032;22036;6191114611184;XL;R995;25H;;1,00;
15/02/2026;032;22052;6191114617193;L;385;25H;;1,00;
15/02/2026;032;22066;6191114615533;XS;815;25H;;1,00;
15/02/2026;032;22098;6191114620858;L;995;25H;;1,00;
15/02/2026;032;22110;6191114622562;XXL;235;25H;;1,00;
15/02/2026;032;22115;6191114645943;M;820;25H;;1,00;
15/02/2026;032;22129;6191114623231;XXL;010;25H;;1,00;
15/02/2026;032;22137;6191114623330;S;235;25H;;1,00;
15/02/2026;032;22137;6191114623422;XL;235;25H;;1,00;
15/02/2026;032;22139;6191114624436;M;940;25H;;1,00;
15/02/2026;032;22198;6191114630178;L;695;25H;;1,00;
15/02/2026;032;22207;6191114640375;S;995;25H;;1,00;
15/02/2026;032;22207;6191114640481;XL;784;25H;;1,00;
15/02/2026;032;22216;6191114642768;XXL;I255;25H;;1,00;
15/02/2026;032;22247;6191114648654;S;R270;25H;;1,00;
15/02/2026;032;22247;6191114648722;XL;R385;25H;;1,00;
15/02/2026;032;22253;6191114650268;XXL;995;25H;;1,00;
15/02/2026;032;22257;6191114650619;XXL;I195;25H;;1,00;
15/02/2026;032;22265;6191114651784;XL;995;25H;;1,00;
15/02/2026;032;22285;6191114654372;XL;385;25H;;1,00;
15/02/2026;032;22296;6191114656598;3XL;385;25H;;1,00;
15/02/2026;032;22296;6191114656604;3XL;215;25H;;1,00;
15/02/2026;032;22297;6191114656734;3XL;695;25H;;1,00;
15/02/2026;032;22331;6191114660359;3XL;995;25H;;1,00;
15/02/2026;032;55813;6191114645240;L;940;25H;;1,00;
16/02/2026;002;20832;6191114396357;L/XL;995;24E;;1,00;
16/02/2026;002;20834;6191114396555;S/M;235;24E;;1,00;
16/02/2026;002;21223;6191114479197;S;815;24H;;1,00;
16/02/2026;002;21233;6191114477445;36;995;24H;;1,00;
16/02/2026;002;21402;6191114513327;XXL;824;24H;;1,00;
16/02/2026;002;21420;6191114514287;L;995;24H;;1,00;
16/02/2026;002;21472;6191114532052;M;815;24H;;1,00;
16/02/2026;002;21472;6191114536890;M;940;24H;;1,00;
16/02/2026;002;21827;6191114582972;M;000;25E;;1,00;
16/02/2026;002;21906;6191114600058;S;000;25E;;1,00;
16/02/2026;002;22004;6191114606388;M;R995;25H;;1,00;
16/02/2026;002;22004;6191114606418;L;R995;25H;;1,00;
16/02/2026;002;22004;6191114606432;XL;R000;25H;;1,00;
16/02/2026;002;22018;6191114609266;S;R385;25H;;1,00;
16/02/2026;002;22026;6191114610224;XL;815;25H;;1,00;
16/02/2026;002;22037;6191114611313;XL;010;25H;;1,00;
16/02/2026;002;22040;6191114611580;XXL;R010;25H;;1,00;
16/02/2026;002;22044;6191114622067;3XL;695;25H;;1,00;
16/02/2026;002;22063;6191114618480;S;870;25H;;1,00;
16/02/2026;002;22064;6191114618695;M;855;25H;;1,00;
16/02/2026;002;22064;6191114618725;L;695;25H;;1,00;
16/02/2026;002;22070;6191114616004;L;995;25H;;1,00;
16/02/2026;002;22071;6191114616097;M;784;25H;;1,00;
16/02/2026;002;22072;6191114616196;S;476;25H;;1,00;
16/02/2026;002;22072;6191114616202;M;476;25H;;1,00;
16/02/2026;002;22075;6191114616608;XL;385;25H;;1,00;
16/02/2026;002;22090;6191114620056;L;815;25H;;1,00;
16/02/2026;002;22110;6191114622494;XL;255;25H;;1,00;
16/02/2026;002;22113;6191114645646;S;820;25H;;1,00;
16/02/2026;002;22113;6191114645745;XL;990;25H;;1,00;
16/02/2026;002;22127;6191114649033;XS;770;25H;;1,00;
16/02/2026;002;22133;6191114624023;XL;815;25H;;1,00;
16/02/2026;002;22139;6191114624368;XS;995;25H;;1,00;
16/02/2026;002;22142;6191114624665;S;995;25H;;1,00;
16/02/2026;002;22142;6191114624696;M;995;25H;;1,00;
16/02/2026;002;22142;6191114624702;M;875;25H;;1,00;
16/02/2026;002;22142;6191114624719;M;195;25H;;1,00;
16/02/2026;002;22164;6191114649446;M;995;25H;;1,00;
16/02/2026;002;22193;6191114628069;M;995;25H;;1,00;
16/02/2026;002;22194;6191114628113;S;I880;25H;;1,00;
16/02/2026;002;22194;6191114628229;XL;I255;25H;;1,00;
16/02/2026;002;22198;6191114630123;S;385;25H;;1,00;
16/02/2026;002;22198;6191114630185;XL;385;25H;;1,00;
16/02/2026;002;22238;6191114644878;L;I995;25H;;1,00;
16/02/2026;002;22239;6191114644953;M;995;25H;;1,00;
16/02/2026;002;22239;6191114644977;L;815;25H;;1,00;
16/02/2026;002;22254;6191114650299;M;995;25H;;1,00;
16/02/2026;002;22255;6191114650374;XL;995;25H;;1,00;
16/02/2026;002;22267;6191114651890;XXL;995;25H;;1,00;
16/02/2026;002;22272;6191114652491;S;870;25H;;1,00;
16/02/2026;002;22274;6191114652866;M;995;25H;;1,00;
16/02/2026;002;22289;6191114655294;XXL;476;25H;;1,00;
16/02/2026;002;22294;6191114656031;S;950;25H;;1,00;
16/02/2026;002;22307;6191114669956;M;M870;25H;;1,00;
16/02/2026;002;22307;6191114670044;XXL;M870;25H;;1,00;
16/02/2026;002;22320;6191114659223;3XL;870;25H;;1,00;
16/02/2026;002;22321;6191114659308;L;870;25H;;1,00;
16/02/2026;002;22324;6191114659674;XL;995;25H;;1,00;
16/02/2026;002;22333;6191114660670;XL;990;25H;;1,00;
16/02/2026;002;55801;6191114621732;M;385;25H;;1,00;
16/02/2026;002;55808;6191114641211;L;385;25H;;1,00;
16/02/2026;002;55808;6191114641273;XXL;385;25H;;1,00;
16/02/2026;002;55808;6191114641280;XXL;995;25H;;1,00;
16/02/2026;002;55813;6191114645233;L;310;25H;;1,00;
16/02/2026;002;55813;6191114645240;L;940;25H;;1,00;
16/02/2026;002;55815;6191114645561;L;385;25H;;1,00;
16/02/2026;002;55815;6191114645585;XL;385;25H;;1,00;
16/02/2026;002;55816;6191114648371;S;R995;25H;;1,00;
16/02/2026;002;55816;6191114648487;XL;R990;25H;;1,00;
16/02/2026;002;55820;6191114657823;S;R784;25H;;1,00;
16/02/2026;002;70200;6191114607927;L;R940;25H;;1,00;
16/02/2026;002;70201;6191114608061;XL;R385;25H;;1,00;
16/02/2026;002;70209;6191114612839;3XL;R170;25H;;1,00;
16/02/2026;002;70210;6191114619210;XL;R350;25H;;1,00;
16/02/2026;002;70222;6191114630970;M;476;25H;;1,00;
16/02/2026;002;70223;6191114631052;XL;476;25H;;1,00;
16/02/2026;002;70226;6191114651982;M;I880;25H;;1,00;
16/02/2026;002;70226;6191114652095;3XL;I995;25H;;1,00;
16/02/2026;002;70227;6191114652194;L;I740;25H;;1,00;
16/02/2026;002;91506;6191114626379;TU;995;25H;;1,00;
16/02/2026;002;91510;6191114625433;37;815;25H;;1,00;
16/02/2026;005;20098;6191114222212;M;390;23H;;1,00;
16/02/2026;005;21181;6191114469488;3XL;385;24H;;1,00;
16/02/2026;005;21282;6191114502598;M;995;24H;;1,00;
16/02/2026;005;21360;6191114503816;L;MCO;24H;;1,00;
16/02/2026;005;21563;6191114542884;2XL/3;995;25E;;1,00;
16/02/2026;005;22019;6191114609433;L;995;25H;;1,00;
16/02/2026;005;22025;6191114610101;XL;995;25H;;1,00;
16/02/2026;005;22026;6191114610231;XL;645;25H;;1,00;
16/02/2026;005;22054;6191114617452;XL;995;25H;;1,00;
16/02/2026;005;22055;6191114617568;L;870;25H;;1,00;
16/02/2026;005;22056;6191114617681;L;310;25H;;1,00;
16/02/2026;005;22060;6191114618077;XL;310;25H;;1,00;
16/02/2026;005;22061;6191114618190;XL;R350;25H;;1,00;
16/02/2026;005;22116;6191114646162;XL;770;25H;;1,00;
16/02/2026;005;22126;6191114649309;S;760;25H;;1,00;
16/02/2026;005;22127;6191114649071;XL;770;25H;;1,00;
16/02/2026;005;22132;6191114623903;XXL;224;25H;;1,00;
16/02/2026;005;22151;6191114625723;XL;995;25H;;1,00;
16/02/2026;005;22200;6191114630307;XL;010;25H;;1,00;
16/02/2026;005;22216;6191114642683;L;I385;25H;;1,00;
16/02/2026;005;22237;6191114644816;L;I815;25H;;1,00;
16/02/2026;005;22239;6191114645011;XL;995;25H;;1,00;
16/02/2026;005;22244;6191114648050;3XL;215;25H;;1,00;
16/02/2026;005;22256;6191114650428;L;995;25H;;1,00;
16/02/2026;005;22257;6191114650640;3XL;I195;25H;;1,00;
16/02/2026;005;22257;6191114650671;4XL;I195;25H;;1,00;
16/02/2026;005;22258;6191114650732;M;740;25H;;1,00;
16/02/2026;005;22258;6191114650787;XL;195;25H;;1,00;
16/02/2026;005;22259;6191114650954;XL;010;25H;;1,00;
16/02/2026;005;22287;6191114654570;XL;815;25H;;1,00;
16/02/2026;005;22292;6191114655683;XL;870;25H;;1,00;
16/02/2026;005;22294;6191114655997;XS;820;25H;;1,00;
16/02/2026;005;22301;6191114657144;XL;215;25H;;1,00;
16/02/2026;005;22307;6191114669987;L;M870;25H;;1,00;
16/02/2026;005;22318;6191114658981;M;C000;25H;;1,00;
16/02/2026;005;22320;6191114659186;XL;870;25H;;1,00;
16/02/2026;005;22322;6191114659445;M;740;25H;;1,00;
16/02/2026;005;22409;6191114670938;M;855;26E;;-1,00;
16/02/2026;005;22409;6191114670945;L;855;26E;;1,00;
16/02/2026;005;22414;6191114672772;L/XL;805;26E;;1,00;
16/02/2026;005;55816;6191114648487;XL;R990;25H;;1,00;
16/02/2026;005;70084;6191114450356;M;995;24H;;1,00;
16/02/2026;005;70217;6191114649415;3XL;I385;25H;;1,00;
16/02/2026;005;70226;6191114652118;3XL;I815;25H;;1,00;
16/02/2026;005;70229;6191114657786;XL;476;25H;;-1,00;
16/02/2026;005;70229;6191114657793;XXL;476;25H;;1,00;
16/02/2026;005;91273;6194444115674;TU;815;22H;;1,00;
16/02/2026;005;91504;6191114626355;TU;784;25H;;1,00;
16/02/2026;005;91505;6191114657311;TU;815;25H;;1,00;
16/02/2026;005;91506;6191114626379;TU;995;25H;;1,00;
16/02/2026;009;21171;6191114467279;M;010;24H;;-1,00;
16/02/2026;009;22023;6191114609877;XL;R010;25H;;1,00;
16/02/2026;009;22055;6191114617605;XXL;870;25H;;1,00;
16/02/2026;009;22064;6191114618725;L;695;25H;;1,00;
16/02/2026;009;22064;6191114618855;3XL;815;25H;;1,00;
16/02/2026;009;22139;6191114624450;L;995;25H;;1,00;
16/02/2026;009;22186;6191114627734;L;385;25H;;1,00;
16/02/2026;009;22191;6191114627949;XL;P010;25H;;1,00;
16/02/2026;009;22212;6191114641495;M;255;25H;;-1,00;
16/02/2026;009;22247;6191114648739;XL;R310;25H;;1,00;
16/02/2026;009;22251;6191114650084;3XL;995;25H;;1,00;
16/02/2026;009;22257;6191114650558;L;I195;25H;;1,00;
16/02/2026;009;22258;6191114650770;XL;385;25H;;1,00;
16/02/2026;009;22258;6191114650824;XXL;740;25H;;1,00;
16/02/2026;009;22267;6191114651845;L;815;25H;;1,00;
16/02/2026;009;22279;6191114653641;L;000;25H;;1,00;
16/02/2026;009;22280;6191114653818;M;995;25H;;1,00;
16/02/2026;009;22284;6191114654174;S;385;25H;;1,00;
16/02/2026;009;22284;6191114654235;XL;385;25H;;1,00;
16/02/2026;009;22321;6191114659285;M;870;25H;;1,00;
16/02/2026;009;22321;6191114659353;XXL;825;25H;;1,00;
16/02/2026;009;22321;6191114659377;3XL;825;25H;;-1,00;
16/02/2026;009;22347;6191114668607;L;I815;25H;;1,00;
16/02/2026;009;55808;6191114641242;XL;385;25H;;1,00;
16/02/2026;009;55814;6191114645349;S;385;25H;;1,00;
16/02/2026;009;55818;6191114654990;L;995;25H;;1,00;
16/02/2026;009;55818;6191114655027;L;694;25H;;1,00;
16/02/2026;009;70209;6191114612792;XL;R170;25H;;1,00;
16/02/2026;009;70210;6191114619258;3XL;R350;25H;;1,00;
16/02/2026;009;70216;6191114624337;XXL;R385;25H;;-1,00;
16/02/2026;009;70226;6191114652026;L;I815;25H;;1,00;
16/02/2026;009;70226;6191114652118;3XL;I815;25H;;1,00;
16/02/2026;009;70231;6191114658714;XL;C000;25H;;1,00;
16/02/2026;009;70232;6191114658837;XXL;995;25H;;1,00;
16/02/2026;011;21381;6191114508514;XL;995;24H;;1,00;
16/02/2026;011;22017;6191114609211;XL;010;25H;;1,00;
16/02/2026;011;22033;6191114611054;L;695;25H;;1,00;
16/02/2026;011;22036;6191114611207;XXL;R995;25H;;1,00;
16/02/2026;011;22064;6191114618732;L;175;25H;;1,00;
16/02/2026;011;22124;6191114646841;M;995;25H;;-1,00;
16/02/2026;011;22162;6191114647206;M;995;25H;;1,00;
16/02/2026;011;22162;6191114647220;L;995;25H;;1,00;
16/02/2026;011;22199;6191114631106;XL;995;25H;;1,00;
16/02/2026;011;22202;6191114630598;3XL;790;25H;;1,00;
16/02/2026;011;22239;6191114644953;M;995;25H;;1,00;
16/02/2026;011;22246;6191114648845;XL;870;25H;;1,00;
16/02/2026;011;22261;6191114651227;S;490;25H;;1,00;
16/02/2026;011;22261;6191114651296;XXL;385;25H;;1,00;
16/02/2026;011;22262;6191114651371;L;385;25H;;1,00;
16/02/2026;011;22282;6191114654051;L;I815;25H;;-1,00;
16/02/2026;011;22291;6191114655454;XL;495;25H;;1,00;
16/02/2026;011;22292;6191114655683;XL;870;25H;;1,00;
16/02/2026;011;22298;6191114658271;XL;R385;25H;;1,00;
16/02/2026;011;22321;6191114659315;L;825;25H;;1,00;
16/02/2026;011;22321;6191114659384;4XL;870;25H;;1,00;
16/02/2026;011;55808;6191114641297;XXL;975;25H;;1,00;
16/02/2026;011;55815;6191114645547;M;385;25H;;1,00;
16/02/2026;011;70206;6191114612433;XL;870;25H;;1,00;
16/02/2026;011;70210;6191114619210;XL;R350;25H;;1,00;
16/02/2026;011;91272;6194444115667;TU;815;22H;;1,00;
16/02/2026;011;91509;6191114625327;39;815;25H;;1,00;
16/02/2026;011;91526;6191114640009;38;880;25H;;1,00;
16/02/2026;011;91528;6191114640269;40;995;25H;;1,00;
16/02/2026;014;21138;6191114463448;S;995;24H;;1,00;
16/02/2026;014;21138;6191114463462;M;995;24H;;1,00;
16/02/2026;014;21266;6191114484986;3XL;995;24H;;1,00;
16/02/2026;014;21304;6191114504462;5XL;995;24H;;1,00;
16/02/2026;014;21380;6191114508422;XL;875;24H;;-1,00;
16/02/2026;014;21402;6191114513310;XL;995;24H;;1,00;
16/02/2026;014;21863;6191114589407;L;000;25E;;1,00;
16/02/2026;014;22002;6191114606142;3XL;645;25H;;1,00;
16/02/2026;014;22009;6191114607194;XL;380;25H;;1,00;
16/02/2026;014;22011;6191114607439;XL;215;25H;;1,00;
16/02/2026;014;22019;6191114609471;XXL;995;25H;;1,00;
16/02/2026;014;22024;6191114653344;3XL;815;25H;;1,00;
16/02/2026;014;22025;6191114610156;3XL;010;25H;;1,00;
16/02/2026;014;22036;6191114611184;XL;R995;25H;;1,00;
16/02/2026;014;22039;6191114611535;3XL;010;25H;;1,00;
16/02/2026;014;22064;6191114618732;L;175;25H;;1,00;
16/02/2026;014;22064;6191114618756;XL;815;25H;;1,00;
16/02/2026;014;22064;6191114618770;XL;695;25H;;2,00;
16/02/2026;014;22064;6191114618831;XXL;175;25H;;1,00;
16/02/2026;014;22064;6191114618855;3XL;815;25H;;1,00;
16/02/2026;014;22070;6191114615991;L;385;25H;;1,00;
16/02/2026;014;22080;6191114616998;L;476;25H;;1,00;
16/02/2026;014;22088;6191114619784;L;995;25H;;1,00;
16/02/2026;014;22089;6191114619944;XL;995;25H;;1,00;
16/02/2026;014;22095;6191114620506;S;R350;25H;;1,00;
16/02/2026;014;22097;6191114620773;XXL;385;25H;;1,00;
16/02/2026;014;22113;6191114645653;S;990;25H;;1,00;
16/02/2026;014;22120;6191114646544;XXL;495;25H;;1,00;
16/02/2026;014;22128;6191114623057;XL;995;25H;;1,00;
16/02/2026;014;22129;6191114623170;L;010;25H;;1,00;
16/02/2026;014;22133;6191114625198;L;995;25H;;1,00;
16/02/2026;014;22139;6191114624498;XL;940;25H;;1,00;
16/02/2026;014;22153;6191114625808;M;995;25H;;1,00;
16/02/2026;014;22160;6191114626249;XL;820;25H;;1,00;
16/02/2026;014;22180;6191114629226;L;995;25H;;1,00;
16/02/2026;014;22182;6191114629400;XL;995;25H;;1,00;
16/02/2026;014;22191;6191114648913;M;P385;25H;;1,00;
16/02/2026;014;22193;6191114628083;XL;995;25H;;1,00;
16/02/2026;014;22204;6191114630727;S;995;25H;;1,00;
16/02/2026;014;22204;6191114630734;M;995;25H;;1,00;
16/02/2026;014;22204;6191114630765;XXL;995;25H;;1,00;
16/02/2026;014;22223;6191114643482;S;645;25H;;1,00;
16/02/2026;014;22223;6191114643499;S;870;25H;;1,00;
16/02/2026;014;22223;6191114643505;S;995;25H;;1,00;
16/02/2026;014;22237;6191114644809;M;I815;25H;;1,00;
16/02/2026;014;22238;6191114644892;XXL;I995;25H;;1,00;
16/02/2026;014;22253;6191114650251;XL;995;25H;;1,00;
16/02/2026;014;22258;6191114650688;S;385;25H;;1,00;
16/02/2026;014;22258;6191114650770;XL;385;25H;;1,00;
16/02/2026;014;22261;6191114651272;XL;385;25H;;1,00;
16/02/2026;014;22267;6191114651937;4XL;995;25H;;1,00;
16/02/2026;014;22268;6191114653115;L;695;25H;;1,00;
16/02/2026;014;22284;6191114654235;XL;385;25H;;1,00;
16/02/2026;014;22287;6191114654587;XL;995;25H;;2,00;
16/02/2026;014;22316;6191114658509;M;476;25H;;1,00;
16/02/2026;014;22330;6191114660076;XL;724;25H;;1,00;
16/02/2026;014;22331;6191114660281;XL;390;25H;;1,00;
16/02/2026;014;22347;6191114668584;S;I815;25H;;1,00;
16/02/2026;014;22347;6191114668591;M;I815;25H;;1,00;
16/02/2026;014;22347;6191114668607;L;I815;25H;;1,00;
16/02/2026;014;22347;6191114668621;XXL;I815;25H;;1,00;
16/02/2026;014;22350;6191114668799;XXL;I815;25H;;1,00;
16/02/2026;014;22388;6191114669628;L;R815;26E;;1,00;
16/02/2026;014;22414;6191114672765;S/M;770;26E;;1,00;
16/02/2026;014;55806;6191114640887;XL;385;25H;;1,00;
16/02/2026;014;55808;6191114641266;XL;975;25H;;1,00;
16/02/2026;014;55809;6191114642027;XL;995;25H;;-1,00;
16/02/2026;014;55809;6191114642034;XXL;995;25H;;1,00;
16/02/2026;014;55809;6191114642126;XL;010;25H;;-1,00;
16/02/2026;014;55809;6191114642140;XXL;010;25H;;1,00;
16/02/2026;014;55813;6191114645226;L;385;25H;;1,00;
16/02/2026;014;55813;6191114645240;L;940;25H;;1,00;
16/02/2026;014;55817;6191114654785;L;790;25H;;1,00;
16/02/2026;014;55817;6191114654822;XXL;385;25H;;1,00;
16/02/2026;014;70201;6191114608009;S;R385;25H;;1,00;
16/02/2026;014;70203;6191114608313;XXL;R995;25H;;1,00;
16/02/2026;014;70210;6191114619180;L;R385;25H;;1,00;
16/02/2026;014;70211;6191114621916;XL;870;25H;;1,00;
16/02/2026;014;70226;6191114652064;XXL;I995;25H;;1,00;
16/02/2026;014;70226;6191114652118;3XL;I815;25H;;1,00;
16/02/2026;014;70227;6191114652286;4XL;I875;25H;;1,00;
16/02/2026;014;70232;6191114658851;4XL;995;25H;;1,00;
16/02/2026;014;91502;6191114669123;TU;695;25H;;1,00;
16/02/2026;014;91505;6191114657328;TU;385;25H;;1,00;
16/02/2026;014;91540;6191114671102;37;815;26E;;1,00;
16/02/2026;015;21189;6191114471245;L;I625;24H;;1,00;
16/02/2026;015;21380;6191114508422;XL;875;24H;;1,00;
16/02/2026;015;21381;6191114508491;L;995;24H;;1,00;
16/02/2026;015;21440;6191114528895;XXL;995;24H;;1,00;
16/02/2026;015;21828;6191114583160;M;200;25E;;1,00;
16/02/2026;015;21859;6191114588790;XL;000;25E;;1,00;
16/02/2026;015;21859;6191114588806;XL;880;25E;;1,00;
16/02/2026;015;22006;6191114606876;L;995;25H;;1,00;
16/02/2026;015;22019;6191114609457;XL;995;25H;;-1,00;
16/02/2026;015;22033;6191114611092;XXL;695;25H;;1,00;
16/02/2026;015;22048;6191114612068;3XL;010;25H;;1,00;
16/02/2026;015;22064;6191114618756;XL;815;25H;;1,00;
16/02/2026;015;22064;6191114618831;XXL;175;25H;;1,00;
16/02/2026;015;22067;6191114615656;XS;380;25H;;1,00;
16/02/2026;015;22068;6191114642393;XL;695;25H;;-1,00;
16/02/2026;015;22072;6191114616226;XL;476;25H;;1,00;
16/02/2026;015;22090;6191114620070;XL;815;25H;;1,00;
16/02/2026;015;22110;6191114622449;XXL;385;25H;;1,00;
16/02/2026;015;22111;6191114622586;S;385;25H;;1,00;
16/02/2026;015;22115;6191114645967;M;005;25H;;1,00;
16/02/2026;015;22124;6191114646858;L;645;25H;;1,00;
16/02/2026;015;22127;6191114649071;XL;770;25H;;1,00;
16/02/2026;015;22133;6191114625204;XL;995;25H;;1,00;
16/02/2026;015;22140;6191114624627;L;995;25H;;1,00;
16/02/2026;015;22193;6191114628069;M;995;25H;;1,00;
16/02/2026;015;22198;6191114630192;XL;695;25H;;1,00;
16/02/2026;015;22207;6191114640528;3XL;995;25H;;1,00;
16/02/2026;015;22207;6191114640535;3XL;880;25H;;1,00;
16/02/2026;015;22223;6191114643529;M;870;25H;;1,00;
16/02/2026;015;22223;6191114643536;M;995;25H;;1,00;
16/02/2026;015;22261;6191114651289;XL;490;25H;;1,00;
16/02/2026;015;22262;6191114651401;XL;490;25H;;1,00;
16/02/2026;015;22276;6191114655829;XXL;385;25H;;1,00;
16/02/2026;015;22322;6191114659445;M;740;25H;;1,00;
16/02/2026;015;22322;6191114659551;3XL;645;25H;;1,00;
16/02/2026;015;22351;6191114668836;L;I815;25H;;1,00;
16/02/2026;015;70228;6191114649880;L;995;25H;;1,00;
16/02/2026;015;70233;6191114658882;L;995;25H;;1,00;
16/02/2026;015;91502;6191114669123;TU;695;25H;;1,00;
16/02/2026;016;20343;6191114277694;S;490;23H;;1,00;
16/02/2026;016;21003;6191114433939;L;405;24E;;1,00;
16/02/2026;016;21131;6191114462694;L;530;24H;;1,00;
16/02/2026;016;21178;6191114468085;S;010;24H;;1,00;
16/02/2026;016;21201;6191114471603;M;385;24H;;1,00;
16/02/2026;016;21202;6191114471795;M;535;24H;;1,00;
16/02/2026;016;21314;6191114496859;36;825;24H;;1,00;
16/02/2026;016;21380;6191114508408;L;875;24H;;1,00;
16/02/2026;016;21402;6191114513341;3XL;824;24H;;1,00;
16/02/2026;016;21405;6191114513693;3XL;995;24H;;-1,00;
16/02/2026;016;21479;6191114530850;L;995;24H;;1,00;
16/02/2026;016;21604;6191114549104;M;R815;25E;;-1,00;
16/02/2026;016;21764;6191114576315;3XL;R010;25E;;1,00;
16/02/2026;016;21835;6191114584068;M;145;25E;;1,00;
16/02/2026;016;21905;6191114599932;L;784;25E;;1,00;
16/02/2026;016;22017;6191114609204;XL;995;25H;;1,00;
16/02/2026;016;22042;6191114609068;3XL;385;25H;;1,00;
16/02/2026;016;22055;6191114624863;L;995;25H;;1,00;
16/02/2026;016;22058;6191114617919;M;000;25H;;1,00;
16/02/2026;016;22064;6191114618800;XXL;815;25H;;1,00;
16/02/2026;016;22075;6191114616547;S;385;25H;;1,00;
16/02/2026;016;22088;6191114619838;3XL;385;25H;;1,00;
16/02/2026;016;22088;6191114619845;3XL;995;25H;;1,00;
16/02/2026;016;22089;6191114619951;XXL;385;25H;;1,00;
16/02/2026;016;22113;6191114645714;L;990;25H;;1,00;
16/02/2026;016;22113;6191114645738;XL;820;25H;;1,00;
16/02/2026;016;22116;6191114646193;3XL;995;25H;;1,00;
16/02/2026;016;22116;6191114646209;3XL;770;25H;;1,00;
16/02/2026;016;22117;6191114648999;L;940;25H;;1,00;
16/02/2026;016;22120;6191114646551;3XL;995;25H;;1,00;
16/02/2026;016;22124;6191114646858;L;645;25H;;1,00;
16/02/2026;016;22129;6191114623231;XXL;010;25H;;1,00;
16/02/2026;016;22131;6191114623651;XXL;995;25H;;1,00;
16/02/2026;016;22137;6191114623330;S;235;25H;;1,00;
16/02/2026;016;22137;6191114623484;3XL;235;25H;;1,00;
16/02/2026;016;22146;6191114629998;M;995;25H;;1,00;
16/02/2026;016;22147;6191114625082;L;000;25H;;1,00;
16/02/2026;016;22147;6191114625143;L;815;25H;;1,00;
16/02/2026;016;22150;6191114625679;XXL;995;25H;;1,00;
16/02/2026;016;22163;6191114659803;M;C790;25H;;1,00;
16/02/2026;016;22163;6191114659827;L;C790;25H;;-1,00;
16/02/2026;016;22163;6191114659841;XL;C790;25H;;1,00;
16/02/2026;016;22177;6191114628946;3XL;010;25H;;1,00;
16/02/2026;016;22183;6191114629523;L;385;25H;;1,00;
16/02/2026;016;22183;6191114629561;XXL;385;25H;;1,00;
16/02/2026;016;22190;6191114627840;XL;995;25H;;1,00;
16/02/2026;016;22207;6191114640498;XXL;995;25H;;1,00;
16/02/2026;016;22213;6191114648968;XS;815;25H;;1,00;
16/02/2026;016;22223;6191114643567;L;995;25H;;1,00;
16/02/2026;016;22239;6191114644915;S;815;25H;;1,00;
16/02/2026;016;22242;6191114647671;3XL;380;25H;;1,00;
16/02/2026;016;22246;6191114648852;XL;995;25H;;1,00;
16/02/2026;016;22250;6191114649545;S;815;25H;;1,00;
16/02/2026;016;22252;6191114650206;3XL;995;25H;;1,00;
16/02/2026;016;22253;6191114650237;M;995;25H;;1,00;
16/02/2026;016;22255;6191114650350;M;995;25H;;1,00;
16/02/2026;016;22263;6191114651517;M;870;25H;;1,00;
16/02/2026;016;22264;6191114651722;3XL;995;25H;;1,00;
16/02/2026;016;22265;6191114651791;XXL;995;25H;;1,00;
16/02/2026;016;22269;6191114653214;XXL;695;25H;;1,00;
16/02/2026;016;22271;6191114652378;L;870;25H;;-1,00;
16/02/2026;016;22271;6191114652422;XL;695;25H;;1,00;
16/02/2026;016;22275;6191114652972;XL;385;25H;;2,00;
16/02/2026;016;22278;6191114653528;3XL;995;25H;;1,00;
16/02/2026;016;22285;6191114654334;M;385;25H;;1,00;
16/02/2026;016;22294;6191114656086;L;820;25H;;-1,00;
16/02/2026;016;22302;6191114657205;S;245;25H;;1,00;
16/02/2026;016;22306;6191114669093;XXL;995;25H;;1,00;
16/02/2026;016;22307;6191114670075;3XL;M870;25H;;1,00;
16/02/2026;016;22316;6191114658509;M;476;25H;;1,00;
16/02/2026;016;22318;6191114659056;3XL;235;25H;;1,00;
16/02/2026;016;22347;6191114668584;S;I815;25H;;1,00;
16/02/2026;016;22414;6191114672796;2XL/3;805;26E;;1,00;
16/02/2026;016;55808;6191114641235;L;975;25H;;1,00;
16/02/2026;016;55813;6191114645240;L;940;25H;;1,00;
16/02/2026;016;55816;6191114648418;M;R385;25H;;1,00;
16/02/2026;016;55816;6191114648456;L;R990;25H;;1,00;
16/02/2026;016;55817;6191114654792;XL;385;25H;;1,00;
16/02/2026;016;55817;6191114654808;XL;695;25H;;1,00;
16/02/2026;016;70202;6191114608122;S;010;25H;;1,00;
16/02/2026;016;70214;6191114623781;XL;195;25H;;1,00;
16/02/2026;016;70227;6191114652286;4XL;I875;25H;;1,00;
16/02/2026;016;70231;6191114658745;XXL;C995;25H;;1,00;
16/02/2026;016;70233;6191114658929;4XL;995;25H;;1,00;
16/02/2026;016;91273;6194444115674;TU;815;22H;;1,00;
16/02/2026;016;91508;6191114624993;38;815;25H;;-1,00;
16/02/2026;019;20726;6191114363342;XXL;705;24E;;1,00;
16/02/2026;019;21472;6191114532069;M;995;24H;;1,00;
16/02/2026;019;21604;6191114549098;S;R350;25E;;1,00;
16/02/2026;019;21910;6191114600775;XXL;310;25E;;1,00;
16/02/2026;019;21911;6191114600867;L;000;25E;;1,00;
16/02/2026;019;22006;6191114606968;3XL;815;25H;;1,00;
16/02/2026;019;22031;6191114610781;M;995;25H;;1,00;
16/02/2026;019;22053;6191114617322;XL;385;25H;;1,00;
16/02/2026;019;22081;6191114617070;XL;380;25H;;1,00;
16/02/2026;019;22092;6191114620346;XXL;995;25H;;1,00;
16/02/2026;019;22113;6191114645769;XXL;990;25H;;1,00;
16/02/2026;019;22117;6191114646315;XXL;995;25H;;-1,00;
16/02/2026;019;22118;6191114646377;M;995;25H;;1,00;
16/02/2026;019;22128;6191114622975;M;385;25H;;1,00;
16/02/2026;019;22128;6191114623002;L;385;25H;;1,00;
16/02/2026;019;22128;6191114623019;L;870;25H;;1,00;
16/02/2026;019;22164;6191114649422;S;995;25H;;1,00;
16/02/2026;019;22186;6191114627758;XL;385;25H;;1,00;
16/02/2026;019;22190;6191114627833;L;995;25H;;1,00;
16/02/2026;019;22199;6191114631106;XL;995;25H;;1,00;
16/02/2026;019;22202;6191114630499;S;790;25H;;1,00;
16/02/2026;019;22206;6191114630864;M;995;25H;;1,00;
16/02/2026;019;22217;6191114642850;XL;000;25H;;1,00;
16/02/2026;019;22222;6191114643437;XL;685;25H;;1,00;
16/02/2026;019;22222;6191114643468;3XL;995;25H;;1,00;
16/02/2026;019;22222;6191114643475;3XL;010;25H;;1,00;
16/02/2026;019;22223;6191114643543;L;645;25H;;1,00;
16/02/2026;019;22223;6191114643567;L;995;25H;;1,00;
16/02/2026;019;22239;6191114645011;XL;995;25H;;1,00;
16/02/2026;019;22261;6191114651272;XL;385;25H;;1,00;
16/02/2026;019;22274;6191114652880;XL;995;25H;;1,00;
16/02/2026;019;22278;6191114653511;XXL;995;25H;;1,00;
16/02/2026;019;22279;6191114653641;L;000;25H;;1,00;
16/02/2026;019;22302;6191114657250;XL;995;25H;;1,00;
16/02/2026;019;22306;6191114669086;XL;995;25H;;1,00;
16/02/2026;019;22320;6191114659186;XL;870;25H;;1,00;
16/02/2026;019;27671;6191113770226;L;I695;20H;;1,00;
16/02/2026;019;55816;6191114648494;XXL;R995;25H;;1,00;
16/02/2026;019;70214;6191114623798;XXL;995;25H;;1,00;
16/02/2026;019;70220;6191114631205;XL;695;25H;;1,00;
16/02/2026;019;91512;6191114626423;TU;995;25H;;1,00;
16/02/2026;021;21705;6191114567092;XXL;995;25E;;-1,00;
16/02/2026;021;22012;6191114607514;M;010;25H;;1,00;
16/02/2026;021;22025;6191114610040;S;995;25H;;1,00;
16/02/2026;021;22061;6191114618183;XL;R385;25H;;-1,00;
16/02/2026;021;22061;6191114618190;XL;R350;25H;;1,00;
16/02/2026;021;22061;6191114618206;XXL;R385;25H;;1,00;
16/02/2026;021;22064;6191114618787;XL;175;25H;;1,00;
16/02/2026;021;22073;6191114616271;M;870;25H;;1,00;
16/02/2026;021;22089;6191114619968;XXL;995;25H;;1,00;
16/02/2026;021;22110;6191114622463;S;255;25H;;1,00;
16/02/2026;021;22111;6191114622586;S;385;25H;;1,00;
16/02/2026;021;22113;6191114645660;S;005;25H;;1,00;
16/02/2026;021;22137;6191114623422;XL;235;25H;;1,00;
16/02/2026;021;22174;6191114628762;XXL;990;25H;;-1,00;
16/02/2026;021;22186;6191114627765;XL;784;25H;;1,00;
16/02/2026;021;22190;6191114627826;M;995;25H;;1,00;
16/02/2026;021;22239;6191114645011;XL;995;25H;;1,00;
16/02/2026;021;22275;6191114652934;M;385;25H;;1,00;
16/02/2026;021;22291;6191114655447;XL;995;25H;;1,00;
16/02/2026;021;22295;6191114656277;XXL;695;25H;;1,00;
16/02/2026;021;22320;6191114659193;XL;825;25H;;1,00;
16/02/2026;021;70227;6191114652194;L;I740;25H;;1,00;
16/02/2026;021;70232;6191114658820;XL;995;25H;;1,00;
16/02/2026;021;91528;6191114640177;36;870;25H;;1,00;
16/02/2026;024;21189;6191114471221;M;I625;24H;;1,00;
16/02/2026;024;21235;6191114477704;36;815;24H;;1,00;
16/02/2026;024;21358;6191114503700;XL;995;24H;;1,00;
16/02/2026;024;22025;6191114610101;XL;995;25H;;1,00;
16/02/2026;024;22036;6191114611146;M;R995;25H;;1,00;
16/02/2026;024;22045;6191114611764;3XL;995;25H;;1,00;
16/02/2026;024;22058;6191114617933;L;000;25H;;1,00;
16/02/2026;024;22061;6191114618176;L;R350;25H;;1,00;
16/02/2026;024;22061;6191114618190;XL;R350;25H;;1,00;
16/02/2026;024;22064;6191114618756;XL;815;25H;;1,00;
16/02/2026;024;22064;6191114618787;XL;175;25H;;1,00;
16/02/2026;024;22064;6191114618794;XL;855;25H;;1,00;
16/02/2026;024;22072;6191114616219;L;476;25H;;1,00;
16/02/2026;024;22089;6191114619913;L;385;25H;;1,00;
16/02/2026;024;22097;6191114620827;4XL;995;25H;;1,00;
16/02/2026;024;22111;6191114622616;XL;385;25H;;1,00;
16/02/2026;024;22116;6191114646209;3XL;770;25H;;1,00;
16/02/2026;024;22121;6191114646575;S;995;25H;;1,00;
16/02/2026;024;22128;6191114622975;M;385;25H;;1,00;
16/02/2026;024;22129;6191114623163;L;995;25H;;1,00;
16/02/2026;024;22131;6191114623644;XL;995;25H;;1,00;
16/02/2026;024;22132;6191114623866;L;224;25H;;1,00;
16/02/2026;024;22139;6191114624450;L;995;25H;;1,00;
16/02/2026;024;22142;6191114624719;M;195;25H;;1,00;
16/02/2026;024;22164;6191114649484;XL;995;25H;;1,00;
16/02/2026;024;22170;6191114626928;L;R385;25H;;1,00;
16/02/2026;024;22177;6191114628908;XL;010;25H;;1,00;
16/02/2026;024;22182;6191114629400;XL;995;25H;;1,00;
16/02/2026;024;22183;6191114629509;M;385;25H;;-1,00;
16/02/2026;024;22194;6191114628151;M;I385;25H;;1,00;
16/02/2026;024;22194;6191114628212;XL;I385;25H;;1,00;
16/02/2026;024;22195;6191114628359;L;215;25H;;1,00;
16/02/2026;024;22201;6191114630444;XXL;815;25H;;1,00;
16/02/2026;024;22206;6191114630925;XXL;995;25H;;1,00;
16/02/2026;024;22212;6191114641495;M;255;25H;;1,00;
16/02/2026;024;22217;6191114642812;M;000;25H;;1,00;
16/02/2026;024;22233;6191114645103;3XL;000;25H;;-1,00;
16/02/2026;024;22238;6191114644885;XL;I995;25H;;1,00;
16/02/2026;024;22257;6191114650657;4XL;I350;25H;;1,00;
16/02/2026;024;22261;6191114651241;M;490;25H;;1,00;
16/02/2026;024;22262;6191114651388;L;490;25H;;1,00;
16/02/2026;024;22280;6191114653870;XL;995;25H;;1,00;
16/02/2026;024;22280;6191114653894;XXL;645;25H;;1,00;
16/02/2026;024;22292;6191114655669;L;870;25H;;1,00;
16/02/2026;024;22292;6191114655683;XL;870;25H;;1,00;
16/02/2026;024;22296;6191114656451;S;215;25H;;-1,00;
16/02/2026;024;22301;6191114657106;M;215;25H;;1,00;
16/02/2026;024;22307;6191114669987;L;M870;25H;;1,00;
16/02/2026;024;22311;6191114658080;M;I995;25H;;1,00;
16/02/2026;024;22321;6191114659285;M;870;25H;;1,00;
16/02/2026;024;22330;6191114660090;XXL;724;25H;;1,00;
16/02/2026;024;22332;6191114660519;M;940;25H;;1,00;
16/02/2026;024;22414;6191114676985;L/XL;995;26E;;1,00;
16/02/2026;024;55808;6191114641235;L;975;25H;;1,00;
16/02/2026;024;55816;6191114648487;XL;R990;25H;;1,00;
16/02/2026;024;70210;6191114619197;L;R350;25H;;1,00;
16/02/2026;024;70210;6191114619203;XL;R385;25H;;1,00;
16/02/2026;024;70231;6191114658769;3XL;C995;25H;;1,00;
16/02/2026;024;70241;6191114672628;M;870;26E;;1,00;
16/02/2026;024;70241;6191114672635;L;870;26E;;1,00;
16/02/2026;029;21830;6191114583382;L;995;25E;;1,00;
16/02/2026;029;22036;6191114611160;L;R995;25H;;1,00;
16/02/2026;029;22045;6191114611702;L;995;25H;;1,00;
16/02/2026;029;22142;6191114624757;XL;995;25H;;1,00;
16/02/2026;029;22183;6191114629530;L;995;25H;;1,00;
16/02/2026;029;22207;6191114640474;XL;880;25H;;1,00;
16/02/2026;029;22257;6191114650558;L;I195;25H;;1,00;
16/02/2026;029;22269;6191114653214;XXL;695;25H;;1,00;
16/02/2026;029;22279;6191114653696;XXL;995;25H;;1,00;
16/02/2026;029;22295;6191114656222;L;995;25H;;1,00;
16/02/2026;029;66479;6191114492967;XXL;995;24H;;2,00;
16/02/2026;029;66480;6191114493025;XXL;995;24H;;1,00;
16/02/2026;030;21658;6191114553699;M;000;25E;;1,00;
16/02/2026;030;21831;6191114583535;L;995;25E;;1,00;
16/02/2026;030;21835;6191114584150;L;235;25E;;1,00;
16/02/2026;030;22010;6191114607293;L;995;25H;;1,00;
16/02/2026;030;22012;6191114607545;XL;995;25H;;1,00;
16/02/2026;030;22030;6191114610736;XXL;010;25H;;1,00;
16/02/2026;030;22049;6191114612112;L;815;25H;;1,00;
16/02/2026;030;22049;6191114612129;L;995;25H;;1,00;
16/02/2026;030;22049;6191114612150;XXL;815;25H;;1,00;
16/02/2026;030;22052;6191114617216;XL;385;25H;;1,00;
16/02/2026;030;22064;6191114618756;XL;815;25H;;1,00;
16/02/2026;030;22072;6191114616202;M;476;25H;;1,00;
16/02/2026;030;22080;6191114616998;L;476;25H;;1,00;
16/02/2026;030;22091;6191114620216;XXL;815;25H;;1,00;
16/02/2026;030;22095;6191114620506;S;R350;25H;;1,00;
16/02/2026;030;22128;6191114622951;S;870;25H;;1,00;
16/02/2026;030;22128;6191114622968;S;995;25H;;1,00;
16/02/2026;030;22128;6191114623057;XL;995;25H;;1,00;
16/02/2026;030;22158;6191114626027;L;880;25H;;1,00;
16/02/2026;030;22164;6191114649460;L;995;25H;;1,00;
16/02/2026;030;22180;6191114629219;M;995;25H;;1,00;
16/02/2026;030;22181;6191114629240;S;995;25H;;1,00;
16/02/2026;030;22186;6191114627727;M;784;25H;;1,00;
16/02/2026;030;22202;6191114630550;XL;790;25H;;1,00;
16/02/2026;030;22244;6191114647930;M;215;25H;;1,00;
16/02/2026;030;22245;6191114648197;L;645;25H;;1,00;
16/02/2026;030;22245;6191114648272;M;010;25H;;1,00;
16/02/2026;030;22246;6191114648807;M;870;25H;;1,00;
16/02/2026;030;22285;6191114654372;XL;385;25H;;1,00;
16/02/2026;030;22288;6191114654662;L;995;25H;;1,00;
16/02/2026;030;22288;6191114654679;XL;995;25H;;1,00;
16/02/2026;030;22319;6191114670235;M;995;25H;;1,00;
16/02/2026;030;22319;6191114670242;L;995;25H;;-1,00;
16/02/2026;030;22325;6191114659933;M;995;25H;;1,00;
16/02/2026;030;22331;6191114660199;M;995;25H;;1,00;
16/02/2026;030;22338;6191114660885;S;170;25H;;1,00;
16/02/2026;030;22397;6191114671867;3XL;870;26E;;1,00;
16/02/2026;030;22398;6191114671911;XXL;870;26E;;1,00;
16/02/2026;030;55813;6191114645271;XL;940;25H;;1,00;
16/02/2026;030;55816;6191114648487;XL;R990;25H;;1,00;
16/02/2026;030;55816;6191114648517;XXL;R990;25H;;1,00;
16/02/2026;030;70201;6191114607996;S;R870;25H;;1,00;
16/02/2026;030;70206;6191114612464;XXL;995;25H;;1,00;
16/02/2026;030;70226;6191114651999;M;I815;25H;;1,00;
16/02/2026;030;70231;6191114658653;S;C000;25H;;1,00;
16/02/2026;030;91500;6191114626287;TU;195;25H;;1,00;
16/02/2026;031;22033;6191114611016;S;695;25H;;1,00;
16/02/2026;031;22073;6191114616318;XL;870;25H;;-1,00;
16/02/2026;031;22073;6191114616332;XXL;870;25H;;1,00;
16/02/2026;031;22088;6191114619821;XXL;995;25H;;1,00;
16/02/2026;031;22089;6191114619982;3XL;995;25H;;1,00;
16/02/2026;031;22184;6191114629660;XXL;995;25H;;1,00;
16/02/2026;031;22250;6191114649590;M;784;25H;;1,00;
16/02/2026;031;22250;6191114649620;L;784;25H;;-1,00;
16/02/2026;031;22257;6191114650619;XXL;I195;25H;;1,00;
16/02/2026;031;22257;6191114650640;3XL;I195;25H;;-1,00;
16/02/2026;031;22258;6191114650718;M;385;25H;;1,00;
16/02/2026;031;22261;6191114651258;L;385;25H;;1,00;
16/02/2026;031;22269;6191114653160;XS;695;25H;;1,00;
16/02/2026;031;22292;6191114655683;XL;870;25H;;1,00;
16/02/2026;031;22316;6191114658523;XL;476;25H;;1,00;
16/02/2026;031;22351;6191114668829;M;I815;25H;;1,00;
16/02/2026;031;22388;6191114669635;XL;R815;26E;;1,00;
16/02/2026;031;22397;6191114671867;3XL;870;26E;;1,00;
16/02/2026;031;22398;6191114671928;3XL;870;26E;;1,00;
16/02/2026;031;66481;6191114502222;L/XL;200;24H;;1,00;
16/02/2026;031;91529;6191114640368;40;875;25H;;1,00;
16/02/2026;032;22012;6191114607552;XL;010;25H;;1,00;
16/02/2026;032;22032;6191114610934;L;940;25H;;1,00;
16/02/2026;032;22036;6191114611207;XXL;R995;25H;;1,00;
16/02/2026;032;22061;6191114618176;L;R350;25H;;1,00;
16/02/2026;032;22139;6191114624436;M;940;25H;;-1,00;
16/02/2026;032;22139;6191114624498;XL;940;25H;;1,00;
16/02/2026;032;22212;6191114641549;XL;385;25H;;1,00;
16/02/2026;032;22212;6191114641556;XL;255;25H;;1,00;
16/02/2026;032;22258;6191114650770;XL;385;25H;;-1,00;
16/02/2026;032;22258;6191114650800;XXL;385;25H;;1,00;
16/02/2026;032;22270;6191114649934;M;995;25H;;1,00;
16/02/2026;032;22295;6191114656260;XXL;995;25H;;1,00;
16/02/2026;032;22296;6191114656543;XL;215;25H;;1,00;
16/02/2026;032;22307;6191114669970;L;M815;25H;;1,00;
16/02/2026;032;22328;6191114661417;XL;995;25H;;1,00;
16/02/2026;032;22328;6191114661431;3XL;995;25H;;1,00;
16/02/2026;032;22351;6191114668843;XL;I815;25H;;1,00;
16/02/2026;032;55808;6191114641204;M;975;25H;;1,00;
16/02/2026;032;55811;6191114644557;S;R310;25H;;1,00;
16/02/2026;032;55816;6191114648388;S;R385;25H;;1,00;
16/02/2026;032;55834;6191114676749;M;515;26E;;1,00;
16/02/2026;033;70208;6191114612624;S;R385;25H;;1,00;
17/02/2026;002;20258;6191114259065;L;I790;23H;;1,00;
17/02/2026;002;20834;6191114396555;S/M;235;24E;;1,00;
17/02/2026;002;21126;6191114462168;3XL;R195;24H;;1,00;
17/02/2026;002;21131;6191114462700;XL;010;24H;;-1,00;
17/02/2026;002;21189;6191114471238;M;I350;24H;;1,00;
17/02/2026;002;21235;6191114477704;36;815;24H;;1,00;
17/02/2026;002;21351;6191114502055;L/XL;200;24H;;1,00;
17/02/2026;002;21358;6191114503724;3XL;995;24H;;1,00;
17/02/2026;002;21359;6191114503748;M;995;24H;;1,00;
17/02/2026;002;21405;6191114513655;XL;995;24H;;1,00;
17/02/2026;002;21405;6191114513709;3XL;950;24H;;1,00;
17/02/2026;002;21437;6191114528154;XL;995;24H;;2,00;
17/02/2026;002;21569;6191114546097;XXL;784;25E;;1,00;
17/02/2026;002;21570;6191114546240;XXL;385;25E;;1,00;
17/02/2026;002;21831;6191114583597;XXL;995;25E;;2,00;
17/02/2026;002;21831;6191114583610;XXL;200;25E;;1,00;
17/02/2026;002;21832;6191114583764;XXL;200;25E;;2,00;
17/02/2026;002;21832;6191114583771;3XL;995;25E;;1,00;
17/02/2026;002;21835;6191114584075;M;235;25E;;1,00;
17/02/2026;002;22006;6191114606968;3XL;815;25H;;1,00;
17/02/2026;002;22017;6191114609228;XXL;995;25H;;1,00;
17/02/2026;002;22017;6191114609242;3XL;995;25H;;1,00;
17/02/2026;002;22017;6191114609259;3XL;010;25H;;1,00;
17/02/2026;002;22020;6191114619302;XXL;815;25H;;2,00;
17/02/2026;002;22021;6191114609679;3XL;385;25H;;1,00;
17/02/2026;002;22032;6191114610989;3XL;995;25H;;1,00;
17/02/2026;002;22040;6191114611566;L;R010;25H;;1,00;
17/02/2026;002;22040;6191114611580;XXL;R010;25H;;1,00;
17/02/2026;002;22061;6191114618220;3XL;R385;25H;;1,00;
17/02/2026;002;22096;6191114620599;L;385;25H;;1,00;
17/02/2026;002;22108;6191114622142;M;870;25H;;-1,00;
17/02/2026;002;22114;6191114645905;3XL;020;25H;;1,00;
17/02/2026;002;22123;6191114646698;S;995;25H;;1,00;
17/02/2026;002;22132;6191114623897;XXL;794;25H;;1,00;
17/02/2026;002;22139;6191114624511;XXL;995;25H;;1,00;
17/02/2026;002;22142;6191114624801;XXL;195;25H;;1,00;
17/02/2026;002;22150;6191114625679;XXL;995;25H;;1,00;
17/02/2026;002;22177;6191114628946;3XL;010;25H;;1,00;
17/02/2026;002;22191;6191114627932;XL;P995;25H;;1,00;
17/02/2026;002;22193;6191114628076;L;995;25H;;1,00;
17/02/2026;002;22194;6191114628243;XXL;I385;25H;;1,00;
17/02/2026;002;22195;6191114628298;S;215;25H;;1,00;
17/02/2026;002;22212;6191114641624;3XL;235;25H;;1,00;
17/02/2026;002;22222;6191114643413;XL;995;25H;;1,00;
17/02/2026;002;22244;6191114647961;L;215;25H;;2,00;
17/02/2026;002;22244;6191114647992;XL;215;25H;;1,00;
17/02/2026;002;22256;6191114650459;3XL;995;25H;;1,00;
17/02/2026;002;22259;6191114650893;S;010;25H;;1,00;
17/02/2026;002;22262;6191114651357;M;385;25H;;1,00;
17/02/2026;002;22271;6191114652460;3XL;870;25H;;1,00;
17/02/2026;002;22271;6191114652477;3XL;010;25H;;1,00;
17/02/2026;002;22273;6191114652842;3XL;824;25H;;1,00;
17/02/2026;002;22293;6191114655867;S;995;25H;;1,00;
17/02/2026;002;22316;6191114658509;M;476;25H;;1,00;
17/02/2026;002;22322;6191114659469;L;645;25H;;1,00;
17/02/2026;002;22330;6191114660090;XXL;724;25H;;1,00;
17/02/2026;002;22330;6191114660106;XXL;220;25H;;1,00;
17/02/2026;002;22331;6191114660397;L;495;25H;;1,00;
17/02/2026;002;22332;6191114660496;S;940;25H;;-1,00;
17/02/2026;002;22398;6191114671911;XXL;870;26E;;1,00;
17/02/2026;002;22414;6191114672789;L/XL;770;26E;;1,00;
17/02/2026;002;55806;6191114640924;XXL;870;25H;;1,00;
17/02/2026;002;55811;6191114644564;S;R784;25H;;1,00;
17/02/2026;002;70210;6191114619210;XL;R350;25H;;-1,00;
17/02/2026;002;70224;6191114641778;M;385;25H;;1,00;
17/02/2026;002;70231;6191114658714;XL;C000;25H;;1,00;
17/02/2026;002;70241;6191114672635;L;870;26E;;1,00;
17/02/2026;002;91529;6191114640276;36;385;25H;;1,00;
17/02/2026;005;21380;6191114508422;XL;875;24H;;-1,00;
17/02/2026;005;21401;6191114512641;3XL;790;24H;;1,00;
17/02/2026;005;22019;6191114609440;XL;815;25H;;1,00;
17/02/2026;005;22019;6191114609457;XL;995;25H;;1,00;
17/02/2026;005;22066;6191114615595;L;815;25H;;1,00;
17/02/2026;005;22088;6191114619869;4XL;995;25H;;1,00;
17/02/2026;005;22089;6191114620001;4XL;995;25H;;1,00;
17/02/2026;005;22113;6191114645714;L;990;25H;;1,00;
17/02/2026;005;22117;6191114648999;L;940;25H;;1,00;
17/02/2026;005;22238;6191114644878;L;I995;25H;;1,00;
17/02/2026;005;22252;6191114650152;L;255;25H;;1,00;
17/02/2026;005;22253;6191114650244;L;995;25H;;1,00;
17/02/2026;005;22254;6191114650305;L;995;25H;;1,00;
17/02/2026;005;22257;6191114650510;M;I740;25H;;1,00;
17/02/2026;005;22263;6191114651548;L;870;25H;;1,00;
17/02/2026;005;22265;6191114651791;XXL;995;25H;;1,00;
17/02/2026;005;22276;6191114655799;L;995;25H;;1,00;
17/02/2026;005;22282;6191114654051;L;I815;25H;;1,00;
17/02/2026;005;22287;6191114654563;L;995;25H;;1,00;
17/02/2026;005;22291;6191114655478;XXL;495;25H;;1,00;
17/02/2026;005;22301;6191114657083;S;215;25H;;1,00;
17/02/2026;005;22307;6191114670013;XL;M870;25H;;1,00;
17/02/2026;005;22318;6191114659056;3XL;235;25H;;1,00;
17/02/2026;005;55816;6191114648432;L;R995;25H;;1,00;
17/02/2026;005;55816;6191114648449;L;R385;25H;;1,00;
17/02/2026;005;70210;6191114619227;XXL;R385;25H;;1,00;
17/02/2026;005;70226;6191114652026;L;I815;25H;;1,00;
17/02/2026;005;70231;6191114658677;M;C000;25H;;1,00;
17/02/2026;005;70231;6191114658752;3XL;C000;25H;;1,00;
17/02/2026;005;70232;6191114658806;M;995;25H;;1,00;
17/02/2026;009;22037;6191114611276;M;010;25H;;1,00;
17/02/2026;009;22096;6191114622234;3XL;870;25H;;1,00;
17/02/2026;009;22113;6191114645684;M;990;25H;;1,00;
17/02/2026;009;22121;6191114646599;L;995;25H;;1,00;
17/02/2026;009;22124;6191114646872;XL;645;25H;;1,00;
17/02/2026;009;22127;6191114649088;XXL;770;25H;;1,00;
17/02/2026;009;22132;6191114623835;M;794;25H;;1,00;
17/02/2026;009;22146;6191114630000;L;995;25H;;1,00;
17/02/2026;009;22182;6191114629431;XXL;995;25H;;1,00;
17/02/2026;009;22183;6191114629554;XL;995;25H;;1,00;
17/02/2026;009;22183;6191114629585;3XL;385;25H;;1,00;
17/02/2026;009;22195;6191114628359;L;215;25H;;1,00;
17/02/2026;009;22195;6191114628618;XXL;210;25H;;1,00;
17/02/2026;009;22212;6191114641549;XL;385;25H;;1,00;
17/02/2026;009;22217;6191114642836;L;000;25H;;1,00;
17/02/2026;009;22256;6191114650459;3XL;995;25H;;1,00;
17/02/2026;009;22257;6191114650565;XL;I350;25H;;1,00;
17/02/2026;009;22258;6191114650763;L;740;25H;;1,00;
17/02/2026;009;22284;6191114654211;L;385;25H;;1,00;
17/02/2026;009;22285;6191114654358;L;385;25H;;1,00;
17/02/2026;009;22302;6191114657304;3XL;245;25H;;1,00;
17/02/2026;009;22390;6191114673496;TU;920;26E;;1,00;
17/02/2026;009;55815;6191114669338;XL;995;25H;;1,00;
17/02/2026;009;55817;6191114654785;L;790;25H;;1,00;
17/02/2026;009;55818;6191114655003;L;824;25H;;1,00;
17/02/2026;009;55818;6191114658318;L;535;25H;;1,00;
17/02/2026;009;70214;6191114623774;XL;995;25H;;1,00;
17/02/2026;009;91272;6194444115667;TU;815;22H;;1,00;
17/02/2026;011;21119;6191114453852;3XL;R815;24H;;1,00;
17/02/2026;011;22045;6191114611740;XXL;995;25H;;1,00;
17/02/2026;011;22060;6191114618053;L;310;25H;;1,00;
17/02/2026;011;22061;6191114618145;M;R385;25H;;1,00;
17/02/2026;011;22106;6191114621503;XXL;990;25H;;1,00;
17/02/2026;011;22117;6191114646315;XXL;995;25H;;1,00;
17/02/2026;011;22183;6191114629547;XL;385;25H;;1,00;
17/02/2026;011;22207;6191114640450;L;784;25H;;1,00;
17/02/2026;011;22209;6191114640733;XL;815;25H;;1,00;
17/02/2026;011;22211;6191114641396;XL;694;25H;;1,00;
17/02/2026;011;22229;6191114644014;L;995;25H;;1,00;
17/02/2026;011;22246;6191114648869;XXL;870;25H;;1,00;
17/02/2026;011;22257;6191114650527;M;I195;25H;;1,00;
17/02/2026;011;22279;6191114653733;3XL;000;25H;;1,00;
17/02/2026;011;22282;6191114654051;L;I815;25H;;1,00;
17/02/2026;011;29492;6191114111196;XXL;815;23E;;1,00;
17/02/2026;011;55800;6191114621657;XXL;995;25H;;1,00;
17/02/2026;011;55808;6191114641266;XL;975;25H;;1,00;
17/02/2026;011;55811;6191114644595;L;R310;25H;;1,00;
17/02/2026;011;70226;6191114651944;S;I995;25H;;1,00;
17/02/2026;014;21438;6191114528192;M;995;24H;;1,00;
17/02/2026;014;21830;6191114583412;XL;995;25E;;1,00;
17/02/2026;014;21835;6191114584273;XXL;385;25E;;1,00;
17/02/2026;014;21906;6191114600140;XL;000;25E;;1,00;
17/02/2026;014;21915;6191114601208;S;010;25E;;1,00;
17/02/2026;014;22029;6191114610606;XXL;010;25H;;1,00;
17/02/2026;014;22030;6191114610644;S;995;25H;;1,00;
17/02/2026;014;22032;6191114610958;XL;940;25H;;1,00;
17/02/2026;014;22036;6191114611177;L;R010;25H;;1,00;
17/02/2026;014;22047;6191114611849;S;385;25H;;1,00;
17/02/2026;014;22056;6191114617735;XXL;000;25H;;1,00;
17/02/2026;014;22062;6191114618350;XL;195;25H;;1,00;
17/02/2026;014;22066;6191114615571;M;815;25H;;1,00;
17/02/2026;014;22067;6191114615663;S;380;25H;;1,00;
17/02/2026;014;22073;6191114616318;XL;870;25H;;1,00;
17/02/2026;014;22085;6191114619418;XL;195;25H;;1,00;
17/02/2026;014;22088;6191114619807;XL;995;25H;;1,00;
17/02/2026;014;22089;6191114619920;L;995;25H;;1,00;
17/02/2026;014;22103;6191114621176;XXL;995;25H;;1,00;
17/02/2026;014;22120;6191114646469;S;495;25H;;1,00;
17/02/2026;014;22120;6191114646483;M;495;25H;;1,00;
17/02/2026;014;22121;6191114646582;M;995;25H;;-1,00;
17/02/2026;014;22128;6191114623064;XXL;385;25H;;1,00;
17/02/2026;014;22129;6191114623156;L;385;25H;;1,00;
17/02/2026;014;22129;6191114623170;L;010;25H;;1,00;
17/02/2026;014;22130;6191114623491;XS;995;25H;;1,00;
17/02/2026;014;22131;6191114623613;S;995;25H;;1,00;
17/02/2026;014;22150;6191114625655;XL;995;25H;;1,00;
17/02/2026;014;22162;6191114647244;XL;995;25H;;1,00;
17/02/2026;014;22173;6191114628700;XXL;995;25H;;1,00;
17/02/2026;014;22200;6191114630284;L;010;25H;;1,00;
17/02/2026;014;22201;6191114630406;L;815;25H;;1,00;
17/02/2026;014;22202;6191114630512;M;790;25H;;1,00;
17/02/2026;014;22209;6191114640788;3XL;870;25H;;1,00;
17/02/2026;014;22217;6191114642836;L;000;25H;;1,00;
17/02/2026;014;22239;6191114645004;XL;815;25H;;1,00;
17/02/2026;014;22243;6191114647817;XL;215;25H;;1,00;
17/02/2026;014;22244;6191114647992;XL;215;25H;;1,00;
17/02/2026;014;22246;6191114648845;XL;870;25H;;1,00;
17/02/2026;014;22251;6191114650046;XL;995;25H;;1,00;
17/02/2026;014;22253;6191114650251;XL;995;25H;;1,00;
17/02/2026;014;22257;6191114650527;M;I195;25H;;1,00;
17/02/2026;014;22271;6191114652361;M;695;25H;;1,00;
17/02/2026;014;22272;6191114652668;3XL;010;25H;;1,00;
17/02/2026;014;22276;6191114655782;L;385;25H;;1,00;
17/02/2026;014;22289;6191114655195;XS;476;25H;;1,00;
17/02/2026;014;22301;6191114657076;S;995;25H;;2,00;
17/02/2026;014;22301;6191114657120;L;215;25H;;-1,00;
17/02/2026;014;22306;6191114669109;3XL;995;25H;;1,00;
17/02/2026;014;22317;6191114658561;S;195;25H;;1,00;
17/02/2026;014;22319;6191114670211;XS;995;25H;;1,00;
17/02/2026;014;22320;6191114659254;4XL;825;25H;;1,00;
17/02/2026;014;22321;6191114659377;3XL;825;25H;;1,00;
17/02/2026;014;22330;6191114660069;L;220;25H;;1,00;
17/02/2026;014;22330;6191114660083;XL;220;25H;;1,00;
17/02/2026;014;22330;6191114660113;3XL;724;25H;;1,00;
17/02/2026;014;22330;6191114660120;3XL;220;25H;;1,00;
17/02/2026;014;22331;6191114660151;S;995;25H;;1,00;
17/02/2026;014;22331;6191114660243;L;390;25H;;1,00;
17/02/2026;014;22331;6191114660397;L;495;25H;;1,00;
17/02/2026;014;22338;6191114660885;S;170;25H;;1,00;
17/02/2026;014;22338;6191114660892;M;170;25H;;1,00;
17/02/2026;014;22414;6191114672765;S/M;770;26E;;1,00;
17/02/2026;014;22414;6191114672802;2XL/3;770;26E;;1,00;
17/02/2026;014;22414;6191114676992;2XL/3;995;26E;;1,00;
17/02/2026;014;55813;6191114645301;XXL;940;25H;;1,00;
17/02/2026;014;70166;6191114600959;L;385;25E;;1,00;
17/02/2026;014;70202;6191114608160;L;010;25H;;1,00;
17/02/2026;014;70209;6191114612730;S;R170;25H;;1,00;
17/02/2026;014;70221;6191114631274;S;I995;25H;;1,00;
17/02/2026;014;70224;6191114641792;L;385;25H;;1,00;
17/02/2026;014;70226;6191114651951;S;I880;25H;;1,00;
17/02/2026;014;70227;6191114652200;L;I875;25H;;1,00;
17/02/2026;014;70233;6191114658929;4XL;995;25H;;1,00;
17/02/2026;014;91529;6191114640368;40;875;25H;;1,00;
17/02/2026;015;20255;6191114258181;L;695;23H;;1,00;
17/02/2026;015;21126;6191114462144;XXL;R634;24H;;1,00;
17/02/2026;015;21131;6191114462717;XL;530;24H;;1,00;
17/02/2026;015;22005;6191114606579;M;645;25H;;1,00;
17/02/2026;015;22005;6191114606616;L;645;25H;;1,00;
17/02/2026;015;22005;6191114606623;L;995;25H;;1,00;
17/02/2026;015;22023;6191114609907;3XL;R385;25H;;1,00;
17/02/2026;015;22030;6191114610699;L;010;25H;;1,00;
17/02/2026;015;22044;6191114622067;3XL;695;25H;;1,00;
17/02/2026;015;22056;6191114617728;XXL;310;25H;;1,00;
17/02/2026;015;22061;6191114618206;XXL;R385;25H;;1,00;
17/02/2026;015;22066;6191114615649;XXL;875;25H;;1,00;
17/02/2026;015;22070;6191114615977;M;385;25H;;1,00;
17/02/2026;015;22070;6191114615984;M;995;25H;;1,00;
17/02/2026;015;22114;6191114645851;XL;815;25H;;1,00;
17/02/2026;015;22129;6191114623101;S;995;25H;;1,00;
17/02/2026;015;22130;6191114623538;M;995;25H;;1,00;
17/02/2026;015;22142;6191114624801;XXL;195;25H;;1,00;
17/02/2026;015;22163;6191114659858;XXL;C790;25H;;1,00;
17/02/2026;015;22177;6191114628953;3XL;215;25H;;1,00;
17/02/2026;015;22183;6191114629523;L;385;25H;;1,00;
17/02/2026;015;22200;6191114648319;S;210;25H;;1,00;
17/02/2026;015;22201;6191114630437;XL;995;25H;;-1,00;
17/02/2026;015;22202;6191114630512;M;790;25H;;1,00;
17/02/2026;015;22213;6191114642300;S;815;25H;;1,00;
17/02/2026;015;22222;6191114643475;3XL;010;25H;;1,00;
17/02/2026;015;22256;6191114652293;4XL;995;25H;;1,00;
17/02/2026;015;22257;6191114650640;3XL;I195;25H;;1,00;
17/02/2026;015;22287;6191114654549;M;995;25H;;1,00;
17/02/2026;015;22320;6191114659209;XXL;870;25H;;1,00;
17/02/2026;015;22414;6191114672765;S/M;770;26E;;1,00;
17/02/2026;015;55818;6191114655096;XXL;995;25H;;1,00;
17/02/2026;015;70205;6191114612334;XXL;385;25H;;1,00;
17/02/2026;015;70205;6191114612341;XXL;695;25H;;1,00;
17/02/2026;015;70216;6191114624313;L;R385;25H;;1,00;
17/02/2026;015;70217;6191114647336;XXL;E385;25H;;1,00;
17/02/2026;015;91272;6194444115667;TU;815;22H;;1,00;
17/02/2026;016;20023;6191114211193;S;385;23H;;1,00;
17/02/2026;016;21182;6191114469495;S;915;24H;;1,00;
17/02/2026;016;21200;6191114471474;M;385;24H;;1,00;
17/02/2026;016;21202;6191114471795;M;535;24H;;1,00;
17/02/2026;016;21223;6191114479241;L;995;24H;;1,00;
17/02/2026;016;21290;6191114485693;S;895;24H;;1,00;
17/02/2026;016;21835;6191114584266;XL;645;25E;;1,00;
17/02/2026;016;22011;6191114607460;3XL;010;25H;;1,00;
17/02/2026;016;22013;6191114607651;L;995;25H;;1,00;
17/02/2026;016;22013;6191114607682;XXL;870;25H;;1,00;
17/02/2026;016;22020;6191114609563;XL;695;25H;;1,00;
17/02/2026;016;22033;6191114611092;XXL;695;25H;;1,00;
17/02/2026;016;22055;6191114624870;XL;995;25H;;1,00;
17/02/2026;016;22064;6191114618794;XL;855;25H;;1,00;
17/02/2026;016;22069;6191114615908;XL;784;25H;;1,00;
17/02/2026;016;22078;6191114616806;XL;995;25H;;1,00;
17/02/2026;016;22085;6191114619425;XL;740;25H;;1,00;
17/02/2026;016;22088;6191114619777;L;385;25H;;1,00;
17/02/2026;016;22088;6191114619814;XXL;385;25H;;1,00;
17/02/2026;016;22097;6191114620773;XXL;385;25H;;-1,00;
17/02/2026;016;22124;6191114646810;S;645;25H;;1,00;
17/02/2026;016;22132;6191114623873;XL;794;25H;;1,00;
17/02/2026;016;22133;6191114623996;L;815;25H;;1,00;
17/02/2026;016;22137;6191114623484;3XL;235;25H;;-1,00;
17/02/2026;016;22163;6191114659827;L;C790;25H;;1,00;
17/02/2026;016;22177;6191114628939;XXL;215;25H;;1,00;
17/02/2026;016;22182;6191114629400;XL;995;25H;;1,00;
17/02/2026;016;22182;6191114629417;XL;784;25H;;1,00;
17/02/2026;016;22183;6191114629561;XXL;385;25H;;1,00;
17/02/2026;016;22183;6191114629578;XXL;995;25H;;1,00;
17/02/2026;016;22191;6191114627949;XL;P010;25H;;1,00;
17/02/2026;016;22206;6191114630888;L;995;25H;;1,00;
17/02/2026;016;22206;6191114630932;XXL;195;25H;;1,00;
17/02/2026;016;22215;6191114642478;M;210;25H;;1,00;
17/02/2026;016;22217;6191114642836;L;000;25H;;1,00;
17/02/2026;016;22239;6191114644984;L;995;25H;;1,00;
17/02/2026;016;22239;6191114645004;XL;815;25H;;1,00;
17/02/2026;016;22250;6191114649668;XXL;815;25H;;1,00;
17/02/2026;016;22275;6191114652989;XL;790;25H;;1,00;
17/02/2026;016;22276;6191114655812;XL;995;25H;;1,00;
17/02/2026;016;22286;6191114654457;L;995;25H;;1,00;
17/02/2026;016;22292;6191114655683;XL;870;25H;;1,00;
17/02/2026;016;22292;6191114655690;XL;995;25H;;1,00;
17/02/2026;016;22295;6191114656185;S;995;25H;;1,00;
17/02/2026;016;22302;6191114657267;XL;245;25H;;1,00;
17/02/2026;016;22303;6191114657410;XXL;870;25H;;1,00;
17/02/2026;016;22307;6191114669963;M;M940;25H;;1,00;
17/02/2026;016;22318;6191114658974;M;235;25H;;1,00;
17/02/2026;016;22320;6191114659193;XL;825;25H;;1,00;
17/02/2026;016;22321;6191114659339;XL;825;25H;;1,00;
17/02/2026;016;22322;6191114659513;XL;190;25H;;1,00;
17/02/2026;016;22323;6191114659582;S;995;25H;;1,00;
17/02/2026;016;22324;6191114659643;S;995;25H;;1,00;
17/02/2026;016;22324;6191114659674;XL;995;25H;;1,00;
17/02/2026;016;22324;6191114659698;3XL;995;25H;;1,00;
17/02/2026;016;22343;6191114661479;3XL;I634;25H;;1,00;
17/02/2026;016;22349;6191114668720;XL;I815;25H;;1,00;
17/02/2026;016;22447;6191114675360;XS;000;26E;;1,00;
17/02/2026;016;55800;6191114621572;M;975;25H;;1,00;
17/02/2026;016;55808;6191114641211;L;385;25H;;1,00;
17/02/2026;016;55811;6191114644571;M;R310;25H;;1,00;
17/02/2026;016;55816;6191114648388;S;R385;25H;;1,00;
17/02/2026;016;55816;6191114648487;XL;R990;25H;;1,00;
17/02/2026;016;66479;6191114492943;L;995;24H;;1,00;
17/02/2026;016;70205;6191114612310;XL;385;25H;;1,00;
17/02/2026;016;70214;6191114623729;S;195;25H;;1,00;
17/02/2026;016;70222;6191114631007;XXL;476;25H;;1,00;
17/02/2026;016;70223;6191114631052;XL;476;25H;;1,00;
17/02/2026;016;70223;6191114631069;XXL;476;25H;;1,00;
17/02/2026;016;70226;6191114651975;M;I995;25H;;1,00;
17/02/2026;016;70226;6191114651982;M;I880;25H;;1,00;
17/02/2026;016;70226;6191114651999;M;I815;25H;;1,00;
17/02/2026;016;70232;6191114658813;L;995;25H;;1,00;
17/02/2026;016;91272;6194444115667;TU;815;22H;;1,00;
17/02/2026;016;91273;6194444115674;TU;815;22H;;2,00;
17/02/2026;016;91528;6191114640238;39;870;25H;;1,00;
17/02/2026;019;20162;6191114234468;XL;410;23H;;1,00;
17/02/2026;019;20261;6191114259720;L;R740;23H;;1,00;
17/02/2026;019;21383;6191114508682;S/M;870;24H;;1,00;
17/02/2026;019;21479;6191114530874;XL;995;24H;;1,00;
17/02/2026;019;21535;6191114588646;XL;310;25E;;1,00;
17/02/2026;019;21929;6191114602700;XL;385;25E;;1,00;
17/02/2026;019;22011;6191114607439;XL;215;25H;;1,00;
17/02/2026;019;22031;6191114610804;L;995;25H;;1,00;
17/02/2026;019;22062;6191114618442;4XL;195;25H;;1,00;
17/02/2026;019;22118;6191114646384;M;874;25H;;1,00;
17/02/2026;019;22128;6191114623033;XL;385;25H;;1,00;
17/02/2026;019;22128;6191114623040;XL;870;25H;;1,00;
17/02/2026;019;22146;6191114630024;XXL;995;25H;;1,00;
17/02/2026;019;22151;6191114625716;L;995;25H;;1,00;
17/02/2026;019;22175;6191114628816;XL;990;25H;;1,00;
17/02/2026;019;22222;6191114643444;XXL;995;25H;;1,00;
17/02/2026;019;22229;6191114644038;XXL;995;25H;;1,00;
17/02/2026;019;22254;6191114650299;M;995;25H;;1,00;
17/02/2026;019;22263;6191114651487;S;870;25H;;1,00;
17/02/2026;019;22263;6191114651630;3XL;870;25H;;1,00;
17/02/2026;019;22276;6191114655836;XXL;995;25H;;1,00;
17/02/2026;019;22285;6191114654396;XXL;385;25H;;1,00;
17/02/2026;019;22285;6191114654419;3XL;385;25H;;1,00;
17/02/2026;019;22288;6191114654679;XL;995;25H;;1,00;
17/02/2026;019;22292;6191114655645;M;870;25H;;1,00;
17/02/2026;019;22300;6191114656833;XL;870;25H;;1,00;
17/02/2026;019;22351;6191114668843;XL;I815;25H;;1,00;
17/02/2026;019;70232;6191114658851;4XL;995;25H;;1,00;
17/02/2026;019;91528;6191114640269;40;995;25H;;1,00;
17/02/2026;021;22004;6191114606500;3XL;R995;25H;;1,00;
17/02/2026;021;22006;6191114606920;XXL;815;25H;;1,00;
17/02/2026;021;22027;6191114653054;L;870;25H;;1,00;
17/02/2026;021;22061;6191114618190;XL;R350;25H;;1,00;
17/02/2026;021;22085;6191114619463;3XL;740;25H;;1,00;
17/02/2026;021;22113;6191114645721;L;005;25H;;1,00;
17/02/2026;021;22129;6191114623125;M;385;25H;;1,00;
17/02/2026;021;22132;6191114623866;L;224;25H;;1,00;
17/02/2026;021;22238;6191114644878;L;I995;25H;;1,00;
17/02/2026;021;22243;6191114647732;S;695;25H;;1,00;
17/02/2026;021;22243;6191114647824;XL;695;25H;;1,00;
17/02/2026;021;22246;6191114648814;M;995;25H;;1,00;
17/02/2026;021;22249;6191114649248;XL;010;25H;;1,00;
17/02/2026;021;22257;6191114650558;L;I195;25H;;1,00;
17/02/2026;021;22261;6191114651241;M;490;25H;;1,00;
17/02/2026;021;22262;6191114651388;L;490;25H;;1,00;
17/02/2026;021;22271;6191114652378;L;870;25H;;1,00;
17/02/2026;021;22276;6191114655829;XXL;385;25H;;1,00;
17/02/2026;021;22284;6191114654235;XL;385;25H;;1,00;
17/02/2026;021;22292;6191114655669;L;870;25H;;1,00;
17/02/2026;021;22307;6191114669956;M;M870;25H;;1,00;
17/02/2026;021;22308;6191114657717;L;870;25H;;1,00;
17/02/2026;021;22331;6191114660311;XXL;995;25H;;1,00;
17/02/2026;021;55819;6191114657571;XL;R385;25H;;1,00;
17/02/2026;021;70201;6191114608078;XXL;R870;25H;;1,00;
17/02/2026;021;70202;6191114608184;XL;010;25H;;1,00;
17/02/2026;021;70205;6191114612297;L;385;25H;;1,00;
17/02/2026;021;70206;6191114612433;XL;870;25H;;1,00;
17/02/2026;021;70232;6191114658851;4XL;995;25H;;1,00;
17/02/2026;021;91528;6191114640177;36;870;25H;;1,00;
17/02/2026;024;21189;6191114471290;XXL;I350;24H;;1,00;
17/02/2026;024;21336;6191114499898;L;784;24H;;1,00;
17/02/2026;024;21336;6191114499966;XXL;355;24H;;1,00;
17/02/2026;024;21380;6191114508415;XL;995;24H;;1,00;
17/02/2026;024;21426;6191114526969;M;815;24H;;1,00;
17/02/2026;024;21426;6191114526976;M;995;24H;;1,00;
17/02/2026;024;21584;6191114550247;36;695;25E;;1,00;
17/02/2026;024;22005;6191114606661;XL;995;25H;;1,00;
17/02/2026;024;22011;6191114607477;3XL;215;25H;;1,00;
17/02/2026;024;22040;6191114611566;L;R010;25H;;1,00;
17/02/2026;024;22040;6191114611597;3XL;R010;25H;;1,00;
17/02/2026;024;22047;6191114611849;S;385;25H;;1,00;
17/02/2026;024;22048;6191114612013;XL;995;25H;;1,00;
17/02/2026;024;22048;6191114612020;XL;010;25H;;1,00;
17/02/2026;024;22049;6191114612075;S;815;25H;;1,00;
17/02/2026;024;22063;6191114618459;XS;870;25H;;1,00;
17/02/2026;024;22066;6191114615625;XL;875;25H;;1,00;
17/02/2026;024;22073;6191114616301;L;395;25H;;1,00;
17/02/2026;024;22088;6191114619753;M;385;25H;;1,00;
17/02/2026;024;22095;6191114620537;XL;R350;25H;;1,00;
17/02/2026;024;22099;6191114620919;L;995;25H;;1,00;
17/02/2026;024;22102;6191114621084;M;995;25H;;1,00;
17/02/2026;024;22103;6191114621145;M;995;25H;;1,00;
17/02/2026;024;22110;6191114622500;XXL;255;25H;;1,00;
17/02/2026;024;22113;6191114645769;XXL;990;25H;;1,00;
17/02/2026;024;22126;6191114649330;XL;760;25H;;1,00;
17/02/2026;024;22128;6191114623033;XL;385;25H;;1,00;
17/02/2026;024;22129;6191114623200;XL;010;25H;;1,00;
17/02/2026;024;22131;6191114623637;L;995;25H;;1,00;
17/02/2026;024;22137;6191114623323;S;255;25H;;1,00;
17/02/2026;024;22194;6191114628175;L;I880;25H;;-1,00;
17/02/2026;024;22194;6191114628212;XL;I385;25H;;1,00;
17/02/2026;024;22198;6191114630178;L;695;25H;;1,00;
17/02/2026;024;22201;6191114630406;L;815;25H;;1,00;
17/02/2026;024;22203;6191114630710;3XL;010;25H;;1,00;
17/02/2026;024;22212;6191114641617;3XL;255;25H;;1,00;
17/02/2026;024;22230;6191114644120;XL;790;25H;;1,00;
17/02/2026;024;22237;6191114644830;XXL;I815;25H;;1,00;
17/02/2026;024;22239;6191114645035;XXL;815;25H;;1,00;
17/02/2026;024;22249;6191114649248;XL;010;25H;;-1,00;
17/02/2026;024;22253;6191114650244;L;995;25H;;1,00;
17/02/2026;024;22258;6191114650879;4XL;195;25H;;1,00;
17/02/2026;024;22264;6191114651708;XL;995;25H;;1,00;
17/02/2026;024;22268;6191114656345;XL;890;25H;;1,00;
17/02/2026;024;22271;6191114652439;XXL;870;25H;;1,00;
17/02/2026;024;22271;6191114652453;XXL;695;25H;;1,00;
17/02/2026;024;22272;6191114652644;3XL;870;25H;;1,00;
17/02/2026;024;22273;6191114652835;3XL;695;25H;;1,00;
17/02/2026;024;22276;6191114655805;XL;385;25H;;1,00;
17/02/2026;024;22284;6191114654280;3XL;995;25H;;1,00;
17/02/2026;024;22295;6191114656222;L;995;25H;;1,00;
17/02/2026;024;22324;6191114659667;L;995;25H;;1,00;
17/02/2026;024;22341;6191114661226;S;R950;25H;;1,00;
17/02/2026;024;55716;6191114526389;3XL;385;24H;;1,00;
17/02/2026;024;55808;6191114641235;L;975;25H;;1,00;
17/02/2026;024;55813;6191114645196;M;385;25H;;1,00;
17/02/2026;024;55817;6191114654761;L;385;25H;;1,00;
17/02/2026;024;55817;6191114654778;L;695;25H;;1,00;
17/02/2026;024;55817;6191114654822;XXL;385;25H;;1,00;
17/02/2026;024;55819;6191114657571;XL;R385;25H;;-1,00;
17/02/2026;024;55819;6191114657595;XL;R824;25H;;-1,00;
17/02/2026;024;55819;6191114657618;XXL;R385;25H;;1,00;
17/02/2026;024;55819;6191114657632;XXL;R824;25H;;1,00;
17/02/2026;024;70202;6191114608184;XL;010;25H;;-1,00;
17/02/2026;024;70210;6191114619180;L;R385;25H;;1,00;
17/02/2026;024;70211;6191114621923;XXL;870;25H;;1,00;
17/02/2026;024;70226;6191114652088;XXL;I815;25H;;1,00;
17/02/2026;024;70226;6191114652101;3XL;I880;25H;;1,00;
17/02/2026;024;70226;6191114652149;4XL;I815;25H;;1,00;
17/02/2026;024;91272;6194444115667;TU;815;22H;;1,00;
17/02/2026;029;21584;6191114550254;36;170;25E;;1,00;
17/02/2026;029;22013;6191114607712;3XL;995;25H;;-1,00;
17/02/2026;029;22056;6191114617667;M;310;25H;;1,00;
17/02/2026;029;22064;6191114618749;L;855;25H;;1,00;
17/02/2026;029;22066;6191114615625;XL;875;25H;;1,00;
17/02/2026;029;22080;6191114617018;XL;476;25H;;1,00;
17/02/2026;029;22080;6191114617032;XXL;476;25H;;1,00;
17/02/2026;029;22081;6191114617070;XL;380;25H;;1,00;
17/02/2026;029;22081;6191114617087;XXL;380;25H;;1,00;
17/02/2026;029;22113;6191114645653;S;990;25H;;2,00;
17/02/2026;029;22113;6191114645783;3XL;990;25H;;1,00;
17/02/2026;029;22128;6191114623019;L;870;25H;;1,00;
17/02/2026;029;22128;6191114623064;XXL;385;25H;;1,00;
17/02/2026;029;22142;6191114624719;M;195;25H;;1,00;
17/02/2026;029;22142;6191114624771;XL;195;25H;;1,00;
17/02/2026;029;22158;6191114626003;S;880;25H;;1,00;
17/02/2026;029;22159;6191114626034;XS;880;25H;;1,00;
17/02/2026;029;22159;6191114626065;L;880;25H;;1,00;
17/02/2026;029;22162;6191114647220;L;995;25H;;1,00;
17/02/2026;029;22162;6191114647282;3XL;995;25H;;1,00;
17/02/2026;029;22187;6191114644700;L/XL;200;25H;;2,00;
17/02/2026;029;22199;6191114631090;L;995;25H;;1,00;
17/02/2026;029;22201;6191114630369;S;815;25H;;1,00;
17/02/2026;029;22202;6191114630567;XXL;995;25H;;1,00;
17/02/2026;029;22203;6191114630642;L;995;25H;;1,00;
17/02/2026;029;22207;6191114640382;S;880;25H;;1,00;
17/02/2026;029;22207;6191114640474;XL;880;25H;;1,00;
17/02/2026;029;22209;6191114640757;XXL;815;25H;;1,00;
17/02/2026;029;22222;6191114643413;XL;995;25H;;1,00;
17/02/2026;029;22238;6191114644878;L;I995;25H;;1,00;
17/02/2026;029;22254;6191114650312;XL;995;25H;;1,00;
17/02/2026;029;22257;6191114650541;L;I740;25H;;1,00;
17/02/2026;029;22261;6191114651302;XXL;490;25H;;1,00;
17/02/2026;029;22262;6191114651401;XL;490;25H;;1,00;
17/02/2026;029;22295;6191114656277;XXL;695;25H;;1,00;
17/02/2026;029;22414;6191114672789;L/XL;770;26E;;1,00;
17/02/2026;029;70209;6191114612747;S;R920;25H;;1,00;
17/02/2026;029;70210;6191114619210;XL;R350;25H;;1,00;
17/02/2026;029;70232;6191114658820;XL;995;25H;;1,00;
17/02/2026;030;21470;6191114531819;XXL;995;24H;;1,00;
17/02/2026;030;21658;6191114553729;XXL;000;25E;;1,00;
17/02/2026;030;21831;6191114583580;XL;200;25E;;1,00;
17/02/2026;030;21831;6191114583597;XXL;995;25E;;1,00;
17/02/2026;030;21835;6191114584150;L;235;25E;;1,00;
17/02/2026;030;21835;6191114584235;XL;235;25E;;1,00;
17/02/2026;030;22030;6191114610712;XL;010;25H;;1,00;
17/02/2026;030;22033;6191114611115;3XL;695;25H;;1,00;
17/02/2026;030;22045;6191114611689;M;995;25H;;1,00;
17/02/2026;030;22046;6191114611832;3XL;C385;25H;;1,00;
17/02/2026;030;22052;6191114617209;L;995;25H;;1,00;
17/02/2026;030;22058;6191114617926;L;995;25H;;-1,00;
17/02/2026;030;22061;6191114618138;S;R350;25H;;1,00;
17/02/2026;030;22064;6191114618725;L;695;25H;;1,00;
17/02/2026;030;22064;6191114618770;XL;695;25H;;1,00;
17/02/2026;030;22064;6191114618794;XL;855;25H;;1,00;
17/02/2026;030;22064;6191114618855;3XL;815;25H;;1,00;
17/02/2026;030;22066;6191114615601;L;875;25H;;1,00;
17/02/2026;030;22066;6191114615625;XL;875;25H;;1,00;
17/02/2026;030;22088;6191114619821;XXL;995;25H;;1,00;
17/02/2026;030;22089;6191114619913;L;385;25H;;1,00;
17/02/2026;030;22101;6191114621053;XXL;995;25H;;1,00;
17/02/2026;030;22115;6191114646018;XL;990;25H;;1,00;
17/02/2026;030;22128;6191114622975;M;385;25H;;1,00;
17/02/2026;030;22128;6191114623064;XXL;385;25H;;1,00;
17/02/2026;030;22129;6191114623132;M;995;25H;;1,00;
17/02/2026;030;22129;6191114623156;L;385;25H;;1,00;
17/02/2026;030;22140;6191114624627;L;995;25H;;1,00;
17/02/2026;030;22162;6191114647206;M;995;25H;;1,00;
17/02/2026;030;22162;6191114647244;XL;995;25H;;1,00;
17/02/2026;030;22173;6191114628687;L;995;25H;;1,00;
17/02/2026;030;22177;6191114628915;XL;215;25H;;1,00;
17/02/2026;030;22183;6191114629523;L;385;25H;;1,00;
17/02/2026;030;22186;6191114627727;M;784;25H;;-1,00;
17/02/2026;030;22186;6191114627741;L;784;25H;;1,00;
17/02/2026;030;22187;6191114644670;S/M;995;25H;;1,00;
17/02/2026;030;22188;6191114644724;S/M;200;25H;;1,00;
17/02/2026;030;22198;6191114630185;XL;385;25H;;1,00;
17/02/2026;030;22216;6191114642690;XL;I385;25H;;1,00;
17/02/2026;030;22217;6191114642836;L;000;25H;;1,00;
17/02/2026;030;22238;6191114644892;XXL;I995;25H;;1,00;
17/02/2026;030;22247;6191114648715;L;R270;25H;;1,00;
17/02/2026;030;22250;6191114649606;L;815;25H;;1,00;
17/02/2026;030;22252;6191114650190;XXL;255;25H;;1,00;
17/02/2026;030;22278;6191114653504;XL;995;25H;;1,00;
17/02/2026;030;22285;6191114654358;L;385;25H;;1,00;
17/02/2026;030;22292;6191114655669;L;870;25H;;1,00;
17/02/2026;030;22301;6191114657113;L;995;25H;;1,00;
17/02/2026;030;22303;6191114657403;XL;195;25H;;1,00;
17/02/2026;030;22307;6191114670006;XL;M815;25H;;1,00;
17/02/2026;030;22322;6191114659506;XL;740;25H;;1,00;
17/02/2026;030;22326;6191114668348;XXL;995;25H;;1,00;
17/02/2026;030;22331;6191114660182;M;385;25H;;1,00;
17/02/2026;030;22331;6191114660373;S;495;25H;;1,00;
17/02/2026;030;22331;6191114660380;M;495;25H;;1,00;
17/02/2026;030;22414;6191114672765;S/M;770;26E;;1,00;
17/02/2026;030;22447;6191114675384;S;000;26E;;1,00;
17/02/2026;030;22447;6191114675421;L;000;26E;;1,00;
17/02/2026;030;22447;6191114675469;XXL;000;26E;;1,00;
17/02/2026;030;22452;6191114676916;S/M;995;26E;;1,00;
17/02/2026;030;55808;6191114641327;3XL;975;25H;;1,00;
17/02/2026;030;55815;6191114645608;XXL;385;25H;;1,00;
17/02/2026;030;70211;6191114621305;L;995;25H;;1,00;
17/02/2026;030;70226;6191114652019;L;I880;25H;;1,00;
17/02/2026;030;70233;6191114658912;3XL;995;25H;;1,00;
17/02/2026;031;22064;6191114618718;L;010;25H;;1,00;
17/02/2026;031;22064;6191114618732;L;175;25H;;1,00;
17/02/2026;031;22118;6191114646391;L;995;25H;;1,00;
17/02/2026;031;22135;6191114624153;L;870;25H;;1,00;
17/02/2026;031;22137;6191114623422;XL;235;25H;;1,00;
17/02/2026;031;22208;6191114640627;XL;995;25H;;1,00;
17/02/2026;031;22215;6191114642539;XL;210;25H;;1,00;
17/02/2026;031;22257;6191114650640;3XL;I195;25H;;1,00;
17/02/2026;031;22324;6191114659698;3XL;995;25H;;1,00;
17/02/2026;031;22325;6191114659933;M;995;25H;;1,00;
17/02/2026;031;70210;6191114619197;L;R350;25H;;1,00;
17/02/2026;031;70226;6191114652002;L;I995;25H;;1,00;
17/02/2026;031;70226;6191114652019;L;I880;25H;;1,00;
17/02/2026;031;91505;6191114657311;TU;815;25H;;1,00;
17/02/2026;032;21343;6191114501065;3XL;995;24H;;1,00;
17/02/2026;032;22019;6191114609396;S;995;25H;;1,00;
17/02/2026;032;22068;6191114615809;XXL;995;25H;;1,00;
17/02/2026;032;22174;6191114628755;XL;990;25H;;1,00;
17/02/2026;032;22211;6191114641433;3XL;694;25H;;1,00;
17/02/2026;032;22261;6191114651241;M;490;25H;;1,00;
17/02/2026;032;22262;6191114651364;M;490;25H;;1,00;
17/02/2026;032;22292;6191114655713;XXL;995;25H;;1,00;
17/02/2026;032;70227;6191114652224;XL;I875;25H;;1,00;
17/02/2026;032;70231;6191114658738;XXL;C000;25H;;1,00;
17/02/2026;032;91540;6191114671133;39;995;26E;;1,00;
17/02/2026;033;22007;6191114607040;XXL;905;25H;;1,00;
17/02/2026;033;22026;6191114610217;L;645;25H;;1,00;
17/02/2026;033;22030;6191114610644;S;995;25H;;1,00;
17/02/2026;033;22049;6191114612129;L;995;25H;;1,00;
17/02/2026;033;22063;6191114618572;XL;870;25H;;1,00;
17/02/2026;033;22063;6191114618596;XL;784;25H;;1,00;
17/02/2026;033;22182;6191114629400;XL;995;25H;;1,00;
17/02/2026;033;22321;6191114659285;M;870;25H;;1,00;
18/02/2026;002;12143;6191114331549;4;010;24E;;1,00;
18/02/2026;002;20258;6191114259065;L;I790;23H;;-1,00;
18/02/2026;002;20834;6191114396524;S/M;740;24E;;1,00;
18/02/2026;002;21298;6191114491724;S;995;24H;;1,00;
18/02/2026;002;21347;6191114501485;L;385;24H;;1,00;
18/02/2026;002;21461;6191114530409;S;995;24H;;1,00;
18/02/2026;002;22001;6191114605923;XL;815;25H;;1,00;
18/02/2026;002;22003;6191114606227;L;R000;25H;;1,00;
18/02/2026;002;22005;6191114606531;S;645;25H;;1,00;
18/02/2026;002;22009;6191114607194;XL;380;25H;;1,00;
18/02/2026;002;22013;6191114607675;XL;995;25H;;1,00;
18/02/2026;002;22031;6191114610767;S;995;25H;;1,00;
18/02/2026;002;22032;6191114610958;XL;940;25H;;1,00;
18/02/2026;002;22041;6191114608894;L;R010;25H;;1,00;
18/02/2026;002;22041;6191114608931;XXL;R010;25H;;1,00;
18/02/2026;002;22049;6191114612129;L;995;25H;;1,00;
18/02/2026;002;22056;6191114617674;M;000;25H;;1,00;
18/02/2026;002;22061;6191114618190;XL;R350;25H;;2,00;
18/02/2026;002;22064;6191114618640;S;855;25H;;1,00;
18/02/2026;002;22064;6191114618701;L;815;25H;;1,00;
18/02/2026;002;22064;6191114618718;L;010;25H;;1,00;
18/02/2026;002;22064;6191114618749;L;855;25H;;1,00;
18/02/2026;002;22066;6191114615564;S;875;25H;;1,00;
18/02/2026;002;22080;6191114616974;M;476;25H;;1,00;
18/02/2026;002;22101;6191114621039;L;995;25H;;-1,00;
18/02/2026;002;22101;6191114621046;XL;995;25H;;1,00;
18/02/2026;002;22108;6191114622166;XL;870;25H;;1,00;
18/02/2026;002;22110;6191114622524;S;235;25H;;1,00;
18/02/2026;002;22111;6191114622708;S;235;25H;;1,00;
18/02/2026;002;22113;6191114645776;3XL;820;25H;;1,00;
18/02/2026;002;22114;6191114645851;XL;815;25H;;1,00;
18/02/2026;002;22118;6191114646346;XS;874;25H;;1,00;
18/02/2026;002;22123;6191114646759;XL;995;25H;;1,00;
18/02/2026;002;22124;6191114646872;XL;645;25H;;1,00;
18/02/2026;002;22160;6191114626201;M;820;25H;;1,00;
18/02/2026;002;22180;6191114629202;S;995;25H;;1,00;
18/02/2026;002;22184;6191114629646;L;995;25H;;1,00;
18/02/2026;002;22190;6191114627840;XL;995;25H;;-1,00;
18/02/2026;002;22202;6191114630567;XXL;995;25H;;1,00;
18/02/2026;002;22203;6191114630659;L;010;25H;;-1,00;
18/02/2026;002;22210;6191114641679;L;870;25H;;1,00;
18/02/2026;002;22238;6191114644885;XL;I995;25H;;1,00;
18/02/2026;002;22242;6191114647701;3XL;724;25H;;1,00;
18/02/2026;002;22243;6191114647725;S;215;25H;;1,00;
18/02/2026;002;22247;6191114648746;XL;R270;25H;;1,00;
18/02/2026;002;22253;6191114650251;XL;995;25H;;1,00;
18/02/2026;002;22263;6191114651647;3XL;995;25H;;1,00;
18/02/2026;002;22275;6191114652958;L;385;25H;;2,00;
18/02/2026;002;22292;6191114655683;XL;870;25H;;1,00;
18/02/2026;002;22301;6191114657144;XL;215;25H;;2,00;
18/02/2026;002;22301;6191114657168;XXL;215;25H;;1,00;
18/02/2026;002;22302;6191114657267;XL;245;25H;;1,00;
18/02/2026;002;22306;6191114669079;L;995;25H;;1,00;
18/02/2026;002;22307;6191114670013;XL;M870;25H;;1,00;
18/02/2026;002;22323;6191114659636;3XL;995;25H;;1,00;
18/02/2026;002;22331;6191114660144;S;385;25H;;1,00;
18/02/2026;002;22331;6191114660168;S;390;25H;;1,00;
18/02/2026;002;22331;6191114660212;L;815;25H;;1,00;
18/02/2026;002;22331;6191114660236;L;995;25H;;1,00;
18/02/2026;002;22338;6191114660885;S;170;25H;;1,00;
18/02/2026;002;22340;6191114661189;L;MCO;25H;;1,00;
18/02/2026;002;22349;6191114668720;XL;I815;25H;;1,00;
18/02/2026;002;22414;6191114672802;2XL/3;770;26E;;1,00;
18/02/2026;002;55800;6191114621671;3XL;385;25H;;1,00;
18/02/2026;002;55800;6191114621688;3XL;995;25H;;1,00;
18/02/2026;002;55808;6191114641211;L;385;25H;;1,00;
18/02/2026;002;55808;6191114641235;L;975;25H;;-1,00;
18/02/2026;002;55808;6191114641297;XXL;975;25H;;1,00;
18/02/2026;002;55811;6191114644618;XL;R310;25H;;1,00;
18/02/2026;002;55815;6191114669338;XL;995;25H;;1,00;
18/02/2026;002;55816;6191114648456;L;R990;25H;;1,00;
18/02/2026;002;55816;6191114648463;XL;R995;25H;;1,00;
18/02/2026;002;55817;6191114654761;L;385;25H;;1,00;
18/02/2026;002;55820;6191114657885;XL;R784;25H;;1,00;
18/02/2026;002;66475;6191114201866;S/M;995;23E;;1,00;
18/02/2026;002;70200;6191114607880;S;R940;25H;;1,00;
18/02/2026;002;70201;6191114608054;XL;R870;25H;;1,00;
18/02/2026;002;70210;6191114619173;M;R350;25H;;1,00;
18/02/2026;002;70224;6191114641778;M;385;25H;;-1,00;
18/02/2026;002;70226;6191114652002;L;I995;25H;;1,00;
18/02/2026;002;70226;6191114652040;XL;I880;25H;;1,00;
18/02/2026;002;70226;6191114652057;XL;I815;25H;;1,00;
18/02/2026;002;70232;6191114658820;XL;995;25H;;1,00;
18/02/2026;005;20167;6191114236004;XL;410;23H;;1,00;
18/02/2026;005;20173;6191114237322;XL;380;23H;;1,00;
18/02/2026;005;20342;6191114277380;L;995;23H;;1,00;
18/02/2026;005;21403;6191114513457;XXL;995;24H;;1,00;
18/02/2026;005;21410;6191114513013;XL;385;24H;;1,00;
18/02/2026;005;21826;6191114582859;XL;000;25E;;1,00;
18/02/2026;005;21826;6191114582866;XL;200;25E;;1,00;
18/02/2026;005;21829;6191114583306;M;MCO;25E;;1,00;
18/02/2026;005;22021;6191114609655;XL;385;25H;;1,00;
18/02/2026;005;22023;6191114609853;L;R010;25H;;1,00;
18/02/2026;005;22026;6191114610200;L;815;25H;;1,00;
18/02/2026;005;22026;6191114610248;XXL;815;25H;;1,00;
18/02/2026;005;22030;6191114610712;XL;010;25H;;1,00;
18/02/2026;005;22036;6191114611153;M;R010;25H;;1,00;
18/02/2026;005;22036;6191114611207;XXL;R995;25H;;1,00;
18/02/2026;005;22060;6191114618053;L;310;25H;;1,00;
18/02/2026;005;22061;6191114618190;XL;R350;25H;;1,00;
18/02/2026;005;22067;6191114615656;XS;380;25H;;1,00;
18/02/2026;005;22092;6191114620278;M;815;25H;;1,00;
18/02/2026;005;22096;6191114620605;L;995;25H;;1,00;
18/02/2026;005;22111;6191114622739;XL;235;25H;;1,00;
18/02/2026;005;22112;6191114622821;S;R995;25H;;1,00;
18/02/2026;005;22113;6191114645714;L;990;25H;;1,00;
18/02/2026;005;22114;6191114645806;S;020;25H;;1,00;
18/02/2026;005;22117;6191114648999;L;940;25H;;1,00;
18/02/2026;005;22120;6191114646490;L;995;25H;;1,00;
18/02/2026;005;22124;6191114646872;XL;645;25H;;1,00;
18/02/2026;005;22137;6191114623408;XL;385;25H;;1,00;
18/02/2026;005;22139;6191114624467;L;940;25H;;1,00;
18/02/2026;005;22140;6191114624641;XXL;995;25H;;1,00;
18/02/2026;005;22145;6191114629936;M;995;25H;;1,00;
18/02/2026;005;22146;6191114629998;M;995;25H;;1,00;
18/02/2026;005;22152;6191114625785;XXL;995;25H;;1,00;
18/02/2026;005;22182;6191114629462;3XL;995;25H;;1,00;
18/02/2026;005;22183;6191114629493;S;995;25H;;1,00;
18/02/2026;005;22183;6191114629509;M;385;25H;;1,00;
18/02/2026;005;22202;6191114630536;L;790;25H;;1,00;
18/02/2026;005;22215;6191114642539;XL;210;25H;;1,00;
18/02/2026;005;22223;6191114643574;XL;645;25H;;1,00;
18/02/2026;005;22233;6191114644366;S;000;25H;;1,00;
18/02/2026;005;22290;6191114657953;XL;R385;25H;;1,00;
18/02/2026;005;22294;6191114656154;XXL;950;25H;;1,00;
18/02/2026;005;22295;6191114656246;XL;995;25H;;1,00;
18/02/2026;005;22331;6191114660373;S;495;25H;;1,00;
18/02/2026;005;22351;6191114668843;XL;I815;25H;;1,00;
18/02/2026;005;22414;6191114672765;S/M;770;26E;;1,00;
18/02/2026;005;55808;6191114641266;XL;975;25H;;-1,00;
18/02/2026;005;55808;6191114641297;XXL;975;25H;;1,00;
18/02/2026;005;55808;6191114641327;3XL;975;25H;;1,00;
18/02/2026;005;55813;6191114645226;L;385;25H;;1,00;
18/02/2026;005;55813;6191114645271;XL;940;25H;;1,00;
18/02/2026;005;55816;6191114648449;L;R385;25H;;1,00;
18/02/2026;005;55817;6191114654808;XL;695;25H;;1,00;
18/02/2026;005;55818;6191114655102;XXL;824;25H;;1,00;
18/02/2026;005;70205;6191114612297;L;385;25H;;1,00;
18/02/2026;005;70205;6191114612327;XL;695;25H;;1,00;
18/02/2026;005;70217;6191114647329;XL;E385;25H;;1,00;
18/02/2026;005;70217;6191114647343;3XL;E385;25H;;1,00;
18/02/2026;005;70224;6191114641808;L;694;25H;;1,00;
18/02/2026;005;70226;6191114652149;4XL;I815;25H;;1,00;
18/02/2026;005;91273;6194444115674;TU;815;22H;;1,00;
18/02/2026;005;91504;6191114626348;TU;695;25H;;1,00;
18/02/2026;009;20427;6191114295490;XXL;995;23H;;1,00;
18/02/2026;009;20997;6191114433045;XL;R000;24E;;1,00;
18/02/2026;009;21535;6191114588622;L;310;25E;;1,00;
18/02/2026;009;21876;6191114599079;3XL;I815;25E;;1,00;
18/02/2026;009;22060;6191114618053;L;310;25H;;1,00;
18/02/2026;009;22086;6191114619586;3XL;010;25H;;1,00;
18/02/2026;009;22096;6191114622234;3XL;870;25H;;-1,00;
18/02/2026;009;22111;6191114622708;S;235;25H;;1,00;
18/02/2026;009;22133;6191114625228;3XL;995;25H;;1,00;
18/02/2026;009;22193;6191114628106;3XL;995;25H;;1,00;
18/02/2026;009;22239;6191114645035;XXL;815;25H;;1,00;
18/02/2026;009;22258;6191114650749;L;385;25H;;1,00;
18/02/2026;009;22258;6191114650831;3XL;385;25H;;1,00;
18/02/2026;009;22258;6191114650848;3XL;195;25H;;1,00;
18/02/2026;009;22258;6191114650855;3XL;740;25H;;1,00;
18/02/2026;009;22259;6191114651012;4XL;010;25H;;1,00;
18/02/2026;009;22263;6191114651524;M;995;25H;;1,00;
18/02/2026;009;22263;6191114651616;XXL;995;25H;;1,00;
18/02/2026;009;22267;6191114651937;4XL;995;25H;;1,00;
18/02/2026;009;22276;6191114655829;XXL;385;25H;;1,00;
18/02/2026;009;22278;6191114653528;3XL;995;25H;;1,00;
18/02/2026;009;22296;6191114656598;3XL;385;25H;;1,00;
18/02/2026;009;22302;6191114657304;3XL;245;25H;;-1,00;
18/02/2026;009;22317;6191114658608;L;195;25H;;1,00;
18/02/2026;009;22321;6191114659384;4XL;870;25H;;1,00;
18/02/2026;009;22330;6191114660052;L;724;25H;;1,00;
18/02/2026;009;22414;6191114672796;2XL/3;805;26E;;1,00;
18/02/2026;009;22447;6191114675469;XXL;000;26E;;1,00;
18/02/2026;009;55808;6191114641235;L;975;25H;;1,00;
18/02/2026;009;70211;6191114621367;3XL;995;25H;;1,00;
18/02/2026;009;70227;6191114652279;4XL;I740;25H;;1,00;
18/02/2026;009;70231;6191114658783;4XL;C995;25H;;1,00;
18/02/2026;009;70232;6191114658851;4XL;995;25H;;1,00;
18/02/2026;009;91507;6191114626409;TU;195;25H;;1,00;
18/02/2026;011;22054;6191114617476;XXL;995;25H;;1,00;
18/02/2026;011;22089;6191114619920;L;995;25H;;1,00;
18/02/2026;011;22125;6191114646988;3XL;E385;25H;;1,00;
18/02/2026;011;22198;6191114630185;XL;385;25H;;1,00;
18/02/2026;011;22206;6191114630918;XL;195;25H;;1,00;
18/02/2026;011;22209;6191114640757;XXL;815;25H;;1,00;
18/02/2026;011;22238;6191114644885;XL;I995;25H;;1,00;
18/02/2026;011;22238;6191114644892;XXL;I995;25H;;1,00;
18/02/2026;011;22239;6191114645028;XL;784;25H;;1,00;
18/02/2026;011;22253;6191114650268;XXL;995;25H;;1,00;
18/02/2026;011;22263;6191114651555;L;995;25H;;1,00;
18/02/2026;011;22278;6191114653474;S;995;25H;;1,00;
18/02/2026;011;22288;6191114654655;M;995;25H;;1,00;
18/02/2026;011;22295;6191114656253;XL;695;25H;;1,00;
18/02/2026;011;22296;6191114656604;3XL;215;25H;;1,00;
18/02/2026;011;22318;6191114658967;S;C000;25H;;1,00;
18/02/2026;011;55816;6191114648487;XL;R990;25H;;1,00;
18/02/2026;014;21126;6191114462083;L;R634;24H;;1,00;
18/02/2026;014;21126;6191114462113;XL;R634;24H;;1,00;
18/02/2026;014;21345;6191114501300;3XL;995;24H;;1,00;
18/02/2026;014;21380;6191114508408;L;875;24H;;1,00;
18/02/2026;014;21845;6191114586321;XXL;010;25E;;1,00;
18/02/2026;014;22001;6191114605916;L;705;25H;;1,00;
18/02/2026;014;22005;6191114606630;L;010;25H;;1,00;
18/02/2026;014;22010;6191114607248;S;815;25H;;1,00;
18/02/2026;014;22055;6191114617520;S;870;25H;;1,00;
18/02/2026;014;22058;6191114617902;M;995;25H;;1,00;
18/02/2026;014;22058;6191114617964;XXL;995;25H;;1,00;
18/02/2026;014;22063;6191114618558;L;995;25H;;1,00;
18/02/2026;014;22067;6191114615656;XS;380;25H;;1,00;
18/02/2026;014;22075;6191114616608;XL;385;25H;;1,00;
18/02/2026;014;22090;6191114620018;S;815;25H;;1,00;
18/02/2026;014;22091;6191114620131;S;815;25H;;1,00;
18/02/2026;014;22097;6191114620742;L;995;25H;;1,00;
18/02/2026;014;22106;6191114621510;3XL;990;25H;;1,00;
18/02/2026;014;22118;6191114646414;XL;995;25H;;1,00;
18/02/2026;014;22145;6191114629936;M;995;25H;;1,00;
18/02/2026;014;22147;6191114625099;XL;000;25H;;1,00;
18/02/2026;014;22158;6191114626027;L;880;25H;;1,00;
18/02/2026;014;22170;6191114626836;S;R925;25H;;1,00;
18/02/2026;014;22174;6191114628779;3XL;990;25H;;1,00;
18/02/2026;014;22181;6191114629264;L;995;25H;;1,00;
18/02/2026;014;22183;6191114629486;S;385;25H;;1,00;
18/02/2026;014;22201;6191114630406;L;815;25H;;1,00;
18/02/2026;014;22205;6191114630819;XL;870;25H;;1,00;
18/02/2026;014;22239;6191114644984;L;995;25H;;1,00;
18/02/2026;014;22239;6191114645066;3XL;815;25H;;1,00;
18/02/2026;014;22257;6191114650473;S;I350;25H;;1,00;
18/02/2026;014;22258;6191114650749;L;385;25H;;1,00;
18/02/2026;014;22268;6191114653115;L;695;25H;;1,00;
18/02/2026;014;22269;6191114653191;L;695;25H;;1,00;
18/02/2026;014;22275;6191114653009;XXL;790;25H;;1,00;
18/02/2026;014;22277;6191114653429;L;784;25H;;1,00;
18/02/2026;014;22278;6191114653504;XL;995;25H;;1,00;
18/02/2026;014;22292;6191114655485;XS;870;25H;;1,00;
18/02/2026;014;22312;6191114658141;L;995;25H;;1,00;
18/02/2026;014;22317;6191114658646;XXL;195;25H;;1,00;
18/02/2026;014;22322;6191114659452;M;190;25H;;1,00;
18/02/2026;014;22325;6191114659971;XL;995;25H;;1,00;
18/02/2026;014;22335;6191114660939;S/M;815;25H;;1,00;
18/02/2026;014;22346;6191114668553;XL;I815;25H;;1,00;
18/02/2026;014;22388;6191114669635;XL;R815;26E;;1,00;
18/02/2026;014;22388;6191114669642;XXL;R815;26E;;1,00;
18/02/2026;014;22398;6191114671904;XL;870;26E;;1,00;
18/02/2026;014;22398;6191114671911;XXL;870;26E;;1,00;
18/02/2026;014;22414;6191114672789;L/XL;770;26E;;1,00;
18/02/2026;014;22447;6191114675445;XL;000;26E;;1,00;
18/02/2026;014;55808;6191114641297;XXL;975;25H;;1,00;
18/02/2026;014;55813;6191114645226;L;385;25H;;1,00;
18/02/2026;014;55813;6191114645240;L;940;25H;;2,00;
18/02/2026;014;55816;6191114648425;M;R990;25H;;1,00;
18/02/2026;014;55818;6191114654952;M;824;25H;;1,00;
18/02/2026;014;70213;6191114624566;XXL;P385;25H;;1,00;
18/02/2026;014;70217;6191114649408;XXL;I385;25H;;1,00;
18/02/2026;014;70220;6191114631229;XXL;695;25H;;1,00;
18/02/2026;014;70228;6191114649897;XL;995;25H;;1,00;
18/02/2026;014;91526;6191114639966;36;880;25H;;1,00;
18/02/2026;014;91526;6191114640009;38;880;25H;;1,00;
18/02/2026;015;22019;6191114609488;3XL;815;25H;;1,00;
18/02/2026;015;22061;6191114618220;3XL;R385;25H;;1,00;
18/02/2026;015;22064;6191114618855;3XL;815;25H;;1,00;
18/02/2026;015;22067;6191114615687;L;380;25H;;1,00;
18/02/2026;015;22072;6191114616219;L;476;25H;;1,00;
18/02/2026;015;22113;6191114645684;M;990;25H;;1,00;
18/02/2026;015;22128;6191114623002;L;385;25H;;1,00;
18/02/2026;015;22142;6191114624719;M;195;25H;;1,00;
18/02/2026;015;22163;6191114659797;S;C490;25H;;1,00;
18/02/2026;015;22197;6191114630116;4XL;815;25H;;1,00;
18/02/2026;015;22215;6191114642539;XL;210;25H;;1,00;
18/02/2026;015;22223;6191114643543;L;645;25H;;1,00;
18/02/2026;015;22239;6191114644991;L;784;25H;;1,00;
18/02/2026;015;22246;6191114648845;XL;870;25H;;-1,00;
18/02/2026;015;22246;6191114648869;XXL;870;25H;;1,00;
18/02/2026;015;22269;6191114653221;3XL;695;25H;;1,00;
18/02/2026;015;22276;6191114655812;XL;995;25H;;1,00;
18/02/2026;015;22277;6191114653375;S;815;25H;;1,00;
18/02/2026;015;22278;6191114653511;XXL;995;25H;;1,00;
18/02/2026;015;22288;6191114654662;L;995;25H;;1,00;
18/02/2026;015;22288;6191114654686;XXL;995;25H;;1,00;
18/02/2026;015;22290;6191114657946;L;R385;25H;;1,00;
18/02/2026;015;22302;6191114657304;3XL;245;25H;;1,00;
18/02/2026;015;55813;6191114645240;L;940;25H;;1,00;
18/02/2026;015;55816;6191114648432;L;R995;25H;;1,00;
18/02/2026;015;55817;6191114654778;L;695;25H;;1,00;
18/02/2026;015;55818;6191114655003;L;824;25H;;1,00;
18/02/2026;015;70203;6191114608290;XL;R995;25H;;1,00;
18/02/2026;015;70205;6191114612297;L;385;25H;;1,00;
18/02/2026;015;70217;6191114647329;XL;E385;25H;;1,00;
18/02/2026;015;70226;6191114652002;L;I995;25H;;1,00;
18/02/2026;015;91505;6191114657311;TU;815;25H;;1,00;
18/02/2026;016;21126;6191114462083;L;R634;24H;;1,00;
18/02/2026;016;21235;6191114477827;42;815;24H;;1,00;
18/02/2026;016;21236;6191114477926;40;645;24H;;1,00;
18/02/2026;016;21318;6191114497146;36;995;24H;;1,00;
18/02/2026;016;21343;6191114501065;3XL;995;24H;;1,00;
18/02/2026;016;21430;6191114527362;L;170;24H;;1,00;
18/02/2026;016;21835;6191114584358;3XL;385;25E;;1,00;
18/02/2026;016;22003;6191114606180;S;R870;25H;;1,00;
18/02/2026;016;22024;6191114653276;XXL;870;25H;;1,00;
18/02/2026;016;22024;6191114653313;L;815;25H;;1,00;
18/02/2026;016;22030;6191114610699;L;010;25H;;1,00;
18/02/2026;016;22061;6191114618213;XXL;R350;25H;;1,00;
18/02/2026;016;22090;6191114620094;XXL;815;25H;;1,00;
18/02/2026;016;22091;6191114620193;XL;815;25H;;1,00;
18/02/2026;016;22110;6191114622494;XL;255;25H;;1,00;
18/02/2026;016;22117;6191114648999;L;940;25H;;1,00;
18/02/2026;016;22120;6191114646537;XXL;995;25H;;1,00;
18/02/2026;016;22130;6191114623552;L;995;25H;;1,00;
18/02/2026;016;22132;6191114623842;M;224;25H;;1,00;
18/02/2026;016;22132;6191114623859;L;794;25H;;1,00;
18/02/2026;016;22142;6191114624740;L;195;25H;;1,00;
18/02/2026;016;22174;6191114628748;L;990;25H;;-1,00;
18/02/2026;016;22175;6191114628816;XL;990;25H;;1,00;
18/02/2026;016;22180;6191114629233;XL;995;25H;;1,00;
18/02/2026;016;22183;6191114629547;XL;385;25H;;1,00;
18/02/2026;016;22199;6191114631090;L;995;25H;;1,00;
18/02/2026;016;22201;6191114630413;L;995;25H;;1,00;
18/02/2026;016;22216;6191114642768;XXL;I255;25H;;1,00;
18/02/2026;016;22233;6191114644403;L;000;25H;;1,00;
18/02/2026;016;22239;6191114645004;XL;815;25H;;1,00;
18/02/2026;016;22244;6191114648029;XXL;215;25H;;1,00;
18/02/2026;016;22245;6191114648296;XL;010;25H;;1,00;
18/02/2026;016;22250;6191114649545;S;815;25H;;1,00;
18/02/2026;016;22252;6191114650169;XL;995;25H;;1,00;
18/02/2026;016;22253;6191114650244;L;995;25H;;1,00;
18/02/2026;016;22253;6191114650251;XL;995;25H;;1,00;
18/02/2026;016;22279;6191114653641;L;000;25H;;1,00;
18/02/2026;016;22281;6191114653962;S;995;25H;;1,00;
18/02/2026;016;22284;6191114654174;S;385;25H;;1,00;
18/02/2026;016;22292;6191114655690;XL;995;25H;;-1,00;
18/02/2026;016;22299;6191114656888;XS;870;25H;;1,00;
18/02/2026;016;22301;6191114657113;L;995;25H;;1,00;
18/02/2026;016;22301;6191114657137;XL;995;25H;;1,00;
18/02/2026;016;22302;6191114657236;L;995;25H;;1,00;
18/02/2026;016;22302;6191114657267;XL;245;25H;;-1,00;
18/02/2026;016;22306;6191114669079;L;995;25H;;1,00;
18/02/2026;016;22316;6191114658523;XL;476;25H;;1,00;
18/02/2026;016;22321;6191114659315;L;825;25H;;1,00;
18/02/2026;016;22322;6191114659537;XXL;740;25H;;1,00;
18/02/2026;016;22330;6191114660106;XXL;220;25H;;1,00;
18/02/2026;016;22338;6191114660892;M;170;25H;;1,00;
18/02/2026;016;22343;6191114661462;XXL;I634;25H;;1,00;
18/02/2026;016;22409;6191114671034;3XL;995;26E;;1,00;
18/02/2026;016;22414;6191114672789;L/XL;770;26E;;1,00;
18/02/2026;016;55808;6191114641211;L;385;25H;;1,00;
18/02/2026;016;55808;6191114641297;XXL;975;25H;;2,00;
18/02/2026;016;55808;6191114641327;3XL;975;25H;;1,00;
18/02/2026;016;55811;6191114644632;XXL;R310;25H;;1,00;
18/02/2026;016;55817;6191114654792;XL;385;25H;;1,00;
18/02/2026;016;55817;6191114654815;XL;790;25H;;1,00;
18/02/2026;016;70203;6191114608306;XL;R355;25H;;1,00;
18/02/2026;016;70205;6191114612297;L;385;25H;;1,00;
18/02/2026;016;70211;6191114621916;XL;870;25H;;1,00;
18/02/2026;016;70222;6191114631007;XXL;476;25H;;1,00;
18/02/2026;016;70223;6191114631052;XL;476;25H;;1,00;
18/02/2026;016;70227;6191114652231;XXL;I740;25H;;1,00;
18/02/2026;016;70227;6191114652248;XXL;I875;25H;;1,00;
18/02/2026;016;70231;6191114658714;XL;C000;25H;;2,00;
18/02/2026;016;70231;6191114658721;XL;C995;25H;;1,00;
18/02/2026;016;70232;6191114658806;M;995;25H;;1,00;
18/02/2026;016;70234;6191114660762;L;010;25H;;1,00;
18/02/2026;016;91272;6194444115667;TU;815;22H;;1,00;
18/02/2026;016;91273;6194444115674;TU;815;22H;;4,00;
18/02/2026;016;91529;6191114640313;38;385;25H;;1,00;
18/02/2026;019;20144;6191114230064;XL;265;23H;;1,00;
18/02/2026;019;20261;6191114259720;L;R740;23H;;1,00;
18/02/2026;019;20354;6191114279803;L;995;23H;;1,00;
18/02/2026;019;20354;6191114279810;XL;995;23H;;1,00;
18/02/2026;019;20714;6191114360440;XL;I235;24E;;1,00;
18/02/2026;019;20795;6191114388581;L;I235;24E;;1,00;
18/02/2026;019;20831;6191114396333;2XL/3;784;24E;;1,00;
18/02/2026;019;20832;6191114396418;L/XL;784;24E;;1,00;
18/02/2026;019;21402;6191114513310;XL;995;24H;;1,00;
18/02/2026;019;21479;6191114530881;XL;695;24H;;1,00;
18/02/2026;019;21504;6191114539457;L;715;25E;;1,00;
18/02/2026;019;21535;6191114588622;L;310;25E;;1,00;
18/02/2026;019;21584;6191114550308;39;695;25E;;1,00;
18/02/2026;019;21604;6191114549128;L;R815;25E;;1,00;
18/02/2026;019;21835;6191114584136;L;000;25E;;1,00;
18/02/2026;019;21836;6191114584471;L;010;25E;;1,00;
18/02/2026;019;21876;6191114599017;L;I815;25E;;1,00;
18/02/2026;019;21906;6191114600119;L;000;25E;;1,00;
18/02/2026;019;21908;6191114600379;M;385;25E;;1,00;
18/02/2026;019;21910;6191114600751;L;310;25E;;1,00;
18/02/2026;019;21911;6191114600867;L;000;25E;;1,00;
18/02/2026;019;21929;6191114602687;L;385;25E;;1,00;
18/02/2026;019;22005;6191114606616;L;645;25H;;1,00;
18/02/2026;019;22013;6191114607675;XL;995;25H;;1,00;
18/02/2026;019;22019;6191114609433;L;995;25H;;1,00;
18/02/2026;019;22030;6191114610712;XL;010;25H;;1,00;
18/02/2026;019;22031;6191114610828;XL;995;25H;;1,00;
18/02/2026;019;22032;6191114610927;L;995;25H;;1,00;
18/02/2026;019;22055;6191114617568;L;870;25H;;1,00;
18/02/2026;019;22055;6191114624887;XXL;995;25H;;1,00;
18/02/2026;019;22064;6191114618602;S;815;25H;;1,00;
18/02/2026;019;22065;6191114618978;XL;820;25H;;1,00;
18/02/2026;019;22066;6191114615564;S;875;25H;;1,00;
18/02/2026;019;22068;6191114615786;XL;995;25H;;1,00;
18/02/2026;019;22091;6191114620179;L;815;25H;;1,00;
18/02/2026;019;22117;6191114646254;M;995;25H;;1,00;
18/02/2026;019;22118;6191114646384;M;874;25H;;1,00;
18/02/2026;019;22120;6191114646513;XL;995;25H;;1,00;
18/02/2026;019;22127;6191114649088;XXL;770;25H;;1,00;
18/02/2026;019;22128;6191114623002;L;385;25H;;1,00;
18/02/2026;019;22151;6191114625716;L;995;25H;;1,00;
18/02/2026;019;22175;6191114628786;S;990;25H;;1,00;
18/02/2026;019;22191;6191114627963;XXL;P010;25H;;1,00;
18/02/2026;019;22198;6191114630185;XL;385;25H;;1,00;
18/02/2026;019;22212;6191114641488;M;385;25H;;1,00;
18/02/2026;019;22233;6191114644403;L;000;25H;;1,00;
18/02/2026;019;22239;6191114644991;L;784;25H;;1,00;
18/02/2026;019;22250;6191114649637;XL;815;25H;;1,00;
18/02/2026;019;22251;6191114650039;L;255;25H;;1,00;
18/02/2026;019;22251;6191114650060;XXL;995;25H;;1,00;
18/02/2026;019;22256;6191114650428;L;995;25H;;1,00;
18/02/2026;019;22262;6191114651364;M;490;25H;;1,00;
18/02/2026;019;22263;6191114651487;S;870;25H;;1,00;
18/02/2026;019;22274;6191114652873;L;995;25H;;1,00;
18/02/2026;019;22275;6191114652958;L;385;25H;;1,00;
18/02/2026;019;22279;6191114653610;M;000;25H;;1,00;
18/02/2026;019;22284;6191114654228;L;995;25H;;1,00;
18/02/2026;019;22284;6191114654266;XXL;995;25H;;1,00;
18/02/2026;019;22285;6191114654389;XL;995;25H;;1,00;
18/02/2026;019;22288;6191114654679;XL;995;25H;;1,00;
18/02/2026;019;22290;6191114657939;M;R385;25H;;1,00;
18/02/2026;019;22306;6191114669079;L;995;25H;;1,00;
18/02/2026;019;22307;6191114669949;M;M815;25H;;1,00;
18/02/2026;019;22319;6191114670242;L;995;25H;;1,00;
18/02/2026;019;22325;6191114659957;L;995;25H;;1,00;
18/02/2026;019;22330;6191114660120;3XL;220;25H;;1,00;
18/02/2026;019;55817;6191114654808;XL;695;25H;;1,00;
18/02/2026;019;55818;6191114654990;L;995;25H;;1,00;
18/02/2026;019;55818;6191114655034;XL;385;25H;;2,00;
18/02/2026;019;55818;6191114655058;XL;824;25H;;1,00;
18/02/2026;019;55818;6191114658301;M;535;25H;;1,00;
18/02/2026;019;70201;6191114608054;XL;R870;25H;;1,00;
18/02/2026;019;70202;6191114608139;M;995;25H;;1,00;
18/02/2026;019;70203;6191114608290;XL;R995;25H;;1,00;
18/02/2026;019;70214;6191114623798;XXL;995;25H;;1,00;
18/02/2026;019;70214;6191114623804;XXL;195;25H;;1,00;
18/02/2026;019;70220;6191114631205;XL;695;25H;;1,00;
18/02/2026;019;70220;6191114631243;3XL;695;25H;;1,00;
18/02/2026;019;70229;6191114657786;XL;476;25H;;1,00;
18/02/2026;019;70231;6191114658653;S;C000;25H;;1,00;
18/02/2026;019;91527;6191114640085;36;995;25H;;1,00;
18/02/2026;019;91529;6191114640351;40;385;25H;;1,00;
18/02/2026;021;22011;6191114607422;XL;010;25H;;1,00;
18/02/2026;021;22056;6191114617643;S;310;25H;;1,00;
18/02/2026;021;22080;6191114616981;L;380;25H;;1,00;
18/02/2026;021;22101;6191114621039;L;995;25H;;1,00;
18/02/2026;021;22113;6191114645684;M;990;25H;;1,00;
18/02/2026;021;22113;6191114645691;M;005;25H;;1,00;
18/02/2026;021;22117;6191114649002;XL;940;25H;;1,00;
18/02/2026;021;22139;6191114624528;XXL;940;25H;;1,00;
18/02/2026;021;22142;6191114624672;S;875;25H;;1,00;
18/02/2026;021;22182;6191114629363;L;870;25H;;1,00;
18/02/2026;021;22182;6191114629370;L;995;25H;;1,00;
18/02/2026;021;22222;6191114643390;L;010;25H;;1,00;
18/02/2026;021;22237;6191114644816;L;I815;25H;;1,00;
18/02/2026;021;22246;6191114648821;L;870;25H;;1,00;
18/02/2026;021;22258;6191114650862;4XL;385;25H;;1,00;
18/02/2026;021;22264;6191114651685;M;995;25H;;1,00;
18/02/2026;021;22271;6191114652323;S;010;25H;;1,00;
18/02/2026;021;22295;6191114656253;XL;695;25H;;1,00;
18/02/2026;021;22295;6191114656277;XXL;695;25H;;-1,00;
18/02/2026;021;22333;6191114660632;M;990;25H;;1,00;
18/02/2026;021;91510;6191114625495;40;815;25H;;1,00;
18/02/2026;021;91528;6191114640177;36;870;25H;;-1,00;
18/02/2026;021;91528;6191114640191;37;870;25H;;1,00;
18/02/2026;024;21826;6191114582798;M;000;25E;;1,00;
18/02/2026;024;21826;6191114582804;M;200;25E;;1,00;
18/02/2026;024;21830;6191114583351;M;995;25E;;1,00;
18/02/2026;024;21830;6191114583375;M;200;25E;;1,00;
18/02/2026;024;21831;6191114583504;M;995;25E;;1,00;
18/02/2026;024;21831;6191114583511;M;000;25E;;1,00;
18/02/2026;024;21831;6191114583528;M;200;25E;;1,00;
18/02/2026;024;21832;6191114583658;M;995;25E;;1,00;
18/02/2026;024;21832;6191114583665;M;000;25E;;1,00;
18/02/2026;024;22009;6191114607231;3XL;380;25H;;1,00;
18/02/2026;024;22010;6191114607347;3XL;815;25H;;1,00;
18/02/2026;024;22028;6191114610514;3XL;940;25H;;1,00;
18/02/2026;024;22043;6191114622074;S;855;25H;;1,00;
18/02/2026;024;22043;6191114622081;M;855;25H;;1,00;
18/02/2026;024;22043;6191114622104;XL;855;25H;;1,00;
18/02/2026;024;22056;6191114617704;XL;310;25H;;1,00;
18/02/2026;024;22069;6191114615915;XXL;870;25H;;1,00;
18/02/2026;024;22097;6191114620827;4XL;995;25H;;-1,00;
18/02/2026;024;22110;6191114622463;S;255;25H;;1,00;
18/02/2026;024;22110;6191114622494;XL;255;25H;;1,00;
18/02/2026;024;22111;6191114622739;XL;235;25H;;1,00;
18/02/2026;024;22111;6191114622746;XXL;235;25H;;1,00;
18/02/2026;024;22113;6191114645745;XL;990;25H;;1,00;
18/02/2026;024;22114;6191114645875;XXL;815;25H;;1,00;
18/02/2026;024;22114;6191114645882;XXL;020;25H;;1,00;
18/02/2026;024;22128;6191114623071;XXL;870;25H;;1,00;
18/02/2026;024;22142;6191114624771;XL;195;25H;;1,00;
18/02/2026;024;22177;6191114628908;XL;010;25H;;-1,00;
18/02/2026;024;22211;6191114641396;XL;694;25H;;1,00;
18/02/2026;024;22223;6191114643529;M;870;25H;;1,00;
18/02/2026;024;22229;6191114644038;XXL;995;25H;;1,00;
18/02/2026;024;22238;6191114644885;XL;I995;25H;;-1,00;
18/02/2026;024;22238;6191114644908;3XL;I995;25H;;1,00;
18/02/2026;024;22243;6191114647817;XL;215;25H;;1,00;
18/02/2026;024;22243;6191114647848;XXL;215;25H;;1,00;
18/02/2026;024;22248;6191114649163;L;995;25H;;1,00;
18/02/2026;024;22250;6191114649637;XL;815;25H;;1,00;
18/02/2026;024;22253;6191114650275;3XL;995;25H;;1,00;
18/02/2026;024;22253;6191114669260;XL;255;25H;;1,00;
18/02/2026;024;22257;6191114650671;4XL;I195;25H;;1,00;
18/02/2026;024;22277;6191114653368;XS;784;25H;;1,00;
18/02/2026;024;22309;6191114658004;L;995;25H;;1,00;
18/02/2026;024;22322;6191114659513;XL;190;25H;;1,00;
18/02/2026;024;22330;6191114660083;XL;220;25H;;1,00;
18/02/2026;024;22331;6191114660281;XL;390;25H;;1,00;
18/02/2026;024;22331;6191114660335;3XL;815;25H;;1,00;
18/02/2026;024;22447;6191114675476;XXL;990;26E;;1,00;
18/02/2026;024;55801;6191114621794;XL;385;25H;;1,00;
18/02/2026;024;55801;6191114621800;XL;995;25H;;1,00;
18/02/2026;024;55801;6191114621848;XXL;975;25H;;1,00;
18/02/2026;024;55808;6191114641204;M;975;25H;;1,00;
18/02/2026;024;55813;6191114645264;XL;310;25H;;1,00;
18/02/2026;024;55813;6191114645271;XL;940;25H;;1,00;
18/02/2026;024;55815;6191114645585;XL;385;25H;;1,00;
18/02/2026;024;55815;6191114645608;XXL;385;25H;;1,00;
18/02/2026;024;55815;6191114669321;L;995;25H;;1,00;
18/02/2026;024;55816;6191114648487;XL;R990;25H;;1,00;
18/02/2026;024;55820;6191114657878;XL;R995;25H;;1,00;
18/02/2026;024;70200;6191114607880;S;R940;25H;;1,00;
18/02/2026;024;70201;6191114608030;L;R870;25H;;1,00;
18/02/2026;024;70214;6191114623750;L;995;25H;;1,00;
18/02/2026;024;70222;6191114630963;S;476;25H;;1,00;
18/02/2026;024;70230;6191114658226;XXL;I995;25H;;1,00;
18/02/2026;024;70231;6191114658769;3XL;C995;25H;;1,00;
18/02/2026;024;70233;6191114658899;XL;995;25H;;1,00;
18/02/2026;024;70241;6191114672642;XL;870;26E;;1,00;
18/02/2026;024;91273;6194444115674;TU;815;22H;;1,00;
18/02/2026;029;21359;6191114503762;XL;995;24H;;1,00;
18/02/2026;029;21830;6191114583467;XXL;200;25E;;1,00;
18/02/2026;029;21831;6191114583566;XL;995;25E;;1,00;
18/02/2026;029;21832;6191114583719;XL;995;25E;;1,00;
18/02/2026;029;21863;6191114589377;S;310;25E;;1,00;
18/02/2026;029;22055;6191114617544;M;870;25H;;1,00;
18/02/2026;029;22055;6191114624856;M;995;25H;;2,00;
18/02/2026;029;22064;6191114618787;XL;175;25H;;1,00;
18/02/2026;029;22068;6191114615786;XL;995;25H;;1,00;
18/02/2026;029;22088;6191114619784;L;995;25H;;1,00;
18/02/2026;029;22089;6191114619920;L;995;25H;;1,00;
18/02/2026;029;22096;6191114620582;M;995;25H;;1,00;
18/02/2026;029;22127;6191114649057;M;770;25H;;1,00;
18/02/2026;029;22128;6191114623071;XXL;870;25H;;1,00;
18/02/2026;029;22128;6191114623088;XXL;995;25H;;1,00;
18/02/2026;029;22133;6191114624054;XXL;815;25H;;1,00;
18/02/2026;029;22140;6191114624627;L;995;25H;;1,00;
18/02/2026;029;22191;6191114627901;M;P010;25H;;1,00;
18/02/2026;029;22194;6191114628656;3XL;I255;25H;;1,00;
18/02/2026;029;22206;6191114630901;XL;995;25H;;1,00;
18/02/2026;029;22208;6191114640610;XL;385;25H;;2,00;
18/02/2026;029;22208;6191114640627;XL;995;25H;;2,00;
18/02/2026;029;22208;6191114640634;XXL;385;25H;;1,00;
18/02/2026;029;22208;6191114640658;3XL;385;25H;;1,00;
18/02/2026;029;22216;6191114642706;XXL;I385;25H;;1,00;
18/02/2026;029;22237;6191114644830;XXL;I815;25H;;1,00;
18/02/2026;029;22239;6191114645004;XL;815;25H;;1,00;
18/02/2026;029;22253;6191114650244;L;995;25H;;1,00;
18/02/2026;029;22278;6191114653498;L;995;25H;;1,00;
18/02/2026;029;22278;6191114653504;XL;995;25H;;1,00;
18/02/2026;029;22301;6191114657083;S;215;25H;;1,00;
18/02/2026;029;22301;6191114657113;L;995;25H;;-1,00;
18/02/2026;029;22322;6191114659445;M;740;25H;;1,00;
18/02/2026;029;22326;6191114668355;XXL;920;25H;;1,00;
18/02/2026;029;22331;6191114660243;L;390;25H;;1,00;
18/02/2026;029;22347;6191114668614;XL;I815;25H;;1,00;
18/02/2026;029;22390;6191114673496;TU;920;26E;;1,00;
18/02/2026;029;22414;6191114672802;2XL/3;770;26E;;1,00;
18/02/2026;029;70210;6191114619173;M;R350;25H;;1,00;
18/02/2026;029;70224;6191114641785;M;694;25H;;1,00;
18/02/2026;029;91341;6191114512528;TU;695;24H;;1,00;
18/02/2026;029;91342;6191114512511;TU;995;24H;;1,00;
18/02/2026;029;91343;6191114512344;TU;790;24H;;1,00;
18/02/2026;029;91366;6191114542488;TU;815;25E;;1,00;
18/02/2026;029;91367;6191114542600;TU;810;25E;;2,00;
18/02/2026;030;21659;6191114588905;XL;005;25E;;1,00;
18/02/2026;030;21688;6191114566231;XXL;476;25E;;1,00;
18/02/2026;030;21914;6191114601154;M;385;25E;;1,00;
18/02/2026;030;22030;6191114610644;S;995;25H;;1,00;
18/02/2026;030;22125;6191114646940;M;E385;25H;;1,00;
18/02/2026;030;22131;6191114623620;M;995;25H;;1,00;
18/02/2026;030;22135;6191114624214;3XL;870;25H;;1,00;
18/02/2026;030;22163;6191114659858;XXL;C790;25H;;1,00;
18/02/2026;030;22186;6191114627697;S;385;25H;;1,00;
18/02/2026;030;22188;6191114644724;S/M;200;25H;;1,00;
18/02/2026;030;22202;6191114630598;3XL;790;25H;;1,00;
18/02/2026;030;22203;6191114630604;S;995;25H;;1,00;
18/02/2026;030;22212;6191114641587;XXL;255;25H;;1,00;
18/02/2026;030;22238;6191114644892;XXL;I995;25H;;1,00;
18/02/2026;030;22250;6191114649651;XL;784;25H;;1,00;
18/02/2026;030;22250;6191114649668;XXL;815;25H;;1,00;
18/02/2026;030;22252;6191114650114;S;255;25H;;1,00;
18/02/2026;030;22263;6191114651630;3XL;870;25H;;1,00;
18/02/2026;030;22265;6191114651791;XXL;995;25H;;1,00;
18/02/2026;030;22279;6191114653726;3XL;995;25H;;1,00;
18/02/2026;030;22292;6191114655683;XL;870;25H;;1,00;
18/02/2026;030;22302;6191114657281;XXL;245;25H;;1,00;
18/02/2026;030;22318;6191114659018;XL;235;25H;;1,00;
18/02/2026;030;22322;6191114659476;L;740;25H;;1,00;
18/02/2026;030;22322;6191114659513;XL;190;25H;;-1,00;
18/02/2026;030;22331;6191114660229;L;385;25H;;1,00;
18/02/2026;030;22331;6191114660250;XL;815;25H;;1,00;
18/02/2026;030;22331;6191114660274;XL;995;25H;;1,00;
18/02/2026;030;22344;6191114668430;S;I815;25H;;1,00;
18/02/2026;030;22452;6191114676947;L/XL;855;26E;;1,00;
18/02/2026;030;55806;6191114640962;3XL;995;25H;;1,00;
18/02/2026;030;70213;6191114623705;XL;P385;25H;;1,00;
18/02/2026;030;70226;6191114652088;XXL;I815;25H;;1,00;
18/02/2026;030;70231;6191114658714;XL;C000;25H;;2,00;
18/02/2026;030;70232;6191114658820;XL;995;25H;;1,00;
18/02/2026;031;22026;6191114610224;XL;815;25H;;1,00;
18/02/2026;031;22033;6191114611009;S;815;25H;;1,00;
18/02/2026;031;22049;6191114612136;XL;815;25H;;1,00;
18/02/2026;031;22137;6191114623330;S;235;25H;;1,00;
18/02/2026;031;22230;6191114644106;L;790;25H;;1,00;
18/02/2026;031;22297;6191114656628;S;215;25H;;1,00;
18/02/2026;031;22301;6191114657083;S;215;25H;;1,00;
18/02/2026;031;22301;6191114657120;L;215;25H;;1,00;
18/02/2026;031;22302;6191114657250;XL;995;25H;;1,00;
18/02/2026;032;22029;6191114610606;XXL;010;25H;;1,00;
18/02/2026;032;22110;6191114622494;XL;255;25H;;1,00;
18/02/2026;032;22139;6191114624498;XL;940;25H;;-1,00;
18/02/2026;032;22139;6191114624528;XXL;940;25H;;1,00;
18/02/2026;032;22151;6191114625709;M;995;25H;;1,00;
18/02/2026;032;22275;6191114652965;L;790;25H;;1,00;
18/02/2026;032;22276;6191114655812;XL;995;25H;;1,00;
18/02/2026;032;22295;6191114656239;L;695;25H;;1,00;
18/02/2026;032;22301;6191114657144;XL;215;25H;;1,00;
18/02/2026;032;22303;6191114657373;L;870;25H;;1,00;
18/02/2026;032;22414;6191114672765;S/M;770;26E;;1,00;
18/02/2026;032;91272;6194444115667;TU;815;22H;;1,00;
18/02/2026;033;22046;6191114611818;XL;C385;25H;;1,00;
19/02/2026;002;12147;6191114338937;14;235;24E;;1,00;
19/02/2026;002;12151;6191114339354;14;235;24E;;1,00;
19/02/2026;002;12154;6191114339590;14;194;24E;;1,00;
19/02/2026;002;22003;6191114606289;XXL;R000;25H;;1,00;
19/02/2026;002;22028;6191114610491;XXL;940;25H;;1,00;
19/02/2026;002;22041;6191114608924;XXL;R385;25H;;1,00;
19/02/2026;002;22056;6191114617643;S;310;25H;;1,00;
19/02/2026;002;22057;6191114617810;L;195;25H;;1,00;
19/02/2026;002;22084;6191114616462;L;310;25H;;1,00;
19/02/2026;002;22110;6191114622555;XL;235;25H;;1,00;
19/02/2026;002;22114;6191114645837;L;815;25H;;1,00;
19/02/2026;002;22114;6191114645851;XL;815;25H;;-1,00;
19/02/2026;002;22127;6191114647152;XXL;995;25H;;1,00;
19/02/2026;002;22139;6191114624450;L;995;25H;;1,00;
19/02/2026;002;22207;6191114640474;XL;880;25H;;1,00;
19/02/2026;002;22247;6191114648746;XL;R270;25H;;1,00;
19/02/2026;002;22263;6191114651548;L;870;25H;;1,00;
19/02/2026;002;22267;6191114651913;3XL;995;25H;;1,00;
19/02/2026;002;22271;6191114652385;L;010;25H;;1,00;
19/02/2026;002;22276;6191114655805;XL;385;25H;;1,00;
19/02/2026;002;22276;6191114655812;XL;995;25H;;1,00;
19/02/2026;002;22289;6191114655201;S;995;25H;;1,00;
19/02/2026;002;22289;6191114655294;XXL;476;25H;;1,00;
19/02/2026;002;22331;6191114660243;L;390;25H;;1,00;
19/02/2026;002;55800;6191114621626;XL;995;25H;;1,00;
19/02/2026;002;55800;6191114621640;XXL;385;25H;;1,00;
19/02/2026;002;55820;6191114657908;XXL;R784;25H;;1,00;
19/02/2026;002;70207;6191114612594;3XL;R385;25H;;1,00;
19/02/2026;002;70221;6191114631342;5XL;I995;25H;;1,00;
19/02/2026;002;70224;6191114641808;L;694;25H;;1,00;
19/02/2026;005;20659;6191114351318;XL;995;24E;;1,00;
19/02/2026;005;22194;6191114628120;S;I385;25H;;1,00;
19/02/2026;005;22271;6191114652354;M;010;25H;;1,00;
19/02/2026;005;22292;6191114655683;XL;870;25H;;1,00;
19/02/2026;009;22029;6191114610545;M;010;25H;;1,00;
19/02/2026;009;22317;6191114658646;XXL;195;25H;;1,00;
19/02/2026;009;55811;6191114644601;L;R784;25H;;1,00;
19/02/2026;009;55813;6191114645233;L;310;25H;;1,00;
19/02/2026;011;22182;6191114629332;M;870;25H;;1,00;
19/02/2026;011;22182;6191114629356;M;784;25H;;1,00;
19/02/2026;011;22195;6191114628380;XL;215;25H;;1,00;
19/02/2026;011;22229;6191114644007;M;995;25H;;1,00;
19/02/2026;011;91505;6191114657311;TU;815;25H;;1,00;
19/02/2026;011;91507;6191114626416;TU;824;25H;;1,00;
19/02/2026;014;21835;6191114584341;XXL;645;25E;;1,00;
19/02/2026;014;22019;6191114609488;3XL;815;25H;;1,00;
19/02/2026;014;22030;6191114610668;M;995;25H;;1,00;
19/02/2026;014;22085;6191114619456;3XL;195;25H;;1,00;
19/02/2026;014;22096;6191114622241;4XL;870;25H;;1,00;
19/02/2026;014;22124;6191114646872;XL;645;25H;;1,00;
19/02/2026;014;22124;6191114646896;XXL;645;25H;;1,00;
19/02/2026;014;22139;6191114624351;XS;385;25H;;1,00;
19/02/2026;014;22139;6191114624511;XXL;995;25H;;1,00;
19/02/2026;014;22148;6191114625563;XL;995;25H;;1,00;
19/02/2026;014;22170;6191114627024;XXL;R385;25H;;1,00;
19/02/2026;014;22184;6191114629653;XL;995;25H;;1,00;
19/02/2026;014;22197;6191114630093;XXL;815;25H;;1,00;
19/02/2026;014;22265;6191114651760;M;995;25H;;1,00;
19/02/2026;014;22277;6191114653405;M;784;25H;;1,00;
19/02/2026;014;22278;6191114653474;S;995;25H;;1,00;
19/02/2026;014;22343;6191114661363;XL;I634;25H;;1,00;
19/02/2026;014;22346;6191114668553;XL;I815;25H;;1,00;
19/02/2026;014;55816;6191114648432;L;R995;25H;;1,00;
19/02/2026;014;55818;6191114655003;L;824;25H;;-1,00;
19/02/2026;014;70232;6191114658851;4XL;995;25H;;1,00;
19/02/2026;014;91505;6191114657311;TU;815;25H;;1,00;
19/02/2026;014;91509;6191114625372;40;995;25H;;1,00;
19/02/2026;015;21073;6191114448506;M;740;24H;;1,00;
19/02/2026;015;21135;6191114463158;XL;940;24H;;1,00;
19/02/2026;015;21405;6191114513631;L;995;24H;;1,00;
19/02/2026;015;22024;6191114653320;XL;815;25H;;1,00;
19/02/2026;015;22099;6191114620896;S;995;25H;;1,00;
19/02/2026;015;22113;6191114645745;XL;990;25H;;1,00;
19/02/2026;015;22208;6191114640603;L;995;25H;;2,00;
19/02/2026;015;22257;6191114650602;XXL;I740;25H;;-1,00;
19/02/2026;015;22347;6191114668614;XL;I815;25H;;-1,00;
19/02/2026;015;22347;6191114668621;XXL;I815;25H;;1,00;
19/02/2026;016;21131;6191114462687;L;010;24H;;1,00;
19/02/2026;016;22018;6191114609303;L;R385;25H;;1,00;
19/02/2026;016;22027;6191114610347;XL;645;25H;;1,00;
19/02/2026;016;22063;6191114618480;S;870;25H;;1,00;
19/02/2026;016;22064;6191114618794;XL;855;25H;;1,00;
19/02/2026;016;22120;6191114646476;M;995;25H;;1,00;
19/02/2026;016;22239;6191114644953;M;995;25H;;1,00;
19/02/2026;016;22295;6191114656208;M;995;25H;;1,00;
19/02/2026;016;22331;6191114660373;S;495;25H;;1,00;
19/02/2026;016;22452;6191114676916;S/M;995;26E;;1,00;
19/02/2026;016;55808;6191114641297;XXL;975;25H;;1,00;
19/02/2026;016;91272;6194444115667;TU;815;22H;;2,00;
19/02/2026;019;20159;6191114307902;M;740;23H;;1,00;
19/02/2026;019;21250;6191114481978;S;385;24H;;1,00;
19/02/2026;019;21718;6191114571785;XL;I870;25E;;1,00;
19/02/2026;019;21766;6191114573864;S;815;25E;;1,00;
19/02/2026;019;21905;6191114599888;M;385;25E;;1,00;
19/02/2026;019;21905;6191114599901;M;784;25E;;1,00;
19/02/2026;019;22019;6191114609433;L;995;25H;;1,00;
19/02/2026;019;22024;6191114653320;XL;815;25H;;1,00;
19/02/2026;019;22025;6191114610118;XL;010;25H;;1,00;
19/02/2026;019;22025;6191114610156;3XL;010;25H;;1,00;
19/02/2026;019;22031;6191114610828;XL;995;25H;;1,00;
19/02/2026;019;22031;6191114610859;XXL;695;25H;;1,00;
19/02/2026;019;22052;6191114617216;XL;385;25H;;1,00;
19/02/2026;019;22115;6191114646018;XL;990;25H;;1,00;
19/02/2026;019;22118;6191114646407;L;874;25H;;1,00;
19/02/2026;019;22118;6191114646414;XL;995;25H;;1,00;
19/02/2026;019;22137;6191114623453;XXL;235;25H;;1,00;
19/02/2026;019;22183;6191114629523;L;385;25H;;1,00;
19/02/2026;019;22184;6191114629653;XL;995;25H;;1,00;
19/02/2026;019;22206;6191114630918;XL;195;25H;;1,00;
19/02/2026;019;22212;6191114641488;M;385;25H;;1,00;
19/02/2026;019;22216;6191114642751;XL;I255;25H;;1,00;
19/02/2026;019;22246;6191114648852;XL;995;25H;;1,00;
19/02/2026;019;22254;6191114650312;XL;995;25H;;1,00;
19/02/2026;019;22255;6191114650374;XL;995;25H;;1,00;
19/02/2026;019;22259;6191114650930;L;010;25H;;1,00;
19/02/2026;019;22264;6191114651678;S;995;25H;;1,00;
19/02/2026;019;22265;6191114651784;XL;995;25H;;1,00;
19/02/2026;019;22282;6191114654051;L;I815;25H;;1,00;
19/02/2026;019;22285;6191114654358;L;385;25H;;1,00;
19/02/2026;019;22290;6191114657960;XXL;R385;25H;;1,00;
19/02/2026;019;22291;6191114655416;M;495;25H;;1,00;
19/02/2026;019;22300;6191114656826;L;870;25H;;1,00;
19/02/2026;019;22302;6191114657281;XXL;245;25H;;1,00;
19/02/2026;019;22304;6191114660441;M;MCO;25H;;1,00;
19/02/2026;019;22318;6191114658998;L;235;25H;;1,00;
19/02/2026;019;22318;6191114659001;L;C000;25H;;1,00;
19/02/2026;019;55816;6191114648432;L;R995;25H;;1,00;
19/02/2026;019;55816;6191114648487;XL;R990;25H;;1,00;
19/02/2026;019;70213;6191114623682;M;P385;25H;;1,00;
19/02/2026;019;70220;6191114631205;XL;695;25H;;1,00;
19/02/2026;019;70226;6191114652101;3XL;I880;25H;;1,00;
19/02/2026;019;70231;6191114658691;L;C000;25H;;1,00;
19/02/2026;019;70231;6191114658714;XL;C000;25H;;1,00;
19/02/2026;019;70231;6191114658776;4XL;C000;25H;;1,00;
19/02/2026;019;70232;6191114658813;L;995;25H;;1,00;
19/02/2026;019;91510;6191114625457;38;815;25H;;1,00;
19/02/2026;019;91510;6191114625501;40;995;25H;;1,00;
19/02/2026;021;22241;6191114647381;XL;R000;25H;;1,00;
19/02/2026;021;22413;6191114672703;S/M;205;26E;;1,00;
19/02/2026;021;91502;6191114669123;TU;695;25H;;1,00;
19/02/2026;024;22002;6191114606104;XXL;385;25H;;1,00;
19/02/2026;024;22070;6191114616011;XL;385;25H;;1,00;
19/02/2026;024;22095;6191114620513;M;R350;25H;;1,00;
19/02/2026;024;22203;6191114630666;XL;995;25H;;1,00;
19/02/2026;024;22252;6191114650190;XXL;255;25H;;1,00;
19/02/2026;024;22261;6191114651265;L;490;25H;;1,00;
19/02/2026;024;22262;6191114651388;L;490;25H;;1,00;
19/02/2026;024;22316;6191114658509;M;476;25H;;1,00;
19/02/2026;024;55811;6191114644618;XL;R310;25H;;1,00;
19/02/2026;024;55813;6191114645264;XL;310;25H;;1,00;
19/02/2026;024;55816;6191114648487;XL;R990;25H;;1,00;
19/02/2026;024;91505;6191114657328;TU;385;25H;;1,00;
19/02/2026;029;22114;6191114645844;L;020;25H;;1,00;
19/02/2026;029;22160;6191114626249;XL;820;25H;;1,00;
19/02/2026;029;91337;6191114503960;90;995;24H;;1,00;
19/02/2026;030;22088;6191114619784;L;995;25H;;1,00;
19/02/2026;030;22142;6191114624696;M;995;25H;;1,00;
19/02/2026;030;22142;6191114624764;XL;875;25H;;1,00;
19/02/2026;030;22142;6191114624771;XL;195;25H;;1,00;
19/02/2026;030;22186;6191114627765;XL;784;25H;;1,00;
19/02/2026;030;22207;6191114640481;XL;784;25H;;1,00;
19/02/2026;030;22238;6191114644878;L;I995;25H;;1,00;
19/02/2026;030;22246;6191114648838;L;995;25H;;1,00;
19/02/2026;030;22312;6191114658165;XXL;995;25H;;1,00;
19/02/2026;030;55808;6191114641235;L;975;25H;;-1,00;
19/02/2026;030;55808;6191114641266;XL;975;25H;;1,00;
19/02/2026;030;55818;6191114654976;M;694;25H;;-1,00;
19/02/2026;030;55818;6191114655027;L;694;25H;;1,00;
19/02/2026;030;70231;6191114658691;L;C000;25H;;-1,00;
19/02/2026;030;70231;6191114658738;XXL;C000;25H;;1,00;
19/02/2026;031;22070;6191114616028;XL;995;25H;;1,00;
19/02/2026;031;22089;6191114619999;4XL;385;25H;;1,00;
19/02/2026;031;22209;6191114640733;XL;815;25H;;1,00;
19/02/2026;031;22316;6191114658493;S;476;25H;;1,00;
19/02/2026;032;22028;6191114610453;L;940;25H;;1,00;
19/02/2026;032;22029;6191114610606;XXL;010;25H;;-1,00;
19/02/2026;032;22193;6191114628069;M;995;25H;;1,00;
19/02/2026;032;22206;6191114630895;L;195;25H;;1,00;
20/02/2026;002;12154;6191114339569;8;194;24E;;1,00;
20/02/2026;002;12154;6191114339576;10;194;24E;;2,00;
20/02/2026;002;20322;6191114273702;XL;I145;23H;;1,00;
20/02/2026;002;20834;6191114396586;S/M;625;24E;;1,00;
20/02/2026;002;21308;6191114492691;M;995;24H;;1,00;
20/02/2026;002;21402;6191114513297;L;995;24H;;1,00;
20/02/2026;002;21462;6191114530447;S/M;430;24H;;1,00;
20/02/2026;002;21835;6191114584112;L;385;25E;;1,00;
20/02/2026;002;21905;6191114599864;S;995;25E;;1,00;
20/02/2026;002;22005;6191114606548;S;995;25H;;1,00;
20/02/2026;002;22005;6191114606562;M;815;25H;;1,00;
20/02/2026;002;22007;6191114607033;XL;905;25H;;1,00;
20/02/2026;002;22025;6191114610125;XXL;995;25H;;1,00;
20/02/2026;002;22041;6191114608948;3XL;R385;25H;;1,00;
20/02/2026;002;22041;6191114608955;3XL;R010;25H;;1,00;
20/02/2026;002;22053;6191114617278;S;385;25H;;1,00;
20/02/2026;002;22063;6191114618480;S;870;25H;;1,00;
20/02/2026;002;22064;6191114618688;M;175;25H;;1,00;
20/02/2026;002;22064;6191114618695;M;855;25H;;1,00;
20/02/2026;002;22073;6191114616318;XL;870;25H;;1,00;
20/02/2026;002;22091;6191114620186;L;995;25H;;1,00;
20/02/2026;002;22129;6191114623163;L;995;25H;;1,00;
20/02/2026;002;22132;6191114623828;S;224;25H;;1,00;
20/02/2026;002;22133;6191114625211;XXL;995;25H;;1,00;
20/02/2026;002;22142;6191114624665;S;995;25H;;1,00;
20/02/2026;002;22183;6191114629585;3XL;385;25H;;1,00;
20/02/2026;002;22194;6191114628137;S;I255;25H;;1,00;
20/02/2026;002;22212;6191114641549;XL;385;25H;;1,00;
20/02/2026;002;22246;6191114648838;L;995;25H;;1,00;
20/02/2026;002;22258;6191114650749;L;385;25H;;1,00;
20/02/2026;002;22292;6191114655638;S;995;25H;;1,00;
20/02/2026;002;22316;6191114658493;S;476;25H;;1,00;
20/02/2026;002;22322;6191114659476;L;740;25H;;1,00;
20/02/2026;002;22331;6191114660403;XL;495;25H;;1,00;
20/02/2026;002;55715;6191114526297;L;385;24H;;1,00;
20/02/2026;002;55800;6191114621534;S;995;25H;;1,00;
20/02/2026;002;55800;6191114621558;M;385;25H;;1,00;
20/02/2026;002;55811;6191114644571;M;R310;25H;;1,00;
20/02/2026;002;55811;6191114644618;XL;R310;25H;;1,00;
20/02/2026;002;55813;6191114645301;XXL;940;25H;;1,00;
20/02/2026;002;55817;6191114654761;L;385;25H;;1,00;
20/02/2026;002;55818;6191114655072;XL;694;25H;;1,00;
20/02/2026;005;22201;6191114630420;XL;815;25H;;1,00;
20/02/2026;005;22261;6191114651234;M;385;25H;;1,00;
20/02/2026;005;22263;6191114651586;XL;995;25H;;1,00;
20/02/2026;005;22282;6191114654075;XXL;I815;25H;;1,00;
20/02/2026;005;22284;6191114654273;3XL;385;25H;;1,00;
20/02/2026;005;55806;6191114640887;XL;385;25H;;1,00;
20/02/2026;005;55816;6191114648449;L;R385;25H;;1,00;
20/02/2026;005;91273;6194444115674;TU;815;22H;;1,00;
20/02/2026;009;22002;6191114606029;M;645;25H;;1,00;
20/02/2026;009;22086;6191114619524;L;010;25H;;1,00;
20/02/2026;009;22112;6191114622845;L;R995;25H;;1,00;
20/02/2026;009;22116;6191114646179;XXL;995;25H;;1,00;
20/02/2026;009;22198;6191114630208;XXL;385;25H;;1,00;
20/02/2026;009;22254;6191114650305;L;995;25H;;1,00;
20/02/2026;009;22255;6191114650367;L;995;25H;;1,00;
20/02/2026;009;22269;6191114653160;XS;695;25H;;1,00;
20/02/2026;009;22286;6191114654471;XXL;995;25H;;1,00;
20/02/2026;009;55808;6191114641181;M;385;25H;;1,00;
20/02/2026;009;55813;6191114645233;L;310;25H;;-1,00;
20/02/2026;009;55816;6191114648487;XL;R990;25H;;1,00;
20/02/2026;009;70202;6191114608160;L;010;25H;;1,00;
20/02/2026;009;91533;6191114648623;TU;995;25H;;1,00;
20/02/2026;011;22183;6191114629554;XL;995;25H;;1,00;
20/02/2026;011;22244;6191114647954;L;995;25H;;1,00;
20/02/2026;011;22244;6191114647985;XL;995;25H;;1,00;
20/02/2026;011;22259;6191114650978;XXL;010;25H;;1,00;
20/02/2026;011;22303;6191114657410;XXL;870;25H;;1,00;
20/02/2026;011;22410;6191114671065;2XL/3;995;26E;;1,00;
20/02/2026;011;22452;6191114676954;2XL/3;995;26E;;1,00;
20/02/2026;011;55800;6191114621688;3XL;995;25H;;1,00;
20/02/2026;014;21279;6191114496637;L;695;24H;;1,00;
20/02/2026;014;21343;6191114501034;XL;895;24H;;1,00;
20/02/2026;014;21835;6191114584228;XL;145;25E;;1,00;
20/02/2026;014;21863;6191114589438;XL;310;25E;;1,00;
20/02/2026;014;22006;6191114606845;L;815;25H;;1,00;
20/02/2026;014;22030;6191114610712;XL;010;25H;;1,00;
20/02/2026;014;22032;6191114610941;XL;995;25H;;1,00;
20/02/2026;014;22071;6191114616110;L;784;25H;;1,00;
20/02/2026;014;22113;6191114645660;S;005;25H;;1,00;
20/02/2026;014;22114;6191114645837;L;815;25H;;1,00;
20/02/2026;014;22120;6191114646490;L;995;25H;;1,00;
20/02/2026;014;22124;6191114646872;XL;645;25H;;1,00;
20/02/2026;014;22128;6191114622999;M;995;25H;;1,00;
20/02/2026;014;22142;6191114624719;M;195;25H;;1,00;
20/02/2026;014;22150;6191114625679;XXL;995;25H;;1,00;
20/02/2026;014;22151;6191114625723;XL;995;25H;;1,00;
20/02/2026;014;22183;6191114629578;XXL;995;25H;;-1,00;
20/02/2026;014;22191;6191114648937;XL;P385;25H;;1,00;
20/02/2026;014;22201;6191114630475;3XL;995;25H;;1,00;
20/02/2026;014;22292;6191114655713;XXL;995;25H;;1,00;
20/02/2026;014;22317;6191114658639;XXL;385;25H;;1,00;
20/02/2026;014;22317;6191114658646;XXL;195;25H;;1,00;
20/02/2026;014;22414;6191114672765;S/M;770;26E;;1,00;
20/02/2026;014;55808;6191114641198;M;995;25H;;1,00;
20/02/2026;014;55808;6191114641266;XL;975;25H;;-1,00;
20/02/2026;014;55808;6191114641297;XXL;975;25H;;1,00;
20/02/2026;014;55809;6191114642027;XL;995;25H;;2,00;
20/02/2026;014;55810;6191114642218;M;010;25H;;1,00;
20/02/2026;014;55816;6191114648517;XXL;R990;25H;;1,00;
20/02/2026;014;55818;6191114654983;L;385;25H;;1,00;
20/02/2026;014;70229;6191114657762;M;476;25H;;1,00;
20/02/2026;014;91500;6191114626287;TU;195;25H;;1,00;
20/02/2026;015;22009;6191114607194;XL;380;25H;;1,00;
20/02/2026;015;22099;6191114620896;S;995;25H;;1,00;
20/02/2026;015;22128;6191114622944;S;385;25H;;1,00;
20/02/2026;015;22177;6191114628915;XL;215;25H;;1,00;
20/02/2026;015;22223;6191114643543;L;645;25H;;-1,00;
20/02/2026;015;22223;6191114643604;XXL;645;25H;;1,00;
20/02/2026;015;22252;6191114650190;XXL;255;25H;;1,00;
20/02/2026;015;22268;6191114649750;L;870;25H;;1,00;
20/02/2026;015;22279;6191114653696;XXL;995;25H;;1,00;
20/02/2026;015;22287;6191114654570;XL;815;25H;;1,00;
20/02/2026;015;22308;6191114657717;L;870;25H;;1,00;
20/02/2026;015;22312;6191114658141;L;995;25H;;1,00;
20/02/2026;015;22320;6191114659230;3XL;825;25H;;1,00;
20/02/2026;015;22321;6191114659391;4XL;825;25H;;1,00;
20/02/2026;015;22414;6191114672765;S/M;770;26E;;1,00;
20/02/2026;015;55816;6191114648425;M;R990;25H;;1,00;
20/02/2026;015;70233;6191114658929;4XL;995;25H;;1,00;
20/02/2026;015;91272;6194444115667;TU;815;22H;;1,00;
20/02/2026;015;91528;6191114640238;39;870;25H;;1,00;
20/02/2026;016;21235;6191114477827;42;815;24H;;-1,00;
20/02/2026;016;21347;6191114501508;XL;385;24H;;1,00;
20/02/2026;016;22013;6191114607637;M;995;25H;;1,00;
20/02/2026;016;22064;6191114618770;XL;695;25H;;1,00;
20/02/2026;016;22068;6191114642393;XL;695;25H;;1,00;
20/02/2026;016;22085;6191114619425;XL;740;25H;;1,00;
20/02/2026;016;22117;6191114646278;L;995;25H;;1,00;
20/02/2026;016;22129;6191114623149;M;010;25H;;1,00;
20/02/2026;016;22130;6191114623569;L;195;25H;;1,00;
20/02/2026;016;22132;6191114623880;XL;224;25H;;1,00;
20/02/2026;016;22151;6191114625716;L;995;25H;;1,00;
20/02/2026;016;22162;6191114647206;M;995;25H;;1,00;
20/02/2026;016;22194;6191114628229;XL;I255;25H;;1,00;
20/02/2026;016;22194;6191114628236;XXL;I880;25H;;1,00;
20/02/2026;016;22239;6191114644977;L;815;25H;;1,00;
20/02/2026;016;22246;6191114648838;L;995;25H;;1,00;
20/02/2026;016;22257;6191114650619;XXL;I195;25H;;1,00;
20/02/2026;016;22257;6191114650671;4XL;I195;25H;;1,00;
20/02/2026;016;22291;6191114655379;XS;495;25H;;1,00;
20/02/2026;016;55817;6191114654761;L;385;25H;;1,00;
20/02/2026;016;70224;6191114641808;L;694;25H;;1,00;
20/02/2026;016;70227;6191114652200;L;I875;25H;;1,00;
20/02/2026;016;91507;6191114626409;TU;195;25H;;1,00;
20/02/2026;016;91527;6191114640115;38;870;25H;;1,00;
20/02/2026;019;20678;6191114354760;L;270;24E;;1,00;
20/02/2026;019;21402;6191114513280;L;824;24H;;1,00;
20/02/2026;019;21504;6191114539518;3XL;715;25E;;1,00;
20/02/2026;019;21718;6191114571785;XL;I870;25E;;1,00;
20/02/2026;019;22032;6191114610934;L;940;25H;;1,00;
20/02/2026;019;22065;6191114618961;XL;350;25H;;1,00;
20/02/2026;019;22068;6191114615762;L;995;25H;;1,00;
20/02/2026;019;22108;6191114622159;L;870;25H;;1,00;
20/02/2026;019;22164;6191114649484;XL;995;25H;;1,00;
20/02/2026;019;22213;6191114642331;XL;815;25H;;1,00;
20/02/2026;019;22265;6191114651777;L;995;25H;;1,00;
20/02/2026;021;20437;6191114297715;XL;170;23H;;1,00;
20/02/2026;021;22006;6191114606968;3XL;815;25H;;1,00;
20/02/2026;021;22013;6191114607637;M;995;25H;;1,00;
20/02/2026;021;22064;6191114618824;XXL;695;25H;;1,00;
20/02/2026;021;22073;6191114616349;XXL;395;25H;;1,00;
20/02/2026;021;22142;6191114624665;S;995;25H;;1,00;
20/02/2026;021;22142;6191114624757;XL;995;25H;;1,00;
20/02/2026;021;22142;6191114624771;XL;195;25H;;-1,00;
20/02/2026;021;22243;6191114647787;L;215;25H;;1,00;
20/02/2026;021;22244;6191114647923;M;995;25H;;1,00;
20/02/2026;021;22302;6191114657267;XL;245;25H;;1,00;
20/02/2026;021;22307;6191114669970;L;M815;25H;;1,00;
20/02/2026;021;22413;6191114672741;2XL/3;205;26E;;1,00;
20/02/2026;021;70222;6191114630970;M;476;25H;;1,00;
20/02/2026;021;70223;6191114631038;M;476;25H;;1,00;
20/02/2026;021;70232;6191114658837;XXL;995;25H;;1,00;
20/02/2026;024;21380;6191114508408;L;875;24H;;1,00;
20/02/2026;024;21845;6191114586314;XL;010;25E;;1,00;
20/02/2026;024;22064;6191114618893;3XL;855;25H;;1,00;
20/02/2026;024;22089;6191114619920;L;995;25H;;1,00;
20/02/2026;024;22133;6191114625174;S;995;25H;;1,00;
20/02/2026;024;22200;6191114630284;L;010;25H;;1,00;
20/02/2026;024;22204;6191114630758;XL;995;25H;;1,00;
20/02/2026;024;22253;6191114669246;M;255;25H;;1,00;
20/02/2026;024;22261;6191114651265;L;490;25H;;1,00;
20/02/2026;024;22262;6191114651388;L;490;25H;;1,00;
20/02/2026;024;22272;6191114652514;S;010;25H;;1,00;
20/02/2026;024;22397;6191114671829;M;870;26E;;1,00;
20/02/2026;024;22398;6191114671911;XXL;870;26E;;1,00;
20/02/2026;024;70233;6191114658912;3XL;995;25H;;1,00;
20/02/2026;029;22258;6191114650756;L;195;25H;;1,00;
20/02/2026;029;22258;6191114650763;L;740;25H;;1,00;
20/02/2026;029;22270;6191114649958;XL;995;25H;;1,00;
20/02/2026;029;22330;6191114660090;XXL;724;25H;;1,00;
20/02/2026;029;70214;6191114623750;L;995;25H;;1,00;
20/02/2026;029;70227;6191114652200;L;I875;25H;;1,00;
20/02/2026;030;21833;6191114583856;M;200;25E;;1,00;
20/02/2026;030;21835;6191114583955;S;385;25E;;1,00;
20/02/2026;030;21835;6191114584105;M;645;25E;;1,00;
20/02/2026;030;21835;6191114584341;XXL;645;25E;;1,00;
20/02/2026;030;22020;6191114619296;XL;815;25H;;1,00;
20/02/2026;030;22071;6191114616134;XL;784;25H;;1,00;
20/02/2026;030;22081;6191114617063;L;380;25H;;1,00;
20/02/2026;030;22088;6191114619784;L;995;25H;;-1,00;
20/02/2026;030;22088;6191114619807;XL;995;25H;;1,00;
20/02/2026;030;22128;6191114623057;XL;995;25H;;1,00;
20/02/2026;030;22130;6191114623538;M;995;25H;;1,00;
20/02/2026;030;22130;6191114623552;L;995;25H;;1,00;
20/02/2026;030;22132;6191114623859;L;794;25H;;1,00;
20/02/2026;030;22217;6191114642850;XL;000;25H;;1,00;
20/02/2026;030;22223;6191114643536;M;995;25H;;1,00;
20/02/2026;030;22223;6191114643543;L;645;25H;;1,00;
20/02/2026;030;22245;6191114648203;L;740;25H;;1,00;
20/02/2026;030;22258;6191114650725;M;195;25H;;1,00;
20/02/2026;030;22316;6191114658523;XL;476;25H;;1,00;
20/02/2026;030;22331;6191114660205;M;390;25H;;1,00;
20/02/2026;030;22331;6191114660236;L;995;25H;;1,00;
20/02/2026;030;55808;6191114641266;XL;975;25H;;1,00;
20/02/2026;030;55816;6191114648487;XL;R990;25H;;-1,00;
20/02/2026;030;55816;6191114648517;XXL;R990;25H;;1,00;
20/02/2026;030;70211;6191114621916;XL;870;25H;;1,00;
20/02/2026;030;70224;6191114641785;M;694;25H;;1,00;
20/02/2026;031;22064;6191114618701;L;815;25H;;1,00;
20/02/2026;031;22208;6191114640573;M;385;25H;;1,00;
20/02/2026;031;22208;6191114640580;M;995;25H;;1,00;
20/02/2026;031;22237;6191114644816;L;I815;25H;;1,00;
20/02/2026;031;22409;6191114671034;3XL;995;26E;;1,00;
20/02/2026;031;70226;6191114651999;M;I815;25H;;1,00;
21/02/2026;002;20834;6191114396531;L/XL;740;24E;;1,00;
21/02/2026;002;20834;6191114396593;L/XL;625;24E;;1,00;
21/02/2026;002;21126;6191114462052;M;R634;24H;;1,00;
21/02/2026;002;21126;6191114462144;XXL;R634;24H;;1,00;
21/02/2026;002;21300;6191114499164;XL;E695;24H;;1,00;
21/02/2026;002;21306;6191114504516;5XL;195;24H;;1,00;
21/02/2026;002;21347;6191114501515;XL;695;24H;;1,00;
21/02/2026;002;21835;6191114584204;XL;995;25E;;1,00;
21/02/2026;002;22003;6191114606272;XL;R870;25H;;1,00;
21/02/2026;002;22005;6191114606609;L;815;25H;;1,00;
21/02/2026;002;22005;6191114606661;XL;995;25H;;1,00;
21/02/2026;002;22009;6191114607224;3XL;880;25H;;1,00;
21/02/2026;002;22012;6191114607576;XXL;010;25H;;1,00;
21/02/2026;002;22019;6191114609396;S;995;25H;;1,00;
21/02/2026;002;22019;6191114609433;L;995;25H;;1,00;
21/02/2026;002;22019;6191114609464;XXL;815;25H;;1,00;
21/02/2026;002;22021;6191114609662;XXL;385;25H;;1,00;
21/02/2026;002;22024;6191114653306;M;815;25H;;1,00;
21/02/2026;002;22025;6191114610095;L;010;25H;;1,00;
21/02/2026;002;22025;6191114610101;XL;995;25H;;1,00;
21/02/2026;002;22028;6191114610453;L;940;25H;;1,00;
21/02/2026;002;22028;6191114610484;XXL;870;25H;;1,00;
21/02/2026;002;22032;6191114610958;XL;940;25H;;1,00;
21/02/2026;002;22038;6191114611412;3XL;R385;25H;;1,00;
21/02/2026;002;22040;6191114611597;3XL;R010;25H;;1,00;
21/02/2026;002;22053;6191114617308;L;385;25H;;1,00;
21/02/2026;002;22054;6191114617445;XL;385;25H;;1,00;
21/02/2026;002;22062;6191114618244;S;870;25H;;1,00;
21/02/2026;002;22078;6191114616769;M;995;25H;;1,00;
21/02/2026;002;22080;6191114616974;M;476;25H;;1,00;
21/02/2026;002;22092;6191114620254;S;815;25H;;1,00;
21/02/2026;002;22106;6191114621466;S;990;25H;;1,00;
21/02/2026;002;22113;6191114645738;XL;820;25H;;1,00;
21/02/2026;002;22117;6191114649019;XXL;940;25H;;1,00;
21/02/2026;002;22125;6191114646964;XL;E385;25H;;1,00;
21/02/2026;002;22170;6191114626881;M;R925;25H;;1,00;
21/02/2026;002;22171;6191114627130;M;R925;25H;;1,00;
21/02/2026;002;22187;6191114644687;S/M;200;25H;;1,00;
21/02/2026;002;22195;6191114628366;L;310;25H;;1,00;
21/02/2026;002;22206;6191114630895;L;195;25H;;1,00;
21/02/2026;002;22211;6191114641372;L;694;25H;;1,00;
21/02/2026;002;22233;6191114644441;XXL;000;25H;;1,00;
21/02/2026;002;22239;6191114644915;S;815;25H;;1,00;
21/02/2026;002;22239;6191114645035;XXL;815;25H;;1,00;
21/02/2026;002;22241;6191114647404;3XL;R000;25H;;1,00;
21/02/2026;002;22242;6191114647428;S;380;25H;;1,00;
21/02/2026;002;22256;6191114650435;XL;995;25H;;1,00;
21/02/2026;002;22258;6191114650817;XXL;195;25H;;1,00;
21/02/2026;002;22258;6191114650824;XXL;740;25H;;1,00;
21/02/2026;002;22264;6191114651708;XL;995;25H;;1,00;
21/02/2026;002;22267;6191114651807;S;815;25H;;1,00;
21/02/2026;002;22267;6191114651852;L;995;25H;;1,00;
21/02/2026;002;22271;6191114652354;M;010;25H;;1,00;
21/02/2026;002;22272;6191114652606;XL;010;25H;;1,00;
21/02/2026;002;22276;6191114655782;L;385;25H;;1,00;
21/02/2026;002;22280;6191114653825;M;000;25H;;1,00;
21/02/2026;002;22286;6191114654433;S;995;25H;;1,00;
21/02/2026;002;22292;6191114655485;XS;870;25H;;1,00;
21/02/2026;002;22302;6191114657212;M;995;25H;;1,00;
21/02/2026;002;22306;6191114669079;L;995;25H;;1,00;
21/02/2026;002;22318;6191114658998;L;235;25H;;1,00;
21/02/2026;002;22318;6191114659032;XXL;235;25H;;1,00;
21/02/2026;002;22318;6191114659049;XXL;C000;25H;;1,00;
21/02/2026;002;22322;6191114659438;M;645;25H;;1,00;
21/02/2026;002;22333;6191114660618;S;990;25H;;1,00;
21/02/2026;002;22335;6191114660939;S/M;815;25H;;1,00;
21/02/2026;002;22338;6191114660892;M;170;25H;;1,00;
21/02/2026;002;22409;6191114671010;XL;995;26E;;1,00;
21/02/2026;002;55715;6191114526327;3XL;385;24H;;1,00;
21/02/2026;002;55801;6191114621763;L;385;25H;;1,00;
21/02/2026;002;55808;6191114641228;L;995;25H;;1,00;
21/02/2026;002;55808;6191114641266;XL;975;25H;;1,00;
21/02/2026;002;55808;6191114641280;XXL;995;25H;;1,00;
21/02/2026;002;55813;6191114645240;L;940;25H;;1,00;
21/02/2026;002;55813;6191114645264;XL;310;25H;;1,00;
21/02/2026;002;55813;6191114645288;XXL;385;25H;;1,00;
21/02/2026;002;55817;6191114654761;L;385;25H;;1,00;
21/02/2026;002;55817;6191114654808;XL;695;25H;;1,00;
21/02/2026;002;55818;6191114655034;XL;385;25H;;1,00;
21/02/2026;002;55818;6191114658325;XL;535;25H;;1,00;
21/02/2026;002;70201;6191114608030;L;R870;25H;;1,00;
21/02/2026;002;70202;6191114608115;S;995;25H;;1,00;
21/02/2026;002;70208;6191114621954;S;R870;25H;;1,00;
21/02/2026;002;70209;6191114612785;L;R920;25H;;1,00;
21/02/2026;002;70209;6191114612808;XL;R920;25H;;1,00;
21/02/2026;002;70209;6191114612815;XXL;R170;25H;;1,00;
21/02/2026;002;70210;6191114619166;M;R385;25H;;1,00;
21/02/2026;002;70226;6191114651944;S;I995;25H;;1,00;
21/02/2026;002;70226;6191114651982;M;I880;25H;;1,00;
21/02/2026;002;70227;6191114652156;S;I740;25H;;1,00;
21/02/2026;002;70231;6191114658752;3XL;C000;25H;;1,00;
21/02/2026;002;91413;6191114601956;TU;MCO;25E;;1,00;
21/02/2026;002;91509;6191114625334;39;870;25H;;1,00;
21/02/2026;002;91528;6191114640269;40;995;25H;;1,00;
21/02/2026;002;91540;6191114671133;39;995;26E;;1,00;
21/02/2026;005;22090;6191114620070;XL;815;25H;;1,00;
21/02/2026;005;22090;6191114620094;XXL;815;25H;;-1,00;
21/02/2026;005;22182;6191114629394;XL;870;25H;;1,00;
21/02/2026;005;22182;6191114629448;XXL;784;25H;;1,00;
21/02/2026;005;22183;6191114629547;XL;385;25H;;1,00;
21/02/2026;005;22201;6191114630468;3XL;815;25H;;1,00;
21/02/2026;005;22237;6191114644823;XL;I815;25H;;1,00;
21/02/2026;005;22262;6191114651449;3XL;490;25H;;1,00;
21/02/2026;005;22267;6191114651937;4XL;995;25H;;1,00;
21/02/2026;005;22307;6191114670013;XL;M870;25H;;1,00;
21/02/2026;005;22320;6191114659230;3XL;825;25H;;1,00;
21/02/2026;005;22321;6191114659377;3XL;825;25H;;1,00;
21/02/2026;005;22323;6191114659629;XXL;995;25H;;1,00;
21/02/2026;005;22324;6191114659681;XXL;995;25H;;1,00;
21/02/2026;005;22414;6191114672802;2XL/3;770;26E;;1,00;
21/02/2026;005;55808;6191114641266;XL;975;25H;;1,00;
21/02/2026;005;70205;6191114612273;M;385;25H;;1,00;
21/02/2026;005;70205;6191114612334;XXL;385;25H;;1,00;
21/02/2026;005;70211;6191114621916;XL;870;25H;;1,00;
21/02/2026;005;70226;6191114652088;XXL;I815;25H;;1,00;
21/02/2026;005;70231;6191114658691;L;C000;25H;;1,00;
21/02/2026;005;70232;6191114658813;L;995;25H;;1,00;
21/02/2026;005;91272;6194444115667;TU;815;22H;;2,00;
21/02/2026;005;91273;6194444115674;TU;815;22H;;1,00;
21/02/2026;005;91540;6191114671133;39;995;26E;;1,00;
21/02/2026;009;22004;6191114606395;M;R815;25H;;1,00;
21/02/2026;009;22250;6191114649590;M;784;25H;;1,00;
21/02/2026;009;22295;6191114656215;M;695;25H;;1,00;
21/02/2026;009;70213;6191114623699;L;P385;25H;;1,00;
21/02/2026;009;70226;6191114652033;XL;I995;25H;;1,00;
21/02/2026;011;22026;6191114610224;XL;815;25H;;1,00;
21/02/2026;011;22064;6191114618763;XL;010;25H;;1,00;
21/02/2026;011;22085;6191114619425;XL;740;25H;;1,00;
21/02/2026;011;22114;6191114645837;L;815;25H;;1,00;
21/02/2026;011;22118;6191114646391;L;995;25H;;1,00;
21/02/2026;011;22126;6191114647015;L;E385;25H;;1,00;
21/02/2026;011;22140;6191114624641;XXL;995;25H;;1,00;
21/02/2026;011;22198;6191114630192;XL;695;25H;;1,00;
21/02/2026;011;22238;6191114644878;L;I995;25H;;1,00;
21/02/2026;011;22239;6191114644977;L;815;25H;;1,00;
21/02/2026;011;22247;6191114648753;XXL;R385;25H;;1,00;
21/02/2026;011;22263;6191114651586;XL;995;25H;;1,00;
21/02/2026;011;22282;6191114654051;L;I815;25H;;1,00;
21/02/2026;011;22296;6191114656604;3XL;215;25H;;-1,00;
21/02/2026;011;22299;6191114656888;XS;870;25H;;1,00;
21/02/2026;011;22324;6191114659667;L;995;25H;;1,00;
21/02/2026;011;55813;6191114645325;3XL;310;25H;;1,00;
21/02/2026;011;70211;6191114621909;L;870;25H;;1,00;
21/02/2026;011;70211;6191114621916;XL;870;25H;;-1,00;
21/02/2026;014;21358;6191114503700;XL;995;24H;;1,00;
21/02/2026;014;21826;6191114582903;3XL;995;25E;;1,00;
21/02/2026;014;21826;6191114582910;3XL;000;25E;;1,00;
21/02/2026;014;21826;6191114582927;3XL;200;25E;;2,00;
21/02/2026;014;21830;6191114583474;3XL;995;25E;;1,00;
21/02/2026;014;21830;6191114583498;3XL;200;25E;;1,00;
21/02/2026;014;21835;6191114584150;L;235;25E;;1,00;
21/02/2026;014;21863;6191114589438;XL;310;25E;;1,00;
21/02/2026;014;22006;6191114606876;L;995;25H;;1,00;
21/02/2026;014;22024;6191114653337;XXL;815;25H;;1,00;
21/02/2026;014;22025;6191114610101;XL;995;25H;;1,00;
21/02/2026;014;22062;6191114618329;L;195;25H;;1,00;
21/02/2026;014;22083;6191114619074;L;820;25H;;1,00;
21/02/2026;014;22096;6191114620643;XXL;995;25H;;1,00;
21/02/2026;014;22111;6191114622586;S;385;25H;;-1,00;
21/02/2026;014;22113;6191114645660;S;005;25H;;1,00;
21/02/2026;014;22114;6191114645868;XL;020;25H;;1,00;
21/02/2026;014;22117;6191114648975;S;940;25H;;1,00;
21/02/2026;014;22128;6191114623071;XXL;870;25H;;1,00;
21/02/2026;014;22129;6191114623194;XL;995;25H;;1,00;
21/02/2026;014;22151;6191114625716;L;995;25H;;1,00;
21/02/2026;014;22177;6191114628885;L;010;25H;;1,00;
21/02/2026;014;22183;6191114629523;L;385;25H;;1,00;
21/02/2026;014;22212;6191114641594;XXL;235;25H;;1,00;
21/02/2026;014;22223;6191114643598;XL;995;25H;;1,00;
21/02/2026;014;22239;6191114645035;XXL;815;25H;;1,00;
21/02/2026;014;22244;6191114647961;L;215;25H;;1,00;
21/02/2026;014;22244;6191114647978;L;695;25H;;1,00;
21/02/2026;014;22246;6191114648821;L;870;25H;;-1,00;
21/02/2026;014;22252;6191114650169;XL;995;25H;;1,00;
21/02/2026;014;22253;6191114650268;XXL;995;25H;;1,00;
21/02/2026;014;22258;6191114650718;M;385;25H;;1,00;
21/02/2026;014;22273;6191114652798;XXL;385;25H;;1,00;
21/02/2026;014;22277;6191114653450;XXL;815;25H;;1,00;
21/02/2026;014;22281;6191114653979;M;995;25H;;1,00;
21/02/2026;014;22287;6191114654570;XL;815;25H;;1,00;
21/02/2026;014;22317;6191114658622;XL;195;25H;;1,00;
21/02/2026;014;22323;6191114659599;M;995;25H;;1,00;
21/02/2026;014;22323;6191114659636;3XL;995;25H;;1,00;
21/02/2026;014;22326;6191114668287;M;995;25H;;1,00;
21/02/2026;014;22330;6191114660090;XXL;724;25H;;1,00;
21/02/2026;014;22330;6191114660106;XXL;220;25H;;1,00;
21/02/2026;014;22347;6191114668621;XXL;I815;25H;;1,00;
21/02/2026;014;22348;6191114668652;M;I995;25H;;1,00;
21/02/2026;014;22414;6191114672789;L/XL;770;26E;;1,00;
21/02/2026;014;55808;6191114641266;XL;975;25H;;1,00;
21/02/2026;014;55808;6191114641327;3XL;975;25H;;1,00;
21/02/2026;014;55809;6191114642010;L;995;25H;;1,00;
21/02/2026;014;55810;6191114642201;M;385;25H;;1,00;
21/02/2026;014;55810;6191114642232;L;010;25H;;2,00;
21/02/2026;014;55813;6191114645165;S;385;25H;;1,00;
21/02/2026;014;55813;6191114645196;M;385;25H;;1,00;
21/02/2026;014;55813;6191114645202;M;310;25H;;1,00;
21/02/2026;014;55815;6191114669321;L;995;25H;;1,00;
21/02/2026;014;55816;6191114648517;XXL;R990;25H;;1,00;
21/02/2026;014;55817;6191114654792;XL;385;25H;;1,00;
21/02/2026;014;55818;6191114654907;S;824;25H;;1,00;
21/02/2026;014;70220;6191114631205;XL;695;25H;;1,00;
21/02/2026;014;70231;6191114658684;M;C995;25H;;1,00;
21/02/2026;014;70232;6191114658790;S;995;25H;;1,00;
21/02/2026;015;21190;6191114471351;M;I350;24H;;1,00;
21/02/2026;015;22018;6191114609365;3XL;R385;25H;;1,00;
21/02/2026;015;22056;6191114617681;L;310;25H;;1,00;
21/02/2026;015;22061;6191114618183;XL;R385;25H;;1,00;
21/02/2026;015;22211;6191114641372;L;694;25H;;1,00;
21/02/2026;015;22233;6191114644427;XL;000;25H;;1,00;
21/02/2026;015;22272;6191114652620;XXL;995;25H;;1,00;
21/02/2026;015;22322;6191114659414;S;740;25H;;1,00;
21/02/2026;015;22414;6191114672758;S/M;805;26E;;1,00;
21/02/2026;015;55816;6191114648517;XXL;R990;25H;;1,00;
21/02/2026;015;55818;6191114655133;3XL;385;25H;;1,00;
21/02/2026;015;91272;6194444115667;TU;815;22H;;3,00;
21/02/2026;015;91509;6191114625242;36;870;25H;;1,00;
21/02/2026;015;91529;6191114640290;37;385;25H;;1,00;
21/02/2026;016;21201;6191114471573;S;385;24H;;1,00;
21/02/2026;016;21343;6191114500976;S;895;24H;;1,00;
21/02/2026;016;21346;6191114501331;S;895;24H;;1,00;
21/02/2026;016;22030;6191114610699;L;010;25H;;1,00;
21/02/2026;016;22033;6191114611078;XL;695;25H;;1,00;
21/02/2026;016;22061;6191114618169;L;R385;25H;;1,00;
21/02/2026;016;22127;6191114649057;M;770;25H;;1,00;
21/02/2026;016;22186;6191114627765;XL;784;25H;;1,00;
21/02/2026;016;22258;6191114650718;M;385;25H;;1,00;
21/02/2026;016;22303;6191114657397;XL;870;25H;;1,00;
21/02/2026;016;70084;6191114450363;M;815;24H;;1,00;
21/02/2026;016;70210;6191114619180;L;R385;25H;;1,00;
21/02/2026;016;91526;6191114640009;38;880;25H;;1,00;
21/02/2026;019;20398;6191114288515;XL;010;23H;;1,00;
21/02/2026;019;20406;6191114291812;XL;260;23H;;1,00;
21/02/2026;019;20714;6191114360440;XL;I235;24E;;1,00;
21/02/2026;019;20790;6191114387294;XL;995;24E;;1,00;
21/02/2026;019;21718;6191114571815;XXL;I870;25E;;1,00;
21/02/2026;019;22024;6191114653276;XXL;870;25H;;1,00;
21/02/2026;019;22025;6191114610088;L;995;25H;;1,00;
21/02/2026;019;22045;6191114611726;XL;995;25H;;1,00;
21/02/2026;019;22052;6191114617223;XL;995;25H;;1,00;
21/02/2026;019;22118;6191114646391;L;995;25H;;1,00;
21/02/2026;019;70220;6191114631205;XL;695;25H;;1,00;
21/02/2026;021;22026;6191114610170;S;645;25H;;1,00;
21/02/2026;021;22118;6191114646391;L;995;25H;;1,00;
21/02/2026;021;22126;6191114647008;M;E385;25H;;-1,00;
21/02/2026;021;22126;6191114649309;S;760;25H;;1,00;
21/02/2026;021;22128;6191114622951;S;870;25H;;1,00;
21/02/2026;021;22132;6191114623927;3XL;224;25H;;1,00;
21/02/2026;021;22182;6191114629370;L;995;25H;;1,00;
21/02/2026;021;22189;6191114644786;L/XL;200;25H;;1,00;
21/02/2026;021;22197;6191114630062;M;815;25H;;1,00;
21/02/2026;021;22201;6191114630406;L;815;25H;;1,00;
21/02/2026;021;22205;6191114630819;XL;870;25H;;1,00;
21/02/2026;021;22223;6191114643611;XXL;870;25H;;1,00;
21/02/2026;021;22253;6191114669260;XL;255;25H;;1,00;
21/02/2026;021;22256;6191114650428;L;995;25H;;1,00;
21/02/2026;021;22284;6191114654259;XXL;385;25H;;1,00;
21/02/2026;021;22307;6191114669987;L;M870;25H;;2,00;
21/02/2026;021;22322;6191114659421;S;190;25H;;1,00;
21/02/2026;021;70210;6191114619234;XXL;R350;25H;;1,00;
21/02/2026;021;70230;6191114658226;XXL;I995;25H;;1,00;
21/02/2026;024;22002;6191114606081;XL;645;25H;;1,00;
21/02/2026;024;22017;6191114609235;XXL;010;25H;;1,00;
21/02/2026;024;22058;6191114617926;L;995;25H;;1,00;
21/02/2026;024;22060;6191114618039;M;310;25H;;1,00;
21/02/2026;024;22064;6191114618763;XL;010;25H;;1,00;
21/02/2026;024;22064;6191114618893;3XL;855;25H;;1,00;
21/02/2026;024;22068;6191114642386;L;695;25H;;1,00;
21/02/2026;024;22073;6191114616288;M;395;25H;;1,00;
21/02/2026;024;22137;6191114623408;XL;385;25H;;1,00;
21/02/2026;024;22137;6191114623422;XL;235;25H;;1,00;
21/02/2026;024;22173;6191114628694;XL;995;25H;;1,00;
21/02/2026;024;22198;6191114630192;XL;695;25H;;1,00;
21/02/2026;024;22200;6191114630284;L;010;25H;;1,00;
21/02/2026;024;22216;6191114642706;XXL;I385;25H;;1,00;
21/02/2026;024;22238;6191114644908;3XL;I995;25H;;1,00;
21/02/2026;024;22263;6191114651609;XXL;870;25H;;1,00;
21/02/2026;024;22265;6191114651760;M;995;25H;;1,00;
21/02/2026;024;22295;6191114656215;M;695;25H;;2,00;
21/02/2026;024;22318;6191114659001;L;C000;25H;;1,00;
21/02/2026;024;55820;6191114657830;M;R995;25H;;1,00;
21/02/2026;024;70205;6191114612259;S;385;25H;;1,00;
21/02/2026;024;70207;6191114612495;S;R385;25H;;1,00;
21/02/2026;024;70214;6191114623736;M;995;25H;;1,00;
21/02/2026;024;70231;6191114658721;XL;C995;25H;;1,00;
21/02/2026;024;70233;6191114658882;L;995;25H;;1,00;
21/02/2026;029;22007;6191114607026;L;905;25H;;1,00;
21/02/2026;029;22162;6191114647244;XL;995;25H;;1,00;
21/02/2026;029;22198;6191114630161;L;385;25H;;1,00;
21/02/2026;029;22238;6191114644861;M;I995;25H;;1,00;
21/02/2026;029;22413;6191114672727;L/XL;205;26E;;1,00;
21/02/2026;029;91509;6191114625402;41;995;25H;;1,00;
21/02/2026;030;20242;6191114255449;L;I010;23H;;1,00;
21/02/2026;030;20997;6191114433045;XL;R000;24E;;1,00;
21/02/2026;030;21872;6191114598232;XL;I270;25E;;1,00;
21/02/2026;030;22005;6191114606722;3XL;815;25H;;1,00;
21/02/2026;030;22006;6191114606999;3XL;995;25H;;1,00;
21/02/2026;030;22025;6191114610101;XL;995;25H;;1,00;
21/02/2026;030;22047;6191114611924;XXL;385;25H;;1,00;
21/02/2026;030;22050;6191114614482;2XL/3;995;25H;;1,00;
21/02/2026;030;22058;6191114617933;L;000;25H;;1,00;
21/02/2026;030;22060;6191114618015;S;310;25H;;1,00;
21/02/2026;030;22064;6191114618787;XL;175;25H;;1,00;
21/02/2026;030;22064;6191114618848;XXL;855;25H;;1,00;
21/02/2026;030;22068;6191114642393;XL;695;25H;;1,00;
21/02/2026;030;22072;6191114616226;XL;476;25H;;1,00;
21/02/2026;030;22084;6191114616431;S;000;25H;;1,00;
21/02/2026;030;22127;6191114647053;XS;995;25H;;1,00;
21/02/2026;030;22130;6191114623552;L;995;25H;;1,00;
21/02/2026;030;22132;6191114623873;XL;794;25H;;1,00;
21/02/2026;030;22139;6191114624559;3XL;940;25H;;1,00;
21/02/2026;030;22142;6191114624702;M;875;25H;;1,00;
21/02/2026;030;22142;6191114624801;XXL;195;25H;;1,00;
21/02/2026;030;22189;6191114644779;L/XL;995;25H;;1,00;
21/02/2026;030;22201;6191114630475;3XL;995;25H;;1,00;
21/02/2026;030;22202;6191114630482;S;995;25H;;1,00;
21/02/2026;030;22207;6191114640375;S;995;25H;;1,00;
21/02/2026;030;22212;6191114641570;XXL;385;25H;;1,00;
21/02/2026;030;22251;6191114649996;S;255;25H;;1,00;
21/02/2026;030;22263;6191114651456;XS;870;25H;;1,00;
21/02/2026;030;22263;6191114651609;XXL;870;25H;;1,00;
21/02/2026;030;22269;6191114653207;XL;695;25H;;1,00;
21/02/2026;030;22284;6191114654235;XL;385;25H;;1,00;
21/02/2026;030;22285;6191114654358;L;385;25H;;1,00;
21/02/2026;030;22291;6191114655409;M;995;25H;;1,00;
21/02/2026;030;22317;6191114658578;M;385;25H;;1,00;
21/02/2026;030;22317;6191114658585;M;195;25H;;1,00;
21/02/2026;030;22324;6191114659681;XXL;995;25H;;1,00;
21/02/2026;030;22331;6191114660205;M;390;25H;;-1,00;
21/02/2026;030;22331;6191114660236;L;995;25H;;-1,00;
21/02/2026;030;22331;6191114660274;XL;995;25H;;1,00;
21/02/2026;030;22343;6191114661479;3XL;I634;25H;;1,00;
21/02/2026;030;22351;6191114668805;XS;I815;25H;;1,00;
21/02/2026;030;22388;6191114669628;L;R815;26E;;1,00;
21/02/2026;030;22398;6191114671898;L;870;26E;;1,00;
21/02/2026;030;22409;6191114670976;3XL;855;26E;;1,00;
21/02/2026;030;22409;6191114671034;3XL;995;26E;;1,00;
21/02/2026;030;22414;6191114672789;L/XL;770;26E;;1,00;
21/02/2026;030;22452;6191114676930;L/XL;995;26E;;1,00;
21/02/2026;030;22452;6191114676954;2XL/3;995;26E;;1,00;
21/02/2026;030;55808;6191114641235;L;975;25H;;1,00;
21/02/2026;030;55808;6191114641297;XXL;975;25H;;1,00;
21/02/2026;030;70217;6191114649385;L;I385;25H;;1,00;
21/02/2026;030;70220;6191114631243;3XL;695;25H;;1,00;
21/02/2026;030;70223;6191114631076;3XL;476;25H;;1,00;
21/02/2026;030;70224;6191114641815;XL;385;25H;;1,00;
21/02/2026;030;70226;6191114652118;3XL;I815;25H;;1,00;
21/02/2026;031;21658;6191114553729;XXL;000;25E;;1,00;
21/02/2026;031;22087;6191114619685;XL;995;25H;;1,00;
21/02/2026;031;22111;6191114622715;M;235;25H;;1,00;
21/02/2026;031;22113;6191114645707;L;820;25H;;1,00;
21/02/2026;031;22114;6191114645844;L;020;25H;;1,00;
21/02/2026;031;22114;6191114645899;3XL;815;25H;;1,00;
21/02/2026;031;22116;6191114646148;L;770;25H;;1,00;
21/02/2026;031;22123;6191114646711;M;995;25H;;1,00;
21/02/2026;031;22132;6191114623866;L;224;25H;;1,00;
21/02/2026;031;22140;6191114624634;XL;995;25H;;1,00;
21/02/2026;031;22184;6191114629653;XL;995;25H;;1,00;
21/02/2026;031;22197;6191114630079;L;815;25H;;1,00;
21/02/2026;031;22230;6191114649286;3XL;790;25H;;1,00;
21/02/2026;031;22251;6191114650053;XL;255;25H;;1,00;
21/02/2026;031;22307;6191114669987;L;M870;25H;;1,00;
21/02/2026;031;22320;6191114659179;L;825;25H;;1,00;
21/02/2026;031;22321;6191114659353;XXL;825;25H;;1,00;
21/02/2026;031;70222;6191114630970;M;476;25H;;-1,00;
21/02/2026;031;70223;6191114631038;M;476;25H;;-1,00;
21/02/2026;031;70234;6191114660748;S;010;25H;;1,00;
21/02/2026;031;91540;6191114671164;40;815;26E;;1,00;
21/02/2026;032;22004;6191114606395;M;R815;25H;;1,00;
21/02/2026;032;22060;6191114618060;XL;215;25H;;1,00;
21/02/2026;032;22062;6191114618343;XL;995;25H;;1,00;
21/02/2026;032;22071;6191114616134;XL;784;25H;;1,00;
21/02/2026;032;22073;6191114616301;L;395;25H;;1,00;
21/02/2026;032;22125;6191114646940;M;E385;25H;;1,00;
21/02/2026;032;22183;6191114629523;L;385;25H;;1,00;
21/02/2026;032;22183;6191114629578;XXL;995;25H;;1,00;
21/02/2026;032;22307;6191114669956;M;M870;25H;;1,00;
22/02/2026;002;12151;6191114339255;6;164;24E;;1,00;
22/02/2026;002;20834;6191114396555;S/M;235;24E;;1,00;
22/02/2026;002;21242;6191114479890;L;995;24H;;1,00;
22/02/2026;002;21754;6191114588301;M;815;25E;;1,00;
22/02/2026;002;21799;6191114612860;S;480;25E;;1,00;
22/02/2026;002;21859;6191114588790;XL;000;25E;;1,00;
22/02/2026;002;22009;6191114607217;XXL;380;25H;;1,00;
22/02/2026;002;22022;6191114609792;3XL;R010;25H;;1,00;
22/02/2026;002;22027;6191114610323;L;645;25H;;1,00;
22/02/2026;002;22040;6191114611597;3XL;R010;25H;;-1,00;
22/02/2026;002;22108;6191114622159;L;870;25H;;1,00;
22/02/2026;002;22111;6191114622746;XXL;235;25H;;1,00;
22/02/2026;002;22135;6191114624122;S;MCO;25H;;1,00;
22/02/2026;002;22182;6191114629370;L;995;25H;;1,00;
22/02/2026;002;22238;6191114644878;L;I995;25H;;1,00;
22/02/2026;002;22251;6191114650077;XXL;255;25H;;1,00;
22/02/2026;002;22253;6191114650268;XXL;995;25H;;1,00;
22/02/2026;002;22256;6191114650428;L;995;25H;;1,00;
22/02/2026;002;22273;6191114652767;XL;385;25H;;1,00;
22/02/2026;002;22273;6191114652798;XXL;385;25H;;1,00;
22/02/2026;002;22311;6191114658080;M;I995;25H;;1,00;
22/02/2026;002;22320;6191114659179;L;825;25H;;-1,00;
22/02/2026;002;22321;6191114659353;XXL;825;25H;;-1,00;
22/02/2026;002;22413;6191114672741;2XL/3;205;26E;;1,00;
22/02/2026;002;55800;6191114621565;M;995;25H;;1,00;
22/02/2026;002;55801;6191114621749;M;995;25H;;1,00;
22/02/2026;002;55811;6191114644618;XL;R310;25H;;2,00;
22/02/2026;002;55815;6191114645585;XL;385;25H;;1,00;
22/02/2026;002;55815;6191114669338;XL;995;25H;;1,00;
22/02/2026;002;55816;6191114648456;L;R990;25H;;1,00;
22/02/2026;002;55817;6191114654747;M;695;25H;;1,00;
22/02/2026;002;55817;6191114654778;L;695;25H;;1,00;
22/02/2026;002;55820;6191114657847;M;R784;25H;;1,00;
22/02/2026;002;70226;6191114652002;L;I995;25H;;1,00;
22/02/2026;002;70231;6191114658721;XL;C995;25H;;1,00;
22/02/2026;002;91505;6191114657328;TU;385;25H;;1,00;
22/02/2026;002;91529;6191114640313;38;385;25H;;1,00;
22/02/2026;005;21247;6191114481527;XL;995;24H;;1,00;
22/02/2026;005;22005;6191114606647;XL;815;25H;;1,00;
22/02/2026;005;22032;6191114610996;3XL;940;25H;;1,00;
22/02/2026;005;22036;6191114611214;XXL;R010;25H;;1,00;
22/02/2026;005;22062;6191114618381;XXL;195;25H;;1,00;
22/02/2026;005;22080;6191114617032;XXL;476;25H;;1,00;
22/02/2026;005;22125;6191114646933;S;E385;25H;;1,00;
22/02/2026;005;22132;6191114623866;L;224;25H;;1,00;
22/02/2026;005;22197;6191114630079;L;815;25H;;1,00;
22/02/2026;005;22246;6191114648845;XL;870;25H;;1,00;
22/02/2026;005;22257;6191114650671;4XL;I195;25H;;1,00;
22/02/2026;005;22278;6191114653498;L;995;25H;;1,00;
22/02/2026;005;22281;6191114653986;L;995;25H;;1,00;
22/02/2026;005;70226;6191114652057;XL;I815;25H;;1,00;
22/02/2026;009;55800;6191114621558;M;385;25H;;1,00;
22/02/2026;009;55806;6191114640849;M;995;25H;;1,00;
22/02/2026;009;55815;6191114645608;XXL;385;25H;;1,00;
22/02/2026;009;70214;6191114623729;S;195;25H;;1,00;
22/02/2026;011;20833;6191114396517;2XL/3;784;24E;;1,00;
22/02/2026;011;21343;6191114501027;XL;995;24H;;1,00;
22/02/2026;011;22084;6191114616479;L;000;25H;;1,00;
22/02/2026;011;22142;6191114624801;XXL;195;25H;;1,00;
22/02/2026;011;22160;6191114626225;L;820;25H;;1,00;
22/02/2026;011;22177;6191114628915;XL;215;25H;;1,00;
22/02/2026;011;22183;6191114629578;XXL;995;25H;;1,00;
22/02/2026;011;22198;6191114630192;XL;695;25H;;-1,00;
22/02/2026;011;22200;6191114648333;L;210;25H;;1,00;
22/02/2026;011;22201;6191114630437;XL;995;25H;;2,00;
22/02/2026;011;22201;6191114630451;XXL;995;25H;;1,00;
22/02/2026;011;22207;6191114640511;XXL;784;25H;;1,00;
22/02/2026;011;22217;6191114642836;L;000;25H;;1,00;
22/02/2026;011;22238;6191114644908;3XL;I995;25H;;1,00;
22/02/2026;011;22254;6191114650305;L;995;25H;;1,00;
22/02/2026;011;22255;6191114650367;L;995;25H;;1,00;
22/02/2026;011;22258;6191114650787;XL;195;25H;;1,00;
22/02/2026;011;22303;6191114657403;XL;195;25H;;1,00;
22/02/2026;011;22307;6191114670044;XXL;M870;25H;;1,00;
22/02/2026;011;22322;6191114659513;XL;190;25H;;1,00;
22/02/2026;011;55816;6191114648463;XL;R995;25H;;1,00;
22/02/2026;011;55816;6191114648517;XXL;R990;25H;;1,00;
22/02/2026;011;70222;6191114630970;M;476;25H;;1,00;
22/02/2026;011;70226;6191114652057;XL;I815;25H;;1,00;
22/02/2026;011;70232;6191114658837;XXL;995;25H;;1,00;
22/02/2026;011;70233;6191114658905;XXL;995;25H;;1,00;
22/02/2026;011;91510;6191114625457;38;815;25H;;1,00;
22/02/2026;014;21166;6191114466630;L;940;24H;;1,00;
22/02/2026;014;21189;6191114471252;L;I350;24H;;1,00;
22/02/2026;014;21301;6191114491908;S;995;24H;;1,00;
22/02/2026;014;21350;6191114501812;M;995;24H;;1,00;
22/02/2026;014;21826;6191114582842;XL;995;25E;;1,00;
22/02/2026;014;22050;6191114614482;2XL/3;995;25H;;1,00;
22/02/2026;014;22072;6191114616219;L;476;25H;;1,00;
22/02/2026;014;22112;6191114622777;M;815;25H;;1,00;
22/02/2026;014;22113;6191114645653;S;990;25H;;1,00;
22/02/2026;014;22115;6191114645998;L;005;25H;;1,00;
22/02/2026;014;22118;6191114646339;XS;995;25H;;1,00;
22/02/2026;014;22128;6191114623088;XXL;995;25H;;-1,00;
22/02/2026;014;22145;6191114629950;XL;995;25H;;1,00;
22/02/2026;014;22181;6191114629257;M;995;25H;;1,00;
22/02/2026;014;22183;6191114629523;L;385;25H;;1,00;
22/02/2026;014;22184;6191114629646;L;995;25H;;1,00;
22/02/2026;014;22206;6191114630901;XL;995;25H;;1,00;
22/02/2026;014;22206;6191114630956;3XL;195;25H;;1,00;
22/02/2026;014;22307;6191114669949;M;M815;25H;;1,00;
22/02/2026;014;22308;6191114657717;L;870;25H;;1,00;
22/02/2026;014;22317;6191114658547;XS;195;25H;;1,00;
22/02/2026;014;22317;6191114658585;M;195;25H;;1,00;
22/02/2026;014;22322;6191114659513;XL;190;25H;;1,00;
22/02/2026;014;22330;6191114660069;L;220;25H;;1,00;
22/02/2026;014;22330;6191114660076;XL;724;25H;;1,00;
22/02/2026;014;22346;6191114668522;S;I815;25H;;1,00;
22/02/2026;014;22346;6191114668546;L;I815;25H;;1,00;
22/02/2026;014;22414;6191114672802;2XL/3;770;26E;;1,00;
22/02/2026;014;55806;6191114640887;XL;385;25H;;1,00;
22/02/2026;014;55813;6191114645288;XXL;385;25H;;1,00;
22/02/2026;014;55815;6191114645585;XL;385;25H;;1,00;
22/02/2026;014;55815;6191114669338;XL;995;25H;;1,00;
22/02/2026;014;55817;6191114654761;L;385;25H;;1,00;
22/02/2026;014;55817;6191114654778;L;695;25H;;-1,00;
22/02/2026;014;55834;6191114676794;XL;385;26E;;1,00;
22/02/2026;014;70210;6191114619210;XL;R350;25H;;1,00;
22/02/2026;015;22009;6191114607132;S;380;25H;;1,00;
22/02/2026;015;22013;6191114607675;XL;995;25H;;1,00;
22/02/2026;015;22100;6191114620971;L;995;25H;;1,00;
22/02/2026;015;22101;6191114621039;L;995;25H;;1,00;
22/02/2026;015;22115;6191114645981;L;990;25H;;1,00;
22/02/2026;015;22115;6191114645998;L;005;25H;;1,00;
22/02/2026;015;22115;6191114646001;XL;820;25H;;1,00;
22/02/2026;015;22124;6191114646872;XL;645;25H;;1,00;
22/02/2026;015;22125;6191114646964;XL;E385;25H;;1,00;
22/02/2026;015;22128;6191114623033;XL;385;25H;;1,00;
22/02/2026;015;22129;6191114623132;M;995;25H;;1,00;
22/02/2026;015;22129;6191114623187;XL;385;25H;;1,00;
22/02/2026;015;22164;6191114649446;M;995;25H;;1,00;
22/02/2026;015;22180;6191114629226;L;995;25H;;1,00;
22/02/2026;015;22183;6191114629523;L;385;25H;;1,00;
22/02/2026;015;22201;6191114630406;L;815;25H;;1,00;
22/02/2026;015;22243;6191114647817;XL;215;25H;;1,00;
22/02/2026;015;22243;6191114647824;XL;695;25H;;1,00;
22/02/2026;015;22244;6191114647961;L;215;25H;;1,00;
22/02/2026;015;22244;6191114647978;L;695;25H;;1,00;
22/02/2026;015;22271;6191114652477;3XL;010;25H;;1,00;
22/02/2026;015;22271;6191114652484;3XL;695;25H;;1,00;
22/02/2026;015;22276;6191114655775;M;995;25H;;1,00;
22/02/2026;015;22288;6191114654693;3XL;995;25H;;1,00;
22/02/2026;015;22292;6191114655669;L;870;25H;;1,00;
22/02/2026;015;22292;6191114655676;L;995;25H;;1,00;
22/02/2026;015;22301;6191114657144;XL;215;25H;;1,00;
22/02/2026;015;22322;6191114659476;L;740;25H;;1,00;
22/02/2026;015;22330;6191114660069;L;220;25H;;1,00;
22/02/2026;015;22338;6191114660908;L;170;25H;;1,00;
22/02/2026;015;22414;6191114672802;2XL/3;770;26E;;1,00;
22/02/2026;015;55811;6191114644571;M;R310;25H;;1,00;
22/02/2026;015;55816;6191114648401;M;R995;25H;;1,00;
22/02/2026;015;70212;6191114623255;M;I995;25H;;1,00;
22/02/2026;015;70216;6191114624313;L;R385;25H;;1,00;
22/02/2026;015;91272;6194444115667;TU;815;22H;;1,00;
22/02/2026;015;91509;6191114625303;38;870;25H;;1,00;
22/02/2026;015;91509;6191114625310;38;995;25H;;1,00;
22/02/2026;016;21419;6191114514195;L;695;24H;;1,00;
22/02/2026;016;22198;6191114630178;L;695;25H;;1,00;
22/02/2026;016;22209;6191114640696;M;815;25H;;1,00;
22/02/2026;016;22292;6191114655669;L;870;25H;;1,00;
22/02/2026;016;55800;6191114621626;XL;995;25H;;1,00;
22/02/2026;016;55817;6191114654808;XL;695;25H;;1,00;
22/02/2026;021;21360;6191114503847;3XL;MCO;24H;;1,00;
22/02/2026;021;21830;6191114583481;3XL;000;25E;;1,00;
22/02/2026;021;22033;6191114611047;L;815;25H;;1,00;
22/02/2026;021;22070;6191114615984;M;995;25H;;1,00;
22/02/2026;021;22097;6191114620803;3XL;995;25H;;1,00;
22/02/2026;021;22105;6191114621244;3XL;000;25H;;1,00;
22/02/2026;021;55819;6191114657526;M;R480;25H;;1,00;
22/02/2026;021;70209;6191114612815;XXL;R170;25H;;1,00;
22/02/2026;021;70231;6191114658691;L;C000;25H;;1,00;
22/02/2026;021;70241;6191114672628;M;870;26E;;1,00;
22/02/2026;021;70241;6191114672635;L;870;26E;;1,00;
22/02/2026;024;21325;6191114497719;XL;995;24H;;1,00;
22/02/2026;024;21396;6191114511477;4XL;815;24H;;1,00;
22/02/2026;024;21420;6191114514300;XL;995;24H;;1,00;
22/02/2026;024;21831;6191114583535;L;995;25E;;1,00;
22/02/2026;024;21833;6191114583856;M;200;25E;;1,00;
22/02/2026;024;22002;6191114606029;M;645;25H;;1,00;
22/02/2026;024;22013;6191114607668;XL;870;25H;;1,00;
22/02/2026;024;22043;6191114622111;XXL;855;25H;;1,00;
22/02/2026;024;22057;6191114617834;XL;195;25H;;1,00;
22/02/2026;024;22064;6191114618732;L;175;25H;;1,00;
22/02/2026;024;22064;6191114618800;XXL;815;25H;;1,00;
22/02/2026;024;22070;6191114616011;XL;385;25H;;1,00;
22/02/2026;024;22070;6191114616066;3XL;995;25H;;1,00;
22/02/2026;024;22113;6191114645721;L;005;25H;;1,00;
22/02/2026;024;22113;6191114645745;XL;990;25H;;1,00;
22/02/2026;024;22114;6191114645837;L;815;25H;;1,00;
22/02/2026;024;22160;6191114626188;S;820;25H;;1,00;
22/02/2026;024;22160;6191114626225;L;820;25H;;1,00;
22/02/2026;024;22200;6191114648357;XXL;210;25H;;1,00;
22/02/2026;024;22206;6191114630888;L;995;25H;;1,00;
22/02/2026;024;22222;6191114643475;3XL;010;25H;;1,00;
22/02/2026;024;22238;6191114644885;XL;I995;25H;;1,00;
22/02/2026;024;22247;6191114648715;L;R270;25H;;1,00;
22/02/2026;024;22251;6191114650077;XXL;255;25H;;-1,00;
22/02/2026;024;22251;6191114650091;3XL;255;25H;;1,00;
22/02/2026;024;22253;6191114669253;L;255;25H;;1,00;
22/02/2026;024;22253;6191114669260;XL;255;25H;;-1,00;
22/02/2026;024;22272;6191114652576;L;010;25H;;1,00;
22/02/2026;024;22273;6191114652736;L;385;25H;;1,00;
22/02/2026;024;22275;6191114652927;S;790;25H;;1,00;
22/02/2026;024;22282;6191114654044;M;I815;25H;;1,00;
22/02/2026;024;22290;6191114657953;XL;R385;25H;;1,00;
22/02/2026;024;22331;6191114660236;L;995;25H;;1,00;
22/02/2026;024;22414;6191114672765;S/M;770;26E;;1,00;
22/02/2026;024;55715;6191114526280;M;385;24H;;1,00;
22/02/2026;024;55813;6191114645219;M;940;25H;;1,00;
22/02/2026;024;55816;6191114648456;L;R990;25H;;1,00;
22/02/2026;024;55820;6191114657892;XXL;R995;25H;;1,00;
22/02/2026;024;70205;6191114612297;L;385;25H;;1,00;
22/02/2026;024;70222;6191114631007;XXL;476;25H;;1,00;
22/02/2026;024;70223;6191114631076;3XL;476;25H;;1,00;
22/02/2026;024;70231;6191114658677;M;C000;25H;;1,00;
22/02/2026;024;70233;6191114658882;L;995;25H;;-1,00;
22/02/2026;024;70233;6191114658905;XXL;995;25H;;1,00;
22/02/2026;029;22262;6191114651401;XL;490;25H;;-1,00;
22/02/2026;029;22262;6191114651425;XXL;490;25H;;1,00;
22/02/2026;029;70233;6191114658929;4XL;995;25H;;1,00;
22/02/2026;030;22027;6191114610323;L;645;25H;;1,00;
22/02/2026;030;22028;6191114610477;XL;940;25H;;1,00;
22/02/2026;030;22030;6191114610682;L;995;25H;;1,00;
22/02/2026;030;22033;6191114611078;XL;695;25H;;1,00;
22/02/2026;030;22056;6191114617681;L;310;25H;;1,00;
22/02/2026;030;22064;6191114618640;S;855;25H;;1,00;
22/02/2026;030;22064;6191114618749;L;855;25H;;1,00;
22/02/2026;030;22064;6191114618848;XXL;855;25H;;-1,00;
22/02/2026;030;22064;6191114618862;3XL;010;25H;;1,00;
22/02/2026;030;22068;6191114642379;M;695;25H;;1,00;
22/02/2026;030;22086;6191114619487;S;010;25H;;1,00;
22/02/2026;030;22095;6191114620506;S;R350;25H;;1,00;
22/02/2026;030;22116;6191114646100;S;770;25H;;1,00;
22/02/2026;030;22130;6191114623521;S;195;25H;;1,00;
22/02/2026;030;22133;6191114625174;S;995;25H;;1,00;
22/02/2026;030;22135;6191114624139;M;870;25H;;1,00;
22/02/2026;030;22142;6191114624665;S;995;25H;;1,00;
22/02/2026;030;22142;6191114624672;S;875;25H;;1,00;
22/02/2026;030;22142;6191114624702;M;875;25H;;1,00;
22/02/2026;030;22142;6191114624726;L;995;25H;;1,00;
22/02/2026;030;22145;6191114629943;L;995;25H;;1,00;
22/02/2026;030;22151;6191114625716;L;995;25H;;1,00;
22/02/2026;030;22163;6191114659841;XL;C790;25H;;1,00;
22/02/2026;030;22164;6191114649460;L;995;25H;;1,00;
22/02/2026;030;22201;6191114630451;XXL;995;25H;;1,00;
22/02/2026;030;22203;6191114630680;XXL;995;25H;;1,00;
22/02/2026;030;22204;6191114630772;3XL;995;25H;;1,00;
22/02/2026;030;22207;6191114640399;S;784;25H;;1,00;
22/02/2026;030;22217;6191114642874;XXL;000;25H;;1,00;
22/02/2026;030;22229;6191114644021;XL;995;25H;;1,00;
22/02/2026;030;22247;6191114648746;XL;R270;25H;;1,00;
22/02/2026;030;22248;6191114649132;M;815;25H;;1,00;
22/02/2026;030;22248;6191114649156;L;815;25H;;1,00;
22/02/2026;030;22253;6191114650237;M;995;25H;;1,00;
22/02/2026;030;22254;6191114650282;S;995;25H;;1,00;
22/02/2026;030;22255;6191114650343;S;995;25H;;1,00;
22/02/2026;030;22262;6191114651371;L;385;25H;;1,00;
22/02/2026;030;22263;6191114651517;M;870;25H;;1,00;
22/02/2026;030;22268;6191114653108;M;695;25H;;1,00;
22/02/2026;030;22269;6191114653191;L;695;25H;;1,00;
22/02/2026;030;22290;6191114657946;L;R385;25H;;1,00;
22/02/2026;030;22294;6191114656123;XL;950;25H;;1,00;
22/02/2026;030;22295;6191114656208;M;995;25H;;1,00;
22/02/2026;030;22303;6191114657373;L;870;25H;;1,00;
22/02/2026;030;22316;6191114658523;XL;476;25H;;1,00;
22/02/2026;030;22317;6191114658592;L;385;25H;;1,00;
22/02/2026;030;22322;6191114659551;3XL;645;25H;;1,00;
22/02/2026;030;22331;6191114660205;M;390;25H;;1,00;
22/02/2026;030;22414;6191114672802;2XL/3;770;26E;;1,00;
22/02/2026;030;55806;6191114640887;XL;385;25H;;1,00;
22/02/2026;030;55806;6191114640955;3XL;870;25H;;1,00;
22/02/2026;030;55815;6191114645608;XXL;385;25H;;-1,00;
22/02/2026;030;55816;6191114648487;XL;R990;25H;;1,00;
22/02/2026;030;66481;6191114502222;L/XL;200;24H;;1,00;
22/02/2026;030;70217;6191114649392;XL;I385;25H;;1,00;
22/02/2026;030;70226;6191114652057;XL;I815;25H;;-1,00;
22/02/2026;030;70227;6191114652262;3XL;I875;25H;;1,00;
22/02/2026;030;70231;6191114658691;L;C000;25H;;1,00;
22/02/2026;030;70231;6191114658752;3XL;C000;25H;;1,00;
22/02/2026;030;70233;6191114658912;3XL;995;25H;;1,00;
22/02/2026;031;22064;6191114618749;L;855;25H;;1,00;
22/02/2026;031;22116;6191114646186;XXL;770;25H;;1,00;
22/02/2026;031;22127;6191114647114;L;995;25H;;1,00;
22/02/2026;031;22127;6191114649057;M;770;25H;;1,00;
22/02/2026;031;22133;6191114625198;L;995;25H;;1,00;
22/02/2026;031;22163;6191114659827;L;C790;25H;;1,00;
22/02/2026;031;22163;6191114659834;L;C490;25H;;1,00;
22/02/2026;031;22183;6191114629523;L;385;25H;;1,00;
22/02/2026;031;22201;6191114630383;M;815;25H;;1,00;
22/02/2026;031;22263;6191114651562;L;010;25H;;1,00;
22/02/2026;031;22268;6191114653122;XL;695;25H;;1,00;
22/02/2026;031;22269;6191114653207;XL;695;25H;;1,00;
22/02/2026;031;22303;6191114657373;L;870;25H;;1,00;
22/02/2026;031;22317;6191114658554;S;385;25H;;1,00;
22/02/2026;031;22347;6191114668614;XL;I815;25H;;1,00;
22/02/2026;032;22036;6191114611214;XXL;R010;25H;;1,00;
22/02/2026;032;22039;6191114611535;3XL;010;25H;;1,00;
22/02/2026;032;22191;6191114627925;L;P010;25H;;1,00;
22/02/2026;032;55808;6191114641150;S;385;25H;;1,00;
22/02/2026;032;55808;6191114641266;XL;975;25H;;1,00;
23/02/2026;002;21126;6191114462113;XL;R634;24H;;1,00;
23/02/2026;002;21182;6191114469518;L;915;24H;;1,00;
23/02/2026;002;21351;6191114502055;L/XL;200;24H;;2,00;
23/02/2026;002;21830;6191114583412;XL;995;25E;;1,00;
23/02/2026;002;21835;6191114584198;XL;385;25E;;1,00;
23/02/2026;002;21835;6191114584204;XL;995;25E;;1,00;
23/02/2026;002;21835;6191114584228;XL;145;25E;;1,00;
23/02/2026;002;21863;6191114589360;S;000;25E;;1,00;
23/02/2026;002;22003;6191114606203;M;R724;25H;;1,00;
23/02/2026;002;22003;6191114606241;L;R870;25H;;1,00;
23/02/2026;002;22019;6191114609457;XL;995;25H;;1,00;
23/02/2026;002;22030;6191114610699;L;010;25H;;1,00;
23/02/2026;002;22048;6191114612020;XL;010;25H;;1,00;
23/02/2026;002;22052;6191114617254;3XL;385;25H;;1,00;
23/02/2026;002;22070;6191114616059;3XL;385;25H;;1,00;
23/02/2026;002;22071;6191114616141;XL;195;25H;;1,00;
23/02/2026;002;22071;6191114616158;XXL;784;25H;;1,00;
23/02/2026;002;22072;6191114616233;XXL;476;25H;;1,00;
23/02/2026;002;22080;6191114617018;XL;476;25H;;1,00;
23/02/2026;002;22086;6191114619586;3XL;010;25H;;1,00;
23/02/2026;002;22114;6191114645899;3XL;815;25H;;1,00;
23/02/2026;002;22128;6191114623033;XL;385;25H;;1,00;
23/02/2026;002;22128;6191114623040;XL;870;25H;;1,00;
23/02/2026;002;22132;6191114623842;M;224;25H;;1,00;
23/02/2026;002;22173;6191114628687;L;995;25H;;1,00;
23/02/2026;002;22182;6191114629387;L;784;25H;;1,00;
23/02/2026;002;22191;6191114627925;L;P010;25H;;1,00;
23/02/2026;002;22193;6191114628069;M;995;25H;;-1,00;
23/02/2026;002;22193;6191114628076;L;995;25H;;1,00;
23/02/2026;002;22194;6191114628182;L;I385;25H;;1,00;
23/02/2026;002;22194;6191114628212;XL;I385;25H;;1,00;
23/02/2026;002;22256;6191114650459;3XL;995;25H;;-1,00;
23/02/2026;002;22276;6191114655720;XS;385;25H;;1,00;
23/02/2026;002;22303;6191114657366;M;195;25H;;1,00;
23/02/2026;002;22307;6191114669987;L;M870;25H;;1,00;
23/02/2026;002;22322;6191114659506;XL;740;25H;;1,00;
23/02/2026;002;22330;6191114660045;M;220;25H;;1,00;
23/02/2026;002;22331;6191114660175;M;815;25H;;1,00;
23/02/2026;002;22331;6191114660205;M;390;25H;;1,00;
23/02/2026;002;22331;6191114660267;XL;385;25H;;1,00;
23/02/2026;002;22331;6191114660410;XXL;495;25H;;1,00;
23/02/2026;002;22390;6191114673496;TU;920;26E;;1,00;
23/02/2026;002;22398;6191114671911;XXL;870;26E;;-1,00;
23/02/2026;002;22409;6191114670976;3XL;855;26E;;1,00;
23/02/2026;002;55817;6191114654747;M;695;25H;;1,00;
23/02/2026;002;70217;6191114647336;XXL;E385;25H;;1,00;
23/02/2026;002;70231;6191114658721;XL;C995;25H;;1,00;
23/02/2026;002;70233;6191114658882;L;995;25H;;1,00;
23/02/2026;002;70241;6191114672666;3XL;870;26E;;1,00;
23/02/2026;005;21826;6191114582880;XXL;000;25E;;1,00;
23/02/2026;005;21922;6191114602038;3XL;805;25E;;1,00;
23/02/2026;005;22060;6191114618077;XL;310;25H;;1,00;
23/02/2026;005;22067;6191114615687;L;380;25H;;1,00;
23/02/2026;005;22089;6191114619913;L;385;25H;;1,00;
23/02/2026;005;22178;6191114628984;L;P010;25H;;1,00;
23/02/2026;005;22194;6191114628205;XL;I880;25H;;1,00;
23/02/2026;005;22197;6191114630062;M;815;25H;;1,00;
23/02/2026;005;22246;6191114648807;M;870;25H;;1,00;
23/02/2026;005;22253;6191114650237;M;995;25H;;1,00;
23/02/2026;005;22258;6191114650817;XXL;195;25H;;1,00;
23/02/2026;005;22259;6191114650978;XXL;010;25H;;1,00;
23/02/2026;005;22322;6191114659483;L;190;25H;;1,00;
23/02/2026;005;22330;6191114660076;XL;724;25H;;1,00;
23/02/2026;005;22330;6191114660106;XXL;220;25H;;1,00;
23/02/2026;005;22331;6191114660137;S;815;25H;;1,00;
23/02/2026;005;70210;6191114619197;L;R350;25H;;1,00;
23/02/2026;009;22048;6191114612044;XXL;010;25H;;1,00;
23/02/2026;009;22185;6191114627680;XXL;784;25H;;1,00;
23/02/2026;009;22257;6191114650657;4XL;I350;25H;;1,00;
23/02/2026;011;20831;6191114396333;2XL/3;784;24E;;1,00;
23/02/2026;011;20832;6191114396425;2XL/3;784;24E;;1,00;
23/02/2026;011;21905;6191114599932;L;784;25E;;1,00;
23/02/2026;011;22030;6191114610699;L;010;25H;;1,00;
23/02/2026;011;22090;6191114620056;L;815;25H;;1,00;
23/02/2026;011;22117;6191114646315;XXL;995;25H;;1,00;
23/02/2026;011;22126;6191114647022;XL;E385;25H;;1,00;
23/02/2026;011;22187;6191114644700;L/XL;200;25H;;1,00;
23/02/2026;011;22188;6191114644748;L/XL;200;25H;;1,00;
23/02/2026;011;22252;6191114650169;XL;995;25H;;1,00;
23/02/2026;011;22253;6191114650244;L;995;25H;;1,00;
23/02/2026;011;22268;6191114656369;3XL;890;25H;;1,00;
23/02/2026;011;22269;6191114656437;3XL;890;25H;;1,00;
23/02/2026;011;22301;6191114657120;L;215;25H;;1,00;
23/02/2026;011;22414;6191114672765;S/M;770;26E;;1,00;
23/02/2026;011;91272;6194444115667;TU;815;22H;;1,00;
23/02/2026;011;91273;6194444115674;TU;815;22H;;1,00;
23/02/2026;014;21266;6191114484900;M;995;24H;;1,00;
23/02/2026;014;21914;6191114601147;S;385;25E;;1,00;
23/02/2026;014;22177;6191114628908;XL;010;25H;;1,00;
23/02/2026;014;22212;6191114641549;XL;385;25H;;1,00;
23/02/2026;014;22276;6191114655768;M;385;25H;;1,00;
23/02/2026;014;22280;6191114653900;XXL;995;25H;;1,00;
23/02/2026;014;22303;6191114657397;XL;870;25H;;1,00;
23/02/2026;014;22311;6191114658080;M;I995;25H;;1,00;
23/02/2026;014;22330;6191114660076;XL;724;25H;;1,00;
23/02/2026;014;22447;6191114675384;S;000;26E;;1,00;
23/02/2026;014;55806;6191114640900;XL;995;25H;;1,00;
23/02/2026;014;55809;6191114642133;XXL;870;25H;;1,00;
23/02/2026;014;55816;6191114648487;XL;R990;25H;;1,00;
23/02/2026;014;55817;6191114654877;3XL;790;25H;;1,00;
23/02/2026;014;70210;6191114619203;XL;R385;25H;;1,00;
23/02/2026;014;70226;6191114652026;L;I815;25H;;1,00;
23/02/2026;014;70231;6191114658714;XL;C000;25H;;1,00;
23/02/2026;015;21255;6191114483149;XL;535;24H;;1,00;
23/02/2026;015;22005;6191114606548;S;995;25H;;1,00;
23/02/2026;015;22005;6191114606654;XL;645;25H;;1,00;
23/02/2026;015;22036;6191114611160;L;R995;25H;;1,00;
23/02/2026;015;22142;6191114624689;S;195;25H;;1,00;
23/02/2026;015;22142;6191114624740;L;195;25H;;1,00;
23/02/2026;015;22203;6191114630697;XXL;010;25H;;1,00;
23/02/2026;015;55811;6191114644656;3XL;R310;25H;;1,00;
23/02/2026;015;91272;6194444115667;TU;815;22H;;1,00;
23/02/2026;016;20694;6191114356931;L;925;24E;;1,00;
23/02/2026;016;21300;6191114499126;M;E695;24H;;1,00;
23/02/2026;016;21343;6191114500976;S;895;24H;;1,00;
23/02/2026;016;21347;6191114501522;XXL;385;24H;;1,00;
23/02/2026;016;21358;6191114503694;L;995;24H;;1,00;
23/02/2026;016;21405;6191114513686;XXL;950;24H;;1,00;
23/02/2026;016;21408;6191114512870;XXL;995;24H;;-1,00;
23/02/2026;016;21461;6191114530423;L;995;24H;;1,00;
23/02/2026;016;21479;6191114530881;XL;695;24H;;1,00;
23/02/2026;016;21829;6191114583313;L;MCO;25E;;1,00;
23/02/2026;016;21914;6191114601154;M;385;25E;;1,00;
23/02/2026;016;22029;6191114610606;XXL;010;25H;;-1,00;
23/02/2026;016;22088;6191114619739;S;385;25H;;1,00;
23/02/2026;016;22089;6191114619913;L;385;25H;;1,00;
23/02/2026;016;22111;6191114622593;M;385;25H;;1,00;
23/02/2026;016;22115;6191114646025;XL;005;25H;;1,00;
23/02/2026;016;22132;6191114623828;S;224;25H;;1,00;
23/02/2026;016;22201;6191114630413;L;995;25H;;1,00;
23/02/2026;016;22201;6191114630420;XL;815;25H;;1,00;
23/02/2026;016;22207;6191114640535;3XL;880;25H;;1,00;
23/02/2026;016;22208;6191114640627;XL;995;25H;;1,00;
23/02/2026;016;22223;6191114643543;L;645;25H;;1,00;
23/02/2026;016;22244;6191114647923;M;995;25H;;1,00;
23/02/2026;016;22268;6191114656338;L;890;25H;;1,00;
23/02/2026;016;22287;6191114654495;XS;815;25H;;1,00;
23/02/2026;016;22294;6191114655997;XS;820;25H;;-1,00;
23/02/2026;016;22294;6191114656000;XS;950;25H;;-1,00;
23/02/2026;016;22413;6191114672703;S/M;205;26E;;1,00;
23/02/2026;016;22414;6191114672765;S/M;770;26E;;2,00;
23/02/2026;016;22414;6191114676978;S/M;995;26E;;1,00;
23/02/2026;016;55811;6191114644601;L;R784;25H;;1,00;
23/02/2026;016;55816;6191114648487;XL;R990;25H;;1,00;
23/02/2026;016;91272;6194444115667;TU;815;22H;;2,00;
23/02/2026;016;91273;6194444115674;TU;815;22H;;1,00;
23/02/2026;016;91510;6191114625433;37;815;25H;;1,00;
23/02/2026;016;91529;6191114640306;37;875;25H;;1,00;
23/02/2026;019;21135;6191114463158;XL;940;24H;;1,00;
23/02/2026;019;21255;6191114483132;XL;010;24H;;-1,00;
23/02/2026;019;21345;6191114501249;L;995;24H;;1,00;
23/02/2026;019;21490;6191114537736;XL;995;25E;;1,00;
23/02/2026;019;21535;6191114588660;XXL;310;25E;;-1,00;
23/02/2026;019;21583;6191114549715;37;170;25E;;1,00;
23/02/2026;019;22048;6191114612051;3XL;995;25H;;1,00;
23/02/2026;019;22108;6191114622166;XL;870;25H;;1,00;
23/02/2026;019;22118;6191114646377;M;995;25H;;1,00;
23/02/2026;019;22146;6191114630017;XL;995;25H;;1,00;
23/02/2026;019;22174;6191114628748;L;990;25H;;1,00;
23/02/2026;019;22175;6191114628816;XL;990;25H;;1,00;
23/02/2026;019;22207;6191114640542;3XL;784;25H;;-1,00;
23/02/2026;019;22237;6191114644816;L;I815;25H;;1,00;
23/02/2026;019;22241;6191114647398;XXL;R000;25H;;1,00;
23/02/2026;019;22269;6191114653221;3XL;695;25H;;-1,00;
23/02/2026;019;22274;6191114652873;L;995;25H;;1,00;
23/02/2026;019;22295;6191114656253;XL;695;25H;;-1,00;
23/02/2026;019;22302;6191114657236;L;995;25H;;1,00;
23/02/2026;019;22303;6191114657397;XL;870;25H;;1,00;
23/02/2026;019;22332;6191114660557;XL;940;25H;;-1,00;
23/02/2026;019;22349;6191114668720;XL;I815;25H;;-1,00;
23/02/2026;019;22351;6191114668843;XL;I815;25H;;1,00;
23/02/2026;019;70205;6191114612365;3XL;695;25H;;-1,00;
23/02/2026;019;70206;6191114612419;L;870;25H;;-1,00;
23/02/2026;019;70214;6191114623743;M;195;25H;;-1,00;
23/02/2026;019;70220;6191114631182;L;695;25H;;1,00;
23/02/2026;019;70220;6191114631236;3XL;870;25H;;1,00;
23/02/2026;019;70224;6191114641822;XL;694;25H;;1,00;
23/02/2026;019;91507;6191114626409;TU;195;25H;;1,00;
23/02/2026;019;91512;6191114626423;TU;995;25H;;1,00;
23/02/2026;019;91526;6191114640054;41;995;25H;;1,00;
23/02/2026;021;20440;6191114298484;XL;170;23H;;1,00;
23/02/2026;021;21383;6191114508712;L/XL;995;24H;;1,00;
23/02/2026;021;21383;6191114508767;2XL/3;870;24H;;1,00;
23/02/2026;021;22004;6191114606517;3XL;R815;25H;;1,00;
23/02/2026;021;22005;6191114606722;3XL;815;25H;;1,00;
23/02/2026;021;22011;6191114607422;XL;010;25H;;1,00;
23/02/2026;021;22030;6191114610699;L;010;25H;;1,00;
23/02/2026;021;22178;6191114628984;L;P010;25H;;1,00;
23/02/2026;021;22178;6191114628991;XL;P010;25H;;-1,00;
23/02/2026;021;22243;6191114647886;3XL;695;25H;;1,00;
23/02/2026;021;70231;6191114658721;XL;C995;25H;;-1,00;
23/02/2026;021;70231;6191114658745;XXL;C995;25H;;1,00;
23/02/2026;024;21915;6191114601192;XS;010;25E;;1,00;
23/02/2026;024;22066;6191114615649;XXL;875;25H;;1,00;
23/02/2026;024;22233;6191114644410;XL;815;25H;;1,00;
23/02/2026;024;22299;6191114659704;XS;695;25H;;1,00;
23/02/2026;024;55816;6191114648456;L;R990;25H;;1,00;
23/02/2026;024;91526;6191114639966;36;880;25H;;1,00;
23/02/2026;029;21906;6191114600157;XXL;385;25E;;1,00;
23/02/2026;029;22045;6191114611740;XXL;995;25H;;1,00;
23/02/2026;029;22064;6191114618824;XXL;695;25H;;1,00;
23/02/2026;029;22118;6191114646438;XXL;995;25H;;1,00;
23/02/2026;029;22207;6191114640436;L;995;25H;;1,00;
23/02/2026;029;70222;6191114631014;3XL;476;25H;;1,00;
23/02/2026;029;70223;6191114631076;3XL;476;25H;;1,00;
23/02/2026;029;70226;6191114652033;XL;I995;25H;;1,00;
23/02/2026;030;22011;6191114607415;L;215;25H;;1,00;
23/02/2026;030;22056;6191114617711;XL;000;25H;;1,00;
23/02/2026;030;22064;6191114618848;XXL;855;25H;;1,00;
23/02/2026;030;22132;6191114623903;XXL;224;25H;;1,00;
23/02/2026;030;22140;6191114624634;XL;995;25H;;1,00;
23/02/2026;030;22160;6191114626249;XL;820;25H;;1,00;
23/02/2026;030;22183;6191114629523;L;385;25H;;1,00;
23/02/2026;030;22189;6191114644786;L/XL;200;25H;;1,00;
23/02/2026;030;22199;6191114631106;XL;995;25H;;1,00;
23/02/2026;030;22200;6191114648340;XL;210;25H;;1,00;
23/02/2026;030;22239;6191114645066;3XL;815;25H;;-1,00;
23/02/2026;030;22244;6191114648012;XXL;995;25H;;1,00;
23/02/2026;030;22263;6191114651616;XXL;995;25H;;1,00;
23/02/2026;030;22265;6191114651784;XL;995;25H;;1,00;
23/02/2026;030;22272;6191114652644;3XL;870;25H;;1,00;
23/02/2026;030;22280;6191114653917;XXL;000;25H;;1,00;
23/02/2026;030;70201;6191114607996;S;R870;25H;;1,00;
23/02/2026;030;70201;6191114608054;XL;R870;25H;;1,00;
23/02/2026;030;70203;6191114608238;S;R995;25H;;1,00;
23/02/2026;030;70206;6191114612440;XL;995;25H;;1,00;
23/02/2026;030;70206;6191114612471;3XL;870;25H;;1,00;
23/02/2026;030;70226;6191114651944;S;I995;25H;;1,00;
23/02/2026;031;22269;6191114653191;L;695;25H;;1,00;
23/02/2026;031;22279;6191114653696;XXL;995;25H;;1,00;
23/02/2026;031;22291;6191114655430;L;495;25H;;1,00;
23/02/2026;031;22338;6191114660922;XXL;170;25H;;1,00;
23/02/2026;031;66481;6191114502222;L/XL;200;24H;;1,00;
23/02/2026;031;91526;6191114640061;41;880;25H;;1,00;
23/02/2026;032;22193;6191114628069;M;995;25H;;-1,00;
23/02/2026;032;22193;6191114628076;L;995;25H;;1,00;
23/02/2026;032;22212;6191114641495;M;255;25H;;1,00;
23/02/2026;032;22257;6191114650558;L;I195;25H;;1,00;
23/02/2026;032;22267;6191114651845;L;815;25H;;1,00;
24/02/2026;002;20811;6191114391734;3XL;385;24E;;1,00;
24/02/2026;002;21246;6191114481466;XL;995;24H;;1,00;
24/02/2026;002;21397;6191114511668;6XL;385;24H;;1,00;
24/02/2026;002;21472;6191114532052;M;815;24H;;1,00;
24/02/2026;002;21863;6191114589407;L;000;25E;;1,00;
24/02/2026;002;21863;6191114589421;XL;000;25E;;1,00;
24/02/2026;002;22003;6191114606302;XXL;R870;25H;;1,00;
24/02/2026;002;22006;6191114606876;L;995;25H;;1,00;
24/02/2026;002;22019;6191114609440;XL;815;25H;;1,00;
24/02/2026;002;22030;6191114610682;L;995;25H;;1,00;
24/02/2026;002;22054;6191114617384;S;385;25H;;-1,00;
24/02/2026;002;22055;6191114624887;XXL;995;25H;;1,00;
24/02/2026;002;22062;6191114618343;XL;995;25H;;1,00;
24/02/2026;002;22062;6191114618374;XXL;995;25H;;1,00;
24/02/2026;002;22064;6191114618794;XL;855;25H;;1,00;
24/02/2026;002;22081;6191114617049;S;380;25H;;1,00;
24/02/2026;002;22082;6191114617131;XXL;380;25H;;1,00;
24/02/2026;002;22085;6191114619463;3XL;740;25H;;1,00;
24/02/2026;002;22125;6191114646933;S;E385;25H;;1,00;
24/02/2026;002;22127;6191114647053;XS;995;25H;;1,00;
24/02/2026;002;22127;6191114649088;XXL;770;25H;;1,00;
24/02/2026;002;22129;6191114623132;M;995;25H;;1,00;
24/02/2026;002;22133;6191114623934;S;815;25H;;1,00;
24/02/2026;002;22139;6191114624450;L;995;25H;;1,00;
24/02/2026;002;22139;6191114624498;XL;940;25H;;1,00;
24/02/2026;002;22142;6191114624757;XL;995;25H;;1,00;
24/02/2026;002;22163;6191114659797;S;C490;25H;;1,00;
24/02/2026;002;22183;6191114629561;XXL;385;25H;;1,00;
24/02/2026;002;22246;6191114648791;S;995;25H;;1,00;
24/02/2026;002;22250;6191114649668;XXL;815;25H;;1,00;
24/02/2026;002;22256;6191114650411;M;995;25H;;1,00;
24/02/2026;002;22260;6191114656741;XS;995;25H;;1,00;
24/02/2026;002;22263;6191114651623;XXL;010;25H;;1,00;
24/02/2026;002;22268;6191114653092;S;695;25H;;1,00;
24/02/2026;002;22273;6191114652798;XXL;385;25H;;1,00;
24/02/2026;002;22273;6191114652804;XXL;695;25H;;1,00;
24/02/2026;002;22276;6191114655812;XL;995;25H;;1,00;
24/02/2026;002;22280;6191114653849;L;995;25H;;1,00;
24/02/2026;002;22291;6191114655454;XL;495;25H;;1,00;
24/02/2026;002;22295;6191114656215;M;695;25H;;1,00;
24/02/2026;002;22302;6191114657212;M;995;25H;;1,00;
24/02/2026;002;22307;6191114669970;L;M815;25H;;1,00;
24/02/2026;002;22307;6191114669987;L;M870;25H;;-1,00;
24/02/2026;002;22312;6191114658172;3XL;995;25H;;1,00;
24/02/2026;002;22330;6191114660052;L;724;25H;;1,00;
24/02/2026;002;22331;6191114660236;L;995;25H;;1,00;
24/02/2026;002;22331;6191114660304;XXL;385;25H;;1,00;
24/02/2026;002;22410;6191114671058;L/XL;995;26E;;1,00;
24/02/2026;002;55808;6191114641181;M;385;25H;;1,00;
24/02/2026;002;55808;6191114641204;M;975;25H;;1,00;
24/02/2026;002;55808;6191114641211;L;385;25H;;1,00;
24/02/2026;002;55817;6191114654792;XL;385;25H;;1,00;
24/02/2026;002;70231;6191114658714;XL;C000;25H;;-1,00;
24/02/2026;002;70231;6191114658738;XXL;C000;25H;;1,00;
24/02/2026;002;70231;6191114658776;4XL;C000;25H;;1,00;
24/02/2026;002;91412;6191114601949;TU;MCO;25E;;1,00;
24/02/2026;005;22195;6191114628298;S;215;25H;;1,00;
24/02/2026;005;22261;6191114651258;L;385;25H;;1,00;
24/02/2026;005;22277;6191114653429;L;784;25H;;1,00;
24/02/2026;005;22414;6191114672765;S/M;770;26E;;1,00;
24/02/2026;005;55813;6191114645271;XL;940;25H;;1,00;
24/02/2026;005;70224;6191114641815;XL;385;25H;;1,00;
24/02/2026;005;91272;6194444115667;TU;815;22H;;1,00;
24/02/2026;005;91529;6191114640306;37;875;25H;;1,00;
24/02/2026;009;22086;6191114619579;3XL;995;25H;;1,00;
24/02/2026;009;22101;6191114621039;L;995;25H;;1,00;
24/02/2026;009;22137;6191114623378;L;385;25H;;1,00;
24/02/2026;009;22186;6191114627758;XL;385;25H;;1,00;
24/02/2026;009;22200;6191114630284;L;010;25H;;1,00;
24/02/2026;009;22200;6191114630345;3XL;010;25H;;1,00;
24/02/2026;009;22248;6191114649132;M;815;25H;;1,00;
24/02/2026;009;22267;6191114651852;L;995;25H;;1,00;
24/02/2026;009;22285;6191114654389;XL;995;25H;;1,00;
24/02/2026;009;22322;6191114659438;M;645;25H;;1,00;
24/02/2026;009;70229;6191114657762;M;476;25H;;1,00;
24/02/2026;009;70229;6191114657779;L;476;25H;;1,00;
24/02/2026;009;91273;6194444115674;TU;815;22H;;1,00;
24/02/2026;011;22070;6191114616004;L;995;25H;;1,00;
24/02/2026;011;22089;6191114619937;XL;385;25H;;1,00;
24/02/2026;011;22101;6191114621039;L;995;25H;;1,00;
24/02/2026;011;22279;6191114653689;XXL;645;25H;;1,00;
24/02/2026;011;22292;6191114655669;L;870;25H;;1,00;
24/02/2026;011;70210;6191114619197;L;R350;25H;;1,00;
24/02/2026;011;91510;6191114625518;41;815;25H;;1,00;
24/02/2026;014;21189;6191114471207;S;I625;24H;;1,00;
24/02/2026;014;21835;6191114584310;XXL;235;25E;;1,00;
24/02/2026;014;21908;6191114600416;XL;385;25E;;1,00;
24/02/2026;014;22005;6191114606746;3XL;995;25H;;1,00;
24/02/2026;014;22006;6191114606876;L;995;25H;;1,00;
24/02/2026;014;22014;6191114607835;3XL;R495;25H;;1,00;
24/02/2026;014;22030;6191114610736;XXL;010;25H;;1,00;
24/02/2026;014;22065;6191114618961;XL;350;25H;;1,00;
24/02/2026;014;22083;6191114619104;XXL;350;25H;;1,00;
24/02/2026;014;22087;6191114619616;S;385;25H;;1,00;
24/02/2026;014;22113;6191114645714;L;990;25H;;1,00;
24/02/2026;014;22170;6191114626829;S;R385;25H;;1,00;
24/02/2026;014;22171;6191114627079;S;R385;25H;;1,00;
24/02/2026;014;22182;6191114629394;XL;870;25H;;1,00;
24/02/2026;014;22183;6191114629554;XL;995;25H;;1,00;
24/02/2026;014;22194;6191114628144;M;I880;25H;;1,00;
24/02/2026;014;22194;6191114628151;M;I385;25H;;1,00;
24/02/2026;014;22212;6191114641549;XL;385;25H;;-1,00;
24/02/2026;014;22287;6191114654556;L;815;25H;;1,00;
24/02/2026;014;22322;6191114659506;XL;740;25H;;1,00;
24/02/2026;014;22330;6191114660076;XL;724;25H;;1,00;
24/02/2026;014;22331;6191114660182;M;385;25H;;1,00;
24/02/2026;014;22414;6191114672789;L/XL;770;26E;;1,00;
24/02/2026;014;22414;6191114676978;S/M;995;26E;;1,00;
24/02/2026;014;55810;6191114642201;M;385;25H;;-1,00;
24/02/2026;014;55810;6191114642225;L;385;25H;;1,00;
24/02/2026;014;55815;6191114645561;L;385;25H;;1,00;
24/02/2026;014;55815;6191114645585;XL;385;25H;;1,00;
24/02/2026;014;55815;6191114669321;L;995;25H;;-1,00;
24/02/2026;014;70226;6191114652002;L;I995;25H;;1,00;
24/02/2026;014;70233;6191114658899;XL;995;25H;;1,00;
24/02/2026;014;91510;6191114625426;36;995;25H;;1,00;
24/02/2026;014;91523;6191114627536;TU;MCO;25H;;1,00;
24/02/2026;015;21190;6191114471337;S;I350;24H;;1,00;
24/02/2026;015;22032;6191114610941;XL;995;25H;;1,00;
24/02/2026;015;22066;6191114615618;XL;815;25H;;1,00;
24/02/2026;015;22142;6191114624801;XXL;195;25H;;-1,00;
24/02/2026;015;22197;6191114630109;3XL;815;25H;;1,00;
24/02/2026;015;22207;6191114640498;XXL;995;25H;;1,00;
24/02/2026;015;22317;6191114658592;L;385;25H;;1,00;
24/02/2026;015;55817;6191114654754;M;790;25H;;1,00;
24/02/2026;015;91272;6194444115667;TU;815;22H;;1,00;
24/02/2026;015;91521;6191114627550;TU;MCO;25H;;1,00;
24/02/2026;016;20023;6191114211308;S;545;23H;;1,00;
24/02/2026;016;20694;6191114356948;XL;925;24E;;1,00;
24/02/2026;016;20808;6191114390911;S;995;24E;;1,00;
24/02/2026;016;21282;6191114505025;L;815;24H;;1,00;
24/02/2026;016;21359;6191114503755;L;995;24H;;1,00;
24/02/2026;016;21426;6191114526921;S;995;24H;;1,00;
24/02/2026;016;21908;6191114600393;L;385;25E;;1,00;
24/02/2026;016;22036;6191114611207;XXL;R995;25H;;1,00;
24/02/2026;016;22044;6191114609136;3XL;995;25H;;1,00;
24/02/2026;016;22075;6191114616622;XXL;385;25H;;1,00;
24/02/2026;016;22077;6191114626140;L;326;25H;;1,00;
24/02/2026;016;22098;6191114620865;XL;995;25H;;1,00;
24/02/2026;016;22098;6191114620889;3XL;995;25H;;1,00;
24/02/2026;016;22112;6191114622845;L;R995;25H;;1,00;
24/02/2026;016;22117;6191114648999;L;940;25H;;1,00;
24/02/2026;016;22129;6191114623194;XL;995;25H;;1,00;
24/02/2026;016;22129;6191114623200;XL;010;25H;;1,00;
24/02/2026;016;22175;6191114628816;XL;990;25H;;-1,00;
24/02/2026;016;22190;6191114627833;L;995;25H;;1,00;
24/02/2026;016;22212;6191114641532;L;235;25H;;1,00;
24/02/2026;016;22223;6191114643543;L;645;25H;;-1,00;
24/02/2026;016;22223;6191114643550;L;870;25H;;1,00;
24/02/2026;016;22229;6191114644021;XL;995;25H;;1,00;
24/02/2026;016;22244;6191114647947;M;695;25H;;1,00;
24/02/2026;016;22262;6191114651395;XL;385;25H;;1,00;
24/02/2026;016;22276;6191114655805;XL;385;25H;;1,00;
24/02/2026;016;22281;6191114653993;XL;995;25H;;1,00;
24/02/2026;016;22282;6191114654075;XXL;I815;25H;;1,00;
24/02/2026;016;22295;6191114656222;L;995;25H;;1,00;
24/02/2026;016;22330;6191114660090;XXL;724;25H;;1,00;
24/02/2026;016;22414;6191114672802;2XL/3;770;26E;;1,00;
24/02/2026;016;29952;6191114199538;S;I350;23E;;1,00;
24/02/2026;016;55817;6191114654778;L;695;25H;;1,00;
24/02/2026;016;55817;6191114654860;3XL;695;25H;;1,00;
24/02/2026;016;70088;6191114476493;S;380;24H;;1,00;
24/02/2026;016;70210;6191114619210;XL;R350;25H;;1,00;
24/02/2026;016;70232;6191114658820;XL;995;25H;;1,00;
24/02/2026;016;91272;6194444115667;TU;815;22H;;2,00;
24/02/2026;016;91526;6191114640009;38;880;25H;;1,00;
24/02/2026;016;91527;6191114640085;36;995;25H;;1,00;
24/02/2026;019;20354;6191114279841;4XL;995;23H;;1,00;
24/02/2026;019;20416;6191114293625;XXL;995;23H;;1,00;
24/02/2026;019;21189;6191114471306;3XL;I625;24H;;1,00;
24/02/2026;019;21190;6191114471429;3XL;I625;24H;;1,00;
24/02/2026;019;21300;6191114499201;3XL;E695;24H;;1,00;
24/02/2026;019;21405;6191114513709;3XL;950;24H;;1,00;
24/02/2026;019;21535;6191114588684;3XL;310;25E;;1,00;
24/02/2026;019;21863;6191114589438;XL;310;25E;;1,00;
24/02/2026;019;21863;6191114589452;XXL;310;25E;;1,00;
24/02/2026;019;21908;6191114600379;M;385;25E;;1,00;
24/02/2026;019;22036;6191114611177;L;R010;25H;;1,00;
24/02/2026;019;22061;6191114618176;L;R350;25H;;1,00;
24/02/2026;019;22061;6191114618220;3XL;R385;25H;;1,00;
24/02/2026;019;22068;6191114642409;XXL;695;25H;;1,00;
24/02/2026;019;22080;6191114617018;XL;476;25H;;1,00;
24/02/2026;019;22108;6191114622159;L;870;25H;;1,00;
24/02/2026;019;22117;6191114646315;XXL;995;25H;;1,00;
24/02/2026;019;22151;6191114625716;L;995;25H;;1,00;
24/02/2026;019;22151;6191114625723;XL;995;25H;;1,00;
24/02/2026;019;22191;6191114627925;L;P010;25H;;1,00;
24/02/2026;019;22223;6191114643543;L;645;25H;;1,00;
24/02/2026;019;22223;6191114643581;XL;870;25H;;1,00;
24/02/2026;019;22233;6191114644427;XL;000;25H;;1,00;
24/02/2026;019;22238;6191114644892;XXL;I995;25H;;1,00;
24/02/2026;019;22250;6191114649637;XL;815;25H;;1,00;
24/02/2026;019;22255;6191114650381;XXL;995;25H;;1,00;
24/02/2026;019;22263;6191114651555;L;995;25H;;1,00;
24/02/2026;019;22263;6191114651586;XL;995;25H;;1,00;
24/02/2026;019;22277;6191114653368;XS;784;25H;;-1,00;
24/02/2026;019;22286;6191114654464;XL;995;25H;;1,00;
24/02/2026;019;22290;6191114657960;XXL;R385;25H;;1,00;
24/02/2026;019;22294;6191114656024;S;820;25H;;1,00;
24/02/2026;019;22318;6191114659032;XXL;235;25H;;1,00;
24/02/2026;019;22328;6191114661400;L;995;25H;;1,00;
24/02/2026;019;22338;6191114660922;XXL;170;25H;;1,00;
24/02/2026;019;70220;6191114631182;L;695;25H;;1,00;
24/02/2026;019;91500;6191114626270;TU;995;25H;;1,00;
24/02/2026;019;91501;6191114626300;TU;195;25H;;1,00;
24/02/2026;021;22064;6191114618756;XL;815;25H;;1,00;
24/02/2026;021;22111;6191114622715;M;235;25H;;1,00;
24/02/2026;021;22125;6191114646988;3XL;E385;25H;;1,00;
24/02/2026;021;22128;6191114622968;S;995;25H;;1,00;
24/02/2026;021;22183;6191114629578;XXL;995;25H;;1,00;
24/02/2026;021;22207;6191114640375;S;995;25H;;1,00;
24/02/2026;021;22207;6191114640535;3XL;880;25H;;1,00;
24/02/2026;021;22239;6191114644946;M;815;25H;;1,00;
24/02/2026;021;22239;6191114645004;XL;815;25H;;1,00;
24/02/2026;021;22245;6191114648302;XXL;010;25H;;1,00;
24/02/2026;021;22281;6191114653986;L;995;25H;;1,00;
24/02/2026;021;22318;6191114659063;3XL;C000;25H;;1,00;
24/02/2026;021;22320;6191114659216;XXL;825;25H;;1,00;
24/02/2026;021;22321;6191114659339;XL;825;25H;;1,00;
24/02/2026;021;22414;6191114672765;S/M;770;26E;;1,00;
24/02/2026;021;22414;6191114672789;L/XL;770;26E;;1,00;
24/02/2026;021;70222;6191114631007;XXL;476;25H;;1,00;
24/02/2026;021;70223;6191114631076;3XL;476;25H;;1,00;
24/02/2026;021;70226;6191114652019;L;I880;25H;;1,00;
24/02/2026;024;21090;6191114454590;XXL;200;24E;;1,00;
24/02/2026;024;21156;6191114465510;L;190;24H;;1,00;
24/02/2026;024;21306;6191114492455;S;195;24H;;1,00;
24/02/2026;024;21426;6191114527041;L;695;24H;;1,00;
24/02/2026;024;21906;6191114600140;XL;000;25E;;1,00;
24/02/2026;024;22013;6191114607637;M;995;25H;;1,00;
24/02/2026;024;22013;6191114607668;XL;870;25H;;-1,00;
24/02/2026;024;22036;6191114611153;M;R010;25H;;1,00;
24/02/2026;024;22052;6191114617223;XL;995;25H;;1,00;
24/02/2026;024;22053;6191114617353;XXL;995;25H;;1,00;
24/02/2026;024;22056;6191114617667;M;310;25H;;1,00;
24/02/2026;024;22063;6191114618572;XL;870;25H;;1,00;
24/02/2026;024;22066;6191114615533;XS;815;25H;;1,00;
24/02/2026;024;22110;6191114622555;XL;235;25H;;1,00;
24/02/2026;024;22132;6191114623873;XL;794;25H;;1,00;
24/02/2026;024;22137;6191114623316;S;385;25H;;1,00;
24/02/2026;024;22183;6191114629547;XL;385;25H;;1,00;
24/02/2026;024;22198;6191114630178;L;695;25H;;1,00;
24/02/2026;024;22204;6191114630741;L;995;25H;;1,00;
24/02/2026;024;22206;6191114630895;L;195;25H;;1,00;
24/02/2026;024;22206;6191114630901;XL;995;25H;;1,00;
24/02/2026;024;22242;6191114647442;S;790;25H;;-1,00;
24/02/2026;024;22267;6191114651869;XL;815;25H;;1,00;
24/02/2026;024;22291;6191114655447;XL;995;25H;;1,00;
24/02/2026;024;22296;6191114656451;S;215;25H;;1,00;
24/02/2026;024;22299;6191114659704;XS;695;25H;;-1,00;
24/02/2026;024;22299;6191114659728;M;695;25H;;1,00;
24/02/2026;024;22306;6191114669086;XL;995;25H;;1,00;
24/02/2026;024;22328;6191114661387;S;995;25H;;1,00;
24/02/2026;024;22335;6191114660953;L/XL;815;25H;;1,00;
24/02/2026;024;22397;6191114671843;XL;870;26E;;1,00;
24/02/2026;024;22398;6191114671898;L;870;26E;;1,00;
24/02/2026;024;22452;6191114676930;L/XL;995;26E;;1,00;
24/02/2026;024;55815;6191114645585;XL;385;25H;;1,00;
24/02/2026;024;55817;6191114654778;L;695;25H;;1,00;
24/02/2026;024;70202;6191114608122;S;010;25H;;1,00;
24/02/2026;024;70230;6191114658196;M;I995;25H;;1,00;
24/02/2026;024;91521;6191114627550;TU;MCO;25H;;1,00;
24/02/2026;029;21352;6191114502079;L/XL;200;24H;;1,00;
24/02/2026;029;22117;6191114649002;XL;940;25H;;1,00;
24/02/2026;029;22162;6191114647206;M;995;25H;;1,00;
24/02/2026;029;22188;6191114644731;L/XL;995;25H;;1,00;
24/02/2026;029;22270;6191114649958;XL;995;25H;;-1,00;
24/02/2026;029;22287;6191114654563;L;995;25H;;1,00;
24/02/2026;030;21835;6191114584341;XXL;645;25E;;1,00;
24/02/2026;030;21906;6191114600140;XL;000;25E;;1,00;
24/02/2026;030;22018;6191114609327;XL;R385;25H;;1,00;
24/02/2026;030;22067;6191114615687;L;380;25H;;1,00;
24/02/2026;030;22086;6191114619517;L;995;25H;;1,00;
24/02/2026;030;22088;6191114619807;XL;995;25H;;1,00;
24/02/2026;030;22114;6191114645868;XL;020;25H;;1,00;
24/02/2026;030;22123;6191114646711;M;995;25H;;1,00;
24/02/2026;030;22170;6191114626874;M;R385;25H;;1,00;
24/02/2026;030;22171;6191114627222;XL;R385;25H;;1,00;
24/02/2026;030;22187;6191114644670;S/M;995;25H;;1,00;
24/02/2026;030;22200;6191114630284;L;010;25H;;1,00;
24/02/2026;030;22253;6191114650275;3XL;995;25H;;1,00;
24/02/2026;030;22261;6191114651265;L;490;25H;;1,00;
24/02/2026;030;22263;6191114651470;XS;010;25H;;1,00;
24/02/2026;030;22282;6191114654037;S;I815;25H;;1,00;
24/02/2026;030;22331;6191114660175;M;815;25H;;1,00;
24/02/2026;030;22390;6191114673496;TU;920;26E;;1,00;
24/02/2026;030;22413;6191114672703;S/M;205;26E;;1,00;
24/02/2026;030;22452;6191114676923;S/M;855;26E;;1,00;
24/02/2026;030;55806;6191114640900;XL;995;25H;;1,00;
24/02/2026;030;70222;6191114631014;3XL;476;25H;;1,00;
24/02/2026;030;70226;6191114652057;XL;I815;25H;;1,00;
24/02/2026;031;22088;6191114619784;L;995;25H;;1,00;
24/02/2026;031;22200;6191114648333;L;210;25H;;1,00;
24/02/2026;031;22261;6191114651289;XL;490;25H;;1,00;
24/02/2026;031;22262;6191114651364;M;490;25H;;1,00;
24/02/2026;032;22110;6191114622418;M;385;25H;;1,00;
24/02/2026;033;22206;6191114630895;L;195;25H;;1,00;
24/02/2026;033;22275;6191114652958;L;385;25H;;1,00;
25/02/2026;002;21554;6191114543744;36;815;25E;;1,00;
25/02/2026;002;21707;6191114567214;S;634;25E;;1,00;
25/02/2026;002;21718;6191114571730;M;I705;25E;;1,00;
25/02/2026;002;21828;6191114583214;XL;000;25E;;1,00;
25/02/2026;002;22017;6191114609242;3XL;995;25H;;1,00;
25/02/2026;002;22058;6191114617933;L;000;25H;;-1,00;
25/02/2026;002;22058;6191114617957;XL;000;25H;;1,00;
25/02/2026;002;22061;6191114618190;XL;R350;25H;;1,00;
25/02/2026;002;22061;6191114618213;XXL;R350;25H;;1,00;
25/02/2026;002;22069;6191114615946;3XL;784;25H;;1,00;
25/02/2026;002;22080;6191114616974;M;476;25H;;1,00;
25/02/2026;002;22108;6191114622166;XL;870;25H;;1,00;
25/02/2026;002;22114;6191114645820;M;020;25H;;1,00;
25/02/2026;002;22128;6191114623019;L;870;25H;;1,00;
25/02/2026;002;22129;6191114623231;XXL;010;25H;;1,00;
25/02/2026;002;22182;6191114629417;XL;784;25H;;1,00;
25/02/2026;002;22183;6191114629578;XXL;995;25H;;1,00;
25/02/2026;002;22185;6191114627680;XXL;784;25H;;1,00;
25/02/2026;002;22202;6191114630512;M;790;25H;;1,00;
25/02/2026;002;22237;6191114644823;XL;I815;25H;;1,00;
25/02/2026;002;22241;6191114647381;XL;R000;25H;;1,00;
25/02/2026;002;22242;6191114647701;3XL;724;25H;;1,00;
25/02/2026;002;22243;6191114647749;M;995;25H;;1,00;
25/02/2026;002;22243;6191114647756;M;215;25H;;1,00;
25/02/2026;002;22257;6191114650619;XXL;I195;25H;;1,00;
25/02/2026;002;22262;6191114651395;XL;385;25H;;1,00;
25/02/2026;002;22265;6191114651746;XS;995;25H;;1,00;
25/02/2026;002;22265;6191114651777;L;995;25H;;1,00;
25/02/2026;002;22267;6191114651869;XL;815;25H;;1,00;
25/02/2026;002;22284;6191114654235;XL;385;25H;;1,00;
25/02/2026;002;22295;6191114656222;L;995;25H;;1,00;
25/02/2026;002;22323;6191114659636;3XL;995;25H;;1,00;
25/02/2026;002;22349;6191114668720;XL;I815;25H;;1,00;
25/02/2026;002;27705;6191113776051;2;385;20H;;1,00;
25/02/2026;002;44109;6191114420458;4;145;24E;;1,00;
25/02/2026;002;44109;6191114420519;4;000;24E;;1,00;
25/02/2026;002;44109;6191114420526;6;000;24E;;2,00;
25/02/2026;002;55800;6191114621572;M;975;25H;;1,00;
25/02/2026;002;55800;6191114621619;XL;385;25H;;1,00;
25/02/2026;002;55808;6191114641242;XL;385;25H;;1,00;
25/02/2026;002;55808;6191114641297;XXL;975;25H;;-1,00;
25/02/2026;002;55815;6191114669314;M;995;25H;;1,00;
25/02/2026;002;55820;6191114657861;L;R784;25H;;1,00;
25/02/2026;002;70210;6191114619241;3XL;R385;25H;;1,00;
25/02/2026;002;70226;6191114652033;XL;I995;25H;;1,00;
25/02/2026;002;70227;6191114652194;L;I740;25H;;1,00;
25/02/2026;002;70231;6191114658721;XL;C995;25H;;-1,00;
25/02/2026;002;70231;6191114658752;3XL;C000;25H;;1,00;
25/02/2026;002;91506;6191114626379;TU;995;25H;;1,00;
25/02/2026;005;22061;6191114618152;M;R350;25H;;1,00;
25/02/2026;005;22061;6191114618176;L;R350;25H;;1,00;
25/02/2026;005;22066;6191114615625;XL;875;25H;;1,00;
25/02/2026;005;22142;6191114624771;XL;195;25H;;1,00;
25/02/2026;005;22190;6191114627826;M;995;25H;;1,00;
25/02/2026;005;22194;6191114628137;S;I255;25H;;1,00;
25/02/2026;005;22200;6191114630321;XXL;010;25H;;1,00;
25/02/2026;005;22251;6191114650077;XXL;255;25H;;1,00;
25/02/2026;005;22293;6191114655942;XXL;995;25H;;1,00;
25/02/2026;005;22297;6191114656734;3XL;695;25H;;1,00;
25/02/2026;005;22322;6191114659421;S;190;25H;;1,00;
25/02/2026;005;55808;6191114641204;M;975;25H;;1,00;
25/02/2026;005;55808;6191114641266;XL;975;25H;;-1,00;
25/02/2026;005;55817;6191114654808;XL;695;25H;;1,00;
25/02/2026;005;55817;6191114654815;XL;790;25H;;1,00;
25/02/2026;009;22012;6191114607590;3XL;010;25H;;1,00;
25/02/2026;009;22030;6191114610705;XL;995;25H;;1,00;
25/02/2026;009;22030;6191114610736;XXL;010;25H;;1,00;
25/02/2026;009;22077;6191114626140;L;326;25H;;1,00;
25/02/2026;009;22086;6191114619524;L;010;25H;;1,00;
25/02/2026;009;22086;6191114619531;XL;995;25H;;1,00;
25/02/2026;009;22093;6191114620414;XXL;350;25H;;1,00;
25/02/2026;009;22094;6191114620469;XL;350;25H;;1,00;
25/02/2026;009;22113;6191114645677;M;820;25H;;1,00;
25/02/2026;009;22114;6191114645905;3XL;020;25H;;1,00;
25/02/2026;009;22128;6191114623026;L;995;25H;;1,00;
25/02/2026;009;22128;6191114623033;XL;385;25H;;1,00;
25/02/2026;009;22128;6191114623057;XL;995;25H;;1,00;
25/02/2026;009;22194;6191114628175;L;I880;25H;;1,00;
25/02/2026;009;22201;6191114630451;XXL;995;25H;;1,00;
25/02/2026;009;22233;6191114644427;XL;000;25H;;1,00;
25/02/2026;009;22241;6191114647404;3XL;R000;25H;;1,00;
25/02/2026;009;22278;6191114653504;XL;995;25H;;1,00;
25/02/2026;009;22295;6191114656239;L;695;25H;;1,00;
25/02/2026;009;22301;6191114657113;L;995;25H;;1,00;
25/02/2026;009;22322;6191114659476;L;740;25H;;1,00;
25/02/2026;009;55806;6191114640825;M;385;25H;;1,00;
25/02/2026;009;55834;6191114676756;L;385;26E;;1,00;
25/02/2026;011;22064;6191114618732;L;175;25H;;1,00;
25/02/2026;011;22113;6191114645707;L;820;25H;;1,00;
25/02/2026;011;22113;6191114645714;L;990;25H;;1,00;
25/02/2026;011;22120;6191114646490;L;995;25H;;1,00;
25/02/2026;011;22127;6191114649064;L;770;25H;;1,00;
25/02/2026;011;22159;6191114626041;S;880;25H;;1,00;
25/02/2026;011;22217;6191114642812;M;000;25H;;1,00;
25/02/2026;011;22257;6191114650480;S;I740;25H;;1,00;
25/02/2026;011;22272;6191114652552;L;870;25H;;1,00;
25/02/2026;011;22276;6191114655768;M;385;25H;;1,00;
25/02/2026;011;22284;6191114654273;3XL;385;25H;;1,00;
25/02/2026;011;70202;6191114608191;XXL;995;25H;;1,00;
25/02/2026;014;21156;6191114465404;S;310;24H;;1,00;
25/02/2026;014;21242;6191114479890;L;995;24H;;1,00;
25/02/2026;014;21863;6191114589377;S;310;25E;;1,00;
25/02/2026;014;21922;6191114601987;S;805;25E;;1,00;
25/02/2026;014;22024;6191114653290;S;815;25H;;1,00;
25/02/2026;014;22128;6191114623026;L;995;25H;;1,00;
25/02/2026;014;22133;6191114625198;L;995;25H;;1,00;
25/02/2026;014;22143;6191114624917;M;476;25H;;1,00;
25/02/2026;014;22147;6191114625129;S;815;25H;;1,00;
25/02/2026;014;22158;6191114626003;S;880;25H;;1,00;
25/02/2026;014;22159;6191114626065;L;880;25H;;1,00;
25/02/2026;014;22164;6191114649484;XL;995;25H;;1,00;
25/02/2026;014;22201;6191114630383;M;815;25H;;1,00;
25/02/2026;014;22239;6191114644946;M;815;25H;;1,00;
25/02/2026;014;22239;6191114645004;XL;815;25H;;-1,00;
25/02/2026;014;22246;6191114648869;XXL;870;25H;;-1,00;
25/02/2026;014;22258;6191114650848;3XL;195;25H;;1,00;
25/02/2026;014;22262;6191114651388;L;490;25H;;1,00;
25/02/2026;014;22280;6191114653849;L;995;25H;;1,00;
25/02/2026;014;22335;6191114660939;S/M;815;25H;;1,00;
25/02/2026;014;22341;6191114661226;S;R950;25H;;1,00;
25/02/2026;014;22346;6191114668522;S;I815;25H;;-1,00;
25/02/2026;014;22388;6191114669628;L;R815;26E;;1,00;
25/02/2026;014;22398;6191114671898;L;870;26E;;1,00;
25/02/2026;014;55811;6191114644632;XXL;R310;25H;;1,00;
25/02/2026;014;70216;6191114624313;L;R385;25H;;1,00;
25/02/2026;014;91509;6191114625266;37;815;25H;;1,00;
25/02/2026;014;91509;6191114625358;40;815;25H;;1,00;
25/02/2026;015;20715;6191114360648;M;I235;24E;;1,00;
25/02/2026;015;21402;6191114513303;XL;824;24H;;1,00;
25/02/2026;015;21658;6191114553705;L;000;25E;;1,00;
25/02/2026;015;21835;6191114584198;XL;385;25E;;1,00;
25/02/2026;015;22033;6191114611054;L;695;25H;;1,00;
25/02/2026;015;22064;6191114618787;XL;175;25H;;1,00;
25/02/2026;015;22066;6191114615618;XL;815;25H;;-1,00;
25/02/2026;015;22066;6191114615632;XXL;815;25H;;1,00;
25/02/2026;015;22137;6191114623415;XL;255;25H;;1,00;
25/02/2026;015;22147;6191114625105;XXL;000;25H;;1,00;
25/02/2026;015;22182;6191114629417;XL;784;25H;;1,00;
25/02/2026;015;22195;6191114628304;S;310;25H;;1,00;
25/02/2026;015;22239;6191114645004;XL;815;25H;;1,00;
25/02/2026;015;22243;6191114647770;L;995;25H;;1,00;
25/02/2026;015;22254;6191114650336;3XL;995;25H;;1,00;
25/02/2026;015;22258;6191114650831;3XL;385;25H;;1,00;
25/02/2026;015;22258;6191114650862;4XL;385;25H;;1,00;
25/02/2026;015;22287;6191114654587;XL;995;25H;;1,00;
25/02/2026;015;22291;6191114655423;L;995;25H;;1,00;
25/02/2026;015;22292;6191114655652;M;995;25H;;1,00;
25/02/2026;015;22331;6191114660212;L;815;25H;;1,00;
25/02/2026;015;22331;6191114660243;L;390;25H;;1,00;
25/02/2026;015;22351;6191114668829;M;I815;25H;;1,00;
25/02/2026;015;22388;6191114669642;XXL;R815;26E;;1,00;
25/02/2026;015;55815;6191114669352;3XL;995;25H;;1,00;
25/02/2026;015;55816;6191114648548;3XL;R990;25H;;1,00;
25/02/2026;015;70208;6191114612648;M;R385;25H;;1,00;
25/02/2026;015;70233;6191114658912;3XL;995;25H;;1,00;
25/02/2026;015;91510;6191114625457;38;815;25H;;1,00;
25/02/2026;016;22036;6191114611207;XXL;R995;25H;;-1,00;
25/02/2026;016;22038;6191114611412;3XL;R385;25H;;1,00;
25/02/2026;016;22046;6191114611801;L;C385;25H;;1,00;
25/02/2026;016;22050;6191114614475;L/XL;995;25H;;1,00;
25/02/2026;016;22061;6191114618145;M;R385;25H;;1,00;
25/02/2026;016;22087;6191114619678;XL;385;25H;;1,00;
25/02/2026;016;22096;6191114620667;3XL;995;25H;;1,00;
25/02/2026;016;22133;6191114624085;3XL;815;25H;;1,00;
25/02/2026;016;22178;6191114629004;XXL;P010;25H;;1,00;
25/02/2026;016;22197;6191114630086;XL;815;25H;;1,00;
25/02/2026;016;22229;6191114644014;L;995;25H;;1,00;
25/02/2026;016;22246;6191114648883;3XL;870;25H;;1,00;
25/02/2026;016;22263;6191114651548;L;870;25H;;1,00;
25/02/2026;016;22286;6191114654457;L;995;25H;;1,00;
25/02/2026;016;22311;6191114658080;M;I995;25H;;1,00;
25/02/2026;016;22343;6191114661363;XL;I634;25H;;1,00;
25/02/2026;016;70226;6191114652057;XL;I815;25H;;1,00;
25/02/2026;016;70231;6191114658721;XL;C995;25H;;1,00;
25/02/2026;016;70232;6191114658837;XXL;995;25H;;1,00;
25/02/2026;016;91526;6191114640054;41;995;25H;;1,00;
25/02/2026;019;20322;6191114273634;XL;I940;23H;;-1,00;
25/02/2026;019;20354;6191114279803;L;995;23H;;1,00;
25/02/2026;019;20416;6191114293618;XL;995;23H;;-1,00;
25/02/2026;019;20795;6191114388482;L;I430;24E;;-1,00;
25/02/2026;019;21312;6191114496750;38;870;24H;;1,00;
25/02/2026;019;21378;6191114508170;S;405;24H;;1,00;
25/02/2026;019;21908;6191114600423;XL;645;25E;;1,00;
25/02/2026;019;21910;6191114600768;XL;310;25E;;-1,00;
25/02/2026;019;22013;6191114607682;XXL;870;25H;;1,00;
25/02/2026;019;22054;6191114617438;L;995;25H;;-1,00;
25/02/2026;019;22068;6191114615762;L;995;25H;;-1,00;
25/02/2026;019;22077;6191114626140;L;326;25H;;-1,00;
25/02/2026;019;22080;6191114617001;XL;380;25H;;-1,00;
25/02/2026;019;22118;6191114646407;L;874;25H;;-1,00;
25/02/2026;019;22135;6191114624153;L;870;25H;;1,00;
25/02/2026;019;22174;6191114628748;L;990;25H;;-1,00;
25/02/2026;019;22198;6191114630208;XXL;385;25H;;1,00;
25/02/2026;019;22202;6191114630529;L;995;25H;;1,00;
25/02/2026;019;22250;6191114649699;3XL;815;25H;;1,00;
25/02/2026;019;22259;6191114650992;3XL;010;25H;;1,00;
25/02/2026;019;22264;6191114651739;4XL;995;25H;;1,00;
25/02/2026;019;22277;6191114653382;S;784;25H;;1,00;
25/02/2026;019;22290;6191114657946;L;R385;25H;;1,00;
25/02/2026;019;22300;6191114656826;L;870;25H;;1,00;
25/02/2026;019;22319;6191114670242;L;995;25H;;-1,00;
25/02/2026;019;22414;6191114672789;L/XL;770;26E;;1,00;
25/02/2026;019;55811;6191114644656;3XL;R310;25H;;1,00;
25/02/2026;019;70202;6191114608191;XXL;995;25H;;1,00;
25/02/2026;019;70205;6191114612365;3XL;695;25H;;1,00;
25/02/2026;019;70232;6191114658813;L;995;25H;;1,00;
25/02/2026;019;70233;6191114658882;L;995;25H;;-1,00;
25/02/2026;019;91526;6191114640030;40;995;25H;;-1,00;
25/02/2026;021;22062;6191114618244;S;870;25H;;1,00;
25/02/2026;021;22153;6191114625808;M;995;25H;;1,00;
25/02/2026;021;22188;6191114644731;L/XL;995;25H;;1,00;
25/02/2026;021;22253;6191114650244;L;995;25H;;1,00;
25/02/2026;021;22260;6191114656789;XL;995;25H;;1,00;
25/02/2026;021;22273;6191114652781;XL;824;25H;;1,00;
25/02/2026;021;22397;6191114671867;3XL;870;26E;;1,00;
25/02/2026;021;22398;6191114671911;XXL;870;26E;;1,00;
25/02/2026;021;22414;6191114672789;L/XL;770;26E;;1,00;
25/02/2026;024;20612;6191114332805;36;995;24E;;1,00;
25/02/2026;024;21202;6191114471870;3XL;535;24H;;1,00;
25/02/2026;024;21420;6191114514294;L;695;24H;;1,00;
25/02/2026;024;21914;6191114601154;M;385;25E;;1,00;
25/02/2026;024;22002;6191114606104;XXL;385;25H;;1,00;
25/02/2026;024;22002;6191114606111;XXL;645;25H;;1,00;
25/02/2026;024;22050;6191114614482;2XL/3;995;25H;;1,00;
25/02/2026;024;22073;6191114616349;XXL;395;25H;;1,00;
25/02/2026;024;22085;6191114619401;L;740;25H;;1,00;
25/02/2026;024;22132;6191114623903;XXL;224;25H;;1,00;
25/02/2026;024;22204;6191114630772;3XL;995;25H;;1,00;
25/02/2026;024;22206;6191114630888;L;995;25H;;1,00;
25/02/2026;024;22238;6191114644885;XL;I995;25H;;1,00;
25/02/2026;024;22262;6191114651388;L;490;25H;;-1,00;
25/02/2026;024;22262;6191114651401;XL;490;25H;;1,00;
25/02/2026;024;22268;6191114653115;L;695;25H;;1,00;
25/02/2026;024;22269;6191114653191;L;695;25H;;1,00;
25/02/2026;024;22312;6191114658165;XXL;995;25H;;1,00;
25/02/2026;024;22317;6191114658578;M;385;25H;;1,00;
25/02/2026;024;22322;6191114659537;XXL;740;25H;;1,00;
25/02/2026;024;22343;6191114661479;3XL;I634;25H;;1,00;
25/02/2026;024;66480;6191114493025;XXL;995;24H;;1,00;
25/02/2026;024;70231;6191114658738;XXL;C000;25H;;1,00;
25/02/2026;029;22113;6191114645738;XL;820;25H;;1,00;
25/02/2026;029;22113;6191114645745;XL;990;25H;;1,00;
25/02/2026;029;22115;6191114646001;XL;820;25H;;1,00;
25/02/2026;029;22115;6191114646018;XL;990;25H;;1,00;
25/02/2026;029;22117;6191114649002;XL;940;25H;;-1,00;
25/02/2026;029;22127;6191114647152;XXL;995;25H;;1,00;
25/02/2026;029;22175;6191114628816;XL;990;25H;;1,00;
25/02/2026;029;22244;6191114647978;L;695;25H;;1,00;
25/02/2026;029;22295;6191114656239;L;695;25H;;1,00;
25/02/2026;030;22060;6191114618053;L;310;25H;;1,00;
25/02/2026;030;22060;6191114618077;XL;310;25H;;1,00;
25/02/2026;030;22062;6191114618312;L;995;25H;;1,00;
25/02/2026;030;22084;6191114616431;S;000;25H;;-1,00;
25/02/2026;030;22125;6191114646940;M;E385;25H;;1,00;
25/02/2026;030;22128;6191114623019;L;870;25H;;1,00;
25/02/2026;030;22130;6191114623545;M;195;25H;;1,00;
25/02/2026;030;22140;6191114624634;XL;995;25H;;1,00;
25/02/2026;030;22201;6191114630413;L;995;25H;;1,00;
25/02/2026;030;22201;6191114630437;XL;995;25H;;1,00;
25/02/2026;030;22239;6191114644977;L;815;25H;;1,00;
25/02/2026;030;22244;6191114648029;XXL;215;25H;;1,00;
25/02/2026;030;22245;6191114648197;L;645;25H;;1,00;
25/02/2026;030;22274;6191114652880;XL;995;25H;;1,00;
25/02/2026;030;22279;6191114653610;M;000;25H;;1,00;
25/02/2026;030;22280;6191114653948;3XL;000;25H;;1,00;
25/02/2026;030;22295;6191114656239;L;695;25H;;1,00;
25/02/2026;030;22317;6191114658608;L;195;25H;;1,00;
25/02/2026;030;22324;6191114659667;L;995;25H;;1,00;
25/02/2026;030;22326;6191114668287;M;995;25H;;1,00;
25/02/2026;030;22331;6191114660281;XL;390;25H;;1,00;
25/02/2026;030;22331;6191114660403;XL;495;25H;;1,00;
25/02/2026;030;22343;6191114661363;XL;I634;25H;;1,00;
25/02/2026;030;22413;6191114672703;S/M;205;26E;;1,00;
25/02/2026;030;22414;6191114672789;L/XL;770;26E;;1,00;
25/02/2026;030;70228;6191114649873;M;995;25H;;1,00;
25/02/2026;030;70231;6191114658677;M;C000;25H;;1,00;
25/02/2026;030;70231;6191114658691;L;C000;25H;;1,00;
25/02/2026;030;70232;6191114658806;M;995;25H;;1,00;
25/02/2026;030;91504;6191114626348;TU;695;25H;;1,00;
25/02/2026;030;91529;6191114640368;40;875;25H;;1,00;
25/02/2026;031;22111;6191114622661;L;255;25H;;1,00;
25/02/2026;031;22177;6191114628908;XL;010;25H;;1,00;
25/02/2026;031;22239;6191114644946;M;815;25H;;1,00;
25/02/2026;031;22243;6191114647800;XL;995;25H;;1,00;
25/02/2026;031;22243;6191114647817;XL;215;25H;;1,00;
25/02/2026;031;22243;6191114647824;XL;695;25H;;1,00;
25/02/2026;031;22251;6191114650022;L;995;25H;;1,00;
25/02/2026;031;22257;6191114650510;M;I740;25H;;1,00;
25/02/2026;031;22272;6191114652514;S;010;25H;;1,00;
25/02/2026;031;22275;6191114653009;XXL;790;25H;;1,00;
25/02/2026;031;22278;6191114653504;XL;995;25H;;1,00;
25/02/2026;031;22323;6191114659582;S;995;25H;;1,00;
25/02/2026;031;22324;6191114659650;M;995;25H;;1,00;
25/02/2026;031;22388;6191114669628;L;R815;26E;;1,00;
25/02/2026;031;22397;6191114671850;XXL;870;26E;;1,00;
25/02/2026;031;22398;6191114671904;XL;870;26E;;1,00;
25/02/2026;031;70222;6191114630994;XL;476;25H;;1,00;
25/02/2026;031;70223;6191114631052;XL;476;25H;;1,00;
25/02/2026;031;70231;6191114658752;3XL;C000;25H;;1,00;
25/02/2026;031;70232;6191114658820;XL;995;25H;;1,00;
25/02/2026;032;22097;6191114620759;XL;385;25H;;1,00;
25/02/2026;032;22261;6191114651272;XL;385;25H;;1,00;
25/02/2026;032;22312;6191114658134;M;995;25H;;1,00;
26/02/2026;002;12151;6191114339354;14;235;24E;;1,00;
26/02/2026;002;20958;6191114424470;2XL;820;24E;;1,00;
26/02/2026;002;21090;6191114454606;3XL;995;24E;;2,00;
26/02/2026;002;21475;6191114532540;3XL;695;24H;;1,00;
26/02/2026;002;21479;6191114530911;3XL;995;24H;;1,00;
26/02/2026;002;21500;6191114539082;XL;R995;25E;;1,00;
26/02/2026;002;21718;6191114571730;M;I705;25E;;-1,00;
26/02/2026;002;22003;6191114606180;S;R870;25H;;1,00;
26/02/2026;002;22005;6191114606562;M;815;25H;;1,00;
26/02/2026;002;22005;6191114606579;M;645;25H;;1,00;
26/02/2026;002;22007;6191114607057;3XL;905;25H;;1,00;
26/02/2026;002;22018;6191114609365;3XL;R385;25H;;1,00;
26/02/2026;002;22021;6191114609655;XL;385;25H;;1,00;
26/02/2026;002;22021;6191114609662;XXL;385;25H;;-1,00;
26/02/2026;002;22023;6191114609853;L;R010;25H;;1,00;
26/02/2026;002;22023;6191114609884;XXL;R385;25H;;1,00;
26/02/2026;002;22024;6191114653269;XL;870;25H;;1,00;
26/02/2026;002;22024;6191114653276;XXL;870;25H;;-1,00;
26/02/2026;002;22025;6191114610149;3XL;995;25H;;1,00;
26/02/2026;002;22030;6191114610743;3XL;995;25H;;1,00;
26/02/2026;002;22032;6191114610941;XL;995;25H;;1,00;
26/02/2026;002;22033;6191114611092;XXL;695;25H;;1,00;
26/02/2026;002;22055;6191114624856;M;995;25H;;1,00;
26/02/2026;002;22057;6191114617810;L;195;25H;;1,00;
26/02/2026;002;22061;6191114618169;L;R385;25H;;1,00;
26/02/2026;002;22061;6191114618183;XL;R385;25H;;1,00;
26/02/2026;002;22065;6191114619012;3XL;820;25H;;1,00;
26/02/2026;002;22080;6191114616943;S;380;25H;;1,00;
26/02/2026;002;22084;6191114616523;3XL;310;25H;;1,00;
26/02/2026;002;22086;6191114619517;L;995;25H;;1,00;
26/02/2026;002;22108;6191114622166;XL;870;25H;;1,00;
26/02/2026;002;22114;6191114645820;M;020;25H;;-1,00;
26/02/2026;002;22114;6191114645844;L;020;25H;;1,00;
26/02/2026;002;22124;6191114646858;L;645;25H;;1,00;
26/02/2026;002;22125;6191114646988;3XL;E385;25H;;1,00;
26/02/2026;002;22142;6191114624740;L;195;25H;;1,00;
26/02/2026;002;22150;6191114625594;S;995;25H;;1,00;
26/02/2026;002;22163;6191114659865;XXL;C490;25H;;1,00;
26/02/2026;002;22183;6191114629547;XL;385;25H;;1,00;
26/02/2026;002;22187;6191114644694;L/XL;995;25H;;1,00;
26/02/2026;002;22187;6191114644700;L/XL;200;25H;;1,00;
26/02/2026;002;22189;6191114644779;L/XL;995;25H;;1,00;
26/02/2026;002;22189;6191114644786;L/XL;200;25H;;1,00;
26/02/2026;002;22191;6191114627901;M;P010;25H;;1,00;
26/02/2026;002;22198;6191114630161;L;385;25H;;1,00;
26/02/2026;002;22201;6191114630468;3XL;815;25H;;1,00;
26/02/2026;002;22207;6191114640443;L;880;25H;;1,00;
26/02/2026;002;22208;6191114640566;S;995;25H;;1,00;
26/02/2026;002;22215;6191114642423;S;215;25H;;1,00;
26/02/2026;002;22223;6191114643512;M;645;25H;;1,00;
26/02/2026;002;22241;6191114647374;L;R000;25H;;1,00;
26/02/2026;002;22250;6191114649651;XL;784;25H;;1,00;
26/02/2026;002;22253;6191114650268;XXL;995;25H;;1,00;
26/02/2026;002;22257;6191114650534;L;I350;25H;;1,00;
26/02/2026;002;22261;6191114651289;XL;490;25H;;1,00;
26/02/2026;002;22262;6191114651388;L;490;25H;;1,00;
26/02/2026;002;22262;6191114651395;XL;385;25H;;1,00;
26/02/2026;002;22264;6191114651661;XS;995;25H;;1,00;
26/02/2026;002;22264;6191114651722;3XL;995;25H;;1,00;
26/02/2026;002;22271;6191114652316;S;870;25H;;1,00;
26/02/2026;002;22271;6191114652385;L;010;25H;;1,00;
26/02/2026;002;22303;6191114657335;S;870;25H;;1,00;
26/02/2026;002;22303;6191114657366;M;195;25H;;-1,00;
26/02/2026;002;22303;6191114657403;XL;195;25H;;1,00;
26/02/2026;002;22312;6191114658141;L;995;25H;;1,00;
26/02/2026;002;22331;6191114660199;M;995;25H;;1,00;
26/02/2026;002;22390;6191114673496;TU;920;26E;;1,00;
26/02/2026;002;22405;6191114670433;XXL;476;26E;;1,00;
26/02/2026;002;22406;6191114670471;L;350;26E;;1,00;
26/02/2026;002;22410;6191114671041;S/M;995;26E;;1,00;
26/02/2026;002;22414;6191114672765;S/M;770;26E;;1,00;
26/02/2026;002;22414;6191114672772;L/XL;805;26E;;1,00;
26/02/2026;002;55800;6191114621558;M;385;25H;;1,00;
26/02/2026;002;55806;6191114640948;3XL;385;25H;;1,00;
26/02/2026;002;55810;6191114642249;XL;385;25H;;1,00;
26/02/2026;002;55813;6191114645219;M;940;25H;;1,00;
26/02/2026;002;55815;6191114645585;XL;385;25H;;1,00;
26/02/2026;002;55815;6191114669314;M;995;25H;;-1,00;
26/02/2026;002;55815;6191114669352;3XL;995;25H;;1,00;
26/02/2026;002;55817;6191114654754;M;790;25H;;1,00;
26/02/2026;002;55818;6191114654884;S;385;25H;;1,00;
26/02/2026;002;55818;6191114654891;S;995;25H;;1,00;
26/02/2026;002;55818;6191114658318;L;535;25H;;1,00;
26/02/2026;002;55819;6191114657687;3XL;R480;25H;;1,00;
26/02/2026;002;70201;6191114607996;S;R870;25H;;1,00;
26/02/2026;002;70231;6191114658721;XL;C995;25H;;1,00;
26/02/2026;002;91526;6191114639959;36;995;25H;;1,00;
26/02/2026;002;91526;6191114640054;41;995;25H;;1,00;
26/02/2026;005;21359;6191114503755;L;995;24H;;1,00;
26/02/2026;005;22005;6191114606654;XL;645;25H;;1,00;
26/02/2026;005;22040;6191114611580;XXL;R010;25H;;1,00;
26/02/2026;005;22056;6191114617643;S;310;25H;;1,00;
26/02/2026;005;22056;6191114617667;M;310;25H;;1,00;
26/02/2026;005;22066;6191114615618;XL;815;25H;;1,00;
26/02/2026;005;22067;6191114615687;L;380;25H;;1,00;
26/02/2026;005;22075;6191114616547;S;385;25H;;1,00;
26/02/2026;005;22130;6191114623521;S;195;25H;;1,00;
26/02/2026;005;22132;6191114623828;S;224;25H;;1,00;
26/02/2026;005;22132;6191114623866;L;224;25H;;1,00;
26/02/2026;005;22177;6191114628885;L;010;25H;;1,00;
26/02/2026;005;22182;6191114629394;XL;870;25H;;1,00;
26/02/2026;005;22193;6191114628076;L;995;25H;;1,00;
26/02/2026;005;22194;6191114628229;XL;I255;25H;;1,00;
26/02/2026;005;22202;6191114630512;M;790;25H;;1,00;
26/02/2026;005;22202;6191114630536;L;790;25H;;1,00;
26/02/2026;005;22212;6191114641518;L;385;25H;;1,00;
26/02/2026;005;22253;6191114650251;XL;995;25H;;1,00;
26/02/2026;005;22275;6191114652965;L;790;25H;;1,00;
26/02/2026;005;22301;6191114657144;XL;215;25H;;1,00;
26/02/2026;005;55815;6191114645561;L;385;25H;;1,00;
26/02/2026;005;55816;6191114648470;XL;R385;25H;;1,00;
26/02/2026;005;70210;6191114619210;XL;R350;25H;;1,00;
26/02/2026;005;70213;6191114623699;L;P385;25H;;1,00;
26/02/2026;005;70226;6191114652019;L;I880;25H;;1,00;
26/02/2026;009;20354;6191114297340;L;685;23H;;1,00;
26/02/2026;009;21300;6191114499133;L;E385;24H;;1,00;
26/02/2026;009;22067;6191114615694;XL;380;25H;;1,00;
26/02/2026;009;22086;6191114619593;4XL;995;25H;;1,00;
26/02/2026;009;22163;6191114659834;L;C490;25H;;1,00;
26/02/2026;009;22205;6191114630796;M;870;25H;;1,00;
26/02/2026;009;22253;6191114650251;XL;995;25H;;1,00;
26/02/2026;009;22255;6191114650350;M;995;25H;;1,00;
26/02/2026;009;22261;6191114651258;L;385;25H;;1,00;
26/02/2026;009;22262;6191114651395;XL;385;25H;;1,00;
26/02/2026;009;22269;6191114653214;XXL;695;25H;;1,00;
26/02/2026;009;22452;6191114676930;L/XL;995;26E;;1,00;
26/02/2026;009;55813;6191114645233;L;310;25H;;1,00;
26/02/2026;009;55813;6191114645271;XL;940;25H;;1,00;
26/02/2026;009;91527;6191114640108;37;995;25H;;1,00;
26/02/2026;011;21922;6191114602007;L;805;25E;;1,00;
26/02/2026;011;22054;6191114617421;L;385;25H;;1,00;
26/02/2026;011;22066;6191114615595;L;815;25H;;1,00;
26/02/2026;011;22066;6191114615601;L;875;25H;;1,00;
26/02/2026;011;22113;6191114645776;3XL;820;25H;;1,00;
26/02/2026;011;22129;6191114623163;L;995;25H;;1,00;
26/02/2026;011;22132;6191114623866;L;224;25H;;1,00;
26/02/2026;011;22183;6191114629523;L;385;25H;;1,00;
26/02/2026;011;22183;6191114629547;XL;385;25H;;-1,00;
26/02/2026;011;22284;6191114654211;L;385;25H;;1,00;
26/02/2026;011;22409;6191114671003;L;995;26E;;1,00;
26/02/2026;011;22414;6191114672765;S/M;770;26E;;2,00;
26/02/2026;011;70229;6191114657809;3XL;476;25H;;1,00;
26/02/2026;011;91272;6194444115667;TU;815;22H;;3,00;
26/02/2026;014;21126;6191114462113;XL;R634;24H;;1,00;
26/02/2026;014;21300;6191114499157;XL;E385;24H;;1,00;
26/02/2026;014;21345;6191114501287;XXL;995;24H;;1,00;
26/02/2026;014;21381;6191114508491;L;995;24H;;1,00;
26/02/2026;014;21835;6191114584143;L;145;25E;;1,00;
26/02/2026;014;21835;6191114584150;L;235;25E;;2,00;
26/02/2026;014;21835;6191114584198;XL;385;25E;;1,00;
26/02/2026;014;21835;6191114584228;XL;145;25E;;1,00;
26/02/2026;014;21863;6191114589438;XL;310;25E;;1,00;
26/02/2026;014;21863;6191114589476;3XL;310;25E;;1,00;
26/02/2026;014;21905;6191114599901;M;784;25E;;1,00;
26/02/2026;014;21908;6191114600416;XL;385;25E;;-1,00;
26/02/2026;014;21913;6191114601116;L;010;25E;;1,00;
26/02/2026;014;21922;6191114601987;S;805;25E;;-1,00;
26/02/2026;014;22023;6191114609884;XXL;R385;25H;;1,00;
26/02/2026;014;22061;6191114618138;S;R350;25H;;1,00;
26/02/2026;014;22061;6191114618190;XL;R350;25H;;1,00;
26/02/2026;014;22061;6191114618213;XXL;R350;25H;;1,00;
26/02/2026;014;22062;6191114618312;L;995;25H;;1,00;
26/02/2026;014;22064;6191114618794;XL;855;25H;;1,00;
26/02/2026;014;22083;6191114619104;XXL;350;25H;;1,00;
26/02/2026;014;22086;6191114619562;XXL;010;25H;;1,00;
26/02/2026;014;22113;6191114645714;L;990;25H;;1,00;
26/02/2026;014;22114;6191114645806;S;020;25H;;2,00;
26/02/2026;014;22117;6191114649019;XXL;940;25H;;1,00;
26/02/2026;014;22128;6191114623064;XXL;385;25H;;1,00;
26/02/2026;014;22139;6191114624528;XXL;940;25H;;1,00;
26/02/2026;014;22170;6191114627048;XXL;R990;25H;;1,00;
26/02/2026;014;22191;6191114627918;L;P995;25H;;1,00;
26/02/2026;014;22191;6191114627925;L;P010;25H;;1,00;
26/02/2026;014;22201;6191114630413;L;995;25H;;1,00;
26/02/2026;014;22202;6191114630567;XXL;995;25H;;1,00;
26/02/2026;014;22204;6191114630734;M;995;25H;;1,00;
26/02/2026;014;22208;6191114640566;S;995;25H;;1,00;
26/02/2026;014;22253;6191114650251;XL;995;25H;;1,00;
26/02/2026;014;22258;6191114650831;3XL;385;25H;;1,00;
26/02/2026;014;22262;6191114651395;XL;385;25H;;1,00;
26/02/2026;014;22262;6191114651401;XL;490;25H;;1,00;
26/02/2026;014;22265;6191114651777;L;995;25H;;1,00;
26/02/2026;014;22270;6191114649958;XL;995;25H;;1,00;
26/02/2026;014;22280;6191114653900;XXL;995;25H;;-1,00;
26/02/2026;014;22282;6191114654075;XXL;I815;25H;;1,00;
26/02/2026;014;22287;6191114654587;XL;995;25H;;-1,00;
26/02/2026;014;22292;6191114655706;XXL;870;25H;;1,00;
26/02/2026;014;22295;6191114656246;XL;995;25H;;1,00;
26/02/2026;014;22296;6191114656444;S;385;25H;;1,00;
26/02/2026;014;22322;6191114659506;XL;740;25H;;1,00;
26/02/2026;014;22458;6191114678989;XXL;R350;26E;;1,00;
26/02/2026;014;55809;6191114642102;L;010;25H;;1,00;
26/02/2026;014;55810;6191114642225;L;385;25H;;1,00;
26/02/2026;014;55815;6191114645608;XXL;385;25H;;1,00;
26/02/2026;014;55817;6191114654853;3XL;385;25H;;1,00;
26/02/2026;014;55818;6191114655140;3XL;995;25H;;1,00;
26/02/2026;014;70206;6191114612389;S;995;25H;;1,00;
26/02/2026;014;70226;6191114651975;M;I995;25H;;1,00;
26/02/2026;014;70231;6191114658721;XL;C995;25H;;1,00;
26/02/2026;014;91502;6191114669116;TU;385;25H;;1,00;
26/02/2026;015;21906;6191114600119;L;000;25E;;1,00;
26/02/2026;015;22005;6191114606661;XL;995;25H;;1,00;
26/02/2026;015;22056;6191114617704;XL;310;25H;;1,00;
26/02/2026;015;22086;6191114619548;XL;010;25H;;1,00;
26/02/2026;015;22132;6191114623880;XL;224;25H;;1,00;
26/02/2026;015;22142;6191114624771;XL;195;25H;;1,00;
26/02/2026;015;22146;6191114630000;L;995;25H;;1,00;
26/02/2026;015;22162;6191114647183;S;995;25H;;1,00;
26/02/2026;015;22164;6191114649484;XL;995;25H;;-1,00;
26/02/2026;015;22177;6191114628939;XXL;215;25H;;1,00;
26/02/2026;015;22211;6191114641419;XXL;694;25H;;1,00;
26/02/2026;015;22264;6191114651715;XXL;995;25H;;1,00;
26/02/2026;015;22272;6191114652538;M;995;25H;;1,00;
26/02/2026;015;22299;6191114659728;M;695;25H;;1,00;
26/02/2026;015;22324;6191114659674;XL;995;25H;;1,00;
26/02/2026;015;22388;6191114669635;XL;R815;26E;;1,00;
26/02/2026;015;22435;6191114674516;XL;815;26E;;1,00;
26/02/2026;015;22453;6191114677128;TU;010;26E;;1,00;
26/02/2026;015;55808;6191114641211;L;385;25H;;1,00;
26/02/2026;015;91272;6194444115667;TU;815;22H;;1,00;
26/02/2026;016;21402;6191114513327;XXL;824;24H;;1,00;
26/02/2026;016;21795;6191114580749;XS;480;25E;;1,00;
26/02/2026;016;21827;6191114583085;3XL;995;25E;;1,00;
26/02/2026;016;21830;6191114583474;3XL;995;25E;;1,00;
26/02/2026;016;21914;6191114601185;XXL;385;25E;;1,00;
26/02/2026;016;22013;6191114607675;XL;995;25H;;1,00;
26/02/2026;016;22030;6191114610651;S;010;25H;;1,00;
26/02/2026;016;22030;6191114610682;L;995;25H;;1,00;
26/02/2026;016;22030;6191114610699;L;010;25H;;1,00;
26/02/2026;016;22042;6191114609037;XL;995;25H;;1,00;
26/02/2026;016;22064;6191114618817;XXL;010;25H;;1,00;
26/02/2026;016;22072;6191114616233;XXL;476;25H;;1,00;
26/02/2026;016;22098;6191114620889;3XL;995;25H;;1,00;
26/02/2026;016;22113;6191114645714;L;990;25H;;1,00;
26/02/2026;016;22117;6191114648982;M;940;25H;;1,00;
26/02/2026;016;22128;6191114623071;XXL;870;25H;;1,00;
26/02/2026;016;22129;6191114623224;XXL;995;25H;;1,00;
26/02/2026;016;22140;6191114624634;XL;995;25H;;1,00;
26/02/2026;016;22181;6191114629271;XL;995;25H;;1,00;
26/02/2026;016;22233;6191114645097;3XL;815;25H;;1,00;
26/02/2026;016;22251;6191114650091;3XL;255;25H;;1,00;
26/02/2026;016;22257;6191114650633;3XL;I740;25H;;1,00;
26/02/2026;016;22257;6191114650640;3XL;I195;25H;;1,00;
26/02/2026;016;22273;6191114652682;S;695;25H;;1,00;
26/02/2026;016;22287;6191114654594;XXL;815;25H;;1,00;
26/02/2026;016;22287;6191114654600;XXL;995;25H;;1,00;
26/02/2026;016;22318;6191114659018;XL;235;25H;;1,00;
26/02/2026;016;22331;6191114660311;XXL;995;25H;;1,00;
26/02/2026;016;22388;6191114669635;XL;R815;26E;;1,00;
26/02/2026;016;22408;6191114670884;L;385;26E;;1,00;
26/02/2026;016;22453;6191114677128;TU;010;26E;;1,00;
26/02/2026;016;55816;6191114648432;L;R995;25H;;1,00;
26/02/2026;016;55817;6191114654778;L;695;25H;;1,00;
26/02/2026;016;55818;6191114654990;L;995;25H;;1,00;
26/02/2026;016;70202;6191114608146;M;010;25H;;1,00;
26/02/2026;016;70210;6191114619197;L;R350;25H;;1,00;
26/02/2026;016;70233;6191114658905;XXL;995;25H;;1,00;
26/02/2026;016;91272;6194444115667;TU;815;22H;;1,00;
26/02/2026;016;91273;6194444115674;TU;815;22H;;3,00;
26/02/2026;019;20406;6191114291812;XL;260;23H;;1,00;
26/02/2026;019;20811;6191114391710;XL;385;24E;;1,00;
26/02/2026;019;21119;6191114453814;XL;R815;24H;;1,00;
26/02/2026;019;21131;6191114462700;XL;010;24H;;1,00;
26/02/2026;019;21131;6191114462717;XL;530;24H;;1,00;
26/02/2026;019;21135;6191114482852;XL;780;24H;;1,00;
26/02/2026;019;21381;6191114508514;XL;995;24H;;1,00;
26/02/2026;019;21402;6191114513310;XL;995;24H;;-1,00;
26/02/2026;019;21911;6191114600867;L;000;25E;;-1,00;
26/02/2026;019;22044;6191114622043;XL;695;25H;;1,00;
26/02/2026;019;22072;6191114616202;M;476;25H;;1,00;
26/02/2026;019;22118;6191114646391;L;995;25H;;1,00;
26/02/2026;019;22127;6191114649057;M;770;25H;;1,00;
26/02/2026;019;22177;6191114628892;L;215;25H;;1,00;
26/02/2026;019;22182;6191114629332;M;870;25H;;1,00;
26/02/2026;019;22186;6191114627703;S;784;25H;;1,00;
26/02/2026;019;22186;6191114627710;M;385;25H;;1,00;
26/02/2026;019;22190;6191114627826;M;995;25H;;1,00;
26/02/2026;019;22202;6191114630550;XL;790;25H;;1,00;
26/02/2026;019;22211;6191114641396;XL;694;25H;;1,00;
26/02/2026;019;22256;6191114650435;XL;995;25H;;1,00;
26/02/2026;019;22260;6191114651111;M;010;25H;;1,00;
26/02/2026;019;22262;6191114651418;XXL;385;25H;;1,00;
26/02/2026;019;22265;6191114651777;L;995;25H;;1,00;
26/02/2026;019;22301;6191114657151;XXL;995;25H;;1,00;
26/02/2026;019;22319;6191114670228;S;995;25H;;1,00;
26/02/2026;019;22330;6191114660113;3XL;724;25H;;2,00;
26/02/2026;019;22331;6191114660274;XL;995;25H;;1,00;
26/02/2026;019;22331;6191114660281;XL;390;25H;;1,00;
26/02/2026;019;22414;6191114672789;L/XL;770;26E;;1,00;
26/02/2026;019;55809;6191114642058;S;870;25H;;1,00;
26/02/2026;019;55810;6191114642188;S;385;25H;;1,00;
26/02/2026;019;55817;6191114654716;S;695;25H;;1,00;
26/02/2026;019;55817;6191114654723;S;790;25H;;1,00;
26/02/2026;019;70217;6191114647343;3XL;E385;25H;;1,00;
26/02/2026;019;70229;6191114657786;XL;476;25H;;1,00;
26/02/2026;019;91509;6191114625334;39;870;25H;;1,00;
26/02/2026;019;91529;6191114640351;40;385;25H;;1,00;
26/02/2026;021;21828;6191114583269;3XL;995;25E;;1,00;
26/02/2026;021;22030;6191114610682;L;995;25H;;1,00;
26/02/2026;021;22030;6191114610699;L;010;25H;;1,00;
26/02/2026;021;22056;6191114617650;S;000;25H;;1,00;
26/02/2026;021;22129;6191114623125;M;385;25H;;1,00;
26/02/2026;021;22129;6191114623170;L;010;25H;;1,00;
26/02/2026;021;22147;6191114625068;S;000;25H;;1,00;
26/02/2026;021;22187;6191114644700;L/XL;200;25H;;1,00;
26/02/2026;021;22201;6191114630383;M;815;25H;;1,00;
26/02/2026;021;22212;6191114641600;3XL;385;25H;;1,00;
26/02/2026;021;22216;6191114642706;XXL;I385;25H;;1,00;
26/02/2026;021;22241;6191114647398;XXL;R000;25H;;2,00;
26/02/2026;021;22244;6191114648067;3XL;695;25H;;1,00;
26/02/2026;021;22278;6191114653498;L;995;25H;;1,00;
26/02/2026;021;22288;6191114654693;3XL;995;25H;;1,00;
26/02/2026;021;22307;6191114670075;3XL;M870;25H;;1,00;
26/02/2026;021;22317;6191114658639;XXL;385;25H;;1,00;
26/02/2026;021;22331;6191114660274;XL;995;25H;;1,00;
26/02/2026;021;22414;6191114672802;2XL/3;770;26E;;1,00;
26/02/2026;021;70222;6191114630994;XL;476;25H;;1,00;
26/02/2026;021;70223;6191114631052;XL;476;25H;;1,00;
26/02/2026;021;70232;6191114658851;4XL;995;25H;;1,00;
26/02/2026;024;21345;6191114501263;XL;995;24H;;1,00;
26/02/2026;024;21827;6191114583054;XXL;995;25E;;1,00;
26/02/2026;024;21831;6191114583566;XL;995;25E;;1,00;
26/02/2026;024;22030;6191114610705;XL;995;25H;;1,00;
26/02/2026;024;22061;6191114618169;L;R385;25H;;1,00;
26/02/2026;024;22062;6191114618381;XXL;195;25H;;1,00;
26/02/2026;024;22064;6191114618701;L;815;25H;;1,00;
26/02/2026;024;22064;6191114618749;L;855;25H;;1,00;
26/02/2026;024;22071;6191114616141;XL;195;25H;;1,00;
26/02/2026;024;22118;6191114646353;S;995;25H;;1,00;
26/02/2026;024;22130;6191114623552;L;995;25H;;1,00;
26/02/2026;024;22181;6191114629240;S;995;25H;;1,00;
26/02/2026;024;22184;6191114629622;S;995;25H;;1,00;
26/02/2026;024;22194;6191114628229;XL;I255;25H;;1,00;
26/02/2026;024;22198;6191114630123;S;385;25H;;1,00;
26/02/2026;024;22198;6191114630161;L;385;25H;;1,00;
26/02/2026;024;22200;6191114630246;S;010;25H;;1,00;
26/02/2026;024;22200;6191114648357;XXL;210;25H;;1,00;
26/02/2026;024;22206;6191114630901;XL;995;25H;;1,00;
26/02/2026;024;22206;6191114630932;XXL;195;25H;;1,00;
26/02/2026;024;22287;6191114654495;XS;815;25H;;1,00;
26/02/2026;024;22292;6191114655485;XS;870;25H;;1,00;
26/02/2026;024;22297;6191114656680;XL;215;25H;;1,00;
26/02/2026;024;22307;6191114670044;XXL;M870;25H;;1,00;
26/02/2026;024;22312;6191114658158;XL;995;25H;;1,00;
26/02/2026;024;22322;6191114659544;XXL;190;25H;;1,00;
26/02/2026;024;22342;6191114661271;S;I995;25H;;1,00;
26/02/2026;024;22414;6191114672789;L/XL;770;26E;;1,00;
26/02/2026;024;55801;6191114621749;M;995;25H;;1,00;
26/02/2026;024;70213;6191114623682;M;P385;25H;;1,00;
26/02/2026;024;70227;6191114652224;XL;I875;25H;;1,00;
26/02/2026;024;91505;6191114657311;TU;815;25H;;1,00;
26/02/2026;024;91525;6191114627567;TU;MCO;25H;;1,00;
26/02/2026;024;91529;6191114640283;36;875;25H;;1,00;
26/02/2026;029;21552;6191114543614;41;995;25E;;1,00;
26/02/2026;029;22048;6191114612044;XXL;010;25H;;1,00;
26/02/2026;029;22064;6191114618756;XL;815;25H;;1,00;
26/02/2026;029;22080;6191114616998;L;476;25H;;1,00;
26/02/2026;029;22085;6191114619425;XL;740;25H;;1,00;
26/02/2026;029;22096;6191114620551;S;385;25H;;1,00;
26/02/2026;029;22113;6191114645769;XXL;990;25H;;1,00;
26/02/2026;029;22115;6191114645974;L;820;25H;;1,00;
26/02/2026;029;22142;6191114624719;M;195;25H;;1,00;
26/02/2026;029;22183;6191114629578;XXL;995;25H;;1,00;
26/02/2026;029;22244;6191114647961;L;215;25H;;1,00;
26/02/2026;029;22262;6191114651371;L;385;25H;;1,00;
26/02/2026;029;22276;6191114655799;L;995;25H;;1,00;
26/02/2026;029;22289;6191114655249;L;995;25H;;1,00;
26/02/2026;029;22308;6191114657724;XL;870;25H;;1,00;
26/02/2026;029;22351;6191114668812;S;I815;25H;;1,00;
26/02/2026;029;22414;6191114672765;S/M;770;26E;;1,00;
26/02/2026;029;70241;6191114672635;L;870;26E;;1,00;
26/02/2026;030;21863;6191114589421;XL;000;25E;;1,00;
26/02/2026;030;22011;6191114607415;L;215;25H;;1,00;
26/02/2026;030;22021;6191114609662;XXL;385;25H;;1,00;
26/02/2026;030;22056;6191114617742;3XL;310;25H;;1,00;
26/02/2026;030;22058;6191114617933;L;000;25H;;1,00;
26/02/2026;030;22064;6191114618725;L;695;25H;;1,00;
26/02/2026;030;22064;6191114618749;L;855;25H;;1,00;
26/02/2026;030;22105;6191114621220;XL;000;25H;;1,00;
26/02/2026;030;22129;6191114623156;L;385;25H;;1,00;
26/02/2026;030;22129;6191114623217;XXL;385;25H;;1,00;
26/02/2026;030;22131;6191114623613;S;995;25H;;1,00;
26/02/2026;030;22139;6191114624467;L;940;25H;;1,00;
26/02/2026;030;22142;6191114624740;L;195;25H;;1,00;
26/02/2026;030;22191;6191114627925;L;P010;25H;;1,00;
26/02/2026;030;22204;6191114630758;XL;995;25H;;1,00;
26/02/2026;030;22229;6191114644038;XXL;995;25H;;1,00;
26/02/2026;030;22237;6191114644816;L;I815;25H;;1,00;
26/02/2026;030;22246;6191114648838;L;995;25H;;1,00;
26/02/2026;030;22257;6191114650558;L;I195;25H;;1,00;
26/02/2026;030;22262;6191114651418;XXL;385;25H;;1,00;
26/02/2026;030;22264;6191114651692;L;995;25H;;1,00;
26/02/2026;030;22265;6191114651777;L;995;25H;;1,00;
26/02/2026;030;22278;6191114653481;M;995;25H;;1,00;
26/02/2026;030;22289;6191114655249;L;995;25H;;1,00;
26/02/2026;030;22304;6191114660472;XXL;MCO;25H;;1,00;
26/02/2026;030;22331;6191114660236;L;995;25H;;1,00;
26/02/2026;030;22331;6191114660250;XL;815;25H;;1,00;
26/02/2026;030;22351;6191114668843;XL;I815;25H;;1,00;
26/02/2026;030;22395;6191114671768;XL;380;26E;;1,00;
26/02/2026;030;22402;6191114672468;XL;380;26E;;1,00;
26/02/2026;030;70202;6191114608160;L;010;25H;;1,00;
26/02/2026;030;70211;6191114621909;L;870;25H;;1,00;
26/02/2026;030;70232;6191114658813;L;995;25H;;1,00;
26/02/2026;030;91507;6191114626409;TU;195;25H;;1,00;
26/02/2026;031;21922;6191114601772;L;000;25E;;1,00;
26/02/2026;031;22061;6191114618183;XL;R385;25H;;1,00;
26/02/2026;031;22128;6191114623002;L;385;25H;;1,00;
26/02/2026;031;22128;6191114623026;L;995;25H;;1,00;
26/02/2026;031;22177;6191114628939;XXL;215;25H;;1,00;
26/02/2026;031;22177;6191114628946;3XL;010;25H;;1,00;
26/02/2026;031;22265;6191114651753;S;995;25H;;1,00;
26/02/2026;031;22268;6191114653153;XS;695;25H;;1,00;
26/02/2026;031;22269;6191114653177;S;695;25H;;1,00;
26/02/2026;031;22271;6191114652361;M;695;25H;;2,00;
26/02/2026;031;22271;6191114652392;L;695;25H;;1,00;
26/02/2026;031;22331;6191114660151;S;995;25H;;1,00;
26/02/2026;031;22343;6191114661356;L;I634;25H;;1,00;
26/02/2026;031;22403;6191114670303;XL;476;26E;;1,00;
26/02/2026;031;22404;6191114670358;L;476;26E;;1,00;
26/02/2026;031;22452;6191114676916;S/M;995;26E;;1,00;
26/02/2026;031;70232;6191114658837;XXL;995;25H;;1,00;
26/02/2026;031;91272;6194444115667;TU;815;22H;;1,00;
26/02/2026;032;22096;6191114620681;4XL;995;25H;;1,00;
26/02/2026;032;22111;6191114622678;XL;255;25H;;1,00;
26/02/2026;032;22183;6191114629578;XXL;995;25H;;1,00;
26/02/2026;032;22194;6191114628175;L;I880;25H;;1,00;
26/02/2026;032;22414;6191114672802;2XL/3;770;26E;;1,00;
26/02/2026;032;55800;6191114621657;XXL;995;25H;;1,00;
26/02/2026;032;66481;6191114502222;L/XL;200;24H;;1,00;
26/02/2026;032;70232;6191114658844;3XL;995;25H;;1,00;
26/02/2026;032;91272;6194444115667;TU;815;22H;;1,00;
26/02/2026;033;22063;6191114618565;L;784;25H;;1,00;
26/02/2026;033;22216;6191114642621;L;I880;25H;;1,00;
26/02/2026;033;22250;6191114649620;L;784;25H;;1,00;
26/02/2026;033;22281;6191114653993;XL;995;25H;;1,00;
26/02/2026;033;70220;6191114631212;XXL;870;25H;;1,00;
27/02/2026;002;12154;6191114339576;10;194;24E;;1,00;
27/02/2026;002;20834;6191114396524;S/M;740;24E;;1,00;
27/02/2026;002;21189;6191114471221;M;I625;24H;;1,00;
27/02/2026;002;21189;6191114471252;L;I350;24H;;1,00;
27/02/2026;002;21358;6191114503700;XL;995;24H;;1,00;
27/02/2026;002;21659;6191114588912;XXL;005;25E;;1,00;
27/02/2026;002;21828;6191114583160;M;200;25E;;1,00;
27/02/2026;002;21908;6191114600577;3XL;385;25E;;1,00;
27/02/2026;002;22007;6191114607026;L;905;25H;;1,00;
27/02/2026;002;22033;6191114611115;3XL;695;25H;;1,00;
27/02/2026;002;22036;6191114611139;S;R010;25H;;1,00;
27/02/2026;002;22036;6191114611177;L;R010;25H;;1,00;
27/02/2026;002;22037;6191114611269;M;995;25H;;1,00;
27/02/2026;002;22037;6191114611290;L;010;25H;;1,00;
27/02/2026;002;22047;6191114611948;3XL;695;25H;;1,00;
27/02/2026;002;22064;6191114618817;XXL;010;25H;;1,00;
27/02/2026;002;22073;6191114616363;3XL;395;25H;;1,00;
27/02/2026;002;22113;6191114645776;3XL;820;25H;;1,00;
27/02/2026;002;22114;6191114645837;L;815;25H;;1,00;
27/02/2026;002;22114;6191114645851;XL;815;25H;;1,00;
27/02/2026;002;22115;6191114645981;L;990;25H;;1,00;
27/02/2026;002;22123;6191114646711;M;995;25H;;1,00;
27/02/2026;002;22129;6191114623224;XXL;995;25H;;1,00;
27/02/2026;002;22137;6191114623330;S;235;25H;;1,00;
27/02/2026;002;22145;6191114629936;M;995;25H;;1,00;
27/02/2026;002;22177;6191114628892;L;215;25H;;1,00;
27/02/2026;002;22183;6191114629530;L;995;25H;;1,00;
27/02/2026;002;22183;6191114629547;XL;385;25H;;1,00;
27/02/2026;002;22185;6191114627680;XXL;784;25H;;1,00;
27/02/2026;002;22198;6191114630123;S;385;25H;;1,00;
27/02/2026;002;22204;6191114630758;XL;995;25H;;1,00;
27/02/2026;002;22204;6191114630772;3XL;995;25H;;1,00;
27/02/2026;002;22207;6191114640375;S;995;25H;;1,00;
27/02/2026;002;22212;6191114641549;XL;385;25H;;1,00;
27/02/2026;002;22217;6191114642836;L;000;25H;;1,00;
27/02/2026;002;22217;6191114642898;3XL;000;25H;;1,00;
27/02/2026;002;22233;6191114644403;L;000;25H;;1,00;
27/02/2026;002;22244;6191114647961;L;215;25H;;1,00;
27/02/2026;002;22253;6191114650244;L;995;25H;;1,00;
27/02/2026;002;22257;6191114650480;S;I740;25H;;1,00;
27/02/2026;002;22258;6191114650886;4XL;740;25H;;1,00;
27/02/2026;002;22262;6191114651371;L;385;25H;;1,00;
27/02/2026;002;22269;6191114653207;XL;695;25H;;1,00;
27/02/2026;002;22273;6191114652705;M;385;25H;;1,00;
27/02/2026;002;22274;6191114652903;3XL;995;25H;;1,00;
27/02/2026;002;22286;6191114654488;3XL;995;25H;;1,00;
27/02/2026;002;22294;6191114655997;XS;820;25H;;1,00;
27/02/2026;002;22298;6191114658271;XL;R385;25H;;1,00;
27/02/2026;002;22301;6191114657083;S;215;25H;;1,00;
27/02/2026;002;22302;6191114657250;XL;995;25H;;1,00;
27/02/2026;002;22330;6191114660076;XL;724;25H;;1,00;
27/02/2026;002;22338;6191114660922;XXL;170;25H;;1,00;
27/02/2026;002;22350;6191114668744;XS;I815;25H;;1,00;
27/02/2026;002;22414;6191114672765;S/M;770;26E;;1,00;
27/02/2026;002;22414;6191114672789;L/XL;770;26E;;1,00;
27/02/2026;002;22451;6191114677159;TU;634;26E;;1,00;
27/02/2026;002;22452;6191114676930;L/XL;995;26E;;1,00;
27/02/2026;002;55808;6191114641235;L;975;25H;;1,00;
27/02/2026;002;55808;6191114641327;3XL;975;25H;;1,00;
27/02/2026;002;55813;6191114645189;S;940;25H;;1,00;
27/02/2026;002;70210;6191114619180;L;R385;25H;;1,00;
27/02/2026;002;70222;6191114630970;M;476;25H;;1,00;
27/02/2026;002;70223;6191114631045;L;476;25H;;1,00;
27/02/2026;002;70227;6191114652156;S;I740;25H;;1,00;
27/02/2026;002;70227;6191114652286;4XL;I875;25H;;1,00;
27/02/2026;002;70233;6191114658882;L;995;25H;;1,00;
27/02/2026;002;91513;6191114627444;TU;MCO;25H;;1,00;
27/02/2026;002;91518;6191114627499;TU;MCO;25H;;1,00;
27/02/2026;002;91529;6191114640351;40;385;25H;;1,00;
27/02/2026;005;21347;6191114501508;XL;385;24H;;2,00;
27/02/2026;005;22053;6191114617148;S;995;25H;;1,00;
27/02/2026;005;22053;6191114617339;XL;995;25H;;1,00;
27/02/2026;005;22061;6191114618190;XL;R350;25H;;1,00;
27/02/2026;005;22108;6191114622159;L;870;25H;;1,00;
27/02/2026;005;22117;6191114649002;XL;940;25H;;1,00;
27/02/2026;005;22132;6191114623910;3XL;794;25H;;1,00;
27/02/2026;005;22132;6191114623927;3XL;224;25H;;1,00;
27/02/2026;005;22181;6191114629257;M;995;25H;;1,00;
27/02/2026;005;22182;6191114629370;L;995;25H;;1,00;
27/02/2026;005;22182;6191114629394;XL;870;25H;;1,00;
27/02/2026;005;22198;6191114630239;3XL;695;25H;;1,00;
27/02/2026;005;22201;6191114630437;XL;995;25H;;1,00;
27/02/2026;005;22216;6191114642690;XL;I385;25H;;1,00;
27/02/2026;005;22257;6191114650558;L;I195;25H;;1,00;
27/02/2026;005;22276;6191114655768;M;385;25H;;1,00;
27/02/2026;005;22276;6191114655782;L;385;25H;;1,00;
27/02/2026;005;22284;6191114654211;L;385;25H;;1,00;
27/02/2026;005;22285;6191114654358;L;385;25H;;1,00;
27/02/2026;005;22296;6191114656536;XL;385;25H;;1,00;
27/02/2026;005;22301;6191114657120;L;215;25H;;1,00;
27/02/2026;005;22331;6191114660151;S;995;25H;;1,00;
27/02/2026;005;22331;6191114660281;XL;390;25H;;1,00;
27/02/2026;005;22331;6191114660397;L;495;25H;;1,00;
27/02/2026;005;22410;6191114671041;S/M;995;26E;;1,00;
27/02/2026;005;22410;6191114671065;2XL/3;995;26E;;1,00;
27/02/2026;005;22414;6191114672802;2XL/3;770;26E;;1,00;
27/02/2026;005;55806;6191114640955;3XL;870;25H;;1,00;
27/02/2026;005;55808;6191114641228;L;995;25H;;1,00;
27/02/2026;005;55808;6191114641235;L;975;25H;;1,00;
27/02/2026;005;55811;6191114644595;L;R310;25H;;1,00;
27/02/2026;005;55813;6191114645325;3XL;310;25H;;1,00;
27/02/2026;005;55817;6191114654860;3XL;695;25H;;1,00;
27/02/2026;005;70227;6191114652187;M;I875;25H;;1,00;
27/02/2026;005;91272;6194444115667;TU;815;22H;;3,00;
27/02/2026;005;91273;6194444115674;TU;815;22H;;1,00;
27/02/2026;009;20843;6191114449749;XL;745;24E;;1,00;
27/02/2026;009;21037;6191114440944;XL;405;24E;;1,00;
27/02/2026;009;22047;6191114611931;XXL;695;25H;;1,00;
27/02/2026;009;22091;6191114620209;XL;995;25H;;1,00;
27/02/2026;009;22118;6191114646384;M;874;25H;;1,00;
27/02/2026;009;22181;6191114629264;L;995;25H;;1,00;
27/02/2026;009;22201;6191114630383;M;815;25H;;1,00;
27/02/2026;009;22244;6191114647978;L;695;25H;;1,00;
27/02/2026;009;22259;6191114650954;XL;010;25H;;1,00;
27/02/2026;009;22323;6191114659582;S;995;25H;;1,00;
27/02/2026;009;70203;6191114608252;M;R995;25H;;1,00;
27/02/2026;009;70229;6191114657786;XL;476;25H;;1,00;
27/02/2026;011;21825;6191114582699;XXL;995;25E;;1,00;
27/02/2026;011;21826;6191114582910;3XL;000;25E;;1,00;
27/02/2026;011;21829;6191114583337;XXL;MCO;25E;;1,00;
27/02/2026;011;22018;6191114609280;M;R385;25H;;1,00;
27/02/2026;011;22026;6191114610262;3XL;815;25H;;1,00;
27/02/2026;011;22052;6191114617193;L;385;25H;;1,00;
27/02/2026;011;22117;6191114646315;XXL;995;25H;;-1,00;
27/02/2026;011;22124;6191114646889;XL;995;25H;;1,00;
27/02/2026;011;22128;6191114622975;M;385;25H;;1,00;
27/02/2026;011;22128;6191114623071;XXL;870;25H;;1,00;
27/02/2026;011;22163;6191114659803;M;C790;25H;;1,00;
27/02/2026;011;22177;6191114628922;XXL;010;25H;;1,00;
27/02/2026;011;22200;6191114630345;3XL;010;25H;;1,00;
27/02/2026;011;22217;6191114642850;XL;000;25H;;1,00;
27/02/2026;011;22238;6191114644885;XL;I995;25H;;1,00;
27/02/2026;011;22246;6191114648869;XXL;870;25H;;1,00;
27/02/2026;011;22250;6191114649606;L;815;25H;;1,00;
27/02/2026;011;22281;6191114654013;3XL;995;25H;;1,00;
27/02/2026;011;22287;6191114654594;XXL;815;25H;;1,00;
27/02/2026;011;22295;6191114656222;L;995;25H;;1,00;
27/02/2026;011;22307;6191114670044;XXL;M870;25H;;1,00;
27/02/2026;011;22404;6191114670334;S;476;26E;;1,00;
27/02/2026;011;22405;6191114670396;S;476;26E;;1,00;
27/02/2026;011;22409;6191114671010;XL;995;26E;;1,00;
27/02/2026;011;70226;6191114652002;L;I995;25H;;1,00;
27/02/2026;011;70227;6191114652200;L;I875;25H;;1,00;
27/02/2026;011;70227;6191114652224;XL;I875;25H;;1,00;
27/02/2026;011;91273;6194444115674;TU;815;22H;;1,00;
27/02/2026;011;91505;6191114657328;TU;385;25H;;1,00;
27/02/2026;014;21658;6191114553712;XL;000;25E;;1,00;
27/02/2026;014;22013;6191114607620;M;870;25H;;1,00;
27/02/2026;014;22030;6191114610743;3XL;995;25H;;1,00;
27/02/2026;014;22061;6191114618176;L;R350;25H;;1,00;
27/02/2026;014;22126;6191114649354;3XL;760;25H;;1,00;
27/02/2026;014;22130;6191114623552;L;995;25H;;1,00;
27/02/2026;014;22153;6191114625808;M;995;25H;;1,00;
27/02/2026;014;22194;6191114628144;M;I880;25H;;1,00;
27/02/2026;014;22243;6191114647794;L;695;25H;;1,00;
27/02/2026;014;22248;6191114649200;XXL;995;25H;;1,00;
27/02/2026;014;22250;6191114649682;XXL;784;25H;;1,00;
27/02/2026;014;22251;6191114650084;3XL;995;25H;;1,00;
27/02/2026;014;22278;6191114653504;XL;995;25H;;1,00;
27/02/2026;014;22280;6191114653849;L;995;25H;;1,00;
27/02/2026;014;22284;6191114654259;XXL;385;25H;;1,00;
27/02/2026;014;22316;6191114658509;M;476;25H;;1,00;
27/02/2026;014;22388;6191114669611;M;R815;26E;;1,00;
27/02/2026;014;22398;6191114671881;M;870;26E;;1,00;
27/02/2026;014;22408;6191114670846;3XL;000;26E;;1,00;
27/02/2026;014;22414;6191114672765;S/M;770;26E;;1,00;
27/02/2026;014;22414;6191114672789;L/XL;770;26E;;1,00;
27/02/2026;014;55809;6191114642096;L;870;25H;;1,00;
27/02/2026;014;55810;6191114642225;L;385;25H;;-1,00;
27/02/2026;014;55815;6191114645561;L;385;25H;;1,00;
27/02/2026;014;55830;6191114675902;XXL;385;26E;;1,00;
27/02/2026;014;55830;6191114675926;3XL;995;26E;;1,00;
27/02/2026;014;55831;6191114676091;XL;940;26E;;1,00;
27/02/2026;014;55831;6191114676152;3XL;995;26E;;1,00;
27/02/2026;015;22019;6191114609471;XXL;995;25H;;1,00;
27/02/2026;015;22032;6191114610934;L;940;25H;;1,00;
27/02/2026;015;22132;6191114623873;XL;794;25H;;1,00;
27/02/2026;015;22132;6191114623880;XL;224;25H;;1,00;
27/02/2026;015;22139;6191114624498;XL;940;25H;;1,00;
27/02/2026;015;22148;6191114625563;XL;995;25H;;1,00;
27/02/2026;015;22162;6191114647244;XL;995;25H;;1,00;
27/02/2026;015;22182;6191114629462;3XL;995;25H;;1,00;
27/02/2026;015;22187;6191114644670;S/M;995;25H;;1,00;
27/02/2026;015;22187;6191114644687;S/M;200;25H;;1,00;
27/02/2026;015;22190;6191114627819;S;995;25H;;1,00;
27/02/2026;015;22202;6191114630567;XXL;995;25H;;1,00;
27/02/2026;015;22216;6191114642669;S;I385;25H;;1,00;
27/02/2026;015;22223;6191114643536;M;995;25H;;1,00;
27/02/2026;015;22241;6191114647404;3XL;R000;25H;;1,00;
27/02/2026;015;22243;6191114647824;XL;695;25H;;1,00;
27/02/2026;015;22244;6191114648029;XXL;215;25H;;1,00;
27/02/2026;015;22255;6191114650367;L;995;25H;;1,00;
27/02/2026;015;22258;6191114650725;M;195;25H;;1,00;
27/02/2026;015;22258;6191114650787;XL;195;25H;;1,00;
27/02/2026;015;22273;6191114652712;M;695;25H;;1,00;
27/02/2026;015;22295;6191114656222;L;995;25H;;1,00;
27/02/2026;015;22295;6191114656246;XL;995;25H;;-1,00;
27/02/2026;015;22307;6191114670006;XL;M815;25H;;1,00;
27/02/2026;015;70210;6191114619142;S;R385;25H;;1,00;
27/02/2026;015;70226;6191114652026;L;I815;25H;;1,00;
27/02/2026;015;70228;6191114649897;XL;995;25H;;1,00;
27/02/2026;016;21126;6191114462113;XL;R634;24H;;1,00;
27/02/2026;016;21345;6191114501317;3XL;895;24H;;1,00;
27/02/2026;016;21402;6191114513310;XL;995;24H;;1,00;
27/02/2026;016;21830;6191114583436;XL;200;25E;;1,00;
27/02/2026;016;21831;6191114583580;XL;200;25E;;1,00;
27/02/2026;016;21835;6191114584198;XL;385;25E;;1,00;
27/02/2026;016;21835;6191114584204;XL;995;25E;;1,00;
27/02/2026;016;21908;6191114600416;XL;385;25E;;1,00;
27/02/2026;016;22004;6191114606432;XL;R000;25H;;1,00;
27/02/2026;016;22005;6191114606548;S;995;25H;;1,00;
27/02/2026;016;22023;6191114609846;L;R385;25H;;1,00;
27/02/2026;016;22023;6191114609853;L;R010;25H;;1,00;
27/02/2026;016;22037;6191114611320;XXL;995;25H;;1,00;
27/02/2026;016;22063;6191114618497;S;995;25H;;1,00;
27/02/2026;016;22064;6191114618640;S;855;25H;;1,00;
27/02/2026;016;22091;6191114620223;XXL;995;25H;;1,00;
27/02/2026;016;22106;6191114621442;XXL;995;25H;;1,00;
27/02/2026;016;22106;6191114621480;L;990;25H;;1,00;
27/02/2026;016;22128;6191114623002;L;385;25H;;1,00;
27/02/2026;016;22128;6191114623064;XXL;385;25H;;1,00;
27/02/2026;016;22146;6191114630000;L;995;25H;;1,00;
27/02/2026;016;22162;6191114647220;L;995;25H;;1,00;
27/02/2026;016;22177;6191114628878;M;215;25H;;1,00;
27/02/2026;016;22186;6191114627710;M;385;25H;;1,00;
27/02/2026;016;22187;6191114644700;L/XL;200;25H;;1,00;
27/02/2026;016;22198;6191114630147;M;385;25H;;1,00;
27/02/2026;016;22202;6191114630505;M;995;25H;;1,00;
27/02/2026;016;22207;6191114640436;L;995;25H;;1,00;
27/02/2026;016;22246;6191114648869;XXL;870;25H;;1,00;
27/02/2026;016;22246;6191114648883;3XL;870;25H;;-1,00;
27/02/2026;016;22253;6191114650244;L;995;25H;;1,00;
27/02/2026;016;22257;6191114650589;XL;I195;25H;;1,00;
27/02/2026;016;22269;6191114653184;M;695;25H;;1,00;
27/02/2026;016;22273;6191114652767;XL;385;25H;;1,00;
27/02/2026;016;22280;6191114653856;L;000;25H;;1,00;
27/02/2026;016;22321;6191114659261;S;870;25H;;1,00;
27/02/2026;016;22322;6191114659469;L;645;25H;;1,00;
27/02/2026;016;22405;6191114670419;L;476;26E;;1,00;
27/02/2026;016;22405;6191114670433;XXL;476;26E;;1,00;
27/02/2026;016;22458;6191114678972;XL;R350;26E;;1,00;
27/02/2026;016;55808;6191114641167;S;995;25H;;2,00;
27/02/2026;016;55813;6191114645233;L;310;25H;;1,00;
27/02/2026;016;70208;6191114612648;M;R385;25H;;1,00;
27/02/2026;016;70209;6191114612747;S;R920;25H;;1,00;
27/02/2026;016;70217;6191114647305;M;E385;25H;;1,00;
27/02/2026;016;70227;6191114652224;XL;I875;25H;;1,00;
27/02/2026;016;91273;6194444115674;TU;815;22H;;1,00;
27/02/2026;019;20144;6191114230064;XL;265;23H;;1,00;
27/02/2026;019;20354;6191114279834;3XL;995;23H;;1,00;
27/02/2026;019;21863;6191114589452;XXL;310;25E;;1,00;
27/02/2026;019;21905;6191114599932;L;784;25E;;1,00;
27/02/2026;019;22023;6191114609891;XXL;R010;25H;;1,00;
27/02/2026;019;22032;6191114610941;XL;995;25H;;1,00;
27/02/2026;019;22032;6191114610958;XL;940;25H;;1,00;
27/02/2026;019;22063;6191114618596;XL;784;25H;;1,00;
27/02/2026;019;22064;6191114618794;XL;855;25H;;1,00;
27/02/2026;019;22084;6191114616530;3XL;000;25H;;1,00;
27/02/2026;019;22108;6191114622173;XXL;870;25H;;1,00;
27/02/2026;019;22147;6191114625105;XXL;000;25H;;1,00;
27/02/2026;019;22183;6191114629561;XXL;385;25H;;1,00;
27/02/2026;019;22212;6191114641518;L;385;25H;;1,00;
27/02/2026;019;22212;6191114641532;L;235;25H;;1,00;
27/02/2026;019;22298;6191114658288;XXL;R385;25H;;1,00;
27/02/2026;019;29824;6191114172104;XXL;600;23E;;1,00;
27/02/2026;019;70222;6191114631007;XXL;476;25H;;1,00;
27/02/2026;019;70223;6191114631069;XXL;476;25H;;1,00;
27/02/2026;021;22065;6191114618947;L;350;25H;;1,00;
27/02/2026;021;22090;6191114620032;M;815;25H;;1,00;
27/02/2026;021;22112;6191114622937;3XL;995;25H;;1,00;
27/02/2026;021;22113;6191114645769;XXL;990;25H;;1,00;
27/02/2026;021;22132;6191114623835;M;794;25H;;1,00;
27/02/2026;021;22133;6191114623965;M;815;25H;;1,00;
27/02/2026;021;22195;6191114628588;XL;210;25H;;1,00;
27/02/2026;021;22201;6191114630413;L;995;25H;;1,00;
27/02/2026;021;22208;6191114640665;3XL;995;25H;;1,00;
27/02/2026;021;22245;6191114648197;L;645;25H;;1,00;
27/02/2026;021;22255;6191114650343;S;995;25H;;1,00;
27/02/2026;021;22271;6191114652347;M;870;25H;;1,00;
27/02/2026;021;22271;6191114652354;M;010;25H;;1,00;
27/02/2026;021;22291;6191114655447;XL;995;25H;;1,00;
27/02/2026;021;22295;6191114656222;L;995;25H;;1,00;
27/02/2026;021;22297;6191114656727;3XL;215;25H;;1,00;
27/02/2026;021;22322;6191114659469;L;645;25H;;1,00;
27/02/2026;021;22325;6191114659995;XXL;995;25H;;1,00;
27/02/2026;021;22405;6191114670402;M;476;26E;;1,00;
27/02/2026;021;22452;6191114676954;2XL/3;995;26E;;1,00;
27/02/2026;021;22458;6191114678941;S;R350;26E;;1,00;
27/02/2026;021;70222;6191114631014;3XL;476;25H;;1,00;
27/02/2026;021;70226;6191114652057;XL;I815;25H;;1,00;
27/02/2026;021;70241;6191114672659;XXL;870;26E;;1,00;
27/02/2026;021;91510;6191114625495;40;815;25H;;1,00;
27/02/2026;024;20161;6191114234109;S;815;23H;;1,00;
27/02/2026;024;21201;6191114471566;S;995;24H;;1,00;
27/02/2026;024;21301;6191114491939;XL;995;24H;;1,00;
27/02/2026;024;21334;6191114499546;L;784;24H;;1,00;
27/02/2026;024;22004;6191114606463;XXL;R000;25H;;1,00;
27/02/2026;024;22005;6191114606548;S;995;25H;;1,00;
27/02/2026;024;22020;6191114609600;3XL;695;25H;;1,00;
27/02/2026;024;22022;6191114609693;S;R010;25H;;1,00;
27/02/2026;024;22029;6191114610620;3XL;010;25H;;1,00;
27/02/2026;024;22053;6191114617315;L;995;25H;;1,00;
27/02/2026;024;22064;6191114618794;XL;855;25H;;1,00;
27/02/2026;024;22064;6191114618817;XXL;010;25H;;1,00;
27/02/2026;024;22064;6191114618855;3XL;815;25H;;1,00;
27/02/2026;024;22087;6191114619715;3XL;385;25H;;1,00;
27/02/2026;024;22113;6191114645684;M;990;25H;;1,00;
27/02/2026;024;22124;6191114646919;3XL;645;25H;;1,00;
27/02/2026;024;22132;6191114623910;3XL;794;25H;;1,00;
27/02/2026;024;22133;6191114625198;L;995;25H;;1,00;
27/02/2026;024;22191;6191114627895;M;P995;25H;;1,00;
27/02/2026;024;22191;6191114627956;XXL;P995;25H;;1,00;
27/02/2026;024;22198;6191114630208;XXL;385;25H;;1,00;
27/02/2026;024;22198;6191114630222;3XL;385;25H;;1,00;
27/02/2026;024;22202;6191114630543;XL;995;25H;;1,00;
27/02/2026;024;22206;6191114630901;XL;995;25H;;1,00;
27/02/2026;024;22229;6191114644021;XL;995;25H;;1,00;
27/02/2026;024;22238;6191114644861;M;I995;25H;;1,00;
27/02/2026;024;22238;6191114644892;XXL;I995;25H;;1,00;
27/02/2026;024;22243;6191114647800;XL;995;25H;;1,00;
27/02/2026;024;22256;6191114650442;XXL;995;25H;;1,00;
27/02/2026;024;22258;6191114650749;L;385;25H;;1,00;
27/02/2026;024;22258;6191114650879;4XL;195;25H;;1,00;
27/02/2026;024;22307;6191114670006;XL;M815;25H;;1,00;
27/02/2026;024;22307;6191114670020;XL;M940;25H;;1,00;
27/02/2026;024;22328;6191114661417;XL;995;25H;;1,00;
27/02/2026;024;22331;6191114660236;L;995;25H;;1,00;
27/02/2026;024;22331;6191114660304;XXL;385;25H;;1,00;
27/02/2026;024;22331;6191114660311;XXL;995;25H;;1,00;
27/02/2026;024;22343;6191114661479;3XL;I634;25H;;1,00;
27/02/2026;024;22353;6191114668928;M;I010;25H;;1,00;
27/02/2026;024;22447;6191114675445;XL;000;26E;;1,00;
27/02/2026;024;55813;6191114645257;XL;385;25H;;1,00;
27/02/2026;024;70210;6191114619197;L;R350;25H;;1,00;
27/02/2026;024;70210;6191114619210;XL;R350;25H;;1,00;
27/02/2026;024;70226;6191114652149;4XL;I815;25H;;1,00;
27/02/2026;029;22072;6191114616233;XXL;476;25H;;1,00;
27/02/2026;029;22096;6191114620629;XL;995;25H;;1,00;
27/02/2026;029;22127;6191114649064;L;770;25H;;1,00;
27/02/2026;029;22133;6191114623996;L;815;25H;;1,00;
27/02/2026;029;22183;6191114629530;L;995;25H;;1,00;
27/02/2026;029;22198;6191114630154;M;695;25H;;1,00;
27/02/2026;029;22258;6191114650749;L;385;25H;;1,00;
27/02/2026;029;22292;6191114655713;XXL;995;25H;;1,00;
27/02/2026;029;22303;6191114657335;S;870;25H;;1,00;
27/02/2026;029;22322;6191114659483;L;190;25H;;1,00;
27/02/2026;029;22397;6191114671836;L;870;26E;;1,00;
27/02/2026;029;22398;6191114671881;M;870;26E;;1,00;
27/02/2026;029;22427;6191114673588;L;244;26E;;1,00;
27/02/2026;029;22428;6191114673762;M;244;26E;;1,00;
27/02/2026;029;70226;6191114652101;3XL;I880;25H;;1,00;
27/02/2026;030;21658;6191114553774;XL;995;25E;;1,00;
27/02/2026;030;21835;6191114584273;XXL;385;25E;;1,00;
27/02/2026;030;22056;6191114617681;L;310;25H;;-1,00;
27/02/2026;030;22064;6191114618756;XL;815;25H;;1,00;
27/02/2026;030;22105;6191114621213;L;000;25H;;1,00;
27/02/2026;030;22105;6191114621220;XL;000;25H;;-1,00;
27/02/2026;030;22113;6191114645707;L;820;25H;;1,00;
27/02/2026;030;22114;6191114645837;L;815;25H;;1,00;
27/02/2026;030;22128;6191114623033;XL;385;25H;;1,00;
27/02/2026;030;22128;6191114623057;XL;995;25H;;1,00;
27/02/2026;030;22133;6191114624009;L;645;25H;;1,00;
27/02/2026;030;22180;6191114629233;XL;995;25H;;1,00;
27/02/2026;030;22189;6191114644786;L/XL;200;25H;;1,00;
27/02/2026;030;22198;6191114630208;XXL;385;25H;;1,00;
27/02/2026;030;22199;6191114631090;L;995;25H;;1,00;
27/02/2026;030;22201;6191114630413;L;995;25H;;1,00;
27/02/2026;030;22211;6191114641426;XXL;535;25H;;1,00;
27/02/2026;030;22223;6191114643598;XL;995;25H;;1,00;
27/02/2026;030;22246;6191114648838;L;995;25H;;-1,00;
27/02/2026;030;22258;6191114650725;M;195;25H;;1,00;
27/02/2026;030;22258;6191114650756;L;195;25H;;1,00;
27/02/2026;030;22258;6191114650770;XL;385;25H;;1,00;
27/02/2026;030;22258;6191114650862;4XL;385;25H;;1,00;
27/02/2026;030;22260;6191114656772;L;995;25H;;1,00;
27/02/2026;030;22262;6191114651395;XL;385;25H;;1,00;
27/02/2026;030;22263;6191114651555;L;995;25H;;-1,00;
27/02/2026;030;22272;6191114652569;L;995;25H;;1,00;
27/02/2026;030;22278;6191114653504;XL;995;25H;;1,00;
27/02/2026;030;22291;6191114655416;M;495;25H;;1,00;
27/02/2026;030;22292;6191114655706;XXL;870;25H;;1,00;
27/02/2026;030;22303;6191114657410;XXL;870;25H;;1,00;
27/02/2026;030;22304;6191114660458;L;MCO;25H;;1,00;
27/02/2026;030;22320;6191114659230;3XL;825;25H;;1,00;
27/02/2026;030;22324;6191114659681;XXL;995;25H;;1,00;
27/02/2026;030;22402;6191114672444;L;380;26E;;1,00;
27/02/2026;030;22402;6191114672468;XL;380;26E;;-1,00;
27/02/2026;030;22403;6191114670297;L;476;26E;;1,00;
27/02/2026;030;22404;6191114670358;L;476;26E;;1,00;
27/02/2026;030;22408;6191114670884;L;385;26E;;1,00;
27/02/2026;030;22414;6191114672765;S/M;770;26E;;1,00;
27/02/2026;030;70201;6191114608108;3XL;R385;25H;;1,00;
27/02/2026;030;70211;6191114621367;3XL;995;25H;;1,00;
27/02/2026;030;70232;6191114658820;XL;995;25H;;1,00;
27/02/2026;031;21351;6191114502055;L/XL;200;24H;;2,00;
27/02/2026;031;21359;6191114503748;M;995;24H;;1,00;
27/02/2026;031;21831;6191114583528;M;200;25E;;1,00;
27/02/2026;031;22006;6191114606968;3XL;815;25H;;1,00;
27/02/2026;031;22006;6191114606999;3XL;995;25H;;1,00;
27/02/2026;031;22018;6191114609280;M;R385;25H;;1,00;
27/02/2026;031;22055;6191114624870;XL;995;25H;;1,00;
27/02/2026;031;22056;6191114617667;M;310;25H;;1,00;
27/02/2026;031;22190;6191114627826;M;995;25H;;1,00;
27/02/2026;031;22272;6191114652613;XXL;870;25H;;1,00;
27/02/2026;031;22273;6191114652781;XL;824;25H;;-1,00;
27/02/2026;031;22276;6191114655843;3XL;385;25H;;1,00;
27/02/2026;031;22303;6191114657397;XL;870;25H;;1,00;
27/02/2026;031;22303;6191114657441;3XL;195;25H;;1,00;
27/02/2026;031;22317;6191114658592;L;385;25H;;1,00;
27/02/2026;031;22427;6191114673588;L;244;26E;;1,00;
27/02/2026;031;22428;6191114673731;S;244;26E;;1,00;
27/02/2026;031;22447;6191114675407;M;000;26E;;1,00;
27/02/2026;031;22496;6191114677173;TU;I815;26E;;1,00;
27/02/2026;031;70224;6191114641808;L;694;25H;;-1,00;
27/02/2026;031;70232;6191114658844;3XL;995;25H;;1,00;
27/02/2026;032;21238;6191114480094;S;940;24H;;1,00;
27/02/2026;032;21351;6191114502055;L/XL;200;24H;;4,00;
27/02/2026;032;21658;6191114553781;XXL;995;25E;;1,00;
27/02/2026;032;21768;6191114574403;S;310;25E;;1,00;
27/02/2026;032;22018;6191114609365;3XL;R385;25H;;1,00;
27/02/2026;032;22088;6191114619869;4XL;995;25H;;1,00;
27/02/2026;032;22127;6191114647152;XXL;995;25H;;1,00;
27/02/2026;032;22127;6191114649088;XXL;770;25H;;1,00;
27/02/2026;032;22129;6191114623231;XXL;010;25H;;1,00;
27/02/2026;032;22183;6191114629585;3XL;385;25H;;1,00;
27/02/2026;032;22194;6191114628250;XXL;I255;25H;;1,00;
27/02/2026;032;22197;6191114630116;4XL;815;25H;;1,00;
27/02/2026;032;22257;6191114650534;L;I350;25H;;1,00;
27/02/2026;032;22268;6191114656345;XL;890;25H;;1,00;
27/02/2026;032;22312;6191114658141;L;995;25H;;1,00;
27/02/2026;032;22330;6191114660090;XXL;724;25H;;1,00;
27/02/2026;032;22331;6191114660137;S;815;25H;;1,00;
27/02/2026;032;55816;6191114648425;M;R990;25H;;1,00;
27/02/2026;033;22133;6191114624009;L;645;25H;;1,00;
27/02/2026;033;22159;6191114626065;L;880;25H;;1,00;
27/02/2026;033;22320;6191114659155;M;825;25H;;1,00;
28/02/2026;002;21037;6191114440814;S;740;24E;;1,00;
28/02/2026;002;21037;6191114440913;S;405;24E;;1,00;
28/02/2026;002;21182;6191114469532;XXL;915;24H;;1,00;
28/02/2026;002;21552;6191114543522;36;815;25E;;1,00;
28/02/2026;002;21718;6191114571716;S;I270;25E;;1,00;
28/02/2026;002;21835;6191114584204;XL;995;25E;;1,00;
28/02/2026;002;21863;6191114589377;S;310;25E;;1,00;
28/02/2026;002;22004;6191114606463;XXL;R000;25H;;1,00;
28/02/2026;002;22005;6191114606609;L;815;25H;;1,00;
28/02/2026;002;22005;6191114606616;L;645;25H;;1,00;
28/02/2026;002;22005;6191114606630;L;010;25H;;1,00;
28/02/2026;002;22005;6191114606678;XL;010;25H;;1,00;
28/02/2026;002;22006;6191114606999;3XL;995;25H;;1,00;
28/02/2026;002;22026;6191114610262;3XL;815;25H;;1,00;
28/02/2026;002;22048;6191114612006;L;010;25H;;1,00;
28/02/2026;002;22061;6191114618176;L;R350;25H;;1,00;
28/02/2026;002;22062;6191114618329;L;195;25H;;1,00;
28/02/2026;002;22064;6191114618671;M;695;25H;;1,00;
28/02/2026;002;22064;6191114618732;L;175;25H;;1,00;
28/02/2026;002;22075;6191114616608;XL;385;25H;;1,00;
28/02/2026;002;22081;6191114617049;S;380;25H;;1,00;
28/02/2026;002;22089;6191114619920;L;995;25H;;1,00;
28/02/2026;002;22091;6191114620193;XL;815;25H;;1,00;
28/02/2026;002;22111;6191114622661;L;255;25H;;1,00;
28/02/2026;002;22115;6191114646001;XL;820;25H;;1,00;
28/02/2026;002;22116;6191114646148;L;770;25H;;1,00;
28/02/2026;002;22132;6191114623842;M;224;25H;;1,00;
28/02/2026;002;22132;6191114623866;L;224;25H;;1,00;
28/02/2026;002;22140;6191114624634;XL;995;25H;;1,00;
28/02/2026;002;22146;6191114630017;XL;995;25H;;1,00;
28/02/2026;002;22151;6191114625716;L;995;25H;;1,00;
28/02/2026;002;22183;6191114629493;S;995;25H;;1,00;
28/02/2026;002;22184;6191114629646;L;995;25H;;1,00;
28/02/2026;002;22188;6191114644731;L/XL;995;25H;;1,00;
28/02/2026;002;22193;6191114628069;M;995;25H;;1,00;
28/02/2026;002;22195;6191114628359;L;215;25H;;1,00;
28/02/2026;002;22198;6191114630185;XL;385;25H;;1,00;
28/02/2026;002;22198;6191114630192;XL;695;25H;;-1,00;
28/02/2026;002;22201;6191114630413;L;995;25H;;1,00;
28/02/2026;002;22207;6191114640511;XXL;784;25H;;1,00;
28/02/2026;002;22209;6191114640719;L;815;25H;;1,00;
28/02/2026;002;22233;6191114644397;L;815;25H;;1,00;
28/02/2026;002;22243;6191114647800;XL;995;25H;;1,00;
28/02/2026;002;22254;6191114650312;XL;995;25H;;1,00;
28/02/2026;002;22254;6191114650336;3XL;995;25H;;1,00;
28/02/2026;002;22256;6191114650404;S;995;25H;;1,00;
28/02/2026;002;22258;6191114650794;XL;740;25H;;1,00;
28/02/2026;002;22261;6191114651302;XXL;490;25H;;1,00;
28/02/2026;002;22262;6191114651425;XXL;490;25H;;1,00;
28/02/2026;002;22271;6191114652408;XL;870;25H;;1,00;
28/02/2026;002;22271;6191114652422;XL;695;25H;;1,00;
28/02/2026;002;22277;6191114653436;XL;815;25H;;1,00;
28/02/2026;002;22281;6191114654006;XXL;995;25H;;1,00;
28/02/2026;002;22287;6191114654495;XS;815;25H;;1,00;
28/02/2026;002;22292;6191114655683;XL;870;25H;;1,00;
28/02/2026;002;22292;6191114655690;XL;995;25H;;1,00;
28/02/2026;002;22301;6191114657083;S;215;25H;;1,00;
28/02/2026;002;22301;6191114657137;XL;995;25H;;1,00;
28/02/2026;002;22307;6191114669987;L;M870;25H;;1,00;
28/02/2026;002;22307;6191114670044;XXL;M870;25H;;1,00;
28/02/2026;002;22307;6191114670075;3XL;M870;25H;;1,00;
28/02/2026;002;22311;6191114658097;L;I995;25H;;1,00;
28/02/2026;002;22316;6191114658509;M;476;25H;;1,00;
28/02/2026;002;22317;6191114658615;XL;385;25H;;1,00;
28/02/2026;002;22330;6191114660038;M;724;25H;;1,00;
28/02/2026;002;22330;6191114660113;3XL;724;25H;;1,00;
28/02/2026;002;22331;6191114660151;S;995;25H;;1,00;
28/02/2026;002;22344;6191114668461;XL;I815;25H;;1,00;
28/02/2026;002;22350;6191114668744;XS;I815;25H;;-1,00;
28/02/2026;002;22350;6191114668782;XL;I815;25H;;1,00;
28/02/2026;002;22387;6191114669581;XXL;R815;26E;;1,00;
28/02/2026;002;22388;6191114669659;3XL;R815;26E;;1,00;
28/02/2026;002;22405;6191114670389;XS;476;26E;;1,00;
28/02/2026;002;22408;6191114670792;S;000;26E;;1,00;
28/02/2026;002;22408;6191114670853;XS;385;26E;;1,00;
28/02/2026;002;22408;6191114670891;XL;385;26E;;1,00;
28/02/2026;002;22409;6191114670952;XL;855;26E;;1,00;
28/02/2026;002;22414;6191114672802;2XL/3;770;26E;;1,00;
28/02/2026;002;22434;6191114674370;L;815;26E;;1,00;
28/02/2026;002;22434;6191114674431;3XL;815;26E;;1,00;
28/02/2026;002;22435;6191114674479;M;815;26E;;1,00;
28/02/2026;002;22435;6191114674554;3XL;815;26E;;1,00;
28/02/2026;002;22447;6191114675421;L;000;26E;;1,00;
28/02/2026;002;55800;6191114621619;XL;385;25H;;1,00;
28/02/2026;002;55807;6191114641037;L;385;25H;;1,00;
28/02/2026;002;55808;6191114641297;XXL;975;25H;;1,00;
28/02/2026;002;55813;6191114645240;L;940;25H;;1,00;
28/02/2026;002;55816;6191114648456;L;R990;25H;;1,00;
28/02/2026;002;55816;6191114648487;XL;R990;25H;;1,00;
28/02/2026;002;55834;6191114676800;XL;815;26E;;1,00;
28/02/2026;002;70226;6191114652040;XL;I880;25H;;1,00;
28/02/2026;002;70241;6191114672611;S;870;26E;;1,00;
28/02/2026;002;91505;6191114657328;TU;385;25H;;1,00;
28/02/2026;002;91529;6191114640368;40;875;25H;;1,00;
28/02/2026;005;20255;6191114257856;L;995;23H;;1,00;
28/02/2026;005;20568;6191114324138;S;784;24E;;1,00;
28/02/2026;005;21301;6191114491915;M;995;24H;;1,00;
28/02/2026;005;21459;6191114530379;XL;995;24H;;1,00;
28/02/2026;005;22025;6191114610132;XXL;010;25H;;1,00;
28/02/2026;005;22056;6191114617704;XL;310;25H;;1,00;
28/02/2026;005;22061;6191114618183;XL;R385;25H;;1,00;
28/02/2026;005;22061;6191114618237;3XL;R350;25H;;1,00;
28/02/2026;005;22073;6191114616301;L;395;25H;;1,00;
28/02/2026;005;22085;6191114619456;3XL;195;25H;;1,00;
28/02/2026;005;22117;6191114648999;L;940;25H;;1,00;
28/02/2026;005;22126;6191114649316;M;760;25H;;1,00;
28/02/2026;005;22132;6191114623859;L;794;25H;;1,00;
28/02/2026;005;22133;6191114624009;L;645;25H;;1,00;
28/02/2026;005;22148;6191114625556;L;995;25H;;1,00;
28/02/2026;005;22152;6191114625761;L;995;25H;;1,00;
28/02/2026;005;22160;6191114626249;XL;820;25H;;1,00;
28/02/2026;005;22198;6191114630130;S;695;25H;;1,00;
28/02/2026;005;22198;6191114630178;L;695;25H;;2,00;
28/02/2026;005;22212;6191114641587;XXL;255;25H;;1,00;
28/02/2026;005;22216;6191114642690;XL;I385;25H;;1,00;
28/02/2026;005;22217;6191114642812;M;000;25H;;1,00;
28/02/2026;005;22238;6191114644885;XL;I995;25H;;1,00;
28/02/2026;005;22239;6191114645004;XL;815;25H;;1,00;
28/02/2026;005;22244;6191114647961;L;215;25H;;1,00;
28/02/2026;005;22252;6191114650176;XL;255;25H;;1,00;
28/02/2026;005;22253;6191114650244;L;995;25H;;1,00;
28/02/2026;005;22261;6191114651272;XL;385;25H;;1,00;
28/02/2026;005;22262;6191114651395;XL;385;25H;;1,00;
28/02/2026;005;22263;6191114651630;3XL;870;25H;;1,00;
28/02/2026;005;22275;6191114652958;L;385;25H;;1,00;
28/02/2026;005;22276;6191114655812;XL;995;25H;;1,00;
28/02/2026;005;22279;6191114653627;L;645;25H;;1,00;
28/02/2026;005;22279;6191114653665;XL;995;25H;;1,00;
28/02/2026;005;22287;6191114654495;XS;815;25H;;1,00;
28/02/2026;005;22290;6191114657946;L;R385;25H;;1,00;
28/02/2026;005;22298;6191114658271;XL;R385;25H;;1,00;
28/02/2026;005;22303;6191114657373;L;870;25H;;1,00;
28/02/2026;005;22307;6191114669970;L;M815;25H;;1,00;
28/02/2026;005;22307;6191114669987;L;M870;25H;;1,00;
28/02/2026;005;22307;6191114670037;XXL;M815;25H;;1,00;
28/02/2026;005;22318;6191114659063;3XL;C000;25H;;1,00;
28/02/2026;005;22414;6191114672765;S/M;770;26E;;1,00;
28/02/2026;005;22414;6191114672789;L/XL;770;26E;;-1,00;
28/02/2026;005;22414;6191114672802;2XL/3;770;26E;;1,00;
28/02/2026;005;22452;6191114676954;2XL/3;995;26E;;1,00;
28/02/2026;005;55816;6191114648517;XXL;R990;25H;;1,00;
28/02/2026;005;70201;6191114608009;S;R385;25H;;1,00;
28/02/2026;005;70217;6191114649392;XL;I385;25H;;1,00;
28/02/2026;005;70231;6191114658691;L;C000;25H;;2,00;
28/02/2026;005;70233;6191114658912;3XL;995;25H;;1,00;
28/02/2026;005;91272;6194444115667;TU;815;22H;;2,00;
28/02/2026;009;21360;6191114503816;L;MCO;24H;;1,00;
28/02/2026;009;22024;6191114653252;L;870;25H;;1,00;
28/02/2026;009;22024;6191114653320;XL;815;25H;;1,00;
28/02/2026;009;22031;6191114610781;M;995;25H;;1,00;
28/02/2026;009;22056;6191114617667;M;310;25H;;1,00;
28/02/2026;009;22088;6191114619845;3XL;995;25H;;1,00;
28/02/2026;009;22088;6191114619869;4XL;995;25H;;-1,00;
28/02/2026;009;22093;6191114620414;XXL;350;25H;;1,00;
28/02/2026;009;22095;6191114620544;XXL;R350;25H;;1,00;
28/02/2026;009;22096;6191114620605;L;995;25H;;1,00;
28/02/2026;009;22096;6191114622210;L;870;25H;;1,00;
28/02/2026;009;22162;6191114647183;S;995;25H;;1,00;
28/02/2026;009;22177;6191114628922;XXL;010;25H;;1,00;
28/02/2026;009;22193;6191114628090;XXL;995;25H;;1,00;
28/02/2026;009;22239;6191114644960;M;784;25H;;1,00;
28/02/2026;009;22259;6191114651005;3XL;490;25H;;1,00;
28/02/2026;009;22285;6191114654372;XL;385;25H;;1,00;
28/02/2026;009;22290;6191114657953;XL;R385;25H;;1,00;
28/02/2026;009;22299;6191114659704;XS;695;25H;;1,00;
28/02/2026;009;22317;6191114658592;L;385;25H;;1,00;
28/02/2026;009;22317;6191114658608;L;195;25H;;-1,00;
28/02/2026;009;22330;6191114660083;XL;220;25H;;1,00;
28/02/2026;009;22397;6191114671867;3XL;870;26E;;1,00;
28/02/2026;009;22414;6191114672796;2XL/3;805;26E;;1,00;
28/02/2026;009;55813;6191114645301;XXL;940;25H;;1,00;
28/02/2026;009;70223;6191114631045;L;476;25H;;1,00;
28/02/2026;009;70226;6191114651999;M;I815;25H;;1,00;
28/02/2026;009;70241;6191114672659;XXL;870;26E;;1,00;
28/02/2026;009;91272;6194444115667;TU;815;22H;;1,00;
28/02/2026;011;22020;6191114619296;XL;815;25H;;1,00;
28/02/2026;011;22056;6191114617711;XL;000;25H;;1,00;
28/02/2026;011;22064;6191114618794;XL;855;25H;;1,00;
28/02/2026;011;22072;6191114616233;XXL;476;25H;;1,00;
28/02/2026;011;22092;6191114620292;L;815;25H;;1,00;
28/02/2026;011;22117;6191114649019;XXL;940;25H;;1,00;
28/02/2026;011;22120;6191114646483;M;495;25H;;1,00;
28/02/2026;011;22129;6191114623231;XXL;010;25H;;1,00;
28/02/2026;011;22142;6191114624689;S;195;25H;;1,00;
28/02/2026;011;22147;6191114625143;L;815;25H;;1,00;
28/02/2026;011;22197;6191114630093;XXL;815;25H;;1,00;
28/02/2026;011;22280;6191114653832;L;645;25H;;1,00;
28/02/2026;011;22291;6191114655409;M;995;25H;;1,00;
28/02/2026;011;22410;6191114671041;S/M;995;26E;;1,00;
28/02/2026;011;22453;6191114677128;TU;010;26E;;1,00;
28/02/2026;011;70220;6191114631212;XXL;870;25H;;1,00;
28/02/2026;011;70227;6191114652200;L;I875;25H;;1,00;
28/02/2026;011;70229;6191114657786;XL;476;25H;;1,00;
28/02/2026;011;91272;6194444115667;TU;815;22H;;3,00;
28/02/2026;014;21835;6191114584280;XXL;995;25E;;1,00;
28/02/2026;014;21915;6191114601192;XS;010;25E;;1,00;
28/02/2026;014;22007;6191114607002;S;905;25H;;1,00;
28/02/2026;014;22007;6191114607057;3XL;905;25H;;1,00;
28/02/2026;014;22013;6191114607644;L;870;25H;;1,00;
28/02/2026;014;22018;6191114609334;XL;R010;25H;;1,00;
28/02/2026;014;22030;6191114610668;M;995;25H;;1,00;
28/02/2026;014;22063;6191114618589;XL;995;25H;;1,00;
28/02/2026;014;22083;6191114619128;3XL;350;25H;;1,00;
28/02/2026;014;22091;6191114620193;XL;815;25H;;1,00;
28/02/2026;014;22102;6191114621077;S;995;25H;;1,00;
28/02/2026;014;22124;6191114646858;L;645;25H;;1,00;
28/02/2026;014;22128;6191114623033;XL;385;25H;;1,00;
28/02/2026;014;22128;6191114623088;XXL;995;25H;;1,00;
28/02/2026;014;22129;6191114623156;L;385;25H;;1,00;
28/02/2026;014;22132;6191114623859;L;794;25H;;1,00;
28/02/2026;014;22160;6191114626225;L;820;25H;;1,00;
28/02/2026;014;22174;6191114628748;L;990;25H;;1,00;
28/02/2026;014;22183;6191114629523;L;385;25H;;1,00;
28/02/2026;014;22244;6191114647985;XL;995;25H;;1,00;
28/02/2026;014;22255;6191114650374;XL;995;25H;;1,00;
28/02/2026;014;22270;6191114649958;XL;995;25H;;1,00;
28/02/2026;014;22279;6191114653627;L;645;25H;;1,00;
28/02/2026;014;22279;6191114653634;L;995;25H;;1,00;
28/02/2026;014;22287;6191114654587;XL;995;25H;;1,00;
28/02/2026;014;22322;6191114659438;M;645;25H;;1,00;
28/02/2026;014;22322;6191114659469;L;645;25H;;1,00;
28/02/2026;014;22323;6191114659605;L;995;25H;;1,00;
28/02/2026;014;22325;6191114660007;XXL;695;25H;;1,00;
28/02/2026;014;22347;6191114668621;XXL;I815;25H;;1,00;
28/02/2026;014;22388;6191114669642;XXL;R815;26E;;1,00;
28/02/2026;014;22408;6191114670815;L;000;26E;;1,00;
28/02/2026;014;22409;6191114671027;XXL;995;26E;;1,00;
28/02/2026;014;22409;6191114671034;3XL;995;26E;;-1,00;
28/02/2026;014;22414;6191114672765;S/M;770;26E;;1,00;
28/02/2026;014;22414;6191114672802;2XL/3;770;26E;;1,00;
28/02/2026;014;22414;6191114676978;S/M;995;26E;;-1,00;
28/02/2026;014;22453;6191114677128;TU;010;26E;;1,00;
28/02/2026;014;22496;6191114677173;TU;I815;26E;;1,00;
28/02/2026;014;55719;6191114526525;3XL;995;24H;;1,00;
28/02/2026;014;55720;6191114526532;S;385;24H;;1,00;
28/02/2026;014;55720;6191114526587;3XL;385;24H;;1,00;
28/02/2026;014;55725;6191114526839;3XL;385;24H;;1,00;
28/02/2026;014;55809;6191114642003;M;995;25H;;1,00;
28/02/2026;014;70210;6191114619241;3XL;R385;25H;;1,00;
28/02/2026;014;70222;6191114631014;3XL;476;25H;;1,00;
28/02/2026;014;70223;6191114631069;XXL;476;25H;;-1,00;
28/02/2026;014;70223;6191114631076;3XL;476;25H;;1,00;
28/02/2026;014;70227;6191114652248;XXL;I875;25H;;1,00;
28/02/2026;014;70233;6191114658912;3XL;995;25H;;1,00;
28/02/2026;014;91504;6191114626348;TU;695;25H;;1,00;
28/02/2026;015;20694;6191114356894;3XL;815;24E;;1,00;
28/02/2026;015;20896;6191114410367;S;I705;24E;;1,00;
28/02/2026;015;21658;6191114553705;L;000;25E;;1,00;
28/02/2026;015;21658;6191114553729;XXL;000;25E;;1,00;
28/02/2026;015;21826;6191114582897;XXL;200;25E;;1,00;
28/02/2026;015;21835;6191114584143;L;145;25E;;1,00;
28/02/2026;015;21835;6191114584426;3XL;235;25E;;1,00;
28/02/2026;015;21906;6191114600164;XXL;995;25E;;1,00;
28/02/2026;015;21906;6191114600171;XXL;000;25E;;1,00;
28/02/2026;015;22006;6191114606845;L;815;25H;;1,00;
28/02/2026;015;22030;6191114610750;3XL;010;25H;;1,00;
28/02/2026;015;22031;6191114610873;3XL;695;25H;;1,00;
28/02/2026;015;22052;6191114617162;S;995;25H;;1,00;
28/02/2026;015;22053;6191114617148;S;995;25H;;1,00;
28/02/2026;015;22060;6191114618046;L;215;25H;;1,00;
28/02/2026;015;22063;6191114618589;XL;995;25H;;1,00;
28/02/2026;015;22086;6191114619524;L;010;25H;;1,00;
28/02/2026;015;22089;6191114619913;L;385;25H;;1,00;
28/02/2026;015;22090;6191114620056;L;815;25H;;1,00;
28/02/2026;015;22129;6191114623194;XL;995;25H;;2,00;
28/02/2026;015;22129;6191114623224;XXL;995;25H;;1,00;
28/02/2026;015;22145;6191114629950;XL;995;25H;;1,00;
28/02/2026;015;22163;6191114659797;S;C490;25H;;-1,00;
28/02/2026;015;22163;6191114659834;L;C490;25H;;1,00;
28/02/2026;015;22173;6191114628694;XL;995;25H;;1,00;
28/02/2026;015;22177;6191114628854;S;215;25H;;1,00;
28/02/2026;015;22183;6191114629523;L;385;25H;;1,00;
28/02/2026;015;22198;6191114630185;XL;385;25H;;1,00;
28/02/2026;015;22223;6191114643536;M;995;25H;;-1,00;
28/02/2026;015;22223;6191114643642;3XL;995;25H;;1,00;
28/02/2026;015;22245;6191114648265;S;010;25H;;1,00;
28/02/2026;015;22253;6191114669284;3XL;255;25H;;1,00;
28/02/2026;015;22257;6191114650602;XXL;I740;25H;;1,00;
28/02/2026;015;22257;6191114650671;4XL;I195;25H;;1,00;
28/02/2026;015;22258;6191114650756;L;195;25H;;1,00;
28/02/2026;015;22261;6191114651272;XL;385;25H;;1,00;
28/02/2026;015;22274;6191114652903;3XL;995;25H;;1,00;
28/02/2026;015;22276;6191114655737;XS;995;25H;;1,00;
28/02/2026;015;22299;6191114657007;XL;870;25H;;1,00;
28/02/2026;015;22301;6191114657120;L;215;25H;;1,00;
28/02/2026;015;22324;6191114659674;XL;995;25H;;1,00;
28/02/2026;015;22331;6191114660267;XL;385;25H;;1,00;
28/02/2026;015;22435;6191114674462;M;995;26E;;1,00;
28/02/2026;015;55806;6191114640955;3XL;870;25H;;1,00;
28/02/2026;015;55808;6191114641327;3XL;975;25H;;1,00;
28/02/2026;015;55817;6191114654839;XXL;695;25H;;1,00;
28/02/2026;015;55817;6191114654846;XXL;790;25H;;1,00;
28/02/2026;015;70210;6191114619210;XL;R350;25H;;1,00;
28/02/2026;015;91272;6194444115667;TU;815;22H;;3,00;
28/02/2026;015;91541;6191114671195;36;870;26E;;1,00;
28/02/2026;016;21426;6191114526976;M;995;24H;;1,00;
28/02/2026;016;21835;6191114584129;L;995;25E;;1,00;
28/02/2026;016;21835;6191114584150;L;235;25E;;1,00;
28/02/2026;016;22013;6191114607613;S;995;25H;;1,00;
28/02/2026;016;22060;6191114618053;L;310;25H;;1,00;
28/02/2026;016;22178;6191114628991;XL;P010;25H;;1,00;
28/02/2026;016;22190;6191114627840;XL;995;25H;;1,00;
28/02/2026;016;22211;6191114641396;XL;694;25H;;1,00;
28/02/2026;016;22212;6191114641600;3XL;385;25H;;1,00;
28/02/2026;016;22212;6191114641624;3XL;235;25H;;1,00;
28/02/2026;016;22292;6191114655652;M;995;25H;;1,00;
28/02/2026;016;22301;6191114657106;M;215;25H;;1,00;
28/02/2026;016;22322;6191114659476;L;740;25H;;1,00;
28/02/2026;016;22322;6191114659483;L;190;25H;;1,00;
28/02/2026;016;22322;6191114659490;XL;645;25H;;1,00;
28/02/2026;016;55800;6191114621664;XXL;975;25H;;1,00;
28/02/2026;016;55816;6191114648425;M;R990;25H;;1,00;
28/02/2026;016;55816;6191114648470;XL;R385;25H;;1,00;
28/02/2026;016;55817;6191114654754;M;790;25H;;1,00;
28/02/2026;016;55817;6191114654815;XL;790;25H;;1,00;
28/02/2026;016;70208;6191114612709;XXL;R385;25H;;1,00;
28/02/2026;016;70210;6191114619210;XL;R350;25H;;1,00;
28/02/2026;016;91272;6194444115667;TU;815;22H;;1,00;
28/02/2026;019;21658;6191114553798;3XL;995;25E;;1,00;
28/02/2026;019;22011;6191114607460;3XL;010;25H;;1,00;
28/02/2026;019;22019;6191114609495;3XL;995;25H;;1,00;
28/02/2026;019;22087;6191114619708;XXL;995;25H;;1,00;
28/02/2026;019;22128;6191114623057;XL;995;25H;;1,00;
28/02/2026;019;22128;6191114623071;XXL;870;25H;;1,00;
28/02/2026;019;22129;6191114623200;XL;010;25H;;1,00;
28/02/2026;019;22278;6191114653528;3XL;995;25H;;1,00;
28/02/2026;019;22295;6191114656260;XXL;995;25H;;1,00;
28/02/2026;019;22318;6191114658998;L;235;25H;;1,00;
28/02/2026;021;22012;6191114607538;L;010;25H;;1,00;
28/02/2026;021;22108;6191114622159;L;870;25H;;1,00;
28/02/2026;021;22139;6191114624498;XL;940;25H;;1,00;
28/02/2026;021;22178;6191114628977;M;P010;25H;;1,00;
28/02/2026;021;22191;6191114627888;S;P010;25H;;1,00;
28/02/2026;021;22212;6191114641501;M;235;25H;;1,00;
28/02/2026;021;22217;6191114642898;3XL;000;25H;;1,00;
28/02/2026;021;22243;6191114647718;S;995;25H;;1,00;
28/02/2026;021;22243;6191114647725;S;215;25H;;1,00;
28/02/2026;021;22292;6191114655645;M;870;25H;;1,00;
28/02/2026;021;22302;6191114657243;L;245;25H;;1,00;
28/02/2026;021;22307;6191114670006;XL;M815;25H;;1,00;
28/02/2026;021;22326;6191114668300;L;995;25H;;1,00;
28/02/2026;021;22403;6191114670303;XL;476;26E;;1,00;
28/02/2026;021;22404;6191114670365;XL;476;26E;;1,00;
28/02/2026;021;22405;6191114670402;M;476;26E;;1,00;
28/02/2026;021;22408;6191114670785;XS;000;26E;;1,00;
28/02/2026;021;22414;6191114676992;2XL/3;995;26E;;1,00;
28/02/2026;021;70203;6191114608290;XL;R995;25H;;1,00;
28/02/2026;024;20715;6191114360655;L;I235;24E;;1,00;
28/02/2026;024;20715;6191114360662;XL;I235;24E;;1,00;
28/02/2026;024;21093;6191114454675;2;724;24E;;1,00;
28/02/2026;024;21111;6191114452732;XL;995;24H;;1,00;
28/02/2026;024;21166;6191114466579;M;270;24H;;1,00;
28/02/2026;024;21178;6191114468085;S;010;24H;;1,00;
28/02/2026;024;21212;6191114476363;S;490;24H;;1,00;
28/02/2026;024;21343;6191114501010;L;895;24H;;1,00;
28/02/2026;024;21351;6191114502055;L/XL;200;24H;;1,00;
28/02/2026;024;21380;6191114508361;S;875;24H;;1,00;
28/02/2026;024;21658;6191114553682;S;000;25E;;1,00;
28/02/2026;024;21658;6191114553699;M;000;25E;;1,00;
28/02/2026;024;21753;6191114588233;L;815;25E;;1,00;
28/02/2026;024;21753;6191114588257;XXL;815;25E;;1,00;
28/02/2026;024;21754;6191114588325;XL;815;25E;;2,00;
28/02/2026;024;21859;6191114588752;L;815;25E;;1,00;
28/02/2026;024;22002;6191114606050;L;645;25H;;1,00;
28/02/2026;024;22015;6191114607866;L;695;25H;;1,00;
28/02/2026;024;22030;6191114610644;S;995;25H;;1,00;
28/02/2026;024;22036;6191114611191;XL;R010;25H;;1,00;
28/02/2026;024;22053;6191114617360;3XL;385;25H;;1,00;
28/02/2026;024;22060;6191114618077;XL;310;25H;;1,00;
28/02/2026;024;22066;6191114615540;XS;875;25H;;1,00;
28/02/2026;024;22066;6191114615625;XL;875;25H;;1,00;
28/02/2026;024;22067;6191114615694;XL;380;25H;;1,00;
28/02/2026;024;22080;6191114617001;XL;380;25H;;1,00;
28/02/2026;024;22093;6191114620391;L;350;25H;;1,00;
28/02/2026;024;22094;6191114620452;L;350;25H;;1,00;
28/02/2026;024;22097;6191114620735;L;385;25H;;1,00;
28/02/2026;024;22113;6191114645721;L;005;25H;;1,00;
28/02/2026;024;22121;6191114646629;3XL;995;25H;;1,00;
28/02/2026;024;22123;6191114646780;XXL;695;25H;;1,00;
28/02/2026;024;22127;6191114649071;XL;770;25H;;1,00;
28/02/2026;024;22128;6191114622968;S;995;25H;;1,00;
28/02/2026;024;22129;6191114623149;M;010;25H;;1,00;
28/02/2026;024;22129;6191114623170;L;010;25H;;1,00;
28/02/2026;024;22129;6191114623187;XL;385;25H;;1,00;
28/02/2026;024;22129;6191114623200;XL;010;25H;;1,00;
28/02/2026;024;22132;6191114623880;XL;224;25H;;1,00;
28/02/2026;024;22137;6191114623422;XL;235;25H;;1,00;
28/02/2026;024;22150;6191114625655;XL;995;25H;;1,00;
28/02/2026;024;22183;6191114629509;M;385;25H;;1,00;
28/02/2026;024;22189;6191114644786;L/XL;200;25H;;1,00;
28/02/2026;024;22191;6191114627888;S;P010;25H;;1,00;
28/02/2026;024;22191;6191114648913;M;P385;25H;;1,00;
28/02/2026;024;22195;6191114628588;XL;210;25H;;1,00;
28/02/2026;024;22197;6191114630093;XXL;815;25H;;1,00;
28/02/2026;024;22198;6191114630185;XL;385;25H;;1,00;
28/02/2026;024;22198;6191114630215;XXL;695;25H;;1,00;
28/02/2026;024;22200;6191114630260;M;010;25H;;2,00;
28/02/2026;024;22203;6191114630659;L;010;25H;;1,00;
28/02/2026;024;22206;6191114630888;L;995;25H;;1,00;
28/02/2026;024;22207;6191114640405;M;995;25H;;1,00;
28/02/2026;024;22209;6191114640733;XL;815;25H;;1,00;
28/02/2026;024;22212;6191114641501;M;235;25H;;1,00;
28/02/2026;024;22212;6191114641518;L;385;25H;;1,00;
28/02/2026;024;22212;6191114641549;XL;385;25H;;1,00;
28/02/2026;024;22215;6191114642423;S;215;25H;;1,00;
28/02/2026;024;22229;6191114644014;L;995;25H;;1,00;
28/02/2026;024;22230;6191114644120;XL;790;25H;;1,00;
28/02/2026;024;22233;6191114644380;M;000;25H;;1,00;
28/02/2026;024;22239;6191114644939;S;784;25H;;1,00;
28/02/2026;024;22242;6191114647527;L;380;25H;;1,00;
28/02/2026;024;22243;6191114647817;XL;215;25H;;1,00;
28/02/2026;024;22244;6191114647985;XL;995;25H;;1,00;
28/02/2026;024;22244;6191114648005;XL;695;25H;;1,00;
28/02/2026;024;22247;6191114648685;M;R270;25H;;1,00;
28/02/2026;024;22252;6191114650169;XL;995;25H;;1,00;
28/02/2026;024;22252;6191114650176;XL;255;25H;;1,00;
28/02/2026;024;22257;6191114650565;XL;I350;25H;;1,00;
28/02/2026;024;22258;6191114650787;XL;195;25H;;1,00;
28/02/2026;024;22259;6191114650954;XL;010;25H;;1,00;
28/02/2026;024;22260;6191114651081;S;010;25H;;1,00;
28/02/2026;024;22260;6191114651111;M;010;25H;;1,00;
28/02/2026;024;22261;6191114651258;L;385;25H;;1,00;
28/02/2026;024;22261;6191114651265;L;490;25H;;1,00;
28/02/2026;024;22261;6191114651326;3XL;490;25H;;1,00;
28/02/2026;024;22262;6191114651449;3XL;490;25H;;1,00;
28/02/2026;024;22263;6191114651463;XS;995;25H;;1,00;
28/02/2026;024;22267;6191114651883;XXL;815;25H;;1,00;
28/02/2026;024;22267;6191114651920;4XL;815;25H;;1,00;
28/02/2026;024;22268;6191114649750;L;870;25H;;1,00;
28/02/2026;024;22271;6191114652361;M;695;25H;;1,00;
28/02/2026;024;22287;6191114654549;M;995;25H;;1,00;
28/02/2026;024;22287;6191114654563;L;995;25H;;1,00;
28/02/2026;024;22289;6191114655188;XS;995;25H;;1,00;
28/02/2026;024;22289;6191114655263;XL;995;25H;;1,00;
28/02/2026;024;22296;6191114656482;M;215;25H;;1,00;
28/02/2026;024;22296;6191114656512;L;215;25H;;1,00;
28/02/2026;024;22296;6191114656574;XXL;215;25H;;1,00;
28/02/2026;024;22297;6191114656628;S;215;25H;;1,00;
28/02/2026;024;22297;6191114656703;XXL;215;25H;;1,00;
28/02/2026;024;22297;6191114656727;3XL;215;25H;;1,00;
28/02/2026;024;22299;6191114659711;S;695;25H;;1,00;
28/02/2026;024;22303;6191114657335;S;870;25H;;1,00;
28/02/2026;024;22317;6191114658646;XXL;195;25H;;1,00;
28/02/2026;024;22324;6191114659667;L;995;25H;;1,00;
28/02/2026;024;22330;6191114660069;L;220;25H;;1,00;
28/02/2026;024;22330;6191114660113;3XL;724;25H;;1,00;
28/02/2026;024;22330;6191114660120;3XL;220;25H;;1,00;
28/02/2026;024;22338;6191114660892;M;170;25H;;1,00;
28/02/2026;024;22342;6191114661288;M;I995;25H;;1,00;
28/02/2026;024;22346;6191114668553;XL;I815;25H;;1,00;
28/02/2026;024;22395;6191114671720;M;380;26E;;1,00;
28/02/2026;024;22402;6191114672444;L;380;26E;;1,00;
28/02/2026;024;22403;6191114670297;L;476;26E;;1,00;
28/02/2026;024;22403;6191114670303;XL;476;26E;;1,00;
28/02/2026;024;22409;6191114670969;XXL;855;26E;;1,00;
28/02/2026;024;22414;6191114672758;S/M;805;26E;;1,00;
28/02/2026;024;22434;6191114674363;L;995;26E;;1,00;
28/02/2026;024;22434;6191114674431;3XL;815;26E;;1,00;
28/02/2026;024;22435;6191114674462;M;995;26E;;1,00;
28/02/2026;024;22435;6191114674530;XXL;815;26E;;1,00;
28/02/2026;024;22452;6191114676923;S/M;855;26E;;1,00;
28/02/2026;024;22453;6191114677128;TU;010;26E;;1,00;
28/02/2026;024;22496;6191114677173;TU;I815;26E;;1,00;
28/02/2026;024;22499;6191114677227;2XL/3;I995;26E;;1,00;
28/02/2026;024;55806;6191114640931;XXL;995;25H;;1,00;
28/02/2026;024;55811;6191114644571;M;R310;25H;;1,00;
28/02/2026;024;55819;6191114657564;L;R480;25H;;1,00;
28/02/2026;024;55830;6191114675865;XL;995;26E;;1,00;
28/02/2026;024;55830;6191114675872;XL;385;26E;;1,00;
28/02/2026;024;66480;6191114493025;XXL;995;24H;;1,00;
28/02/2026;024;70201;6191114607996;S;R870;25H;;1,00;
28/02/2026;024;70210;6191114619197;L;R350;25H;;1,00;
28/02/2026;024;70210;6191114619210;XL;R350;25H;;1,00;
28/02/2026;024;70223;6191114631069;XXL;476;25H;;1,00;
28/02/2026;024;70224;6191114641808;L;694;25H;;1,00;
28/02/2026;024;70226;6191114652088;XXL;I815;25H;;1,00;
28/02/2026;024;91272;6194444115667;TU;815;22H;;2,00;
28/02/2026;024;91521;6191114627550;TU;MCO;25H;;1,00;
28/02/2026;024;91527;6191114640085;36;995;25H;;1,00;
28/02/2026;024;91529;6191114640306;37;875;25H;;1,00;
28/02/2026;029;21343;6191114501065;3XL;995;24H;;1,00;
28/02/2026;029;21479;6191114530904;XXL;695;24H;;1,00;
28/02/2026;029;22031;6191114610767;S;995;25H;;1,00;
28/02/2026;029;22063;6191114618497;S;995;25H;;1,00;
28/02/2026;029;22090;6191114620063;L;995;25H;;1,00;
28/02/2026;029;22111;6191114622647;S;255;25H;;1,00;
28/02/2026;029;22118;6191114646384;M;874;25H;;1,00;
28/02/2026;029;22123;6191114646773;XXL;995;25H;;1,00;
28/02/2026;029;22123;6191114646803;3XL;695;25H;;1,00;
28/02/2026;029;22126;6191114647022;XL;E385;25H;;1,00;
28/02/2026;029;22131;6191114623668;3XL;995;25H;;1,00;
28/02/2026;029;22140;6191114624641;XXL;995;25H;;1,00;
28/02/2026;029;22160;6191114626201;M;820;25H;;1,00;
28/02/2026;029;22177;6191114628878;M;215;25H;;1,00;
28/02/2026;029;22182;6191114629349;M;995;25H;;1,00;
28/02/2026;029;22199;6191114631106;XL;995;25H;;1,00;
28/02/2026;029;22203;6191114630642;L;995;25H;;1,00;
28/02/2026;029;22203;6191114630659;L;010;25H;;1,00;
28/02/2026;029;22238;6191114644878;L;I995;25H;;1,00;
28/02/2026;029;22251;6191114650091;3XL;255;25H;;1,00;
28/02/2026;029;22254;6191114650299;M;995;25H;;1,00;
28/02/2026;029;22255;6191114650350;M;995;25H;;1,00;
28/02/2026;029;22275;6191114652972;XL;385;25H;;1,00;
28/02/2026;029;22281;6191114654013;3XL;995;25H;;1,00;
28/02/2026;029;22284;6191114654174;S;385;25H;;1,00;
28/02/2026;029;22307;6191114670051;XXL;M940;25H;;1,00;
28/02/2026;029;22318;6191114658998;L;235;25H;;1,00;
28/02/2026;029;22414;6191114672765;S/M;770;26E;;1,00;
28/02/2026;029;70233;6191114658905;XXL;995;25H;;1,00;
28/02/2026;030;21906;6191114600065;M;385;25E;;1,00;
28/02/2026;030;22012;6191114607484;S;995;25H;;1,00;
28/02/2026;030;22020;6191114619296;XL;815;25H;;1,00;
28/02/2026;030;22020;6191114619319;3XL;815;25H;;1,00;
28/02/2026;030;22030;6191114610699;L;010;25H;;1,00;
28/02/2026;030;22033;6191114611092;XXL;695;25H;;1,00;
28/02/2026;030;22046;6191114611801;L;C385;25H;;1,00;
28/02/2026;030;22055;6191114617568;L;870;25H;;2,00;
28/02/2026;030;22055;6191114617582;XL;870;25H;;1,00;
28/02/2026;030;22056;6191114617681;L;310;25H;;1,00;
28/02/2026;030;22056;6191114617698;L;000;25H;;1,00;
28/02/2026;030;22057;6191114617773;S;195;25H;;1,00;
28/02/2026;030;22064;6191114618794;XL;855;25H;;1,00;
28/02/2026;030;22078;6191114616769;M;995;25H;;1,00;
28/02/2026;030;22088;6191114619807;XL;995;25H;;-1,00;
28/02/2026;030;22105;6191114621213;L;000;25H;;1,00;
28/02/2026;030;22113;6191114645738;XL;820;25H;;1,00;
28/02/2026;030;22113;6191114645752;XXL;820;25H;;1,00;
28/02/2026;030;22123;6191114646735;L;995;25H;;1,00;
28/02/2026;030;22125;6191114646957;L;E385;25H;;1,00;
28/02/2026;030;22130;6191114623576;XL;995;25H;;1,00;
28/02/2026;030;22130;6191114623590;XXL;995;25H;;1,00;
28/02/2026;030;22132;6191114623828;S;224;25H;;1,00;
28/02/2026;030;22133;6191114623972;M;645;25H;;1,00;
28/02/2026;030;22133;6191114624054;XXL;815;25H;;1,00;
28/02/2026;030;22140;6191114624641;XXL;995;25H;;1,00;
28/02/2026;030;22142;6191114624702;M;875;25H;;1,00;
28/02/2026;030;22186;6191114627727;M;784;25H;;1,00;
28/02/2026;030;22187;6191114644700;L/XL;200;25H;;1,00;
28/02/2026;030;22189;6191114644779;L/XL;995;25H;;1,00;
28/02/2026;030;22191;6191114627925;L;P010;25H;;1,00;
28/02/2026;030;22198;6191114630147;M;385;25H;;1,00;
28/02/2026;030;22198;6191114630185;XL;385;25H;;1,00;
28/02/2026;030;22198;6191114630222;3XL;385;25H;;1,00;
28/02/2026;030;22200;6191114630284;L;010;25H;;1,00;
28/02/2026;030;22200;6191114648319;S;210;25H;;1,00;
28/02/2026;030;22202;6191114630550;XL;790;25H;;1,00;
28/02/2026;030;22223;6191114643512;M;645;25H;;1,00;
28/02/2026;030;22245;6191114648272;M;010;25H;;1,00;
28/02/2026;030;22252;6191114650213;3XL;255;25H;;1,00;
28/02/2026;030;22253;6191114669277;XXL;255;25H;;1,00;
28/02/2026;030;22260;6191114651067;S;815;25H;;1,00;
28/02/2026;030;22268;6191114653108;M;695;25H;;-1,00;
28/02/2026;030;22268;6191114653115;L;695;25H;;1,00;
28/02/2026;030;22277;6191114653351;XS;815;25H;;1,00;
28/02/2026;030;22288;6191114654655;M;995;25H;;1,00;
28/02/2026;030;22292;6191114655652;M;995;25H;;2,00;
28/02/2026;030;22295;6191114656222;L;995;25H;;1,00;
28/02/2026;030;22295;6191114656239;L;695;25H;;1,00;
28/02/2026;030;22295;6191114656246;XL;995;25H;;1,00;
28/02/2026;030;22299;6191114656949;M;870;25H;;1,00;
28/02/2026;030;22299;6191114656970;L;870;25H;;1,00;
28/02/2026;030;22299;6191114659735;L;695;25H;;1,00;
28/02/2026;030;22304;6191114660441;M;MCO;25H;;1,00;
28/02/2026;030;22306;6191114669086;XL;995;25H;;1,00;
28/02/2026;030;22307;6191114669970;L;M815;25H;;1,00;
28/02/2026;030;22319;6191114670242;L;995;25H;;1,00;
28/02/2026;030;22323;6191114659582;S;995;25H;;1,00;
28/02/2026;030;22324;6191114659650;M;995;25H;;1,00;
28/02/2026;030;22325;6191114659919;S;995;25H;;1,00;
28/02/2026;030;22341;6191114661233;M;R950;25H;;-1,00;
28/02/2026;030;22343;6191114661462;XXL;I634;25H;;1,00;
28/02/2026;030;22352;6191114668874;S;I010;25H;;1,00;
28/02/2026;030;22356;6191114668386;L;995;25H;;1,00;
28/02/2026;030;22395;6191114671706;S;380;26E;;1,00;
28/02/2026;030;22402;6191114672406;S;380;26E;;1,00;
28/02/2026;030;22403;6191114670303;XL;476;26E;;1,00;
28/02/2026;030;22404;6191114670365;XL;476;26E;;1,00;
28/02/2026;030;22405;6191114670396;S;476;26E;;1,00;
28/02/2026;030;22405;6191114670426;XL;476;26E;;1,00;
28/02/2026;030;22406;6191114670457;S;350;26E;;1,00;
28/02/2026;030;22408;6191114670792;S;000;26E;;1,00;
28/02/2026;030;22408;6191114670808;M;000;26E;;1,00;
28/02/2026;030;22414;6191114672789;L/XL;770;26E;;2,00;
28/02/2026;030;22414;6191114672802;2XL/3;770;26E;;1,00;
28/02/2026;030;22434;6191114674332;S;815;26E;;1,00;
28/02/2026;030;22435;6191114674455;S;815;26E;;1,00;
28/02/2026;030;22452;6191114676916;S/M;995;26E;;1,00;
28/02/2026;030;22452;6191114676954;2XL/3;995;26E;;1,00;
28/02/2026;030;22496;6191114677166;TU;I995;26E;;1,00;
28/02/2026;030;55808;6191114641266;XL;975;25H;;1,00;
28/02/2026;030;55815;6191114645608;XXL;385;25H;;1,00;
28/02/2026;030;70222;6191114630987;L;476;25H;;1,00;
28/02/2026;030;70222;6191114630994;XL;476;25H;;1,00;
28/02/2026;030;70223;6191114631069;XXL;476;25H;;1,00;
28/02/2026;030;70224;6191114641808;L;694;25H;;1,00;
28/02/2026;030;70224;6191114641860;3XL;694;25H;;1,00;
28/02/2026;030;70231;6191114658721;XL;C995;25H;;2,00;
28/02/2026;030;70231;6191114658776;4XL;C000;25H;;1,00;
28/02/2026;030;70232;6191114658790;S;995;25H;;1,00;
28/02/2026;030;70241;6191114672635;L;870;26E;;1,00;
28/02/2026;030;91510;6191114625440;37;995;25H;;1,00;
28/02/2026;030;91526;6191114639980;37;880;25H;;1,00;
28/02/2026;031;21351;6191114502055;L/XL;200;24H;;1,00;
28/02/2026;031;22030;6191114610712;XL;010;25H;;1,00;
28/02/2026;031;22030;6191114610750;3XL;010;25H;;1,00;
28/02/2026;031;22061;6191114618237;3XL;R350;25H;;1,00;
28/02/2026;031;22128;6191114623071;XXL;870;25H;;1,00;
28/02/2026;031;22128;6191114623088;XXL;995;25H;;1,00;
28/02/2026;031;22129;6191114623217;XXL;385;25H;;1,00;
28/02/2026;031;22129;6191114623224;XXL;995;25H;;1,00;
28/02/2026;031;22129;6191114623231;XXL;010;25H;;1,00;
28/02/2026;031;22163;6191114659797;S;C490;25H;;1,00;
28/02/2026;031;22208;6191114640658;3XL;385;25H;;1,00;
28/02/2026;031;22208;6191114640665;3XL;995;25H;;1,00;
28/02/2026;031;22233;6191114645103;3XL;000;25H;;1,00;
28/02/2026;031;22246;6191114648791;S;995;25H;;1,00;
28/02/2026;031;22253;6191114650244;L;995;25H;;1,00;
28/02/2026;031;22286;6191114654457;L;995;25H;;1,00;
28/02/2026;031;22301;6191114657144;XL;215;25H;;1,00;
28/02/2026;031;22302;6191114657243;L;245;25H;;1,00;
28/02/2026;031;22307;6191114670006;XL;M815;25H;;1,00;
28/02/2026;031;22322;6191114659483;L;190;25H;;1,00;
28/02/2026;031;22388;6191114669635;XL;R815;26E;;1,00;
28/02/2026;031;22405;6191114670419;L;476;26E;;1,00;
28/02/2026;031;70222;6191114630994;XL;476;25H;;1,00;
28/02/2026;031;70222;6191114631014;3XL;476;25H;;1,00;
28/02/2026;031;70223;6191114631069;XXL;476;25H;;1,00;
28/02/2026;031;91510;6191114625518;41;815;25H;;1,00;
28/02/2026;032;21352;6191114502079;L/XL;200;24H;;2,00;
28/02/2026;032;21754;6191114588318;L;815;25E;;1,00;
28/02/2026;032;22003;6191114606302;XXL;R870;25H;;1,00;
28/02/2026;032;22003;6191114606326;3XL;R724;25H;;1,00;
28/02/2026;032;22005;6191114606562;M;815;25H;;1,00;
28/02/2026;032;22058;6191114617971;XXL;000;25H;;1,00;
28/02/2026;032;22087;6191114619616;S;385;25H;;1,00;
28/02/2026;032;22137;6191114623415;XL;255;25H;;1,00;
28/02/2026;032;22151;6191114625716;L;995;25H;;1,00;
28/02/2026;032;22434;6191114674431;3XL;815;26E;;1,00;
28/02/2026;032;22452;6191114676954;2XL/3;995;26E;;1,00;
28/02/2026;032;22499;6191114677227;2XL/3;I995;26E;;1,00;
28/02/2026;032;55800;6191114621589;L;385;25H;;1,00;
28/02/2026;032;55817;6191114654792;XL;385;25H;;1,00;
28/02/2026;033;22244;6191114647930;M;215;25H;;1,00;
28/02/2026;033;22261;6191114651227;S;490;25H;;1,00;
28/02/2026;033;22262;6191114651340;S;490;25H;;1,00;
28/02/2026;033;22410;6191114671041;S/M;995;26E;;1,00;
