Date document;Etablissement ligne doc.;Code article;Code-barres article;Taille;Couleur;Saison;
01/01/2026;014;21863;6191114589421;XL;000;25E;;1,00;
01/01/2026;014;22032;6191114610934;L;940;25H;;1,00;
01/01/2026;014;22032;6191114610996;3XL;940;25H;;1,00;
01/01/2026;014;22056;6191114617728;XXL;310;25H;;1,00;
01/01/2026;014;22071;6191114616073;S;784;25H;;1,00;
01/01/2026;014;22112;6191114622906;L;995;25H;;1,00;
01/01/2026;014;22147;6191114625105;XXL;000;25H;;1,00;
01/01/2026;014;22244;6191114647992;XL;215;25H;;1,00;
01/01/2026;014;22256;6191114650404;S;995;25H;;1,00;
01/01/2026;014;22272;6191114652552;L;870;25H;;1,00;
01/01/2026;014;22273;6191114652828;3XL;385;25H;;1,00;
01/01/2026;014;22273;6191114652835;3XL;695;25H;;1,00;
01/01/2026;014;22284;6191114654266;XXL;995;25H;;1,00;
01/01/2026;014;22298;6191114658288;XXL;R385;25H;;1,00;
01/01/2026;014;22325;6191114659971;XL;995;25H;;1,00;
01/01/2026;014;70213;6191114623705;XL;P385;25H;;-1,00;
01/01/2026;014;70217;6191114647312;L;E385;25H;;1,00;
01/01/2026;015;22309;6191114658004;L;995;25H;;1,00;
01/01/2026;015;22320;6191114659223;3XL;870;25H;;1,00;
01/01/2026;015;22321;6191114659384;4XL;870;25H;;1,00;
01/01/2026;015;55815;6191114645523;S;385;25H;;1,00;
01/01/2026;015;91272;6194444115667;TU;815;22H;;2,00;
01/01/2026;021;22013;6191114607644;L;870;25H;;1,00;
01/01/2026;021;22031;6191114610811;L;695;25H;;1,00;
01/01/2026;021;22050;6191114614468;S/M;995;25H;;1,00;
01/01/2026;021;22060;6191114618039;M;310;25H;;1,00;
01/01/2026;021;22079;6191114626096;L;316;25H;;1,00;
01/01/2026;021;22091;6191114620155;M;815;25H;;1,00;
01/01/2026;021;22091;6191114620186;L;995;25H;;1,00;
01/01/2026;021;22117;6191114646254;M;995;25H;;-1,00;
01/01/2026;021;22133;6191114625204;XL;995;25H;;1,00;
01/01/2026;021;22137;6191114623415;XL;255;25H;;1,00;
01/01/2026;021;22177;6191114628861;M;010;25H;;1,00;
01/01/2026;021;22190;6191114627840;XL;995;25H;;1,00;
01/01/2026;021;22237;6191114644816;L;I815;25H;;1,00;
01/01/2026;021;22239;6191114644946;M;815;25H;;1,00;
01/01/2026;021;22247;6191114648692;L;R385;25H;;-1,00;
01/01/2026;021;22247;6191114648722;XL;R385;25H;;-1,00;
01/01/2026;021;22275;6191114652965;L;790;25H;;1,00;
01/01/2026;021;22300;6191114656819;M;870;25H;;1,00;
01/01/2026;021;22331;6191114660199;M;995;25H;;1,00;
01/01/2026;021;70210;6191114619166;M;R385;25H;;1,00;
01/01/2026;021;70224;6191114641839;XXL;385;25H;;1,00;
01/01/2026;021;91272;6194444115667;TU;815;22H;;2,00;
01/01/2026;021;91273;6194444115674;TU;815;22H;;3,00;
01/01/2026;024;22017;6191114609259;3XL;010;25H;;1,00;
01/01/2026;024;22033;6191114611009;S;815;25H;;1,00;
01/01/2026;024;22042;6191114609044;XXL;385;25H;;1,00;
01/01/2026;024;22061;6191114618190;XL;R350;25H;;1,00;
01/01/2026;024;22068;6191114642379;M;695;25H;;1,00;
01/01/2026;024;22071;6191114616097;M;784;25H;;1,00;
01/01/2026;024;22198;6191114630178;L;695;25H;;1,00;
01/01/2026;024;22273;6191114652705;M;385;25H;;1,00;
01/01/2026;024;22273;6191114652712;M;695;25H;;1,00;
01/01/2026;024;22273;6191114652729;M;824;25H;;1,00;
01/01/2026;024;22275;6191114653023;3XL;790;25H;;1,00;
01/01/2026;024;22276;6191114655775;M;995;25H;;1,00;
01/01/2026;024;22291;6191114655454;XL;495;25H;;1,00;
01/01/2026;024;22294;6191114656024;S;820;25H;;-1,00;
01/01/2026;024;70226;6191114652101;3XL;I880;25H;;1,00;
01/01/2026;024;70231;6191114658769;3XL;C995;25H;;1,00;
01/01/2026;024;70233;6191114658905;XXL;995;25H;;1,00;
01/01/2026;024;91273;6194444115674;TU;815;22H;;1,00;
01/01/2026;030;21189;6191114471276;XL;I350;24H;;1,00;
01/01/2026;030;21190;6191114471399;XL;I350;24H;;1,00;
01/01/2026;030;22055;6191114617520;S;870;25H;;1,00;
01/01/2026;030;22070;6191114615960;S;995;25H;;1,00;
01/01/2026;030;22085;6191114619449;XXL;740;25H;;1,00;
01/01/2026;030;22087;6191114619692;XXL;385;25H;;1,00;
01/01/2026;030;22092;6191114620254;S;815;25H;;1,00;
01/01/2026;030;22101;6191114621039;L;995;25H;;1,00;
01/01/2026;030;22103;6191114621183;3XL;995;25H;;1,00;
01/01/2026;030;22111;6191114622708;S;235;25H;;1,00;
01/01/2026;030;22114;6191114645875;XXL;815;25H;;1,00;
01/01/2026;030;22118;6191114646360;S;874;25H;;1,00;
01/01/2026;030;22127;6191114647114;L;995;25H;;1,00;
01/01/2026;030;22130;6191114623507;XS;195;25H;;1,00;
01/01/2026;030;22163;6191114659858;XXL;C790;25H;;1,00;
01/01/2026;030;22180;6191114629219;M;995;25H;;1,00;
01/01/2026;030;22182;6191114629325;S;784;25H;;1,00;
01/01/2026;030;22187;6191114644670;S/M;995;25H;;1,00;
01/01/2026;030;22187;6191114644687;S/M;200;25H;;2,00;
01/01/2026;030;22201;6191114630451;XXL;995;25H;;1,00;
01/01/2026;030;22216;6191114642645;XXL;I880;25H;;1,00;
01/01/2026;030;22223;6191114643505;S;995;25H;;1,00;
01/01/2026;030;22246;6191114648784;S;870;25H;;1,00;
01/01/2026;030;22259;6191114650992;3XL;010;25H;;1,00;
01/01/2026;030;22260;6191114651036;XS;815;25H;;1,00;
01/01/2026;030;22277;6191114653375;S;815;25H;;1,00;
01/01/2026;030;22279;6191114653580;S;000;25H;;1,00;
01/01/2026;030;22279;6191114653603;M;995;25H;;1,00;
01/01/2026;030;22279;6191114653672;XL;000;25H;;1,00;
01/01/2026;030;22280;6191114653771;S;645;25H;;1,00;
01/01/2026;030;22280;6191114653801;M;645;25H;;1,00;
01/01/2026;030;22280;6191114653849;L;995;25H;;1,00;
01/01/2026;030;22285;6191114654372;XL;385;25H;;1,00;
01/01/2026;030;22287;6191114654587;XL;995;25H;;1,00;
01/01/2026;030;22288;6191114654648;S;995;25H;;1,00;
01/01/2026;030;22291;6191114655454;XL;495;25H;;1,00;
01/01/2026;030;22295;6191114656215;M;695;25H;;1,00;
01/01/2026;030;22300;6191114656826;L;870;25H;;1,00;
01/01/2026;030;22303;6191114657342;S;195;25H;;1,00;
01/01/2026;030;22312;6191114658141;L;995;25H;;1,00;
01/01/2026;030;22325;6191114659957;L;995;25H;;1,00;
01/01/2026;030;22338;6191114660922;XXL;170;25H;;1,00;
01/01/2026;030;55816;6191114648487;XL;R990;25H;;1,00;
01/01/2026;030;55820;6191114657823;S;R784;25H;;1,00;
01/01/2026;030;70228;6191114649897;XL;995;25H;;-1,00;
01/01/2026;030;91526;6191114639980;37;880;25H;;1,00;
01/01/2026;030;91529;6191114640320;38;875;25H;;1,00;
01/01/2026;031;22026;6191114610231;XL;645;25H;;1,00;
01/01/2026;031;22183;6191114629493;S;995;25H;;1,00;
01/01/2026;031;22272;6191114652521;M;870;25H;;1,00;
01/01/2026;031;70233;6191114658899;XL;995;25H;;1,00;
01/01/2026;032;70206;6191114612396;M;870;25H;;1,00;
01/01/2026;032;70226;6191114652033;XL;I995;25H;;1,00;
01/01/2026;032;91272;6194444115667;TU;815;22H;;2,00;
02/01/2026;002;21915;6191114601192;XS;010;25E;;1,00;
02/01/2026;002;22013;6191114607637;M;995;25H;;1,00;
02/01/2026;002;22013;6191114607705;3XL;870;25H;;1,00;
02/01/2026;002;22013;6191114607712;3XL;995;25H;;1,00;
02/01/2026;002;22030;6191114610705;XL;995;25H;;1,00;
02/01/2026;002;22046;6191114611795;M;C385;25H;;1,00;
02/01/2026;002;22052;6191114617209;L;995;25H;;1,00;
02/01/2026;002;22052;6191114617223;XL;995;25H;;1,00;
02/01/2026;002;22055;6191114617582;XL;870;25H;;-1,00;
02/01/2026;002;22064;6191114618671;M;695;25H;;1,00;
02/01/2026;002;22064;6191114618749;L;855;25H;;1,00;
02/01/2026;002;22117;6191114649002;XL;940;25H;;1,00;
02/01/2026;002;22123;6191114646759;XL;995;25H;;1,00;
02/01/2026;002;22148;6191114625563;XL;995;25H;;1,00;
02/01/2026;002;22197;6191114630093;XXL;815;25H;;1,00;
02/01/2026;002;22223;6191114643499;S;870;25H;;1,00;
02/01/2026;002;22257;6191114650602;XXL;I740;25H;;1,00;
02/01/2026;002;22279;6191114653658;XL;645;25H;;1,00;
02/01/2026;002;22287;6191114654563;L;995;25H;;1,00;
02/01/2026;002;22294;6191114656062;M;950;25H;;1,00;
02/01/2026;002;22337;6191114661042;S/M;815;25H;;1,00;
02/01/2026;002;55811;6191114644595;L;R310;25H;;1,00;
02/01/2026;002;55815;6191114645547;M;385;25H;;-1,00;
02/01/2026;002;70202;6191114608184;XL;010;25H;;1,00;
02/01/2026;002;91272;6194444115667;TU;815;22H;;2,00;
02/01/2026;005;21827;6191114583078;XXL;200;25E;;1,00;
02/01/2026;005;22006;6191114606920;XXL;815;25H;;1,00;
02/01/2026;005;22018;6191114609372;3XL;R010;25H;;1,00;
02/01/2026;005;22037;6191114611351;3XL;010;25H;;1,00;
02/01/2026;005;22117;6191114649019;XXL;940;25H;;1,00;
02/01/2026;005;22129;6191114623217;XXL;385;25H;;1,00;
02/01/2026;005;22129;6191114623224;XXL;995;25H;;1,00;
02/01/2026;005;22183;6191114629578;XXL;995;25H;;1,00;
02/01/2026;005;22265;6191114651791;XXL;995;25H;;1,00;
02/01/2026;005;22307;6191114670068;3XL;M815;25H;;1,00;
02/01/2026;005;22309;6191114657991;M;995;25H;;1,00;
02/01/2026;005;66480;6191114493032;3XL;995;24H;;-1,00;
02/01/2026;005;70231;6191114658721;XL;C995;25H;;-1,00;
02/01/2026;005;70231;6191114658769;3XL;C995;25H;;1,00;
02/01/2026;005;91273;6194444115674;TU;815;22H;;4,00;
02/01/2026;009;22026;6191114610231;XL;645;25H;;1,00;
02/01/2026;009;22194;6191114628144;M;I880;25H;;-1,00;
02/01/2026;009;22194;6191114628175;L;I880;25H;;1,00;
02/01/2026;009;22264;6191114651708;XL;995;25H;;1,00;
02/01/2026;009;70217;6191114649415;3XL;I385;25H;;1,00;
02/01/2026;009;91273;6194444115674;TU;815;22H;;1,00;
02/01/2026;011;21949;6191114619326;S/M;000;25E;;1,00;
02/01/2026;011;22011;6191114607415;L;215;25H;;1,00;
02/01/2026;011;22020;6191114609549;L;695;25H;;-1,00;
02/01/2026;011;22020;6191114619296;XL;815;25H;;-1,00;
02/01/2026;011;22021;6191114609679;3XL;385;25H;;1,00;
02/01/2026;011;22025;6191114610095;L;010;25H;;-1,00;
02/01/2026;011;22066;6191114615595;L;815;25H;;-1,00;
02/01/2026;011;22066;6191114615601;L;875;25H;;-1,00;
02/01/2026;011;22067;6191114615687;L;380;25H;;-1,00;
02/01/2026;011;22080;6191114617025;XXL;380;25H;;1,00;
02/01/2026;011;22163;6191114659834;L;C490;25H;;1,00;
02/01/2026;011;22260;6191114651135;L;385;25H;;-1,00;
02/01/2026;011;22260;6191114656772;L;995;25H;;1,00;
02/01/2026;011;22276;6191114655775;M;995;25H;;1,00;
02/01/2026;011;22278;6191114653474;S;995;25H;;1,00;
02/01/2026;011;22289;6191114655270;XL;476;25H;;1,00;
02/01/2026;011;22289;6191114655294;XXL;476;25H;;1,00;
02/01/2026;011;22328;6191114661394;M;995;25H;;1,00;
02/01/2026;011;22328;6191114661417;XL;995;25H;;-1,00;
02/01/2026;011;55800;6191114621626;XL;995;25H;;1,00;
02/01/2026;011;55813;6191114645240;L;940;25H;;1,00;
02/01/2026;011;55816;6191114648470;XL;R385;25H;;1,00;
02/01/2026;011;70206;6191114612389;S;995;25H;;1,00;
02/01/2026;011;70209;6191114612754;M;R170;25H;;1,00;
02/01/2026;011;70209;6191114612761;M;R920;25H;;1,00;
02/01/2026;011;70229;6191114657762;M;476;25H;;1,00;
02/01/2026;011;70233;6191114658882;L;995;25H;;1,00;
02/01/2026;011;91273;6194444115674;TU;815;22H;;2,00;
02/01/2026;014;21827;6191114582996;L;995;25E;;1,00;
02/01/2026;014;21828;6191114583177;L;995;25E;;1,00;
02/01/2026;014;21830;6191114583443;XXL;995;25E;;1,00;
02/01/2026;014;21830;6191114583450;XXL;000;25E;;1,00;
02/01/2026;014;21830;6191114583467;XXL;200;25E;;1,00;
02/01/2026;014;21831;6191114583566;XL;995;25E;;1,00;
02/01/2026;014;21831;6191114583610;XXL;200;25E;;1,00;
02/01/2026;014;22018;6191114609303;L;R385;25H;;1,00;
02/01/2026;014;22026;6191114610200;L;815;25H;;1,00;
02/01/2026;014;22032;6191114610910;M;940;25H;;1,00;
02/01/2026;014;22046;6191114611801;L;C385;25H;;1,00;
02/01/2026;014;22078;6191114616769;M;995;25H;;1,00;
02/01/2026;014;22089;6191114619920;L;995;25H;;1,00;
02/01/2026;014;22108;6191114622166;XL;870;25H;;1,00;
02/01/2026;014;22111;6191114622661;L;255;25H;;1,00;
02/01/2026;014;22111;6191114622722;L;235;25H;;1,00;
02/01/2026;014;22137;6191114623453;XXL;235;25H;;1,00;
02/01/2026;014;22197;6191114630062;M;815;25H;;1,00;
02/01/2026;014;22199;6191114631083;M;995;25H;;1,00;
02/01/2026;014;22216;6191114642638;XL;I880;25H;;1,00;
02/01/2026;014;22238;6191114644892;XXL;I995;25H;;1,00;
02/01/2026;014;22239;6191114645042;XXL;995;25H;;1,00;
02/01/2026;014;22247;6191114648715;L;R270;25H;;1,00;
02/01/2026;014;22257;6191114650664;4XL;I740;25H;;1,00;
02/01/2026;014;22261;6191114651234;M;385;25H;;1,00;
02/01/2026;014;22262;6191114651357;M;385;25H;;1,00;
02/01/2026;014;22263;6191114651463;XS;995;25H;;1,00;
02/01/2026;014;22263;6191114651555;L;995;25H;;1,00;
02/01/2026;014;22263;6191114651647;3XL;995;25H;;-1,00;
02/01/2026;014;22264;6191114651692;L;995;25H;;1,00;
02/01/2026;014;22273;6191114652743;L;695;25H;;1,00;
02/01/2026;014;22291;6191114655454;XL;495;25H;;1,00;
02/01/2026;014;22300;6191114656819;M;870;25H;;1,00;
02/01/2026;014;22301;6191114657090;M;995;25H;;1,00;
02/01/2026;014;22316;6191114658523;XL;476;25H;;1,00;
02/01/2026;014;22330;6191114660038;M;724;25H;;1,00;
02/01/2026;014;22330;6191114660045;M;220;25H;;1,00;
02/01/2026;014;55808;6191114641310;3XL;995;25H;;1,00;
02/01/2026;014;70231;6191114658714;XL;C000;25H;;1,00;
02/01/2026;014;91272;6194444115667;TU;815;22H;;1,00;
02/01/2026;014;91273;6194444115674;TU;815;22H;;1,00;
02/01/2026;015;22124;6191114646841;M;995;25H;;1,00;
02/01/2026;015;22137;6191114623439;XXL;385;25H;;1,00;
02/01/2026;015;22193;6191114628076;L;995;25H;;1,00;
02/01/2026;015;22195;6191114628342;M;210;25H;;1,00;
02/01/2026;015;22195;6191114628649;3XL;210;25H;;1,00;
02/01/2026;015;22216;6191114642768;XXL;I255;25H;;1,00;
02/01/2026;015;22246;6191114648814;M;995;25H;;-1,00;
02/01/2026;015;91272;6194444115667;TU;815;22H;;3,00;
02/01/2026;016;22015;6191114607842;S;695;25H;;1,00;
02/01/2026;016;22184;6191114629622;S;995;25H;;1,00;
02/01/2026;016;22189;6191114644779;L/XL;995;25H;;1,00;
02/01/2026;016;22208;6191114640603;L;995;25H;;1,00;
02/01/2026;016;22245;6191114648166;M;645;25H;;1,00;
02/01/2026;016;22246;6191114648869;XXL;870;25H;;-1,00;
02/01/2026;016;22276;6191114655799;L;995;25H;;1,00;
02/01/2026;016;22287;6191114654501;XS;995;25H;;1,00;
02/01/2026;016;22294;6191114656055;M;820;25H;;-1,00;
02/01/2026;016;22295;6191114656239;L;695;25H;;1,00;
02/01/2026;016;22295;6191114656253;XL;695;25H;;1,00;
02/01/2026;016;22320;6191114659209;XXL;870;25H;;1,00;
02/01/2026;016;22321;6191114659346;XXL;870;25H;;1,00;
02/01/2026;016;22321;6191114659377;3XL;825;25H;;1,00;
02/01/2026;016;55808;6191114641242;XL;385;25H;;1,00;
02/01/2026;016;91272;6194444115667;TU;815;22H;;4,00;
02/01/2026;016;91273;6194444115674;TU;815;22H;;1,00;
02/01/2026;016;91510;6191114625440;37;995;25H;;1,00;
02/01/2026;016;91526;6191114639973;37;995;25H;;1,00;
02/01/2026;021;21831;6191114583610;XXL;200;25E;;1,00;
02/01/2026;021;22010;6191114607248;S;815;25H;;1,00;
02/01/2026;021;22010;6191114607286;L;815;25H;;-1,00;
02/01/2026;021;22054;6191114617513;4XL;995;25H;;1,00;
02/01/2026;021;22099;6191114620933;XXL;995;25H;;-1,00;
02/01/2026;021;22182;6191114629455;3XL;870;25H;;-1,00;
02/01/2026;021;22259;6191114650947;L;490;25H;;1,00;
02/01/2026;021;70202;6191114608160;L;010;25H;;1,00;
02/01/2026;021;70202;6191114608184;XL;010;25H;;-1,00;
02/01/2026;021;70207;6191114612532;L;R385;25H;;-1,00;
02/01/2026;021;70207;6191114612587;XXL;R695;25H;;1,00;
02/01/2026;021;70228;6191114649880;L;995;25H;;1,00;
02/01/2026;024;22024;6191114653290;S;815;25H;;1,00;
02/01/2026;024;22024;6191114653313;L;815;25H;;1,00;
02/01/2026;024;22026;6191114610170;S;645;25H;;1,00;
02/01/2026;024;22046;6191114611788;S;C385;25H;;1,00;
02/01/2026;024;22130;6191114623576;XL;995;25H;;1,00;
02/01/2026;024;22132;6191114623903;XXL;224;25H;;1,00;
02/01/2026;024;22194;6191114628182;L;I385;25H;;1,00;
02/01/2026;024;22234;6191114660731;L/XL;310;25H;;1,00;
02/01/2026;024;22239;6191114644984;L;995;25H;;1,00;
02/01/2026;024;22239;6191114644991;L;784;25H;;1,00;
02/01/2026;024;22243;6191114647855;XXL;695;25H;;1,00;
02/01/2026;024;22254;6191114650282;S;995;25H;;1,00;
02/01/2026;024;22257;6191114650633;3XL;I740;25H;;1,00;
02/01/2026;024;22258;6191114650848;3XL;195;25H;;1,00;
02/01/2026;024;22258;6191114650855;3XL;740;25H;;1,00;
02/01/2026;024;22265;6191114651760;M;995;25H;;1,00;
02/01/2026;024;22273;6191114652743;L;695;25H;;1,00;
02/01/2026;024;22284;6191114654228;L;995;25H;;1,00;
02/01/2026;024;22285;6191114654389;XL;995;25H;;1,00;
02/01/2026;024;22295;6191114656277;XXL;695;25H;;1,00;
02/01/2026;024;22298;6191114658257;M;R385;25H;;1,00;
02/01/2026;024;22310;6191114658059;L;995;25H;;1,00;
02/01/2026;024;22328;6191114661424;XXL;995;25H;;1,00;
02/01/2026;024;22338;6191114660915;XL;170;25H;;1,00;
02/01/2026;024;55816;6191114648401;M;R995;25H;;1,00;
02/01/2026;024;70235;6191114660779;S;815;25H;;1,00;
02/01/2026;024;91273;6194444115674;TU;815;22H;;2,00;
02/01/2026;024;91509;6191114625402;41;995;25H;;1,00;
02/01/2026;024;91510;6191114625440;37;995;25H;;1,00;
02/01/2026;029;20116;6191114241466;XL;320;23H;;1,00;
02/01/2026;029;20164;6191114235014;XL;995;23H;;1,00;
02/01/2026;029;20254;6191114257535;XL;614;23H;;1,00;
02/01/2026;029;20256;6191114258303;XL;995;23H;;1,00;
02/01/2026;029;20354;6191114297364;XXL;685;23H;;1,00;
02/01/2026;029;20447;6191114299771;XL;190;23H;;1,00;
02/01/2026;029;20450;6191114300545;XL;995;23H;;1,00;
02/01/2026;029;21135;6191114482845;L;780;24H;;1,00;
02/01/2026;029;22025;6191114610057;S;010;25H;;1,00;
02/01/2026;029;22047;6191114611894;L;695;25H;;1,00;
02/01/2026;029;22085;6191114619449;XXL;740;25H;;1,00;
02/01/2026;029;22090;6191114620100;XXL;995;25H;;1,00;
02/01/2026;029;22123;6191114646742;L;695;25H;;1,00;
02/01/2026;029;22146;6191114629998;M;995;25H;;1,00;
02/01/2026;029;22272;6191114652552;L;870;25H;;1,00;
02/01/2026;029;22312;6191114658127;S;995;25H;;1,00;
02/01/2026;029;22351;6191114668850;XXL;I815;25H;;1,00;
02/01/2026;029;70202;6191114608153;L;995;25H;;1,00;
02/01/2026;029;91272;6194444115667;TU;815;22H;;3,00;
02/01/2026;029;91273;6194444115674;TU;815;22H;;1,00;
02/01/2026;030;21826;6191114582866;XL;200;25E;;-1,00;
02/01/2026;030;21826;6191114582927;3XL;200;25E;;1,00;
02/01/2026;030;22033;6191114611047;L;815;25H;;1,00;
02/01/2026;030;22033;6191114611054;L;695;25H;;1,00;
02/01/2026;030;22055;6191114617582;XL;870;25H;;1,00;
02/01/2026;030;22055;6191114624870;XL;995;25H;;1,00;
02/01/2026;030;22064;6191114618817;XXL;010;25H;;1,00;
02/01/2026;030;22073;6191114616301;L;395;25H;;1,00;
02/01/2026;030;22128;6191114622999;M;995;25H;;1,00;
02/01/2026;030;22139;6191114624399;S;995;25H;;1,00;
02/01/2026;030;22181;6191114629257;M;995;25H;;1,00;
02/01/2026;030;22183;6191114629561;XXL;385;25H;;1,00;
02/01/2026;030;22183;6191114629578;XXL;995;25H;;1,00;
02/01/2026;030;22194;6191114628151;M;I385;25H;;1,00;
02/01/2026;030;22216;6191114642621;L;I880;25H;;1,00;
02/01/2026;030;22216;6191114642690;XL;I385;25H;;1,00;
02/01/2026;030;22239;6191114644953;M;995;25H;;1,00;
02/01/2026;030;22239;6191114645011;XL;995;25H;;2,00;
02/01/2026;030;22257;6191114650503;M;I350;25H;;1,00;
02/01/2026;030;22257;6191114650510;M;I740;25H;;1,00;
02/01/2026;030;22259;6191114650978;XXL;010;25H;;1,00;
02/01/2026;030;22263;6191114651555;L;995;25H;;2,00;
02/01/2026;030;22277;6191114653443;XL;784;25H;;1,00;
02/01/2026;030;22279;6191114653610;M;000;25H;;1,00;
02/01/2026;030;22285;6191114654365;L;995;25H;;1,00;
02/01/2026;030;22286;6191114654471;XXL;995;25H;;1,00;
02/01/2026;030;22291;6191114655430;L;495;25H;;1,00;
02/01/2026;030;22301;6191114657106;M;215;25H;;1,00;
02/01/2026;030;22322;6191114659476;L;740;25H;;1,00;
02/01/2026;030;22326;6191114668317;L;920;25H;;1,00;
02/01/2026;030;70201;6191114608061;XL;R385;25H;;-1,00;
02/01/2026;030;70227;6191114652224;XL;I875;25H;;2,00;
02/01/2026;030;70231;6191114658677;M;C000;25H;;1,00;
02/01/2026;030;91532;6191114648593;TU;995;25H;;1,00;
02/01/2026;031;21828;6191114583238;XXL;995;25E;;1,00;
02/01/2026;031;22005;6191114606708;XXL;995;25H;;1,00;
02/01/2026;031;22020;6191114609549;L;695;25H;;1,00;
02/01/2026;031;22020;6191114619265;S;815;25H;;1,00;
02/01/2026;031;22026;6191114610194;M;645;25H;;1,00;
02/01/2026;031;22026;6191114610200;L;815;25H;;1,00;
02/01/2026;031;22030;6191114610675;M;010;25H;;1,00;
02/01/2026;031;22049;6191114612112;L;815;25H;;1,00;
02/01/2026;031;22049;6191114612129;L;995;25H;;1,00;
02/01/2026;031;22071;6191114616073;S;784;25H;;1,00;
02/01/2026;031;22201;6191114630413;L;995;25H;;1,00;
02/01/2026;031;22250;6191114649569;S;784;25H;;1,00;
02/01/2026;031;22260;6191114651081;S;010;25H;;1,00;
02/01/2026;031;22276;6191114655812;XL;995;25H;;1,00;
02/01/2026;031;22285;6191114654389;XL;995;25H;;1,00;
02/01/2026;031;22285;6191114654402;XXL;995;25H;;1,00;
02/01/2026;031;22288;6191114654662;L;995;25H;;1,00;
02/01/2026;031;22289;6191114655225;M;995;25H;;1,00;
02/01/2026;031;22338;6191114660878;XS;170;25H;;1,00;
02/01/2026;031;70206;6191114612396;M;870;25H;;1,00;
02/01/2026;031;91272;6194444115667;TU;815;22H;;1,00;
02/01/2026;031;91528;6191114640221;38;995;25H;;1,00;
02/01/2026;032;22025;6191114610095;L;010;25H;;1,00;
02/01/2026;032;22026;6191114610187;M;815;25H;;1,00;
02/01/2026;032;22028;6191114610460;XL;870;25H;;1,00;
02/01/2026;032;22047;6191114611870;M;695;25H;;1,00;
02/01/2026;032;22047;6191114611900;XL;385;25H;;1,00;
02/01/2026;032;22206;6191114630895;L;195;25H;;1,00;
02/01/2026;032;22276;6191114655812;XL;995;25H;;1,00;
02/01/2026;032;91272;6194444115667;TU;815;22H;;3,00;
02/01/2026;032;91273;6194444115674;TU;815;22H;;1,00;
03/01/2026;002;21383;6191114508675;S/M;995;24H;;1,00;
03/01/2026;002;21832;6191114583689;L;995;25E;;1,00;
03/01/2026;002;22029;6191114610620;3XL;010;25H;;1,00;
03/01/2026;002;22032;6191114610927;L;995;25H;;1,00;
03/01/2026;002;22032;6191114610941;XL;995;25H;;-1,00;
03/01/2026;002;22046;6191114611825;XXL;C385;25H;;1,00;
03/01/2026;002;22047;6191114611856;S;695;25H;;1,00;
03/01/2026;002;22064;6191114618619;S;010;25H;;1,00;
03/01/2026;002;22064;6191114618633;S;175;25H;;-1,00;
03/01/2026;002;22066;6191114615625;XL;875;25H;;1,00;
03/01/2026;002;22066;6191114615649;XXL;875;25H;;-1,00;
03/01/2026;002;22070;6191114615960;S;995;25H;;-1,00;
03/01/2026;002;22070;6191114615984;M;995;25H;;1,00;
03/01/2026;002;22092;6191114620292;L;815;25H;;1,00;
03/01/2026;002;22117;6191114648975;S;940;25H;;1,00;
03/01/2026;002;22126;6191114647046;3XL;E385;25H;;1,00;
03/01/2026;002;22133;6191114624030;XL;645;25H;;1,00;
03/01/2026;002;22142;6191114624672;S;875;25H;;1,00;
03/01/2026;002;22142;6191114624771;XL;195;25H;;-1,00;
03/01/2026;002;22162;6191114647206;M;995;25H;;1,00;
03/01/2026;002;22191;6191114627901;M;P010;25H;;1,00;
03/01/2026;002;22195;6191114628359;L;215;25H;;1,00;
03/01/2026;002;22195;6191114628588;XL;210;25H;;-1,00;
03/01/2026;002;22195;6191114628618;XXL;210;25H;;1,00;
03/01/2026;002;22208;6191114640665;3XL;995;25H;;1,00;
03/01/2026;002;22237;6191114644816;L;I815;25H;;1,00;
03/01/2026;002;22237;6191114644823;XL;I815;25H;;-1,00;
03/01/2026;002;22245;6191114648203;L;740;25H;;1,00;
03/01/2026;002;22253;6191114650244;L;995;25H;;1,00;
03/01/2026;002;22263;6191114651654;3XL;010;25H;;1,00;
03/01/2026;002;22274;6191114652866;M;995;25H;;1,00;
03/01/2026;002;22274;6191114652897;XXL;995;25H;;1,00;
03/01/2026;002;22294;6191114656031;S;950;25H;;1,00;
03/01/2026;002;22302;6191114657243;L;245;25H;;1,00;
03/01/2026;002;22309;6191114657977;XS;995;25H;;1,00;
03/01/2026;002;22338;6191114660892;M;170;25H;;1,00;
03/01/2026;002;22355;6191114668997;XS;995;25H;;-1,00;
03/01/2026;002;22355;6191114669000;M;995;25H;;1,00;
03/01/2026;002;55811;6191114644625;XL;R784;25H;;1,00;
03/01/2026;002;55813;6191114645318;3XL;385;25H;;1,00;
03/01/2026;002;55816;6191114648463;XL;R995;25H;;1,00;
03/01/2026;002;55816;6191114648548;3XL;R990;25H;;1,00;
03/01/2026;002;70230;6191114658202;L;I995;25H;;1,00;
03/01/2026;002;91272;6194444115667;TU;815;22H;;1,00;
03/01/2026;005;20717;6191114361225;M;995;24E;;1,00;
03/01/2026;005;21433;6191114527867;3XL;995;24H;;1,00;
03/01/2026;005;22013;6191114607637;M;995;25H;;1,00;
03/01/2026;005;22024;6191114653313;L;815;25H;;1,00;
03/01/2026;005;22026;6191114610163;S;815;25H;;1,00;
03/01/2026;005;22033;6191114611016;S;695;25H;;1,00;
03/01/2026;005;22050;6191114614482;2XL/3;995;25H;;1,00;
03/01/2026;005;22087;6191114619654;L;385;25H;;1,00;
03/01/2026;005;22239;6191114644946;M;815;25H;;1,00;
03/01/2026;005;22239;6191114645011;XL;995;25H;;1,00;
03/01/2026;005;22264;6191114651661;XS;995;25H;;1,00;
03/01/2026;005;22274;6191114652873;L;995;25H;;1,00;
03/01/2026;005;70207;6191114612587;XXL;R695;25H;;1,00;
03/01/2026;005;70217;6191114647336;XXL;E385;25H;;1,00;
03/01/2026;005;91272;6194444115667;TU;815;22H;;4,00;
03/01/2026;005;91273;6194444115674;TU;815;22H;;6,00;
03/01/2026;005;91531;6191114648579;TU;870;25H;;1,00;
03/01/2026;009;21290;6191114485686;XS;895;24H;;1,00;
03/01/2026;009;21312;6191114496736;37;870;24H;;1,00;
03/01/2026;009;21591;6191114567733;37;MCO;25E;;-1,00;
03/01/2026;009;22011;6191114607439;XL;215;25H;;1,00;
03/01/2026;009;22024;6191114653313;L;815;25H;;1,00;
03/01/2026;009;22048;6191114612013;XL;995;25H;;1,00;
03/01/2026;009;22048;6191114612020;XL;010;25H;;1,00;
03/01/2026;009;22070;6191114616042;XXL;995;25H;;1,00;
03/01/2026;009;22096;6191114620643;XXL;995;25H;;1,00;
03/01/2026;009;22122;6191114646667;XL;995;25H;;1,00;
03/01/2026;009;22258;6191114650763;L;740;25H;;1,00;
03/01/2026;009;22279;6191114653658;XL;645;25H;;1,00;
03/01/2026;009;91272;6194444115667;TU;815;22H;;2,00;
03/01/2026;009;91532;6191114648609;TU;695;25H;;1,00;
03/01/2026;011;22033;6191114611085;XXL;815;25H;;1,00;
03/01/2026;011;22045;6191114611733;XL;695;25H;;1,00;
03/01/2026;011;22133;6191114624061;XXL;645;25H;;1,00;
03/01/2026;011;22137;6191114623422;XL;235;25H;;1,00;
03/01/2026;011;22237;6191114644823;XL;I815;25H;;1,00;
03/01/2026;011;22256;6191114650442;XXL;995;25H;;1,00;
03/01/2026;011;22279;6191114653696;XXL;995;25H;;1,00;
03/01/2026;011;22289;6191114655270;XL;476;25H;;1,00;
03/01/2026;011;22301;6191114657137;XL;995;25H;;1,00;
03/01/2026;011;55800;6191114621589;L;385;25H;;1,00;
03/01/2026;011;55800;6191114621596;L;995;25H;;1,00;
03/01/2026;011;55800;6191114621626;XL;995;25H;;-1,00;
03/01/2026;011;55813;6191114645240;L;940;25H;;-1,00;
03/01/2026;011;55813;6191114645271;XL;940;25H;;1,00;
03/01/2026;011;55816;6191114648470;XL;R385;25H;;-1,00;
03/01/2026;011;70207;6191114612556;XL;R385;25H;;1,00;
03/01/2026;011;70217;6191114647329;XL;E385;25H;;1,00;
03/01/2026;011;70220;6191114631199;XL;870;25H;;1,00;
03/01/2026;011;91273;6194444115674;TU;815;22H;;4,00;
03/01/2026;014;21827;6191114583023;XL;995;25E;;1,00;
03/01/2026;014;21828;6191114583238;XXL;995;25E;;1,00;
03/01/2026;014;22014;6191114607736;S;R495;25H;;1,00;
03/01/2026;014;22024;6191114653320;XL;815;25H;;1,00;
03/01/2026;014;22048;6191114612044;XXL;010;25H;;1,00;
03/01/2026;014;22064;6191114618701;L;815;25H;;1,00;
03/01/2026;014;22111;6191114622661;L;255;25H;;-1,00;
03/01/2026;014;22111;6191114622739;XL;235;25H;;1,00;
03/01/2026;014;22118;6191114646438;XXL;995;25H;;1,00;
03/01/2026;014;22180;6191114629226;L;995;25H;;1,00;
03/01/2026;014;22197;6191114630116;4XL;815;25H;;1,00;
03/01/2026;014;22207;6191114640436;L;995;25H;;1,00;
03/01/2026;014;22207;6191114640474;XL;880;25H;;1,00;
03/01/2026;014;22209;6191114640733;XL;815;25H;;1,00;
03/01/2026;014;22217;6191114642874;XXL;000;25H;;1,00;
03/01/2026;014;22223;6191114643499;S;870;25H;;1,00;
03/01/2026;014;22238;6191114644892;XXL;I995;25H;;-1,00;
03/01/2026;014;22239;6191114644984;L;995;25H;;1,00;
03/01/2026;014;22239;6191114644991;L;784;25H;;1,00;
03/01/2026;014;22239;6191114645011;XL;995;25H;;1,00;
03/01/2026;014;22239;6191114645028;XL;784;25H;;1,00;
03/01/2026;014;22243;6191114647886;3XL;695;25H;;1,00;
03/01/2026;014;22245;6191114648302;XXL;010;25H;;-1,00;
03/01/2026;014;22247;6191114648715;L;R270;25H;;-1,00;
03/01/2026;014;22247;6191114648722;XL;R385;25H;;1,00;
03/01/2026;014;22273;6191114652798;XXL;385;25H;;1,00;
03/01/2026;014;22284;6191114654198;M;385;25H;;1,00;
03/01/2026;014;22285;6191114654334;M;385;25H;;1,00;
03/01/2026;014;22287;6191114654624;3XL;995;25H;;1,00;
03/01/2026;014;22290;6191114657960;XXL;R385;25H;;1,00;
03/01/2026;014;22321;6191114659322;XL;870;25H;;1,00;
03/01/2026;014;22331;6191114660397;L;495;25H;;1,00;
03/01/2026;014;22343;6191114661479;3XL;I634;25H;;1,00;
03/01/2026;014;55813;6191114645332;3XL;940;25H;;1,00;
03/01/2026;014;55815;6191114645622;3XL;385;25H;;1,00;
03/01/2026;014;55816;6191114648487;XL;R990;25H;;1,00;
03/01/2026;014;55817;6191114654822;XXL;385;25H;;1,00;
03/01/2026;014;70206;6191114612396;M;870;25H;;-1,00;
03/01/2026;014;70216;6191114624320;XL;R385;25H;;1,00;
03/01/2026;014;70227;6191114652286;4XL;I875;25H;;1,00;
03/01/2026;014;70231;6191114658745;XXL;C995;25H;;1,00;
03/01/2026;014;70233;6191114658899;XL;995;25H;;1,00;
03/01/2026;014;91411;6191114601932;TU;MCO;25E;;1,00;
03/01/2026;015;22026;6191114610255;XXL;645;25H;;1,00;
03/01/2026;015;22036;6191114611184;XL;R995;25H;;1,00;
03/01/2026;015;22038;6191114611399;XL;R385;25H;;1,00;
03/01/2026;015;22194;6191114628151;M;I385;25H;;1,00;
03/01/2026;015;22207;6191114640467;XL;995;25H;;1,00;
03/01/2026;015;22272;6191114652613;XXL;870;25H;;1,00;
03/01/2026;015;22273;6191114652804;XXL;695;25H;;1,00;
03/01/2026;015;22273;6191114652828;3XL;385;25H;;1,00;
03/01/2026;015;22306;6191114669093;XXL;995;25H;;1,00;
03/01/2026;015;55818;6191114654990;L;995;25H;;1,00;
03/01/2026;015;91272;6194444115667;TU;815;22H;;2,00;
03/01/2026;015;91273;6194444115674;TU;815;22H;;1,00;
03/01/2026;016;22259;6191114650916;M;010;25H;;1,00;
03/01/2026;016;55808;6191114641273;XXL;385;25H;;1,00;
03/01/2026;016;55818;6191114655041;XL;995;25H;;1,00;
03/01/2026;016;70231;6191114658691;L;C000;25H;;1,00;
03/01/2026;016;70232;6191114658813;L;995;25H;;1,00;
03/01/2026;016;91273;6194444115674;TU;815;22H;;2,00;
03/01/2026;019;21914;6191114601161;L;385;25E;;1,00;
03/01/2026;019;22006;6191114606968;3XL;815;25H;;1,00;
03/01/2026;019;22032;6191114610927;L;995;25H;;1,00;
03/01/2026;019;22065;6191114618947;L;350;25H;;1,00;
03/01/2026;019;22065;6191114618961;XL;350;25H;;1,00;
03/01/2026;019;22083;6191114619081;XL;350;25H;;2,00;
03/01/2026;019;22126;6191114649354;3XL;760;25H;;1,00;
03/01/2026;019;22137;6191114623378;L;385;25H;;1,00;
03/01/2026;019;22203;6191114630703;3XL;995;25H;;1,00;
03/01/2026;019;22238;6191114644878;L;I995;25H;;1,00;
03/01/2026;019;22247;6191114648722;XL;R385;25H;;1,00;
03/01/2026;019;22266;6191114652309;TU;995;25H;;1,00;
03/01/2026;019;22277;6191114653382;S;784;25H;;1,00;
03/01/2026;019;22294;6191114656116;XL;820;25H;;1,00;
03/01/2026;019;22302;6191114657281;XXL;245;25H;;1,00;
03/01/2026;019;22309;6191114658004;L;995;25H;;2,00;
03/01/2026;019;55810;6191114642225;L;385;25H;;1,00;
03/01/2026;019;55817;6191114654839;XXL;695;25H;;1,00;
03/01/2026;019;70224;6191114641853;3XL;385;25H;;1,00;
03/01/2026;021;22032;6191114610934;L;940;25H;;1,00;
03/01/2026;021;22032;6191114610958;XL;940;25H;;-1,00;
03/01/2026;021;22068;6191114615762;L;995;25H;;1,00;
03/01/2026;021;22112;6191114622791;XL;815;25H;;1,00;
03/01/2026;021;22112;6191114622869;XXL;R995;25H;;1,00;
03/01/2026;021;22113;6191114645691;M;005;25H;;1,00;
03/01/2026;021;22137;6191114623378;L;385;25H;;1,00;
03/01/2026;021;22183;6191114629523;L;385;25H;;1,00;
03/01/2026;021;22208;6191114640634;XXL;385;25H;;1,00;
03/01/2026;021;22208;6191114640641;XXL;995;25H;;1,00;
03/01/2026;021;22247;6191114648739;XL;R310;25H;;1,00;
03/01/2026;021;22259;6191114650947;L;490;25H;;1,00;
03/01/2026;021;22273;6191114652804;XXL;695;25H;;1,00;
03/01/2026;021;22277;6191114653436;XL;815;25H;;-1,00;
03/01/2026;021;22320;6191114659209;XXL;870;25H;;1,00;
03/01/2026;021;22321;6191114659308;L;870;25H;;1,00;
03/01/2026;021;22321;6191114659360;3XL;870;25H;;1,00;
03/01/2026;021;22328;6191114661417;XL;995;25H;;1,00;
03/01/2026;021;55801;6191114621749;M;995;25H;;-1,00;
03/01/2026;021;55801;6191114621770;L;995;25H;;1,00;
03/01/2026;021;55807;6191114641020;M;784;25H;;-1,00;
03/01/2026;021;55807;6191114641051;L;784;25H;;1,00;
03/01/2026;021;55808;6191114641211;L;385;25H;;1,00;
03/01/2026;021;55815;6191114645523;S;385;25H;;1,00;
03/01/2026;021;70205;6191114612341;XXL;695;25H;;1,00;
03/01/2026;021;91272;6194444115667;TU;815;22H;;1,00;
03/01/2026;021;91527;6191114640146;39;995;25H;;1,00;
03/01/2026;021;91529;6191114640313;38;385;25H;;1,00;
03/01/2026;024;22013;6191114607637;M;995;25H;;1,00;
03/01/2026;024;22024;6191114653344;3XL;815;25H;;1,00;
03/01/2026;024;22032;6191114610880;S;995;25H;;1,00;
03/01/2026;024;22032;6191114610927;L;995;25H;;-1,00;
03/01/2026;024;22033;6191114611078;XL;695;25H;;1,00;
03/01/2026;024;22065;6191114618916;S;820;25H;;1,00;
03/01/2026;024;22079;6191114626072;S;316;25H;;1,00;
03/01/2026;024;22083;6191114619104;XXL;350;25H;;1,00;
03/01/2026;024;22090;6191114620094;XXL;815;25H;;1,00;
03/01/2026;024;22092;6191114620353;3XL;815;25H;;1,00;
03/01/2026;024;22113;6191114645684;M;990;25H;;1,00;
03/01/2026;024;22113;6191114645783;3XL;990;25H;;1,00;
03/01/2026;024;22117;6191114649002;XL;940;25H;;1,00;
03/01/2026;024;22124;6191114646902;XXL;995;25H;;1,00;
03/01/2026;024;22132;6191114623859;L;794;25H;;-1,00;
03/01/2026;024;22132;6191114623866;L;224;25H;;1,00;
03/01/2026;024;22163;6191114659827;L;C790;25H;;-1,00;
03/01/2026;024;22163;6191114659834;L;C490;25H;;1,00;
03/01/2026;024;22186;6191114627710;M;385;25H;;1,00;
03/01/2026;024;22194;6191114628113;S;I880;25H;;1,00;
03/01/2026;024;22203;6191114630659;L;010;25H;;1,00;
03/01/2026;024;22203;6191114630673;XL;010;25H;;-1,00;
03/01/2026;024;22215;6191114642447;S;210;25H;;1,00;
03/01/2026;024;22216;6191114642775;3XL;I255;25H;;1,00;
03/01/2026;024;22223;6191114643499;S;870;25H;;1,00;
03/01/2026;024;22239;6191114644939;S;784;25H;;1,00;
03/01/2026;024;22239;6191114644960;M;784;25H;;-1,00;
03/01/2026;024;22239;6191114644977;L;815;25H;;1,00;
03/01/2026;024;22247;6191114648647;S;R310;25H;;1,00;
03/01/2026;024;22247;6191114648685;M;R270;25H;;-1,00;
03/01/2026;024;22257;6191114650633;3XL;I740;25H;;1,00;
03/01/2026;024;22258;6191114650763;L;740;25H;;2,00;
03/01/2026;024;22265;6191114651784;XL;995;25H;;1,00;
03/01/2026;024;22272;6191114652668;3XL;010;25H;;1,00;
03/01/2026;024;22273;6191114652736;L;385;25H;;1,00;
03/01/2026;024;22273;6191114652743;L;695;25H;;1,00;
03/01/2026;024;22273;6191114652781;XL;824;25H;;1,00;
03/01/2026;024;22275;6191114652958;L;385;25H;;1,00;
03/01/2026;024;22275;6191114652989;XL;790;25H;;1,00;
03/01/2026;024;22275;6191114653016;3XL;385;25H;;-1,00;
03/01/2026;024;22276;6191114655836;XXL;995;25H;;1,00;
03/01/2026;024;22287;6191114654617;3XL;815;25H;;1,00;
03/01/2026;024;22294;6191114656017;S;870;25H;;1,00;
03/01/2026;024;22294;6191114656024;S;820;25H;;1,00;
03/01/2026;024;22296;6191114656543;XL;215;25H;;1,00;
03/01/2026;024;22300;6191114656826;L;870;25H;;1,00;
03/01/2026;024;22307;6191114669925;S;M870;25H;;1,00;
03/01/2026;024;22308;6191114657717;L;870;25H;;1,00;
03/01/2026;024;22326;6191114668263;S;995;25H;;1,00;
03/01/2026;024;22330;6191114660106;XXL;220;25H;;1,00;
03/01/2026;024;22349;6191114668713;L;I815;25H;;-1,00;
03/01/2026;024;22349;6191114668720;XL;I815;25H;;1,00;
03/01/2026;024;55808;6191114641273;XXL;385;25H;;1,00;
03/01/2026;024;55811;6191114644625;XL;R784;25H;;1,00;
03/01/2026;024;55811;6191114644656;3XL;R310;25H;;-1,00;
03/01/2026;024;55816;6191114648432;L;R995;25H;;1,00;
03/01/2026;024;70200;6191114607880;S;R940;25H;;-1,00;
03/01/2026;024;70200;6191114607965;XXL;R940;25H;;1,00;
03/01/2026;024;70201;6191114608016;M;R870;25H;;1,00;
03/01/2026;024;70201;6191114608061;XL;R385;25H;;1,00;
03/01/2026;024;70207;6191114612518;M;R385;25H;;1,00;
03/01/2026;024;70207;6191114612549;L;R695;25H;;1,00;
03/01/2026;024;70227;6191114652217;XL;I740;25H;;1,00;
03/01/2026;024;70231;6191114658691;L;C000;25H;;1,00;
03/01/2026;024;70232;6191114658813;L;995;25H;;1,00;
03/01/2026;024;91272;6194444115667;TU;815;22H;;4,00;
03/01/2026;024;91273;6194444115674;TU;815;22H;;2,00;
03/01/2026;024;91509;6191114625303;38;870;25H;;1,00;
03/01/2026;024;91509;6191114625358;40;815;25H;;1,00;
03/01/2026;024;91525;6191114627567;TU;MCO;25H;;1,00;
03/01/2026;029;22256;6191114650442;XXL;995;25H;;1,00;
03/01/2026;029;22257;6191114650572;XL;I740;25H;;2,00;
03/01/2026;029;22328;6191114661424;XXL;995;25H;;1,00;
03/01/2026;029;91273;6194444115674;TU;815;22H;;1,00;
03/01/2026;030;21826;6191114582781;M;995;25E;;1,00;
03/01/2026;030;21826;6191114582859;XL;000;25E;;1,00;
03/01/2026;030;22006;6191114606920;XXL;815;25H;;1,00;
03/01/2026;030;22064;6191114618749;L;855;25H;;1,00;
03/01/2026;030;22068;6191114642409;XXL;695;25H;;1,00;
03/01/2026;030;22133;6191114623965;M;815;25H;;-1,00;
03/01/2026;030;22183;6191114629554;XL;995;25H;;1,00;
03/01/2026;030;22199;6191114631090;L;995;25H;;1,00;
03/01/2026;030;22200;6191114648357;XXL;210;25H;;1,00;
03/01/2026;030;22239;6191114644991;L;784;25H;;1,00;
03/01/2026;030;22258;6191114650732;M;740;25H;;1,00;
03/01/2026;030;22301;6191114657090;M;995;25H;;2,00;
03/01/2026;030;22301;6191114657137;XL;995;25H;;1,00;
03/01/2026;030;22301;6191114657168;XXL;215;25H;;1,00;
03/01/2026;030;22326;6191114668324;XL;995;25H;;1,00;
03/01/2026;030;55808;6191114641242;XL;385;25H;;1,00;
03/01/2026;030;55811;6191114644625;XL;R784;25H;;1,00;
03/01/2026;030;70210;6191114619203;XL;R385;25H;;1,00;
03/01/2026;030;70210;6191114619210;XL;R350;25H;;1,00;
03/01/2026;030;70214;6191114623767;L;195;25H;;1,00;
03/01/2026;030;70217;6191114649415;3XL;I385;25H;;1,00;
03/01/2026;030;70231;6191114658714;XL;C000;25H;;2,00;
03/01/2026;030;70233;6191114658875;M;995;25H;;1,00;
03/01/2026;031;21190;6191114471368;L;I625;24H;;-1,00;
03/01/2026;031;21190;6191114471382;XL;I625;24H;;1,00;
03/01/2026;031;22024;6191114653306;M;815;25H;;1,00;
03/01/2026;031;22067;6191114615687;L;380;25H;;1,00;
03/01/2026;031;22071;6191114616165;XXL;195;25H;;1,00;
03/01/2026;031;22122;6191114646681;3XL;995;25H;;1,00;
03/01/2026;031;22189;6191114644762;S/M;200;25H;;1,00;
03/01/2026;031;22250;6191114649668;XXL;815;25H;;1,00;
03/01/2026;031;22284;6191114654204;M;995;25H;;1,00;
03/01/2026;031;22285;6191114654365;L;995;25H;;1,00;
03/01/2026;031;22331;6191114660243;L;390;25H;;1,00;
03/01/2026;031;70224;6191114641808;L;694;25H;;1,00;
03/01/2026;031;91272;6194444115667;TU;815;22H;;1,00;
03/01/2026;032;22015;6191114607842;S;695;25H;;1,00;
03/01/2026;032;22044;6191114622067;3XL;695;25H;;-1,00;
03/01/2026;032;22216;6191114642713;3XL;I385;25H;;1,00;
03/01/2026;032;22247;6191114648630;S;R385;25H;;1,00;
03/01/2026;032;22254;6191114650336;3XL;995;25H;;1,00;
03/01/2026;032;22256;6191114650459;3XL;995;25H;;1,00;
03/01/2026;032;22259;6191114651012;4XL;010;25H;;1,00;
03/01/2026;032;70201;6191114608061;XL;R385;25H;;1,00;
03/01/2026;032;70217;6191114647329;XL;E385;25H;;1,00;
03/01/2026;032;91272;6194444115667;TU;815;22H;;3,00;
03/01/2026;032;91273;6194444115674;TU;815;22H;;1,00;
04/01/2026;002;22258;6191114650886;4XL;740;25H;;1,00;
04/01/2026;002;22307;6191114670075;3XL;M870;25H;;1,00;
04/01/2026;009;22325;6191114659919;S;995;25H;;1,00;
04/01/2026;009;70206;6191114612433;XL;870;25H;;1,00;
04/01/2026;009;91272;6194444115667;TU;815;22H;;1,00;
04/01/2026;011;21189;6191114471269;XL;I625;24H;;1,00;
04/01/2026;011;21190;6191114471382;XL;I625;24H;;1,00;
04/01/2026;011;22010;6191114607309;XL;815;25H;;1,00;
04/01/2026;011;22023;6191114609891;XXL;R010;25H;;1,00;
04/01/2026;011;22024;6191114653269;XL;870;25H;;1,00;
04/01/2026;011;22080;6191114617025;XXL;380;25H;;-1,00;
04/01/2026;011;22114;6191114645820;M;020;25H;;1,00;
04/01/2026;011;22117;6191114646278;L;995;25H;;1,00;
04/01/2026;011;22117;6191114646292;XL;995;25H;;-1,00;
04/01/2026;011;22124;6191114646872;XL;645;25H;;1,00;
04/01/2026;011;22265;6191114651777;L;995;25H;;1,00;
04/01/2026;011;22289;6191114655263;XL;995;25H;;1,00;
04/01/2026;011;22291;6191114655478;XXL;495;25H;;1,00;
04/01/2026;011;22328;6191114661417;XL;995;25H;;1,00;
04/01/2026;011;55816;6191114648531;3XL;R385;25H;;1,00;
04/01/2026;011;91273;6194444115674;TU;815;22H;;2,00;
04/01/2026;011;91509;6191114625310;38;995;25H;;-1,00;
04/01/2026;014;22018;6191114609310;L;R010;25H;;1,00;
04/01/2026;014;22019;6191114609433;L;995;25H;;1,00;
04/01/2026;014;22023;6191114609877;XL;R010;25H;;1,00;
04/01/2026;014;22031;6191114610859;XXL;695;25H;;1,00;
04/01/2026;014;22036;6191114611160;L;R995;25H;;1,00;
04/01/2026;014;22068;6191114615786;XL;995;25H;;1,00;
04/01/2026;014;22103;6191114621145;M;995;25H;;1,00;
04/01/2026;014;22103;6191114621152;L;995;25H;;-1,00;
04/01/2026;014;22115;6191114645981;L;990;25H;;1,00;
04/01/2026;014;22117;6191114649002;XL;940;25H;;1,00;
04/01/2026;014;22122;6191114646650;L;995;25H;;1,00;
04/01/2026;014;22127;6191114649040;S;770;25H;;1,00;
04/01/2026;014;22127;6191114649071;XL;770;25H;;1,00;
04/01/2026;014;22139;6191114624467;L;940;25H;;1,00;
04/01/2026;014;22142;6191114624757;XL;995;25H;;1,00;
04/01/2026;014;22163;6191114659841;XL;C790;25H;;1,00;
04/01/2026;014;22163;6191114659858;XXL;C790;25H;;-1,00;
04/01/2026;014;22216;6191114642683;L;I385;25H;;1,00;
04/01/2026;014;22257;6191114650534;L;I350;25H;;1,00;
04/01/2026;014;22257;6191114650589;XL;I195;25H;;1,00;
04/01/2026;014;22257;6191114650619;XXL;I195;25H;;-1,00;
04/01/2026;014;22273;6191114652804;XXL;695;25H;;1,00;
04/01/2026;014;22275;6191114653016;3XL;385;25H;;1,00;
04/01/2026;014;22275;6191114653023;3XL;790;25H;;-1,00;
04/01/2026;014;22277;6191114653443;XL;784;25H;;1,00;
04/01/2026;014;22277;6191114653450;XXL;815;25H;;-1,00;
04/01/2026;014;22294;6191114656109;XL;870;25H;;-1,00;
04/01/2026;014;22294;6191114656161;3XL;870;25H;;1,00;
04/01/2026;014;22331;6191114660304;XXL;385;25H;;1,00;
04/01/2026;014;55808;6191114641228;L;995;25H;;-1,00;
04/01/2026;014;55808;6191114641259;XL;995;25H;;1,00;
04/01/2026;014;55816;6191114648401;M;R995;25H;;1,00;
04/01/2026;014;55816;6191114648418;M;R385;25H;;1,00;
04/01/2026;014;55817;6191114654785;L;790;25H;;1,00;
04/01/2026;014;70205;6191114612310;XL;385;25H;;1,00;
04/01/2026;014;70224;6191114641822;XL;694;25H;;1,00;
04/01/2026;014;70226;6191114652040;XL;I880;25H;;1,00;
04/01/2026;014;70231;6191114658707;L;C995;25H;;1,00;
04/01/2026;014;91272;6194444115667;TU;815;22H;;1,00;
04/01/2026;014;91528;6191114640191;37;870;25H;;1,00;
04/01/2026;015;21182;6191114469495;S;915;24H;;1,00;
04/01/2026;015;22071;6191114616158;XXL;784;25H;;-1,00;
04/01/2026;015;22071;6191114616172;3XL;784;25H;;1,00;
04/01/2026;015;22163;6191114659773;XL;C490;25H;;1,00;
04/01/2026;015;22163;6191114659841;XL;C790;25H;;-1,00;
04/01/2026;015;22180;6191114629202;S;995;25H;;1,00;
04/01/2026;015;22193;6191114628076;L;995;25H;;-1,00;
04/01/2026;015;22193;6191114628090;XXL;995;25H;;1,00;
04/01/2026;015;22194;6191114628182;L;I385;25H;;-1,00;
04/01/2026;015;22194;6191114628199;L;I255;25H;;-1,00;
04/01/2026;015;22194;6191114628229;XL;I255;25H;;1,00;
04/01/2026;015;22194;6191114628243;XXL;I385;25H;;1,00;
04/01/2026;015;22281;6191114653993;XL;995;25H;;1,00;
04/01/2026;015;22281;6191114654013;3XL;995;25H;;-1,00;
04/01/2026;015;22328;6191114661387;S;995;25H;;1,00;
04/01/2026;015;22328;6191114661394;M;995;25H;;-1,00;
04/01/2026;015;55808;6191114641259;XL;995;25H;;1,00;
04/01/2026;015;55816;6191114648432;L;R995;25H;;1,00;
04/01/2026;021;20981;6191114429789;M;200;24E;;1,00;
04/01/2026;021;22014;6191114607736;S;R495;25H;;1,00;
04/01/2026;021;22064;6191114618756;XL;815;25H;;1,00;
04/01/2026;021;22064;6191114618770;XL;695;25H;;1,00;
04/01/2026;021;22089;6191114619937;XL;385;25H;;1,00;
04/01/2026;021;22091;6191114620186;L;995;25H;;1,00;
04/01/2026;021;22096;6191114622234;3XL;870;25H;;1,00;
04/01/2026;021;22140;6191114624634;XL;995;25H;;1,00;
04/01/2026;021;22189;6191114644762;S/M;200;25H;;1,00;
04/01/2026;021;22203;6191114630666;XL;995;25H;;1,00;
04/01/2026;021;22238;6191114644892;XXL;I995;25H;;1,00;
04/01/2026;021;22246;6191114648883;3XL;870;25H;;1,00;
04/01/2026;021;22253;6191114650244;L;995;25H;;2,00;
04/01/2026;021;22287;6191114654556;L;815;25H;;1,00;
04/01/2026;021;22306;6191114669079;L;995;25H;;1,00;
04/01/2026;021;22308;6191114657717;L;870;25H;;1,00;
04/01/2026;021;22320;6191114659186;XL;870;25H;;1,00;
04/01/2026;021;22321;6191114659384;4XL;870;25H;;1,00;
04/01/2026;021;22324;6191114659681;XXL;995;25H;;1,00;
04/01/2026;021;22332;6191114660533;L;940;25H;;1,00;
04/01/2026;021;22338;6191114660892;M;170;25H;;-1,00;
04/01/2026;021;70205;6191114612327;XL;695;25H;;1,00;
04/01/2026;021;70207;6191114612501;S;R695;25H;;-1,00;
04/01/2026;021;70207;6191114612525;M;R695;25H;;1,00;
04/01/2026;021;70209;6191114612785;L;R920;25H;;1,00;
04/01/2026;021;70233;6191114658929;4XL;995;25H;;1,00;
04/01/2026;024;21357;6191114503618;S;995;24H;;1,00;
04/01/2026;024;22024;6191114653337;XXL;815;25H;;1,00;
04/01/2026;024;22025;6191114610088;L;995;25H;;1,00;
04/01/2026;024;22026;6191114610200;L;815;25H;;1,00;
04/01/2026;024;22044;6191114622067;3XL;695;25H;;1,00;
04/01/2026;024;22073;6191114616318;XL;870;25H;;1,00;
04/01/2026;024;22115;6191114646018;XL;990;25H;;1,00;
04/01/2026;024;22115;6191114646032;XXL;820;25H;;1,00;
04/01/2026;024;22127;6191114649088;XXL;770;25H;;1,00;
04/01/2026;024;22132;6191114623859;L;794;25H;;1,00;
04/01/2026;024;22163;6191114659803;M;C790;25H;;1,00;
04/01/2026;024;22163;6191114659858;XXL;C790;25H;;1,00;
04/01/2026;024;22183;6191114629585;3XL;385;25H;;1,00;
04/01/2026;024;22188;6191114644717;S/M;995;25H;;1,00;
04/01/2026;024;22189;6191114644762;S/M;200;25H;;1,00;
04/01/2026;024;22211;6191114641334;S;694;25H;;1,00;
04/01/2026;024;22239;6191114645059;XXL;784;25H;;1,00;
04/01/2026;024;22257;6191114650473;S;I350;25H;;1,00;
04/01/2026;024;22258;6191114650749;L;385;25H;;1,00;
04/01/2026;024;22262;6191114651388;L;490;25H;;1,00;
04/01/2026;024;22275;6191114652910;S;385;25H;;1,00;
04/01/2026;024;22286;6191114654457;L;995;25H;;1,00;
04/01/2026;024;22331;6191114660212;L;815;25H;;1,00;
04/01/2026;024;22343;6191114661356;L;I634;25H;;1,00;
04/01/2026;024;55800;6191114621527;S;385;25H;;1,00;
04/01/2026;024;55815;6191114645561;L;385;25H;;1,00;
04/01/2026;024;55816;6191114648401;M;R995;25H;;-1,00;
04/01/2026;024;55816;6191114648449;L;R385;25H;;2,00;
04/01/2026;024;70201;6191114608108;3XL;R385;25H;;1,00;
04/01/2026;024;70203;6191114608276;L;R995;25H;;1,00;
04/01/2026;024;70203;6191114608290;XL;R995;25H;;-1,00;
04/01/2026;024;70209;6191114612785;L;R920;25H;;1,00;
04/01/2026;024;70217;6191114647336;XXL;E385;25H;;1,00;
04/01/2026;024;91273;6194444115674;TU;815;22H;;2,00;
04/01/2026;030;22017;6191114609235;XXL;010;25H;;1,00;
04/01/2026;030;22018;6191114609303;L;R385;25H;;1,00;
04/01/2026;030;22024;6191114653337;XXL;815;25H;;1,00;
04/01/2026;030;22048;6191114611979;M;995;25H;;1,00;
04/01/2026;030;22054;6191114617452;XL;995;25H;;1,00;
04/01/2026;030;22071;6191114616127;L;195;25H;;1,00;
04/01/2026;030;22072;6191114616240;3XL;476;25H;;1,00;
04/01/2026;030;22183;6191114629561;XXL;385;25H;;1,00;
04/01/2026;030;22187;6191114644700;L/XL;200;25H;;1,00;
04/01/2026;030;22188;6191114644731;L/XL;995;25H;;1,00;
04/01/2026;030;22200;6191114648357;XXL;210;25H;;-1,00;
04/01/2026;030;22200;6191114648364;3XL;210;25H;;1,00;
04/01/2026;030;22202;6191114630529;L;995;25H;;1,00;
04/01/2026;030;22204;6191114630734;M;995;25H;;1,00;
04/01/2026;030;22208;6191114640627;XL;995;25H;;1,00;
04/01/2026;030;22257;6191114650633;3XL;I740;25H;;1,00;
04/01/2026;030;22258;6191114650855;3XL;740;25H;;1,00;
04/01/2026;030;22263;6191114651616;XXL;995;25H;;1,00;
04/01/2026;030;22272;6191114652552;L;870;25H;;1,00;
04/01/2026;030;22273;6191114652729;M;824;25H;;1,00;
04/01/2026;030;22287;6191114654624;3XL;995;25H;;1,00;
04/01/2026;030;22288;6191114654662;L;995;25H;;1,00;
04/01/2026;030;22296;6191114656482;M;215;25H;;1,00;
04/01/2026;030;22303;6191114657410;XXL;870;25H;;1,00;
04/01/2026;030;22321;6191114659308;L;870;25H;;1,00;
04/01/2026;030;55816;6191114648524;3XL;R995;25H;;1,00;
04/01/2026;030;55816;6191114648531;3XL;R385;25H;;1,00;
04/01/2026;030;70206;6191114612433;XL;870;25H;;1,00;
04/01/2026;030;70206;6191114612440;XL;995;25H;;1,00;
04/01/2026;030;70220;6191114631236;3XL;870;25H;;1,00;
04/01/2026;030;70226;6191114652002;L;I995;25H;;1,00;
04/01/2026;031;22007;6191114607019;M;905;25H;;1,00;
04/01/2026;031;22007;6191114607026;L;905;25H;;-1,00;
04/01/2026;031;22017;6191114609204;XL;995;25H;;1,00;
04/01/2026;031;22019;6191114609471;XXL;995;25H;;1,00;
04/01/2026;031;22020;6191114609563;XL;695;25H;;1,00;
04/01/2026;031;22020;6191114619302;XXL;815;25H;;1,00;
04/01/2026;031;22022;6191114609778;XXL;R010;25H;;1,00;
04/01/2026;031;22038;6191114611405;XXL;R385;25H;;1,00;
04/01/2026;031;22049;6191114612143;XL;995;25H;;1,00;
04/01/2026;031;22049;6191114612174;3XL;815;25H;;1,00;
04/01/2026;031;22056;6191114617681;L;310;25H;;1,00;
04/01/2026;031;22127;6191114647114;L;995;25H;;1,00;
04/01/2026;031;22142;6191114624757;XL;995;25H;;1,00;
04/01/2026;031;22142;6191114624771;XL;195;25H;;1,00;
04/01/2026;031;22148;6191114625549;M;995;25H;;1,00;
04/01/2026;031;22148;6191114625563;XL;995;25H;;-1,00;
04/01/2026;031;22150;6191114625631;L;995;25H;;1,00;
04/01/2026;031;22183;6191114629554;XL;995;25H;;1,00;
04/01/2026;031;22206;6191114630901;XL;995;25H;;1,00;
04/01/2026;031;22206;6191114630918;XL;195;25H;;1,00;
04/01/2026;031;22211;6191114641396;XL;694;25H;;1,00;
04/01/2026;031;22229;6191114644021;XL;995;25H;;1,00;
04/01/2026;031;22276;6191114655829;XXL;385;25H;;1,00;
04/01/2026;031;22279;6191114653658;XL;645;25H;;1,00;
04/01/2026;031;22284;6191114654181;S;995;25H;;1,00;
04/01/2026;031;22284;6191114654204;M;995;25H;;2,00;
04/01/2026;031;22285;6191114654327;S;995;25H;;1,00;
04/01/2026;031;22285;6191114654341;M;995;25H;;1,00;
04/01/2026;031;22285;6191114654389;XL;995;25H;;1,00;
04/01/2026;031;22287;6191114654563;L;995;25H;;1,00;
04/01/2026;031;22288;6191114654679;XL;995;25H;;1,00;
04/01/2026;031;22289;6191114655263;XL;995;25H;;1,00;
04/01/2026;031;22294;6191114656055;M;820;25H;;-1,00;
04/01/2026;031;22294;6191114656062;M;950;25H;;1,00;
04/01/2026;031;22308;6191114657717;L;870;25H;;1,00;
04/01/2026;031;22320;6191114659162;L;870;25H;;1,00;
04/01/2026;031;22331;6191114660274;XL;995;25H;;1,00;
04/01/2026;031;22331;6191114660403;XL;495;25H;;1,00;
04/01/2026;032;22015;6191114607866;L;695;25H;;1,00;
04/01/2026;032;70201;6191114608009;S;R385;25H;;1,00;
04/01/2026;032;70203;6191114608245;S;R355;25H;;1,00;
04/01/2026;032;91272;6194444115667;TU;815;22H;;1,00;
05/01/2026;002;21200;6191114471474;M;385;24H;;-1,00;
05/01/2026;002;21426;6191114526983;M;870;24H;;-1,00;
05/01/2026;002;22009;6191114607187;XL;880;25H;;1,00;
05/01/2026;002;22075;6191114616585;L;385;25H;;1,00;
05/01/2026;002;22114;6191114645837;L;815;25H;;1,00;
05/01/2026;002;22114;6191114645844;L;020;25H;;1,00;
05/01/2026;002;22124;6191114646858;L;645;25H;;1,00;
05/01/2026;002;22175;6191114628786;S;990;25H;;1,00;
05/01/2026;002;22211;6191114641358;M;694;25H;;1,00;
05/01/2026;002;22278;6191114653474;S;995;25H;;1,00;
05/01/2026;002;22280;6191114653788;S;995;25H;;1,00;
05/01/2026;002;22294;6191114656055;M;820;25H;;1,00;
05/01/2026;002;22300;6191114656826;L;870;25H;;1,00;
05/01/2026;002;22301;6191114657120;L;215;25H;;1,00;
05/01/2026;002;22310;6191114658035;S;995;25H;;1,00;
05/01/2026;002;22312;6191114658134;M;995;25H;;1,00;
05/01/2026;002;55811;6191114644625;XL;R784;25H;;1,00;
05/01/2026;002;55813;6191114645233;L;310;25H;;1,00;
05/01/2026;002;55816;6191114648418;M;R385;25H;;1,00;
05/01/2026;002;55817;6191114654860;3XL;695;25H;;1,00;
05/01/2026;002;55817;6191114654877;3XL;790;25H;;1,00;
05/01/2026;002;70202;6191114608160;L;010;25H;;1,00;
05/01/2026;002;70217;6191114647336;XXL;E385;25H;;1,00;
05/01/2026;002;91272;6194444115667;TU;815;22H;;1,00;
05/01/2026;005;21384;6191114508804;S;995;24H;;1,00;
05/01/2026;005;21435;6191114527966;M;825;24H;;1,00;
05/01/2026;005;22010;6191114607279;M;995;25H;;1,00;
05/01/2026;005;22010;6191114607316;XL;995;25H;;-1,00;
05/01/2026;005;22198;6191114630239;3XL;695;25H;;1,00;
05/01/2026;005;22267;6191114651906;3XL;815;25H;;1,00;
05/01/2026;005;55800;6191114621640;XXL;385;25H;;1,00;
05/01/2026;005;55817;6191114654860;3XL;695;25H;;1,00;
05/01/2026;005;70231;6191114658721;XL;C995;25H;;1,00;
05/01/2026;005;91272;6194444115667;TU;815;22H;;1,00;
05/01/2026;005;91273;6194444115674;TU;815;22H;;3,00;
05/01/2026;005;MODEAUTONOME;;;;;;1,00;
05/01/2026;009;21358;6191114503724;3XL;995;24H;;1,00;
05/01/2026;009;21359;6191114503779;XXL;995;24H;;1,00;
05/01/2026;009;21830;6191114583498;3XL;200;25E;;2,00;
05/01/2026;009;21832;6191114583740;XXL;995;25E;;1,00;
05/01/2026;009;22011;6191114607477;3XL;215;25H;;1,00;
05/01/2026;009;22019;6191114609488;3XL;815;25H;;1,00;
05/01/2026;009;22023;6191114609914;3XL;R010;25H;;1,00;
05/01/2026;009;22036;6191114611191;XL;R010;25H;;1,00;
05/01/2026;009;22047;6191114611917;XL;695;25H;;1,00;
05/01/2026;009;22115;6191114646001;XL;820;25H;;1,00;
05/01/2026;009;22115;6191114646018;XL;990;25H;;1,00;
05/01/2026;009;22115;6191114646025;XL;005;25H;;1,00;
05/01/2026;009;22115;6191114646032;XXL;820;25H;;1,00;
05/01/2026;009;22115;6191114646070;3XL;990;25H;;1,00;
05/01/2026;009;22115;6191114646087;3XL;005;25H;;1,00;
05/01/2026;009;22127;6191114647114;L;995;25H;;1,00;
05/01/2026;009;22127;6191114647138;XL;995;25H;;1,00;
05/01/2026;009;22127;6191114649064;L;770;25H;;1,00;
05/01/2026;009;22127;6191114649071;XL;770;25H;;1,00;
05/01/2026;009;22133;6191114625211;XXL;995;25H;;1,00;
05/01/2026;009;22173;6191114628663;S;995;25H;;1,00;
05/01/2026;009;22211;6191114641433;3XL;694;25H;;1,00;
05/01/2026;009;22263;6191114651555;L;995;25H;;1,00;
05/01/2026;009;22272;6191114652644;3XL;870;25H;;1,00;
05/01/2026;009;22276;6191114655843;3XL;385;25H;;1,00;
05/01/2026;009;22276;6191114655850;3XL;995;25H;;1,00;
05/01/2026;009;22278;6191114653511;XXL;995;25H;;1,00;
05/01/2026;009;91272;6194444115667;TU;815;22H;;3,00;
05/01/2026;009;91273;6194444115674;TU;815;22H;;4,00;
05/01/2026;011;22021;6191114609648;L;385;25H;;-1,00;
05/01/2026;011;22031;6191114610798;M;695;25H;;-1,00;
05/01/2026;011;22044;6191114622036;L;695;25H;;-1,00;
05/01/2026;011;22140;6191114624610;M;995;25H;;1,00;
05/01/2026;011;22142;6191114624719;M;195;25H;;1,00;
05/01/2026;011;22142;6191114624771;XL;195;25H;;-1,00;
05/01/2026;011;22164;6191114649422;S;995;25H;;1,00;
05/01/2026;011;22258;6191114650787;XL;195;25H;;1,00;
05/01/2026;011;22258;6191114650817;XXL;195;25H;;-1,00;
05/01/2026;011;22263;6191114651555;L;995;25H;;-1,00;
05/01/2026;011;22272;6191114652583;XL;870;25H;;1,00;
05/01/2026;011;22296;6191114656451;S;215;25H;;-1,00;
05/01/2026;011;22301;6191114657113;L;995;25H;;1,00;
05/01/2026;011;91505;6191114657328;TU;385;25H;;1,00;
05/01/2026;014;22023;6191114609877;XL;R010;25H;;-1,00;
05/01/2026;014;22023;6191114609891;XXL;R010;25H;;1,00;
05/01/2026;014;22046;6191114611825;XXL;C385;25H;;1,00;
05/01/2026;014;22068;6191114615786;XL;995;25H;;1,00;
05/01/2026;014;22125;6191114646940;M;E385;25H;;-1,00;
05/01/2026;014;22163;6191114659834;L;C490;25H;;1,00;
05/01/2026;014;22263;6191114651487;S;870;25H;;1,00;
05/01/2026;014;22273;6191114652842;3XL;824;25H;;1,00;
05/01/2026;014;22308;6191114657748;3XL;870;25H;;1,00;
05/01/2026;014;22328;6191114661400;L;995;25H;;-1,00;
05/01/2026;014;22331;6191114660236;L;995;25H;;1,00;
05/01/2026;014;70222;6191114630987;L;476;25H;;1,00;
05/01/2026;014;70223;6191114631045;L;476;25H;;1,00;
05/01/2026;014;91506;6191114626386;TU;880;25H;;1,00;
05/01/2026;014;91528;6191114640191;37;870;25H;;-1,00;
05/01/2026;015;22005;6191114606708;XXL;995;25H;;1,00;
05/01/2026;015;22019;6191114609419;M;995;25H;;1,00;
05/01/2026;015;22021;6191114609662;XXL;385;25H;;1,00;
05/01/2026;015;22068;6191114615786;XL;995;25H;;1,00;
05/01/2026;015;22259;6191114650947;L;490;25H;;1,00;
05/01/2026;015;22291;6191114655447;XL;995;25H;;1,00;
05/01/2026;015;22301;6191114657106;M;215;25H;;1,00;
05/01/2026;015;22321;6191114659353;XXL;825;25H;;1,00;
05/01/2026;015;22331;6191114660403;XL;495;25H;;1,00;
05/01/2026;015;55809;6191114642089;M;010;25H;;1,00;
05/01/2026;015;55810;6191114642201;M;385;25H;;1,00;
05/01/2026;015;55815;6191114645608;XXL;385;25H;;1,00;
05/01/2026;015;55816;6191114648456;L;R990;25H;;1,00;
05/01/2026;015;70222;6191114630970;M;476;25H;;1,00;
05/01/2026;015;70223;6191114631045;L;476;25H;;1,00;
05/01/2026;015;91272;6194444115667;TU;815;22H;;6,00;
05/01/2026;016;22046;6191114611818;XL;C385;25H;;1,00;
05/01/2026;016;22052;6191114617193;L;385;25H;;1,00;
05/01/2026;016;22112;6191114622906;L;995;25H;;1,00;
05/01/2026;016;22117;6191114646292;XL;995;25H;;1,00;
05/01/2026;016;22122;6191114646674;XXL;995;25H;;1,00;
05/01/2026;016;22127;6191114647114;L;995;25H;;1,00;
05/01/2026;016;22140;6191114624641;XXL;995;25H;;1,00;
05/01/2026;016;22244;6191114647985;XL;995;25H;;1,00;
05/01/2026;016;22244;6191114647992;XL;215;25H;;1,00;
05/01/2026;016;22270;6191114649965;XXL;995;25H;;1,00;
05/01/2026;016;22285;6191114654372;XL;385;25H;;1,00;
05/01/2026;016;22286;6191114654440;M;995;25H;;1,00;
05/01/2026;016;22320;6191114659209;XXL;870;25H;;-1,00;
05/01/2026;016;22320;6191114659216;XXL;825;25H;;1,00;
05/01/2026;016;22321;6191114659346;XXL;870;25H;;-1,00;
05/01/2026;016;22321;6191114659353;XXL;825;25H;;1,00;
05/01/2026;016;55808;6191114641181;M;385;25H;;1,00;
05/01/2026;016;55815;6191114645622;3XL;385;25H;;1,00;
05/01/2026;016;55816;6191114648401;M;R995;25H;;1,00;
05/01/2026;016;55816;6191114648432;L;R995;25H;;1,00;
05/01/2026;016;70207;6191114612501;S;R695;25H;;-1,00;
05/01/2026;016;70207;6191114612525;M;R695;25H;;1,00;
05/01/2026;016;91272;6194444115667;TU;815;22H;;5,00;
05/01/2026;016;91273;6194444115674;TU;815;22H;;2,00;
05/01/2026;019;20255;6191114257856;L;995;23H;;1,00;
05/01/2026;019;21402;6191114513334;XXL;995;24H;;1,00;
05/01/2026;019;21718;6191114571709;S;I705;25E;;1,00;
05/01/2026;019;22011;6191114607415;L;215;25H;;1,00;
05/01/2026;019;22012;6191114607552;XL;010;25H;;1,00;
05/01/2026;019;22022;6191114609754;XL;R010;25H;;1,00;
05/01/2026;019;22024;6191114653245;M;870;25H;;1,00;
05/01/2026;019;22024;6191114653283;3XL;870;25H;;1,00;
05/01/2026;019;22031;6191114610781;M;995;25H;;1,00;
05/01/2026;019;22031;6191114610828;XL;995;25H;;1,00;
05/01/2026;019;22032;6191114610958;XL;940;25H;;1,00;
05/01/2026;019;22047;6191114611887;L;385;25H;;1,00;
05/01/2026;019;22047;6191114611900;XL;385;25H;;1,00;
05/01/2026;019;22048;6191114612006;L;010;25H;;1,00;
05/01/2026;019;22090;6191114620056;L;815;25H;;1,00;
05/01/2026;019;22091;6191114620179;L;815;25H;;1,00;
05/01/2026;019;22092;6191114620292;L;815;25H;;1,00;
05/01/2026;019;22092;6191114620308;L;995;25H;;1,00;
05/01/2026;019;22096;6191114620636;XXL;385;25H;;1,00;
05/01/2026;019;22099;6191114620933;XXL;995;25H;;1,00;
05/01/2026;019;22118;6191114646384;M;874;25H;;1,00;
05/01/2026;019;22123;6191114646742;L;695;25H;;1,00;
05/01/2026;019;22137;6191114623354;M;255;25H;;1,00;
05/01/2026;019;22137;6191114623378;L;385;25H;;1,00;
05/01/2026;019;22137;6191114623439;XXL;385;25H;;1,00;
05/01/2026;019;22146;6191114630024;XXL;995;25H;;1,00;
05/01/2026;019;22163;6191114659803;M;C790;25H;;1,00;
05/01/2026;019;22163;6191114659827;L;C790;25H;;1,00;
05/01/2026;019;22163;6191114659865;XXL;C490;25H;;1,00;
05/01/2026;019;22174;6191114628779;3XL;990;25H;;1,00;
05/01/2026;019;22175;6191114628816;XL;990;25H;;2,00;
05/01/2026;019;22177;6191114628885;L;010;25H;;1,00;
05/01/2026;019;22182;6191114629370;L;995;25H;;1,00;
05/01/2026;019;22193;6191114628106;3XL;995;25H;;2,00;
05/01/2026;019;22195;6191114628335;M;310;25H;;1,00;
05/01/2026;019;22195;6191114628380;XL;215;25H;;1,00;
05/01/2026;019;22197;6191114630062;M;815;25H;;1,00;
05/01/2026;019;22205;6191114630819;XL;870;25H;;1,00;
05/01/2026;019;22207;6191114640450;L;784;25H;;1,00;
05/01/2026;019;22222;6191114643352;M;995;25H;;1,00;
05/01/2026;019;22243;6191114647824;XL;695;25H;;1,00;
05/01/2026;019;22247;6191114648630;S;R385;25H;;1,00;
05/01/2026;019;22247;6191114648777;XXL;R270;25H;;1,00;
05/01/2026;019;22250;6191114649620;L;784;25H;;1,00;
05/01/2026;019;22256;6191114650459;3XL;995;25H;;3,00;
05/01/2026;019;22258;6191114650831;3XL;385;25H;;1,00;
05/01/2026;019;22258;6191114650862;4XL;385;25H;;1,00;
05/01/2026;019;22266;6191114652309;TU;995;25H;;1,00;
05/01/2026;019;22275;6191114652965;L;790;25H;;1,00;
05/01/2026;019;22275;6191114653009;XXL;790;25H;;1,00;
05/01/2026;019;22277;6191114653399;M;815;25H;;1,00;
05/01/2026;019;22277;6191114653429;L;784;25H;;1,00;
05/01/2026;019;22295;6191114656260;XXL;995;25H;;1,00;
05/01/2026;019;22296;6191114656536;XL;385;25H;;1,00;
05/01/2026;019;22300;6191114656840;XXL;870;25H;;1,00;
05/01/2026;019;22302;6191114657250;XL;995;25H;;1,00;
05/01/2026;019;22302;6191114657267;XL;245;25H;;1,00;
05/01/2026;019;22302;6191114657298;3XL;995;25H;;1,00;
05/01/2026;019;22309;6191114657991;M;995;25H;;1,00;
05/01/2026;019;22309;6191114658004;L;995;25H;;1,00;
05/01/2026;019;22326;6191114668300;L;995;25H;;1,00;
05/01/2026;019;22332;6191114660526;L;870;25H;;1,00;
05/01/2026;019;22352;6191114668881;M;I010;25H;;1,00;
05/01/2026;019;22356;6191114668164;L;490;25H;;1,00;
05/01/2026;019;55800;6191114621602;L;975;25H;;1,00;
05/01/2026;019;55808;6191114641228;L;995;25H;;2,00;
05/01/2026;019;55808;6191114641280;XXL;995;25H;;1,00;
05/01/2026;019;55810;6191114642263;XXL;385;25H;;1,00;
05/01/2026;019;55818;6191114655027;L;694;25H;;1,00;
05/01/2026;019;55818;6191114655034;XL;385;25H;;1,00;
05/01/2026;019;55818;6191114655058;XL;824;25H;;1,00;
05/01/2026;019;55818;6191114655072;XL;694;25H;;1,00;
05/01/2026;019;70200;6191114607941;XL;R940;25H;;1,00;
05/01/2026;019;70201;6191114608023;M;R385;25H;;1,00;
05/01/2026;019;70201;6191114608047;L;R385;25H;;1,00;
05/01/2026;019;70201;6191114608061;XL;R385;25H;;1,00;
05/01/2026;019;70202;6191114608160;L;010;25H;;1,00;
05/01/2026;019;70202;6191114608177;XL;995;25H;;1,00;
05/01/2026;019;70205;6191114612303;L;695;25H;;1,00;
05/01/2026;019;70207;6191114612532;L;R385;25H;;1,00;
05/01/2026;019;70207;6191114612556;XL;R385;25H;;1,00;
05/01/2026;019;70209;6191114612778;L;R170;25H;;1,00;
05/01/2026;019;70217;6191114649392;XL;I385;25H;;1,00;
05/01/2026;019;70224;6191114641792;L;385;25H;;1,00;
05/01/2026;019;70227;6191114652231;XXL;I740;25H;;1,00;
05/01/2026;019;91504;6191114626331;TU;880;25H;;1,00;
05/01/2026;019;91507;6191114626393;TU;995;25H;;1,00;
05/01/2026;019;91526;6191114640047;40;880;25H;;1,00;
05/01/2026;019;91528;6191114640191;37;870;25H;;1,00;
05/01/2026;019;91529;6191114640276;36;385;25H;;1,00;
05/01/2026;019;91529;6191114640337;39;385;25H;;-1,00;
05/01/2026;021;22060;6191114618077;XL;310;25H;;1,00;
05/01/2026;021;22089;6191114619975;3XL;385;25H;;1,00;
05/01/2026;021;22123;6191114646735;L;995;25H;;1,00;
05/01/2026;021;22184;6191114629646;L;995;25H;;1,00;
05/01/2026;021;22186;6191114627765;XL;784;25H;;-1,00;
05/01/2026;021;22186;6191114627789;XXL;784;25H;;1,00;
05/01/2026;021;22265;6191114651784;XL;995;25H;;1,00;
05/01/2026;021;22268;6191114649767;XL;870;25H;;-1,00;
05/01/2026;021;22268;6191114653108;M;695;25H;;1,00;
05/01/2026;021;22284;6191114654211;L;385;25H;;1,00;
05/01/2026;021;55815;6191114645523;S;385;25H;;1,00;
05/01/2026;021;55815;6191114669307;S;995;25H;;1,00;
05/01/2026;021;55816;6191114648388;S;R385;25H;;1,00;
05/01/2026;021;70214;6191114623750;L;995;25H;;1,00;
05/01/2026;024;22243;6191114647749;M;995;25H;;1,00;
05/01/2026;024;22265;6191114651777;L;995;25H;;1,00;
05/01/2026;024;22306;6191114669093;XXL;995;25H;;-1,00;
05/01/2026;024;55818;6191114655171;3XL;694;25H;;1,00;
05/01/2026;029;22002;6191114606036;M;870;25H;;1,00;
05/01/2026;029;22025;6191114610088;L;995;25H;;1,00;
05/01/2026;029;22032;6191114610880;S;995;25H;;-1,00;
05/01/2026;029;22032;6191114610927;L;995;25H;;1,00;
05/01/2026;029;22043;6191114622081;M;855;25H;;1,00;
05/01/2026;029;22080;6191114617018;XL;476;25H;;1,00;
05/01/2026;029;22257;6191114650589;XL;I195;25H;;1,00;
05/01/2026;029;22291;6191114655430;L;495;25H;;1,00;
05/01/2026;029;22300;6191114656826;L;870;25H;;1,00;
05/01/2026;029;22321;6191114659322;XL;870;25H;;1,00;
05/01/2026;029;70211;6191114621305;L;995;25H;;1,00;
05/01/2026;029;70214;6191114623712;S;995;25H;;1,00;
05/01/2026;029;70214;6191114623750;L;995;25H;;-1,00;
05/01/2026;029;91273;6194444115674;TU;815;22H;;4,00;
05/01/2026;029;91528;6191114640221;38;995;25H;;1,00;
05/01/2026;030;22279;6191114653696;XXL;995;25H;;1,00;
05/01/2026;030;22321;6191114659322;XL;870;25H;;1,00;
05/01/2026;030;22321;6191114659346;XXL;870;25H;;1,00;
05/01/2026;030;55808;6191114641259;XL;995;25H;;1,00;
05/01/2026;031;21827;6191114583054;XXL;995;25E;;1,00;
05/01/2026;031;22022;6191114609778;XXL;R010;25H;;-1,00;
05/01/2026;031;22049;6191114612143;XL;995;25H;;-1,00;
05/01/2026;031;22055;6191114617568;L;870;25H;;1,00;
05/01/2026;031;22127;6191114649064;L;770;25H;;1,00;
05/01/2026;031;22142;6191114624771;XL;195;25H;;-1,00;
05/01/2026;031;22187;6191114644670;S/M;995;25H;;1,00;
05/01/2026;031;22193;6191114628069;M;995;25H;;1,00;
05/01/2026;031;22241;6191114647367;M;R000;25H;;1,00;
05/01/2026;031;22243;6191114647732;S;695;25H;;1,00;
05/01/2026;031;22273;6191114652804;XXL;695;25H;;1,00;
05/01/2026;031;22276;6191114655805;XL;385;25H;;1,00;
05/01/2026;031;22287;6191114654556;L;815;25H;;1,00;
05/01/2026;031;22289;6191114655263;XL;995;25H;;-1,00;
05/01/2026;031;22291;6191114655416;M;495;25H;;1,00;
05/01/2026;031;22308;6191114657717;L;870;25H;;-1,00;
05/01/2026;031;22324;6191114659674;XL;995;25H;;1,00;
05/01/2026;031;70231;6191114658707;L;C995;25H;;1,00;
05/01/2026;031;91512;6191114626430;TU;695;25H;;1,00;
06/01/2026;002;20430;6191114295919;L;995;23H;;1,00;
06/01/2026;002;22026;6191114610163;S;815;25H;;1,00;
06/01/2026;002;22033;6191114611061;XL;815;25H;;1,00;
06/01/2026;002;22151;6191114625723;XL;995;25H;;1,00;
06/01/2026;002;22198;6191114630239;3XL;695;25H;;1,00;
06/01/2026;002;22229;6191114644021;XL;995;25H;;1,00;
06/01/2026;002;22242;6191114647565;XL;385;25H;;1,00;
06/01/2026;002;22272;6191114652637;XXL;010;25H;;1,00;
06/01/2026;002;22272;6191114652651;3XL;995;25H;;1,00;
06/01/2026;002;22273;6191114652774;XL;695;25H;;1,00;
06/01/2026;002;22274;6191114652859;S;995;25H;;1,00;
06/01/2026;002;22274;6191114652873;L;995;25H;;1,00;
06/01/2026;002;22274;6191114652880;XL;995;25H;;1,00;
06/01/2026;002;22279;6191114653535;XS;645;25H;;1,00;
06/01/2026;002;22279;6191114653580;S;000;25H;;2,00;
06/01/2026;002;22308;6191114657694;S;870;25H;;1,00;
06/01/2026;002;22352;6191114668874;S;I010;25H;;1,00;
06/01/2026;002;22355;6191114668997;XS;995;25H;;1,00;
06/01/2026;002;55815;6191114669314;M;995;25H;;1,00;
06/01/2026;002;70201;6191114608016;M;R870;25H;;1,00;
06/01/2026;002;70227;6191114652286;4XL;I875;25H;;1,00;
06/01/2026;002;91272;6194444115667;TU;815;22H;;2,00;
06/01/2026;002;91521;6191114627550;TU;MCO;25H;;1,00;
06/01/2026;005;22011;6191114607361;S;010;25H;;1,00;
06/01/2026;005;22060;6191114618060;XL;215;25H;;1,00;
06/01/2026;005;22113;6191114645707;L;820;25H;;1,00;
06/01/2026;005;22118;6191114646391;L;995;25H;;1,00;
06/01/2026;005;22199;6191114631106;XL;995;25H;;1,00;
06/01/2026;005;55817;6191114654754;M;790;25H;;1,00;
06/01/2026;005;55817;6191114654853;3XL;385;25H;;1,00;
06/01/2026;005;91272;6194444115667;TU;815;22H;;4,00;
06/01/2026;005;91273;6194444115674;TU;815;22H;;2,00;
06/01/2026;009;22052;6191114617223;XL;995;25H;;1,00;
06/01/2026;009;22091;6191114620223;XXL;995;25H;;1,00;
06/01/2026;009;22097;6191114620780;XXL;995;25H;;1,00;
06/01/2026;009;22163;6191114659834;L;C490;25H;;1,00;
06/01/2026;009;22202;6191114630550;XL;790;25H;;1,00;
06/01/2026;009;22275;6191114652934;M;385;25H;;1,00;
06/01/2026;009;70210;6191114619258;3XL;R350;25H;;1,00;
06/01/2026;009;91272;6194444115667;TU;815;22H;;1,00;
06/01/2026;009;91273;6194444115674;TU;815;22H;;3,00;
06/01/2026;011;22045;6191114611757;XXL;695;25H;;1,00;
06/01/2026;011;22247;6191114648722;XL;R385;25H;;1,00;
06/01/2026;011;22247;6191114648753;XXL;R385;25H;;-1,00;
06/01/2026;011;22275;6191114652934;M;385;25H;;1,00;
06/01/2026;011;22275;6191114652958;L;385;25H;;-1,00;
06/01/2026;011;22351;6191114668812;S;I815;25H;;-1,00;
06/01/2026;011;55816;6191114648500;XXL;R385;25H;;1,00;
06/01/2026;011;70205;6191114612273;M;385;25H;;1,00;
06/01/2026;011;70205;6191114612303;L;695;25H;;-1,00;
06/01/2026;011;91273;6194444115674;TU;815;22H;;1,00;
06/01/2026;014;21826;6191114582767;S;000;25E;;1,00;
06/01/2026;014;21826;6191114582774;S;200;25E;;1,00;
06/01/2026;014;22013;6191114607637;M;995;25H;;1,00;
06/01/2026;014;22018;6191114609280;M;R385;25H;;1,00;
06/01/2026;014;22023;6191114609877;XL;R010;25H;;1,00;
06/01/2026;014;22033;6191114611085;XXL;815;25H;;1,00;
06/01/2026;014;22055;6191114617544;M;870;25H;;2,00;
06/01/2026;014;22089;6191114619906;M;995;25H;;2,00;
06/01/2026;014;22108;6191114622159;L;870;25H;;1,00;
06/01/2026;014;22129;6191114623200;XL;010;25H;;1,00;
06/01/2026;014;22194;6191114628243;XXL;I385;25H;;1,00;
06/01/2026;014;22207;6191114640450;L;784;25H;;1,00;
06/01/2026;014;22212;6191114641587;XXL;255;25H;;1,00;
06/01/2026;014;22235;6191114644465;M;940;25H;;1,00;
06/01/2026;014;22239;6191114645073;3XL;995;25H;;1,00;
06/01/2026;014;22257;6191114650572;XL;I740;25H;;1,00;
06/01/2026;014;22258;6191114650794;XL;740;25H;;1,00;
06/01/2026;014;22263;6191114651487;S;870;25H;;-1,00;
06/01/2026;014;22263;6191114651517;M;870;25H;;1,00;
06/01/2026;014;22279;6191114653672;XL;000;25H;;1,00;
06/01/2026;014;22296;6191114656482;M;215;25H;;1,00;
06/01/2026;014;22296;6191114656512;L;215;25H;;-1,00;
06/01/2026;014;22319;6191114670235;M;995;25H;;1,00;
06/01/2026;014;22330;6191114660052;L;724;25H;;1,00;
06/01/2026;014;55816;6191114648494;XXL;R995;25H;;1,00;
06/01/2026;014;55816;6191114648500;XXL;R385;25H;;1,00;
06/01/2026;014;70201;6191114608078;XXL;R870;25H;;1,00;
06/01/2026;014;70206;6191114612419;L;870;25H;;1,00;
06/01/2026;014;70231;6191114658738;XXL;C000;25H;;1,00;
06/01/2026;014;70232;6191114658813;L;995;25H;;1,00;
06/01/2026;015;22030;6191114610729;XXL;995;25H;;1,00;
06/01/2026;015;22030;6191114610736;XXL;010;25H;;1,00;
06/01/2026;015;22065;6191114618909;S;350;25H;;1,00;
06/01/2026;015;22207;6191114640542;3XL;784;25H;;1,00;
06/01/2026;015;22263;6191114651654;3XL;010;25H;;1,00;
06/01/2026;015;22273;6191114652743;L;695;25H;;-1,00;
06/01/2026;015;22273;6191114652774;XL;695;25H;;1,00;
06/01/2026;015;22306;6191114669093;XXL;995;25H;;-1,00;
06/01/2026;015;22321;6191114659322;XL;870;25H;;1,00;
06/01/2026;015;22331;6191114660212;L;815;25H;;1,00;
06/01/2026;015;91272;6194444115667;TU;815;22H;;1,00;
06/01/2026;016;21357;6191114503649;XL;995;24H;;2,00;
06/01/2026;016;21829;6191114583320;XL;MCO;25E;;1,00;
06/01/2026;016;21831;6191114583566;XL;995;25E;;1,00;
06/01/2026;016;22013;6191114607651;L;995;25H;;1,00;
06/01/2026;016;22020;6191114609549;L;695;25H;;-1,00;
06/01/2026;016;22054;6191114617445;XL;385;25H;;1,00;
06/01/2026;016;22115;6191114645974;L;820;25H;;1,00;
06/01/2026;016;22197;6191114630109;3XL;815;25H;;1,00;
06/01/2026;016;22223;6191114643550;L;870;25H;;1,00;
06/01/2026;016;22244;6191114647992;XL;215;25H;;1,00;
06/01/2026;016;22251;6191114650046;XL;995;25H;;1,00;
06/01/2026;016;22259;6191114650992;3XL;010;25H;;1,00;
06/01/2026;016;22267;6191114651869;XL;815;25H;;1,00;
06/01/2026;016;22276;6191114655836;XXL;995;25H;;1,00;
06/01/2026;016;22285;6191114654358;L;385;25H;;1,00;
06/01/2026;016;22308;6191114657700;M;870;25H;;1,00;
06/01/2026;016;22321;6191114659322;XL;870;25H;;1,00;
06/01/2026;016;70210;6191114619197;L;R350;25H;;1,00;
06/01/2026;016;91272;6194444115667;TU;815;22H;;3,00;
06/01/2026;016;91273;6194444115674;TU;815;22H;;2,00;
06/01/2026;019;20296;6191114266735;L;995;23H;;-1,00;
06/01/2026;019;20354;6191114297470;XXL;790;23H;;-1,00;
06/01/2026;019;20431;6191114296480;XXL;385;23H;;1,00;
06/01/2026;019;20460;6191114302594;TU;C870;23H;;1,00;
06/01/2026;019;20835;6191114396654;L/XL;385;24E;;-1,00;
06/01/2026;019;21136;6191114463271;XL;815;24H;;1,00;
06/01/2026;019;21223;6191114479265;XL;995;24H;;1,00;
06/01/2026;019;21255;6191114483163;XXL;535;24H;;1,00;
06/01/2026;019;21300;6191114499133;L;E385;24H;;1,00;
06/01/2026;019;21314;6191114499386;39;995;24H;;1,00;
06/01/2026;019;21383;6191114508712;L/XL;995;24H;;1,00;
06/01/2026;019;21475;6191114532502;XL;695;24H;;2,00;
06/01/2026;019;21584;6191114550308;39;695;25E;;1,00;
06/01/2026;019;21658;6191114553767;L;995;25E;;-1,00;
06/01/2026;019;21718;6191114571808;XL;I270;25E;;1,00;
06/01/2026;019;21835;6191114584143;L;145;25E;;1,00;
06/01/2026;019;21914;6191114601161;L;385;25E;;1,00;
06/01/2026;019;21942;6191114608436;L;R345;25E;;1,00;
06/01/2026;019;22004;6191114606456;XL;R815;25H;;1,00;
06/01/2026;019;22006;6191114606869;L;870;25H;;-1,00;
06/01/2026;019;22012;6191114607491;S;010;25H;;1,00;
06/01/2026;019;22024;6191114653269;XL;870;25H;;1,00;
06/01/2026;019;22024;6191114653276;XXL;870;25H;;1,00;
06/01/2026;019;22025;6191114610132;XXL;010;25H;;1,00;
06/01/2026;019;22026;6191114610255;XXL;645;25H;;1,00;
06/01/2026;019;22029;6191114610606;XXL;010;25H;;-1,00;
06/01/2026;019;22031;6191114610828;XL;995;25H;;1,00;
06/01/2026;019;22032;6191114610958;XL;940;25H;;1,00;
06/01/2026;019;22032;6191114610965;XXL;995;25H;;1,00;
06/01/2026;019;22037;6191114611337;XXL;010;25H;;1,00;
06/01/2026;019;22042;6191114609037;XL;995;25H;;-1,00;
06/01/2026;019;22044;6191114622043;XL;695;25H;;1,00;
06/01/2026;019;22048;6191114612006;L;010;25H;;1,00;
06/01/2026;019;22068;6191114615748;M;995;25H;;-1,00;
06/01/2026;019;22072;6191114616219;L;476;25H;;1,00;
06/01/2026;019;22077;6191114626140;L;326;25H;;-1,00;
06/01/2026;019;22083;6191114619081;XL;350;25H;;-1,00;
06/01/2026;019;22088;6191114619746;S;995;25H;;1,00;
06/01/2026;019;22090;6191114620063;L;995;25H;;1,00;
06/01/2026;019;22108;6191114622166;XL;870;25H;;2,00;
06/01/2026;019;22113;6191114645660;S;005;25H;;1,00;
06/01/2026;019;22115;6191114645929;S;990;25H;;2,00;
06/01/2026;019;22117;6191114646278;L;995;25H;;1,00;
06/01/2026;019;22117;6191114646292;XL;995;25H;;1,00;
06/01/2026;019;22118;6191114646421;XL;874;25H;;1,00;
06/01/2026;019;22125;6191114646957;L;E385;25H;;1,00;
06/01/2026;019;22126;6191114647022;XL;E385;25H;;1,00;
06/01/2026;019;22132;6191114623828;S;224;25H;;1,00;
06/01/2026;019;22137;6191114623378;L;385;25H;;1,00;
06/01/2026;019;22137;6191114623408;XL;385;25H;;1,00;
06/01/2026;019;22137;6191114623415;XL;255;25H;;1,00;
06/01/2026;019;22137;6191114623439;XXL;385;25H;;1,00;
06/01/2026;019;22138;6191114624269;L;995;25H;;1,00;
06/01/2026;019;22142;6191114624665;S;995;25H;;1,00;
06/01/2026;019;22173;6191114628687;L;995;25H;;1,00;
06/01/2026;019;22175;6191114628823;XXL;990;25H;;-1,00;
06/01/2026;019;22177;6191114628922;XXL;010;25H;;1,00;
06/01/2026;019;22178;6191114628991;XL;P010;25H;;1,00;
06/01/2026;019;22186;6191114627734;L;385;25H;;1,00;
06/01/2026;019;22195;6191114628304;S;310;25H;;1,00;
06/01/2026;019;22195;6191114628359;L;215;25H;;2,00;
06/01/2026;019;22195;6191114628366;L;310;25H;;1,00;
06/01/2026;019;22195;6191114628373;L;210;25H;;2,00;
06/01/2026;019;22197;6191114630109;3XL;815;25H;;1,00;
06/01/2026;019;22203;6191114630659;L;010;25H;;1,00;
06/01/2026;019;22207;6191114640467;XL;995;25H;;1,00;
06/01/2026;019;22207;6191114640481;XL;784;25H;;1,00;
06/01/2026;019;22212;6191114641532;L;235;25H;;1,00;
06/01/2026;019;22222;6191114643383;L;995;25H;;1,00;
06/01/2026;019;22223;6191114643567;L;995;25H;;1,00;
06/01/2026;019;22238;6191114644892;XXL;I995;25H;;1,00;
06/01/2026;019;22243;6191114647732;S;695;25H;;1,00;
06/01/2026;019;22243;6191114647855;XXL;695;25H;;1,00;
06/01/2026;019;22246;6191114648821;L;870;25H;;-1,00;
06/01/2026;019;22247;6191114648630;S;R385;25H;;1,00;
06/01/2026;019;22247;6191114648654;S;R270;25H;;1,00;
06/01/2026;019;22247;6191114648661;M;R385;25H;;1,00;
06/01/2026;019;22247;6191114648692;L;R385;25H;;2,00;
06/01/2026;019;22247;6191114648753;XXL;R385;25H;;1,00;
06/01/2026;019;22250;6191114649590;M;784;25H;;1,00;
06/01/2026;019;22266;6191114652309;TU;995;25H;;1,00;
06/01/2026;019;22269;6191114653191;L;695;25H;;-1,00;
06/01/2026;019;22275;6191114652989;XL;790;25H;;2,00;
06/01/2026;019;22277;6191114653351;XS;815;25H;;1,00;
06/01/2026;019;22277;6191114653429;L;784;25H;;1,00;
06/01/2026;019;22280;6191114653801;M;645;25H;;1,00;
06/01/2026;019;22280;6191114653900;XXL;995;25H;;1,00;
06/01/2026;019;22289;6191114655263;XL;995;25H;;1,00;
06/01/2026;019;22295;6191114656246;XL;995;25H;;1,00;
06/01/2026;019;22295;6191114656260;XXL;995;25H;;1,00;
06/01/2026;019;22302;6191114657250;XL;995;25H;;1,00;
06/01/2026;019;22302;6191114657274;XXL;995;25H;;1,00;
06/01/2026;019;22312;6191114658158;XL;995;25H;;1,00;
06/01/2026;019;22338;6191114660922;XXL;170;25H;;1,00;
06/01/2026;019;22351;6191114668812;S;I815;25H;;1,00;
06/01/2026;019;22351;6191114668850;XXL;I815;25H;;1,00;
06/01/2026;019;55800;6191114621619;XL;385;25H;;-1,00;
06/01/2026;019;55808;6191114641259;XL;995;25H;;1,00;
06/01/2026;019;55810;6191114642201;M;385;25H;;1,00;
06/01/2026;019;55810;6191114642218;M;010;25H;;1,00;
06/01/2026;019;55810;6191114642249;XL;385;25H;;1,00;
06/01/2026;019;55811;6191114644618;XL;R310;25H;;1,00;
06/01/2026;019;55811;6191114644649;XXL;R784;25H;;-1,00;
06/01/2026;019;55813;6191114645264;XL;310;25H;;2,00;
06/01/2026;019;55818;6191114654938;M;385;25H;;1,00;
06/01/2026;019;55818;6191114654952;M;824;25H;;1,00;
06/01/2026;019;70201;6191114608016;M;R870;25H;;1,00;
06/01/2026;019;70202;6191114608115;S;995;25H;;1,00;
06/01/2026;019;70203;6191114608290;XL;R995;25H;;1,00;
06/01/2026;019;70203;6191114608337;3XL;R995;25H;;1,00;
06/01/2026;019;70205;6191114612310;XL;385;25H;;1,00;
06/01/2026;019;70206;6191114612419;L;870;25H;;1,00;
06/01/2026;019;70206;6191114612426;L;995;25H;;-1,00;
06/01/2026;019;70206;6191114612433;XL;870;25H;;1,00;
06/01/2026;019;70207;6191114612549;L;R695;25H;;1,00;
06/01/2026;019;70207;6191114612556;XL;R385;25H;;3,00;
06/01/2026;019;70217;6191114649392;XL;I385;25H;;1,00;
06/01/2026;019;70224;6191114641815;XL;385;25H;;1,00;
06/01/2026;019;70224;6191114641839;XXL;385;25H;;-1,00;
06/01/2026;019;91391;6191114580152;TU;005;25E;;1,00;
06/01/2026;019;91500;6191114626270;TU;995;25H;;1,00;
06/01/2026;019;91503;6191114626317;TU;385;25H;;2,00;
06/01/2026;019;91503;6191114626324;TU;995;25H;;2,00;
06/01/2026;019;91507;6191114626393;TU;995;25H;;1,00;
06/01/2026;019;91507;6191114626409;TU;195;25H;;2,00;
06/01/2026;019;91526;6191114640023;39;880;25H;;1,00;
06/01/2026;019;91526;6191114640054;41;995;25H;;1,00;
06/01/2026;019;91527;6191114640108;37;995;25H;;-1,00;
06/01/2026;019;91529;6191114640313;38;385;25H;;1,00;
06/01/2026;019;91529;6191114640337;39;385;25H;;1,00;
06/01/2026;021;21355;6191114503489;3XL;200;24H;;1,00;
06/01/2026;021;22048;6191114611962;S;010;25H;;1,00;
06/01/2026;021;22281;6191114653979;M;995;25H;;1,00;
06/01/2026;021;22295;6191114656208;M;995;25H;;1,00;
06/01/2026;021;22320;6191114659254;4XL;825;25H;;-1,00;
06/01/2026;021;22321;6191114659391;4XL;825;25H;;-1,00;
06/01/2026;021;22328;6191114661431;3XL;995;25H;;1,00;
06/01/2026;021;70224;6191114641785;M;694;25H;;1,00;
06/01/2026;021;91272;6194444115667;TU;815;22H;;4,00;
06/01/2026;021;91502;6191114669116;TU;385;25H;;1,00;
06/01/2026;024;22056;6191114617728;XXL;310;25H;;1,00;
06/01/2026;024;22190;6191114627857;XXL;995;25H;;1,00;
06/01/2026;024;22204;6191114630765;XXL;995;25H;;1,00;
06/01/2026;024;22239;6191114645066;3XL;815;25H;;1,00;
06/01/2026;024;22272;6191114652613;XXL;870;25H;;1,00;
06/01/2026;024;22280;6191114653900;XXL;995;25H;;1,00;
06/01/2026;024;55815;6191114645622;3XL;385;25H;;1,00;
06/01/2026;024;55815;6191114669352;3XL;995;25H;;1,00;
06/01/2026;024;91272;6194444115667;TU;815;22H;;1,00;
06/01/2026;024;91273;6194444115674;TU;815;22H;;4,00;
06/01/2026;024;91509;6191114625280;37;995;25H;;1,00;
06/01/2026;024;91530;6191114648555;TU;010;25H;;1,00;
06/01/2026;029;22216;6191114642607;S;I880;25H;;1,00;
06/01/2026;029;22279;6191114653658;XL;645;25H;;1,00;
06/01/2026;029;22320;6191114659162;L;870;25H;;1,00;
06/01/2026;029;22321;6191114659308;L;870;25H;;1,00;
06/01/2026;029;91273;6194444115674;TU;815;22H;;2,00;
06/01/2026;030;22023;6191114609891;XXL;R010;25H;;1,00;
06/01/2026;030;22026;6191114610187;M;815;25H;;1,00;
06/01/2026;030;22123;6191114646704;S;695;25H;;1,00;
06/01/2026;030;22184;6191114629653;XL;995;25H;;1,00;
06/01/2026;030;22212;6191114641495;M;255;25H;;1,00;
06/01/2026;030;22216;6191114642744;L;I255;25H;;1,00;
06/01/2026;030;22239;6191114644991;L;784;25H;;1,00;
06/01/2026;030;22273;6191114652767;XL;385;25H;;1,00;
06/01/2026;030;22284;6191114654211;L;385;25H;;1,00;
06/01/2026;030;22288;6191114654648;S;995;25H;;1,00;
06/01/2026;030;22326;6191114668348;XXL;995;25H;;1,00;
06/01/2026;030;55809;6191114641990;S;995;25H;;1,00;
06/01/2026;030;55813;6191114645301;XXL;940;25H;;1,00;
06/01/2026;030;70201;6191114608061;XL;R385;25H;;1,00;
06/01/2026;030;70203;6191114608306;XL;R355;25H;;1,00;
06/01/2026;030;70231;6191114658752;3XL;C000;25H;;1,00;
06/01/2026;031;22013;6191114607637;M;995;25H;;1,00;
06/01/2026;031;22033;6191114611054;L;695;25H;;1,00;
06/01/2026;031;22038;6191114611382;L;R385;25H;;1,00;
06/01/2026;031;22038;6191114611412;3XL;R385;25H;;1,00;
06/01/2026;031;22114;6191114645868;XL;020;25H;;1,00;
06/01/2026;031;22127;6191114647138;XL;995;25H;;1,00;
06/01/2026;031;22127;6191114649088;XXL;770;25H;;1,00;
06/01/2026;031;22162;6191114647268;XXL;995;25H;;1,00;
06/01/2026;031;22183;6191114629554;XL;995;25H;;1,00;
06/01/2026;031;22230;6191114644113;XL;880;25H;;1,00;
06/01/2026;031;22272;6191114652583;XL;870;25H;;1,00;
06/01/2026;031;22276;6191114655829;XXL;385;25H;;1,00;
06/01/2026;031;22320;6191114659131;S;825;25H;;1,00;
06/01/2026;031;22321;6191114659292;M;825;25H;;1,00;
06/01/2026;032;22118;6191114646377;M;995;25H;;1,00;
06/01/2026;032;22127;6191114647114;L;995;25H;;1,00;
06/01/2026;032;22298;6191114658257;M;R385;25H;;1,00;
06/01/2026;032;91272;6194444115667;TU;815;22H;;2,00;
06/01/2026;032;91273;6194444115674;TU;815;22H;;1,00;
06/01/2026;032;91504;6191114626331;TU;880;25H;;1,00;
06/01/2026;033;22046;6191114611795;M;C385;25H;;1,00;
06/01/2026;033;22046;6191114611801;L;C385;25H;;1,00;
06/01/2026;033;22241;6191114647374;L;R000;25H;;1,00;
07/01/2026;002;22007;6191114607033;XL;905;25H;;1,00;
07/01/2026;002;22011;6191114607453;XXL;215;25H;;1,00;
07/01/2026;002;22032;6191114610996;3XL;940;25H;;1,00;
07/01/2026;002;22040;6191114611566;L;R010;25H;;1,00;
07/01/2026;002;22040;6191114611597;3XL;R010;25H;;-1,00;
07/01/2026;002;22064;6191114618886;3XL;175;25H;;1,00;
07/01/2026;002;22089;6191114619920;L;995;25H;;-1,00;
07/01/2026;002;22089;6191114619982;3XL;995;25H;;1,00;
07/01/2026;002;22096;6191114620605;L;995;25H;;1,00;
07/01/2026;002;22117;6191114646315;XXL;995;25H;;1,00;
07/01/2026;002;22118;6191114646384;M;874;25H;;-1,00;
07/01/2026;002;22118;6191114646407;L;874;25H;;1,00;
07/01/2026;002;22123;6191114646728;M;695;25H;;-1,00;
07/01/2026;002;22123;6191114646742;L;695;25H;;1,00;
07/01/2026;002;22127;6191114647077;S;995;25H;;1,00;
07/01/2026;002;22137;6191114623378;L;385;25H;;1,00;
07/01/2026;002;22139;6191114624467;L;940;25H;;1,00;
07/01/2026;002;22163;6191114659810;M;C490;25H;;1,00;
07/01/2026;002;22163;6191114659834;L;C490;25H;;-1,00;
07/01/2026;002;22194;6191114628175;L;I880;25H;;1,00;
07/01/2026;002;22205;6191114630796;M;870;25H;;1,00;
07/01/2026;002;22215;6191114642492;L;310;25H;;1,00;
07/01/2026;002;22222;6191114643413;XL;995;25H;;1,00;
07/01/2026;002;22222;6191114643444;XXL;995;25H;;-1,00;
07/01/2026;002;22243;6191114647770;L;995;25H;;1,00;
07/01/2026;002;22243;6191114647794;L;695;25H;;1,00;
07/01/2026;002;22247;6191114648685;M;R270;25H;;1,00;
07/01/2026;002;22262;6191114651333;S;385;25H;;1,00;
07/01/2026;002;22262;6191114651357;M;385;25H;;-1,00;
07/01/2026;002;22268;6191114649750;L;870;25H;;1,00;
07/01/2026;002;22272;6191114652644;3XL;870;25H;;1,00;
07/01/2026;002;22274;6191114652873;L;995;25H;;-1,00;
07/01/2026;002;22274;6191114652880;XL;995;25H;;1,00;
07/01/2026;002;22279;6191114653542;XS;995;25H;;1,00;
07/01/2026;002;22279;6191114653573;S;995;25H;;1,00;
07/01/2026;002;22294;6191114656062;M;950;25H;;-1,00;
07/01/2026;002;22294;6191114656093;L;950;25H;;1,00;
07/01/2026;002;22302;6191114657229;M;245;25H;;1,00;
07/01/2026;002;22322;6191114659421;S;190;25H;;2,00;
07/01/2026;002;22353;6191114668928;M;I010;25H;;1,00;
07/01/2026;002;55808;6191114641228;L;995;25H;;1,00;
07/01/2026;002;55811;6191114644557;S;R310;25H;;1,00;
07/01/2026;002;55811;6191114644571;M;R310;25H;;-1,00;
07/01/2026;002;55811;6191114644601;L;R784;25H;;1,00;
07/01/2026;002;55816;6191114648432;L;R995;25H;;1,00;
07/01/2026;002;55817;6191114654761;L;385;25H;;1,00;
07/01/2026;002;55820;6191114657878;XL;R995;25H;;-1,00;
07/01/2026;002;55820;6191114657892;XXL;R995;25H;;1,00;
07/01/2026;002;70227;6191114652194;L;I740;25H;;-1,00;
07/01/2026;002;70227;6191114652217;XL;I740;25H;;1,00;
07/01/2026;002;91273;6194444115674;TU;815;22H;;1,00;
07/01/2026;005;22033;6191114611092;XXL;695;25H;;1,00;
07/01/2026;005;22040;6191114611566;L;R010;25H;;-1,00;
07/01/2026;005;22064;6191114618848;XXL;855;25H;;1,00;
07/01/2026;005;22080;6191114616998;L;476;25H;;1,00;
07/01/2026;005;22137;6191114623354;M;255;25H;;-1,00;
07/01/2026;005;22137;6191114623385;L;255;25H;;1,00;
07/01/2026;005;22239;6191114644991;L;784;25H;;-1,00;
07/01/2026;005;22239;6191114645028;XL;784;25H;;1,00;
07/01/2026;005;22246;6191114648845;XL;870;25H;;-1,00;
07/01/2026;005;22317;6191114658639;XXL;385;25H;;1,00;
07/01/2026;005;91272;6194444115667;TU;815;22H;;4,00;
07/01/2026;009;21831;6191114583603;XXL;000;25E;;1,00;
07/01/2026;009;55810;6191114642218;M;010;25H;;1,00;
07/01/2026;009;70224;6191114641860;3XL;694;25H;;1,00;
07/01/2026;009;91273;6194444115674;TU;815;22H;;1,00;
07/01/2026;011;21832;6191114583641;S;200;25E;;1,00;
07/01/2026;011;22033;6191114611078;XL;695;25H;;1,00;
07/01/2026;011;22045;6191114611733;XL;695;25H;;1,00;
07/01/2026;011;22088;6191114619869;4XL;995;25H;;1,00;
07/01/2026;011;22113;6191114645783;3XL;990;25H;;1,00;
07/01/2026;011;22117;6191114646315;XXL;995;25H;;1,00;
07/01/2026;011;22188;6191114644717;S/M;995;25H;;1,00;
07/01/2026;011;22198;6191114630192;XL;695;25H;;1,00;
07/01/2026;011;22263;6191114651579;XL;870;25H;;1,00;
07/01/2026;011;22273;6191114652781;XL;824;25H;;1,00;
07/01/2026;011;22312;6191114658158;XL;995;25H;;1,00;
07/01/2026;011;55816;6191114648494;XXL;R995;25H;;1,00;
07/01/2026;011;91272;6194444115667;TU;815;22H;;6,00;
07/01/2026;011;91273;6194444115674;TU;815;22H;;2,00;
07/01/2026;014;22025;6191114610101;XL;995;25H;;1,00;
07/01/2026;014;22030;6191114610699;L;010;25H;;1,00;
07/01/2026;014;22033;6191114611030;M;695;25H;;1,00;
07/01/2026;014;22046;6191114611832;3XL;C385;25H;;1,00;
07/01/2026;014;22052;6191114617155;S;385;25H;;1,00;
07/01/2026;014;22101;6191114621046;XL;995;25H;;1,00;
07/01/2026;014;22115;6191114646018;XL;990;25H;;1,00;
07/01/2026;014;22206;6191114630871;M;195;25H;;1,00;
07/01/2026;014;22237;6191114644830;XXL;I815;25H;;1,00;
07/01/2026;014;22273;6191114652828;3XL;385;25H;;1,00;
07/01/2026;014;22279;6191114653535;XS;645;25H;;1,00;
07/01/2026;014;22284;6191114654242;XL;995;25H;;1,00;
07/01/2026;014;22287;6191114654570;XL;815;25H;;-1,00;
07/01/2026;014;22330;6191114660014;S;724;25H;;1,00;
07/01/2026;014;55814;6191114645417;L;995;25H;;1,00;
07/01/2026;014;70205;6191114612273;M;385;25H;;1,00;
07/01/2026;014;70206;6191114612457;XXL;870;25H;;1,00;
07/01/2026;014;70207;6191114612549;L;R695;25H;;-1,00;
07/01/2026;014;70227;6191114652224;XL;I875;25H;;1,00;
07/01/2026;014;91527;6191114640092;37;870;25H;;1,00;
07/01/2026;015;22026;6191114610248;XXL;815;25H;;1,00;
07/01/2026;015;22117;6191114646216;XS;995;25H;;1,00;
07/01/2026;015;22198;6191114630192;XL;695;25H;;1,00;
07/01/2026;015;22211;6191114641396;XL;694;25H;;1,00;
07/01/2026;015;22211;6191114641402;XL;535;25H;;1,00;
07/01/2026;015;22233;6191114644366;S;000;25H;;1,00;
07/01/2026;015;22289;6191114655225;M;995;25H;;1,00;
07/01/2026;015;91272;6194444115667;TU;815;22H;;2,00;
07/01/2026;015;91532;6191114648609;TU;695;25H;;1,00;
07/01/2026;016;22033;6191114611061;XL;815;25H;;-1,00;
07/01/2026;016;22033;6191114611078;XL;695;25H;;-1,00;
07/01/2026;016;22033;6191114611085;XXL;815;25H;;1,00;
07/01/2026;016;22033;6191114611092;XXL;695;25H;;1,00;
07/01/2026;016;22256;6191114650435;XL;995;25H;;1,00;
07/01/2026;016;22257;6191114650541;L;I740;25H;;1,00;
07/01/2026;016;22259;6191114650909;S;490;25H;;1,00;
07/01/2026;016;22307;6191114669925;S;M870;25H;;1,00;
07/01/2026;016;55816;6191114648449;L;R385;25H;;-1,00;
07/01/2026;016;55816;6191114648470;XL;R385;25H;;1,00;
07/01/2026;016;91272;6194444115667;TU;815;22H;;1,00;
07/01/2026;019;20417;6191114293748;3XL;995;23H;;1,00;
07/01/2026;019;20836;6191114396715;L/XL;995;24E;;1,00;
07/01/2026;019;21182;6191114469525;XL;915;24H;;1,00;
07/01/2026;019;21189;6191114471252;L;I350;24H;;1,00;
07/01/2026;019;21239;6191114480292;L;995;24H;;1,00;
07/01/2026;019;21300;6191114499133;L;E385;24H;;1,00;
07/01/2026;019;21308;6191114492707;L;995;24H;;1,00;
07/01/2026;019;21345;6191114501249;L;995;24H;;1,00;
07/01/2026;019;21402;6191114513341;3XL;824;24H;;1,00;
07/01/2026;019;21479;6191114530867;L;695;24H;;1,00;
07/01/2026;019;21658;6191114553705;L;000;25E;;1,00;
07/01/2026;019;21658;6191114553767;L;995;25E;;1,00;
07/01/2026;019;21659;6191114553880;L;995;25E;;1,00;
07/01/2026;019;21908;6191114600423;XL;645;25E;;1,00;
07/01/2026;019;22004;6191114606432;XL;R000;25H;;1,00;
07/01/2026;019;22004;6191114606470;XXL;R995;25H;;1,00;
07/01/2026;019;22009;6191114607194;XL;380;25H;;-1,00;
07/01/2026;019;22009;6191114607200;XXL;880;25H;;1,00;
07/01/2026;019;22010;6191114607347;3XL;815;25H;;1,00;
07/01/2026;019;22011;6191114607439;XL;215;25H;;1,00;
07/01/2026;019;22024;6191114653252;L;870;25H;;2,00;
07/01/2026;019;22024;6191114653269;XL;870;25H;;1,00;
07/01/2026;019;22025;6191114610088;L;995;25H;;1,00;
07/01/2026;019;22032;6191114610903;M;995;25H;;1,00;
07/01/2026;019;22032;6191114610965;XXL;995;25H;;3,00;
07/01/2026;019;22032;6191114610972;XXL;940;25H;;1,00;
07/01/2026;019;22032;6191114610989;3XL;995;25H;;1,00;
07/01/2026;019;22044;6191114622043;XL;695;25H;;1,00;
07/01/2026;019;22045;6191114611740;XXL;995;25H;;1,00;
07/01/2026;019;22045;6191114611764;3XL;995;25H;;1,00;
07/01/2026;019;22047;6191114611900;XL;385;25H;;1,00;
07/01/2026;019;22048;6191114612013;XL;995;25H;;1,00;
07/01/2026;019;22048;6191114612020;XL;010;25H;;1,00;
07/01/2026;019;22048;6191114612037;XXL;995;25H;;1,00;
07/01/2026;019;22065;6191114618992;XXL;820;25H;;1,00;
07/01/2026;019;22077;6191114626157;XL;326;25H;;1,00;
07/01/2026;019;22083;6191114619098;XL;820;25H;;1,00;
07/01/2026;019;22090;6191114620087;XL;995;25H;;1,00;
07/01/2026;019;22091;6191114620223;XXL;995;25H;;1,00;
07/01/2026;019;22101;6191114621039;L;995;25H;;1,00;
07/01/2026;019;22113;6191114645776;3XL;820;25H;;1,00;
07/01/2026;019;22115;6191114646049;XXL;990;25H;;3,00;
07/01/2026;019;22115;6191114646056;XXL;005;25H;;1,00;
07/01/2026;019;22137;6191114623378;L;385;25H;;1,00;
07/01/2026;019;22137;6191114623484;3XL;235;25H;;2,00;
07/01/2026;019;22139;6191114624511;XXL;995;25H;;1,00;
07/01/2026;019;22151;6191114625723;XL;995;25H;;1,00;
07/01/2026;019;22163;6191114659827;L;C790;25H;;1,00;
07/01/2026;019;22182;6191114629455;3XL;870;25H;;1,00;
07/01/2026;019;22190;6191114627833;L;995;25H;;1,00;
07/01/2026;019;22190;6191114627840;XL;995;25H;;1,00;
07/01/2026;019;22193;6191114628106;3XL;995;25H;;1,00;
07/01/2026;019;22195;6191114628335;M;310;25H;;1,00;
07/01/2026;019;22195;6191114628359;L;215;25H;;2,00;
07/01/2026;019;22195;6191114628366;L;310;25H;;1,00;
07/01/2026;019;22195;6191114628373;L;210;25H;;1,00;
07/01/2026;019;22195;6191114628380;XL;215;25H;;1,00;
07/01/2026;019;22195;6191114628632;3XL;310;25H;;1,00;
07/01/2026;019;22198;6191114630222;3XL;385;25H;;1,00;
07/01/2026;019;22204;6191114630772;3XL;995;25H;;1,00;
07/01/2026;019;22207;6191114640481;XL;784;25H;;1,00;
07/01/2026;019;22207;6191114640504;XXL;880;25H;;1,00;
07/01/2026;019;22209;6191114640771;3XL;815;25H;;1,00;
07/01/2026;019;22222;6191114643383;L;995;25H;;1,00;
07/01/2026;019;22222;6191114643413;XL;995;25H;;1,00;
07/01/2026;019;22222;6191114643444;XXL;995;25H;;1,00;
07/01/2026;019;22230;6191114644106;L;790;25H;;1,00;
07/01/2026;019;22243;6191114647855;XXL;695;25H;;1,00;
07/01/2026;019;22247;6191114648630;S;R385;25H;;1,00;
07/01/2026;019;22247;6191114648692;L;R385;25H;;1,00;
07/01/2026;019;22247;6191114648777;XXL;R270;25H;;1,00;
07/01/2026;019;22256;6191114650411;M;995;25H;;1,00;
07/01/2026;019;22256;6191114650459;3XL;995;25H;;1,00;
07/01/2026;019;22268;6191114653146;3XL;695;25H;;1,00;
07/01/2026;019;22269;6191114653221;3XL;695;25H;;1,00;
07/01/2026;019;22275;6191114652989;XL;790;25H;;1,00;
07/01/2026;019;22277;6191114653443;XL;784;25H;;1,00;
07/01/2026;019;22280;6191114653825;M;000;25H;;1,00;
07/01/2026;019;22295;6191114656246;XL;995;25H;;1,00;
07/01/2026;019;22302;6191114657281;XXL;245;25H;;1,00;
07/01/2026;019;22302;6191114657298;3XL;995;25H;;1,00;
07/01/2026;019;22320;6191114659254;4XL;825;25H;;1,00;
07/01/2026;019;22321;6191114659391;4XL;825;25H;;1,00;
07/01/2026;019;28474;6191113927651;XL;990;21H;;1,00;
07/01/2026;019;28474;6191113927712;L;535;21H;;1,00;
07/01/2026;019;55808;6191114641259;XL;995;25H;;1,00;
07/01/2026;019;55811;6191114644595;L;R310;25H;;1,00;
07/01/2026;019;55818;6191114654945;M;995;25H;;1,00;
07/01/2026;019;55818;6191114654952;M;824;25H;;1,00;
07/01/2026;019;70200;6191114607965;XXL;R940;25H;;1,00;
07/01/2026;019;70201;6191114608061;XL;R385;25H;;2,00;
07/01/2026;019;70202;6191114608191;XXL;995;25H;;1,00;
07/01/2026;019;70210;6191114619227;XXL;R385;25H;;1,00;
07/01/2026;019;70217;6191114647336;XXL;E385;25H;;1,00;
07/01/2026;019;70224;6191114641815;XL;385;25H;;2,00;
07/01/2026;019;70228;6191114649897;XL;995;25H;;1,00;
07/01/2026;019;91501;6191114626300;TU;195;25H;;1,00;
07/01/2026;019;91507;6191114626393;TU;995;25H;;1,00;
07/01/2026;019;91510;6191114625525;41;995;25H;;1,00;
07/01/2026;019;91526;6191114640030;40;995;25H;;1,00;
07/01/2026;021;22024;6191114653320;XL;815;25H;;1,00;
07/01/2026;021;22048;6191114611986;M;010;25H;;1,00;
07/01/2026;021;22084;6191114616493;XL;000;25H;;1,00;
07/01/2026;021;22127;6191114647138;XL;995;25H;;1,00;
07/01/2026;021;22131;6191114623651;XXL;995;25H;;1,00;
07/01/2026;021;22183;6191114629493;S;995;25H;;1,00;
07/01/2026;021;22242;6191114647701;3XL;724;25H;;1,00;
07/01/2026;021;22263;6191114651463;XS;995;25H;;1,00;
07/01/2026;021;22263;6191114651609;XXL;870;25H;;2,00;
07/01/2026;021;22269;6191114653191;L;695;25H;;1,00;
07/01/2026;021;22280;6191114653931;3XL;995;25H;;-1,00;
07/01/2026;021;22300;6191114656833;XL;870;25H;;-1,00;
07/01/2026;021;22321;6191114659308;L;870;25H;;1,00;
07/01/2026;021;22326;6191114668355;XXL;920;25H;;1,00;
07/01/2026;021;70227;6191114652286;4XL;I875;25H;;1,00;
07/01/2026;021;91272;6194444115667;TU;815;22H;;1,00;
07/01/2026;024;22036;6191114611207;XXL;R995;25H;;1,00;
07/01/2026;024;22064;6191114618848;XXL;855;25H;;1,00;
07/01/2026;024;22088;6191114619821;XXL;995;25H;;1,00;
07/01/2026;024;22195;6191114628588;XL;210;25H;;1,00;
07/01/2026;024;22198;6191114630161;L;385;25H;;1,00;
07/01/2026;024;22202;6191114630550;XL;790;25H;;1,00;
07/01/2026;024;22202;6191114630598;3XL;790;25H;;1,00;
07/01/2026;024;22206;6191114630864;M;995;25H;;1,00;
07/01/2026;024;22239;6191114644953;M;995;25H;;1,00;
07/01/2026;024;22239;6191114645011;XL;995;25H;;1,00;
07/01/2026;024;22253;6191114650251;XL;995;25H;;1,00;
07/01/2026;024;55813;6191114645202;M;310;25H;;1,00;
07/01/2026;024;70200;6191114607965;XXL;R940;25H;;-1,00;
07/01/2026;024;70220;6191114631168;M;695;25H;;1,00;
07/01/2026;024;70220;6191114631182;L;695;25H;;1,00;
07/01/2026;024;70231;6191114658707;L;C995;25H;;-1,00;
07/01/2026;024;70231;6191114658745;XXL;C995;25H;;1,00;
07/01/2026;024;91272;6194444115667;TU;815;22H;;1,00;
07/01/2026;024;91273;6194444115674;TU;815;22H;;2,00;
07/01/2026;024;91517;6191114627482;TU;MCO;25H;;1,00;
07/01/2026;029;22115;6191114645974;L;820;25H;;1,00;
07/01/2026;029;22115;6191114645981;L;990;25H;;1,00;
07/01/2026;029;22126;6191114647039;XXL;E385;25H;;1,00;
07/01/2026;029;70206;6191114612419;L;870;25H;;1,00;
07/01/2026;029;91273;6194444115674;TU;815;22H;;1,00;
07/01/2026;030;20431;6191114296367;XL;995;23H;;1,00;
07/01/2026;030;22015;6191114607859;M;695;25H;;1,00;
07/01/2026;030;22068;6191114642386;L;695;25H;;1,00;
07/01/2026;030;22117;6191114646292;XL;995;25H;;1,00;
07/01/2026;030;22177;6191114628908;XL;010;25H;;1,00;
07/01/2026;030;22238;6191114644885;XL;I995;25H;;2,00;
07/01/2026;030;22257;6191114650565;XL;I350;25H;;1,00;
07/01/2026;030;22259;6191114650930;L;010;25H;;1,00;
07/01/2026;030;22264;6191114651708;XL;995;25H;;1,00;
07/01/2026;030;22272;6191114652613;XXL;870;25H;;1,00;
07/01/2026;030;22273;6191114652811;XXL;824;25H;;1,00;
07/01/2026;030;22275;6191114652941;M;790;25H;;1,00;
07/01/2026;030;22288;6191114654662;L;995;25H;;1,00;
07/01/2026;030;22288;6191114654679;XL;995;25H;;1,00;
07/01/2026;030;55810;6191114642249;XL;385;25H;;1,00;
07/01/2026;030;55818;6191114655072;XL;694;25H;;1,00;
07/01/2026;030;70202;6191114608214;3XL;995;25H;;1,00;
07/01/2026;030;70231;6191114658752;3XL;C000;25H;;1,00;
07/01/2026;030;70231;6191114658783;4XL;C995;25H;;1,00;
07/01/2026;030;70233;6191114658905;XXL;995;25H;;1,00;
07/01/2026;030;91509;6191114625341;39;995;25H;;1,00;
07/01/2026;030;91526;6191114640047;40;880;25H;;1,00;
07/01/2026;031;20212;6191114248311;M;995;23H;;1,00;
07/01/2026;031;22005;6191114606524;S;815;25H;;1,00;
07/01/2026;031;22024;6191114653252;L;870;25H;;1,00;
07/01/2026;031;22086;6191114619517;L;995;25H;;1,00;
07/01/2026;031;22182;6191114629400;XL;995;25H;;1,00;
07/01/2026;031;22273;6191114652743;L;695;25H;;1,00;
07/01/2026;031;22295;6191114656291;3XL;695;25H;;1,00;
07/01/2026;032;22013;6191114607705;3XL;870;25H;;1,00;
07/01/2026;032;22030;6191114610644;S;995;25H;;1,00;
07/01/2026;032;22140;6191114624658;3XL;995;25H;;1,00;
07/01/2026;032;22153;6191114625822;XL;995;25H;;-1,00;
07/01/2026;032;22257;6191114650541;L;I740;25H;;1,00;
07/01/2026;032;22258;6191114650794;XL;740;25H;;1,00;
07/01/2026;032;22259;6191114650992;3XL;010;25H;;1,00;
07/01/2026;032;70231;6191114658776;4XL;C000;25H;;1,00;
07/01/2026;032;70232;6191114658844;3XL;995;25H;;1,00;
07/01/2026;032;91273;6194444115674;TU;815;22H;;2,00;
08/01/2026;002;21137;6191114463431;3XL;870;24H;;1,00;
08/01/2026;002;21254;6191114483040;XXL;695;24H;;1,00;
08/01/2026;002;21278;6191114496569;3XL;995;24H;;1,00;
08/01/2026;002;22048;6191114612006;L;010;25H;;1,00;
08/01/2026;002;22054;6191114617438;L;995;25H;;1,00;
08/01/2026;002;22110;6191114622548;L;235;25H;;1,00;
08/01/2026;002;22177;6191114628946;3XL;010;25H;;1,00;
08/01/2026;002;22197;6191114630086;XL;815;25H;;1,00;
08/01/2026;002;22206;6191114630895;L;195;25H;;1,00;
08/01/2026;002;22216;6191114642720;S;I255;25H;;1,00;
08/01/2026;002;22242;6191114647534;L;695;25H;;1,00;
08/01/2026;002;22272;6191114652651;3XL;995;25H;;1,00;
08/01/2026;002;22285;6191114654426;3XL;995;25H;;1,00;
08/01/2026;002;22296;6191114656482;M;215;25H;;-1,00;
08/01/2026;002;22301;6191114657090;M;995;25H;;1,00;
08/01/2026;002;22303;6191114657410;XXL;870;25H;;1,00;
08/01/2026;002;22320;6191114659186;XL;870;25H;;1,00;
08/01/2026;002;22321;6191114659322;XL;870;25H;;1,00;
08/01/2026;002;22325;6191114659957;L;995;25H;;1,00;
08/01/2026;002;22344;6191114668447;M;I815;25H;;1,00;
08/01/2026;002;55800;6191114621640;XXL;385;25H;;1,00;
08/01/2026;002;55811;6191114644656;3XL;R310;25H;;1,00;
08/01/2026;002;55811;6191114644663;3XL;R784;25H;;1,00;
08/01/2026;002;55813;6191114645257;XL;385;25H;;1,00;
08/01/2026;002;55816;6191114648401;M;R995;25H;;1,00;
08/01/2026;002;55816;6191114648487;XL;R990;25H;;1,00;
08/01/2026;002;55816;6191114648548;3XL;R990;25H;;1,00;
08/01/2026;002;55817;6191114654853;3XL;385;25H;;1,00;
08/01/2026;002;70231;6191114658745;XXL;C995;25H;;1,00;
08/01/2026;002;91504;6191114626348;TU;695;25H;;1,00;
08/01/2026;005;22017;6191114609143;S;995;25H;;1,00;
08/01/2026;005;22024;6191114653337;XXL;815;25H;;1,00;
08/01/2026;005;22027;6191114653085;3XL;870;25H;;1,00;
08/01/2026;005;22064;6191114618725;L;695;25H;;1,00;
08/01/2026;005;22267;6191114651845;L;815;25H;;1,00;
08/01/2026;005;22288;6191114654631;XS;995;25H;;1,00;
08/01/2026;005;22317;6191114658646;XXL;195;25H;;1,00;
08/01/2026;005;22318;6191114659032;XXL;235;25H;;1,00;
08/01/2026;005;22320;6191114659148;M;870;25H;;1,00;
08/01/2026;005;70206;6191114612457;XXL;870;25H;;1,00;
08/01/2026;005;70227;6191114652231;XXL;I740;25H;;1,00;
08/01/2026;005;91272;6194444115667;TU;815;22H;;4,00;
08/01/2026;005;91273;6194444115674;TU;815;22H;;3,00;
08/01/2026;005;91506;6191114626379;TU;995;25H;;1,00;
08/01/2026;009;22026;6191114610187;M;815;25H;;1,00;
08/01/2026;009;22057;6191114617780;M;010;25H;;1,00;
08/01/2026;009;22112;6191114622852;XL;R995;25H;;1,00;
08/01/2026;009;22124;6191114646834;M;645;25H;;1,00;
08/01/2026;009;22152;6191114625761;L;995;25H;;1,00;
08/01/2026;009;22182;6191114629363;L;870;25H;;1,00;
08/01/2026;009;22193;6191114628076;L;995;25H;;1,00;
08/01/2026;009;22199;6191114631106;XL;995;25H;;1,00;
08/01/2026;009;22243;6191114647770;L;995;25H;;1,00;
08/01/2026;009;22258;6191114650732;M;740;25H;;1,00;
08/01/2026;009;22259;6191114650961;XL;490;25H;;1,00;
08/01/2026;009;22263;6191114651456;XS;870;25H;;1,00;
08/01/2026;009;22331;6191114660175;M;815;25H;;1,00;
08/01/2026;009;91272;6194444115667;TU;815;22H;;4,00;
08/01/2026;009;91273;6194444115674;TU;815;22H;;2,00;
08/01/2026;011;22130;6191114623514;S;995;25H;;1,00;
08/01/2026;011;22187;6191114644694;L/XL;995;25H;;1,00;
08/01/2026;011;22189;6191114644762;S/M;200;25H;;1,00;
08/01/2026;011;22272;6191114652583;XL;870;25H;;1,00;
08/01/2026;011;22272;6191114652590;XL;995;25H;;1,00;
08/01/2026;011;22276;6191114655775;M;995;25H;;-1,00;
08/01/2026;011;22301;6191114657144;XL;215;25H;;1,00;
08/01/2026;011;55811;6191114644601;L;R784;25H;;1,00;
08/01/2026;011;91273;6194444115674;TU;815;22H;;1,00;
08/01/2026;011;91505;6191114657328;TU;385;25H;;-1,00;
08/01/2026;014;21831;6191114583535;L;995;25E;;1,00;
08/01/2026;014;21859;6191114588790;XL;000;25E;;1,00;
08/01/2026;014;22013;6191114607644;L;870;25H;;1,00;
08/01/2026;014;22018;6191114609327;XL;R385;25H;;1,00;
08/01/2026;014;22024;6191114653306;M;815;25H;;1,00;
08/01/2026;014;22030;6191114610682;L;995;25H;;1,00;
08/01/2026;014;22033;6191114611108;3XL;815;25H;;1,00;
08/01/2026;014;22064;6191114618763;XL;010;25H;;1,00;
08/01/2026;014;22108;6191114622173;XXL;870;25H;;1,00;
08/01/2026;014;22113;6191114645707;L;820;25H;;1,00;
08/01/2026;014;22113;6191114645721;L;005;25H;;1,00;
08/01/2026;014;22122;6191114646667;XL;995;25H;;1,00;
08/01/2026;014;22197;6191114630086;XL;815;25H;;1,00;
08/01/2026;014;22212;6191114641563;XL;235;25H;;1,00;
08/01/2026;014;22216;6191114642706;XXL;I385;25H;;1,00;
08/01/2026;014;22250;6191114649590;M;784;25H;;1,00;
08/01/2026;014;22273;6191114652767;XL;385;25H;;1,00;
08/01/2026;014;22273;6191114652774;XL;695;25H;;1,00;
08/01/2026;014;22273;6191114652781;XL;824;25H;;1,00;
08/01/2026;014;22284;6191114654259;XXL;385;25H;;1,00;
08/01/2026;014;22285;6191114654419;3XL;385;25H;;1,00;
08/01/2026;014;22289;6191114655270;XL;476;25H;;1,00;
08/01/2026;014;22321;6191114659308;L;870;25H;;1,00;
08/01/2026;014;22343;6191114661462;XXL;I634;25H;;1,00;
08/01/2026;014;55813;6191114645240;L;940;25H;;1,00;
08/01/2026;014;55816;6191114648432;L;R995;25H;;1,00;
08/01/2026;014;55816;6191114648524;3XL;R995;25H;;1,00;
08/01/2026;014;70226;6191114652125;4XL;I995;25H;;1,00;
08/01/2026;014;70230;6191114658219;XL;I995;25H;;1,00;
08/01/2026;014;70231;6191114658691;L;C000;25H;;-1,00;
08/01/2026;014;70231;6191114658738;XXL;C000;25H;;1,00;
08/01/2026;014;70232;6191114658806;M;995;25H;;1,00;
08/01/2026;014;91527;6191114640092;37;870;25H;;-1,00;
08/01/2026;014;91527;6191114640115;38;870;25H;;1,00;
08/01/2026;015;22020;6191114609587;XXL;695;25H;;1,00;
08/01/2026;015;22032;6191114610958;XL;940;25H;;1,00;
08/01/2026;015;22080;6191114616967;M;380;25H;;1,00;
08/01/2026;015;22105;6191114621220;XL;000;25H;;1,00;
08/01/2026;015;22122;6191114646681;3XL;995;25H;;1,00;
08/01/2026;015;22140;6191114624634;XL;995;25H;;1,00;
08/01/2026;015;22162;6191114647244;XL;995;25H;;1,00;
08/01/2026;015;22198;6191114630178;L;695;25H;;1,00;
08/01/2026;015;22198;6191114630192;XL;695;25H;;-1,00;
08/01/2026;015;22208;6191114640641;XXL;995;25H;;1,00;
08/01/2026;015;22211;6191114641372;L;694;25H;;1,00;
08/01/2026;015;22229;6191114644014;L;995;25H;;1,00;
08/01/2026;015;22242;6191114647503;M;724;25H;;1,00;
08/01/2026;015;22285;6191114654372;XL;385;25H;;1,00;
08/01/2026;015;70202;6191114608177;XL;995;25H;;1,00;
08/01/2026;015;91272;6194444115667;TU;815;22H;;3,00;
08/01/2026;016;21431;6191114527447;XXL;170;24H;;1,00;
08/01/2026;016;21914;6191114601147;S;385;25E;;1,00;
08/01/2026;016;22024;6191114653252;L;870;25H;;1,00;
08/01/2026;016;22033;6191114611115;3XL;695;25H;;1,00;
08/01/2026;016;22068;6191114615786;XL;995;25H;;1,00;
08/01/2026;016;22068;6191114642393;XL;695;25H;;1,00;
08/01/2026;016;22175;6191114628816;XL;990;25H;;1,00;
08/01/2026;016;22183;6191114629554;XL;995;25H;;-1,00;
08/01/2026;016;22183;6191114629578;XXL;995;25H;;1,00;
08/01/2026;016;22202;6191114630567;XXL;995;25H;;1,00;
08/01/2026;016;22237;6191114644816;L;I815;25H;;1,00;
08/01/2026;016;22250;6191114649545;S;815;25H;;1,00;
08/01/2026;016;22250;6191114649637;XL;815;25H;;-1,00;
08/01/2026;016;22295;6191114656291;3XL;695;25H;;1,00;
08/01/2026;016;70206;6191114612433;XL;870;25H;;1,00;
08/01/2026;016;70233;6191114658882;L;995;25H;;1,00;
08/01/2026;016;91272;6194444115667;TU;815;22H;;3,00;
08/01/2026;019;20116;6191114241527;L;385;23H;;1,00;
08/01/2026;019;20322;6191114273610;M;I940;23H;;1,00;
08/01/2026;019;20322;6191114273627;L;I940;23H;;1,00;
08/01/2026;019;20322;6191114273689;M;I145;23H;;1,00;
08/01/2026;019;20322;6191114273719;XXL;I145;23H;;1,00;
08/01/2026;019;20354;6191114297357;XL;685;23H;;1,00;
08/01/2026;019;20416;6191114293601;L;995;23H;;1,00;
08/01/2026;019;20416;6191114293618;XL;995;23H;;1,00;
08/01/2026;019;20416;6191114293632;3XL;995;23H;;1,00;
08/01/2026;019;20715;6191114360655;L;I235;24E;;1,00;
08/01/2026;019;20811;6191114391710;XL;385;24E;;1,00;
08/01/2026;019;20836;6191114396715;L/XL;995;24E;;2,00;
08/01/2026;019;20836;6191114396746;L/XL;385;24E;;2,00;
08/01/2026;019;20836;6191114396777;L/XL;990;24E;;2,00;
08/01/2026;019;21073;6191114448506;M;740;24H;;1,00;
08/01/2026;019;21136;6191114463271;XL;815;24H;;1,00;
08/01/2026;019;21221;6191114479036;XXL;935;24H;;1,00;
08/01/2026;019;21405;6191114513679;XXL;995;24H;;1,00;
08/01/2026;019;21490;6191114537712;L;995;25E;;1,00;
08/01/2026;019;21490;6191114537736;XL;995;25E;;1,00;
08/01/2026;019;21546;6191114542976;38;000;25E;;1,00;
08/01/2026;019;21587;6191114567863;40;010;25E;;1,00;
08/01/2026;019;21659;6191114553903;XXL;995;25E;;1,00;
08/01/2026;019;21659;6191114588905;XL;005;25E;;1,00;
08/01/2026;019;22005;6191114606722;3XL;815;25H;;1,00;
08/01/2026;019;22005;6191114606746;3XL;995;25H;;1,00;
08/01/2026;019;22006;6191114606845;L;815;25H;;1,00;
08/01/2026;019;22010;6191114607316;XL;995;25H;;1,00;
08/01/2026;019;22019;6191114609426;L;815;25H;;2,00;
08/01/2026;019;22022;6191114609754;XL;R010;25H;;2,00;
08/01/2026;019;22024;6191114653269;XL;870;25H;;1,00;
08/01/2026;019;22024;6191114653276;XXL;870;25H;;1,00;
08/01/2026;019;22025;6191114610118;XL;010;25H;;1,00;
08/01/2026;019;22031;6191114610835;XL;695;25H;;1,00;
08/01/2026;019;22032;6191114610910;M;940;25H;;1,00;
08/01/2026;019;22032;6191114610927;L;995;25H;;1,00;
08/01/2026;019;22032;6191114610996;3XL;940;25H;;1,00;
08/01/2026;019;22047;6191114611887;L;385;25H;;2,00;
08/01/2026;019;22047;6191114611900;XL;385;25H;;1,00;
08/01/2026;019;22061;6191114618183;XL;R385;25H;;1,00;
08/01/2026;019;22066;6191114615632;XXL;815;25H;;1,00;
08/01/2026;019;22071;6191114616141;XL;195;25H;;1,00;
08/01/2026;019;22087;6191114619678;XL;385;25H;;1,00;
08/01/2026;019;22100;6191114620971;L;995;25H;;1,00;
08/01/2026;019;22113;6191114645653;S;990;25H;;1,00;
08/01/2026;019;22117;6191114646278;L;995;25H;;1,00;
08/01/2026;019;22118;6191114646407;L;874;25H;;2,00;
08/01/2026;019;22123;6191114646704;S;695;25H;;1,00;
08/01/2026;019;22123;6191114646803;3XL;695;25H;;1,00;
08/01/2026;019;22130;6191114623576;XL;995;25H;;1,00;
08/01/2026;019;22137;6191114623408;XL;385;25H;;2,00;
08/01/2026;019;22137;6191114623453;XXL;235;25H;;1,00;
08/01/2026;019;22173;6191114628694;XL;995;25H;;1,00;
08/01/2026;019;22175;6191114628786;S;990;25H;;1,00;
08/01/2026;019;22177;6191114628922;XXL;010;25H;;2,00;
08/01/2026;019;22182;6191114629301;S;870;25H;;1,00;
08/01/2026;019;22182;6191114629462;3XL;995;25H;;1,00;
08/01/2026;019;22184;6191114629653;XL;995;25H;;1,00;
08/01/2026;019;22186;6191114627765;XL;784;25H;;1,00;
08/01/2026;019;22195;6191114628373;L;210;25H;;1,00;
08/01/2026;019;22195;6191114628380;XL;215;25H;;1,00;
08/01/2026;019;22200;6191114630284;L;010;25H;;1,00;
08/01/2026;019;22200;6191114630307;XL;010;25H;;1,00;
08/01/2026;019;22202;6191114630482;S;995;25H;;1,00;
08/01/2026;019;22202;6191114630543;XL;995;25H;;1,00;
08/01/2026;019;22205;6191114630819;XL;870;25H;;3,00;
08/01/2026;019;22207;6191114640542;3XL;784;25H;;1,00;
08/01/2026;019;22212;6191114641518;L;385;25H;;1,00;
08/01/2026;019;22213;6191114642331;XL;815;25H;;1,00;
08/01/2026;019;22233;6191114644427;XL;000;25H;;1,00;
08/01/2026;019;22238;6191114644892;XXL;I995;25H;;1,00;
08/01/2026;019;22241;6191114647374;L;R000;25H;;1,00;
08/01/2026;019;22243;6191114647718;S;995;25H;;1,00;
08/01/2026;019;22243;6191114647732;S;695;25H;;1,00;
08/01/2026;019;22243;6191114647879;3XL;215;25H;;1,00;
08/01/2026;019;22246;6191114648791;S;995;25H;;1,00;
08/01/2026;019;22247;6191114648692;L;R385;25H;;1,00;
08/01/2026;019;22250;6191114649545;S;815;25H;;1,00;
08/01/2026;019;22257;6191114650473;S;I350;25H;;1,00;
08/01/2026;019;22266;6191114652309;TU;995;25H;;1,00;
08/01/2026;019;22280;6191114653870;XL;995;25H;;1,00;
08/01/2026;019;22301;6191114657168;XXL;215;25H;;1,00;
08/01/2026;019;22302;6191114657236;L;995;25H;;1,00;
08/01/2026;019;22302;6191114657250;XL;995;25H;;1,00;
08/01/2026;019;22302;6191114657274;XXL;995;25H;;2,00;
08/01/2026;019;22302;6191114657304;3XL;245;25H;;1,00;
08/01/2026;019;22309;6191114657991;M;995;25H;;1,00;
08/01/2026;019;22309;6191114658004;L;995;25H;;1,00;
08/01/2026;019;22310;6191114658035;S;995;25H;;1,00;
08/01/2026;019;22312;6191114658127;S;995;25H;;1,00;
08/01/2026;019;22343;6191114661363;XL;I634;25H;;1,00;
08/01/2026;019;22351;6191114668829;M;I815;25H;;1,00;
08/01/2026;019;55808;6191114641198;M;995;25H;;1,00;
08/01/2026;019;55813;6191114645264;XL;310;25H;;1,00;
08/01/2026;019;55818;6191114654990;L;995;25H;;1,00;
08/01/2026;019;55818;6191114655034;XL;385;25H;;1,00;
08/01/2026;019;55818;6191114655058;XL;824;25H;;1,00;
08/01/2026;019;70217;6191114649385;L;I385;25H;;1,00;
08/01/2026;019;70220;6191114631205;XL;695;25H;;1,00;
08/01/2026;019;70226;6191114652002;L;I995;25H;;1,00;
08/01/2026;019;70226;6191114652071;XXL;I880;25H;;1,00;
08/01/2026;019;70226;6191114652095;3XL;I995;25H;;1,00;
08/01/2026;019;70228;6191114649880;L;995;25H;;1,00;
08/01/2026;019;91503;6191114626317;TU;385;25H;;2,00;
08/01/2026;019;91504;6191114626355;TU;784;25H;;1,00;
08/01/2026;021;22055;6191114617629;3XL;870;25H;;1,00;
08/01/2026;021;22091;6191114620193;XL;815;25H;;1,00;
08/01/2026;021;22133;6191114624030;XL;645;25H;;1,00;
08/01/2026;021;22151;6191114625723;XL;995;25H;;1,00;
08/01/2026;021;22188;6191114644731;L/XL;995;25H;;1,00;
08/01/2026;021;22206;6191114630918;XL;195;25H;;1,00;
08/01/2026;021;22263;6191114651470;XS;010;25H;;1,00;
08/01/2026;021;22285;6191114654334;M;385;25H;;1,00;
08/01/2026;021;22285;6191114654419;3XL;385;25H;;1,00;
08/01/2026;021;22288;6191114654662;L;995;25H;;1,00;
08/01/2026;021;22303;6191114657335;S;870;25H;;1,00;
08/01/2026;021;55813;6191114645240;L;940;25H;;1,00;
08/01/2026;021;70232;6191114658837;XXL;995;25H;;1,00;
08/01/2026;021;91272;6194444115667;TU;815;22H;;4,00;
08/01/2026;024;22037;6191114611290;L;010;25H;;1,00;
08/01/2026;024;22092;6191114620308;L;995;25H;;1,00;
08/01/2026;024;22100;6191114620971;L;995;25H;;1,00;
08/01/2026;024;22127;6191114647152;XXL;995;25H;;1,00;
08/01/2026;024;22139;6191114624436;M;940;25H;;1,00;
08/01/2026;024;22139;6191114624467;L;940;25H;;1,00;
08/01/2026;024;22163;6191114659803;M;C790;25H;;1,00;
08/01/2026;024;22195;6191114628380;XL;215;25H;;1,00;
08/01/2026;024;22206;6191114630949;3XL;995;25H;;1,00;
08/01/2026;024;22207;6191114640450;L;784;25H;;1,00;
08/01/2026;024;22286;6191114654464;XL;995;25H;;1,00;
08/01/2026;024;22294;6191114656130;XXL;870;25H;;1,00;
08/01/2026;024;22309;6191114657991;M;995;25H;;1,00;
08/01/2026;024;91272;6194444115667;TU;815;22H;;1,00;
08/01/2026;024;91273;6194444115674;TU;815;22H;;1,00;
08/01/2026;024;91527;6191114640139;39;870;25H;;1,00;
08/01/2026;029;22177;6191114628939;XXL;215;25H;;1,00;
08/01/2026;029;22246;6191114648876;XXL;995;25H;;1,00;
08/01/2026;029;91273;6194444115674;TU;815;22H;;1,00;
08/01/2026;030;21829;6191114583320;XL;MCO;25E;;1,00;
08/01/2026;030;22053;6191114617315;L;995;25H;;1,00;
08/01/2026;030;22100;6191114620964;M;995;25H;;1,00;
08/01/2026;030;22100;6191114620971;L;995;25H;;-1,00;
08/01/2026;030;22151;6191114625723;XL;995;25H;;1,00;
08/01/2026;030;22163;6191114659858;XXL;C790;25H;;1,00;
08/01/2026;030;22163;6191114659872;3XL;C790;25H;;-1,00;
08/01/2026;030;22177;6191114628922;XXL;010;25H;;-1,00;
08/01/2026;030;22177;6191114628946;3XL;010;25H;;1,00;
08/01/2026;030;22204;6191114630758;XL;995;25H;;1,00;
08/01/2026;030;22204;6191114630765;XXL;995;25H;;-1,00;
08/01/2026;030;22212;6191114641563;XL;235;25H;;-1,00;
08/01/2026;030;22212;6191114641594;XXL;235;25H;;1,00;
08/01/2026;030;22239;6191114644984;L;995;25H;;1,00;
08/01/2026;030;22279;6191114653634;L;995;25H;;1,00;
08/01/2026;030;22284;6191114654204;M;995;25H;;1,00;
08/01/2026;030;22295;6191114656208;M;995;25H;;1,00;
08/01/2026;030;22328;6191114661400;L;995;25H;;1,00;
08/01/2026;030;22328;6191114661431;3XL;995;25H;;-1,00;
08/01/2026;030;55815;6191114669338;XL;995;25H;;1,00;
08/01/2026;030;70201;6191114608061;XL;R385;25H;;1,00;
08/01/2026;030;70206;6191114612433;XL;870;25H;;1,00;
08/01/2026;030;70226;6191114652033;XL;I995;25H;;1,00;
08/01/2026;030;70226;6191114652064;XXL;I995;25H;;-1,00;
08/01/2026;030;70231;6191114658738;XXL;C000;25H;;1,00;
08/01/2026;030;70231;6191114658752;3XL;C000;25H;;-1,00;
08/01/2026;030;70233;6191114658868;S;995;25H;;1,00;
08/01/2026;031;22239;6191114644953;M;995;25H;;1,00;
08/01/2026;031;22259;6191114651029;4XL;490;25H;;1,00;
08/01/2026;031;22284;6191114654181;S;995;25H;;1,00;
08/01/2026;031;22284;6191114654204;M;995;25H;;-1,00;
08/01/2026;031;22285;6191114654327;S;995;25H;;-1,00;
08/01/2026;031;22285;6191114654341;M;995;25H;;1,00;
08/01/2026;031;22303;6191114657359;M;870;25H;;1,00;
08/01/2026;031;22317;6191114658554;S;385;25H;;1,00;
08/01/2026;031;70226;6191114652101;3XL;I880;25H;;1,00;
08/01/2026;031;70233;6191114658929;4XL;995;25H;;1,00;
08/01/2026;033;22222;6191114643321;S;995;25H;;1,00;
08/01/2026;033;22289;6191114655232;M;476;25H;;1,00;
08/01/2026;033;91272;6194444115667;TU;815;22H;;2,00;
09/01/2026;002;20459;6191114302518;L;I995;23H;;1,00;
09/01/2026;002;20473;6191114303980;M;385;23H;;1,00;
09/01/2026;002;21479;6191114530898;XXL;995;24H;;1,00;
09/01/2026;002;22006;6191114606760;S;815;25H;;1,00;
09/01/2026;002;22011;6191114607415;L;215;25H;;1,00;
09/01/2026;002;22028;6191114610484;XXL;870;25H;;1,00;
09/01/2026;002;22055;6191114617568;L;870;25H;;1,00;
09/01/2026;002;22070;6191114615991;L;385;25H;;1,00;
09/01/2026;002;22115;6191114645974;L;820;25H;;1,00;
09/01/2026;002;22123;6191114646759;XL;995;25H;;1,00;
09/01/2026;002;22194;6191114628144;M;I880;25H;;1,00;
09/01/2026;002;22194;6191114628168;M;I255;25H;;1,00;
09/01/2026;002;22194;6191114628175;L;I880;25H;;1,00;
09/01/2026;002;22206;6191114630918;XL;195;25H;;1,00;
09/01/2026;002;22212;6191114641563;XL;235;25H;;-1,00;
09/01/2026;002;22216;6191114642690;XL;I385;25H;;1,00;
09/01/2026;002;22216;6191114642706;XXL;I385;25H;;-1,00;
09/01/2026;002;22243;6191114647787;L;215;25H;;1,00;
09/01/2026;002;22243;6191114647831;XXL;995;25H;;1,00;
09/01/2026;002;22303;6191114657410;XXL;870;25H;;1,00;
09/01/2026;002;22317;6191114658615;XL;385;25H;;1,00;
09/01/2026;002;22317;6191114658622;XL;195;25H;;1,00;
09/01/2026;002;22318;6191114658974;M;235;25H;;1,00;
09/01/2026;002;22330;6191114660106;XXL;220;25H;;1,00;
09/01/2026;002;22355;6191114669017;L;995;25H;;1,00;
09/01/2026;002;55813;6191114645264;XL;310;25H;;1,00;
09/01/2026;002;55815;6191114645561;L;385;25H;;1,00;
09/01/2026;002;70220;6191114631229;XXL;695;25H;;1,00;
09/01/2026;002;91272;6194444115667;TU;815;22H;;1,00;
09/01/2026;002;91526;6191114639997;38;995;25H;;1,00;
09/01/2026;005;21828;6191114583276;3XL;000;25E;;1,00;
09/01/2026;005;22018;6191114609280;M;R385;25H;;1,00;
09/01/2026;005;22030;6191114610651;S;010;25H;;1,00;
09/01/2026;005;22046;6191114611825;XXL;C385;25H;;1,00;
09/01/2026;005;22064;6191114618824;XXL;695;25H;;1,00;
09/01/2026;005;22126;6191114649316;M;760;25H;;1,00;
09/01/2026;005;22163;6191114659780;S;C790;25H;;1,00;
09/01/2026;005;22186;6191114627734;L;385;25H;;1,00;
09/01/2026;005;55801;6191114621879;3XL;975;25H;;1,00;
09/01/2026;005;55808;6191114641228;L;995;25H;;-1,00;
09/01/2026;005;55808;6191114641259;XL;995;25H;;1,00;
09/01/2026;005;55816;6191114648548;3XL;R990;25H;;1,00;
09/01/2026;005;91272;6194444115667;TU;815;22H;;1,00;
09/01/2026;005;91273;6194444115674;TU;815;22H;;3,00;
09/01/2026;009;21119;6191114453760;M;R350;24H;;1,00;
09/01/2026;009;22031;6191114610811;L;695;25H;;1,00;
09/01/2026;009;22124;6191114646865;L;995;25H;;1,00;
09/01/2026;009;22153;6191114625808;M;995;25H;;1,00;
09/01/2026;009;22239;6191114644939;S;784;25H;;1,00;
09/01/2026;009;22259;6191114650985;XXL;490;25H;;1,00;
09/01/2026;009;55813;6191114645219;M;940;25H;;1,00;
09/01/2026;009;55813;6191114645240;L;940;25H;;-1,00;
09/01/2026;009;91272;6194444115667;TU;815;22H;;3,00;
09/01/2026;009;91273;6194444115674;TU;815;22H;;1,00;
09/01/2026;011;22024;6191114653313;L;815;25H;;1,00;
09/01/2026;011;22031;6191114610781;M;995;25H;;1,00;
09/01/2026;011;22031;6191114610804;L;995;25H;;-1,00;
09/01/2026;011;22075;6191114616547;S;385;25H;;1,00;
09/01/2026;011;22113;6191114645738;XL;820;25H;;1,00;
09/01/2026;011;22187;6191114644670;S/M;995;25H;;1,00;
09/01/2026;011;22211;6191114641372;L;694;25H;;1,00;
09/01/2026;011;91272;6194444115667;TU;815;22H;;3,00;
09/01/2026;014;21826;6191114582811;L;995;25E;;1,00;
09/01/2026;014;22013;6191114607675;XL;995;25H;;1,00;
09/01/2026;014;22033;6191114611092;XXL;695;25H;;1,00;
09/01/2026;014;22036;6191114611184;XL;R995;25H;;1,00;
09/01/2026;014;22085;6191114619432;XXL;195;25H;;1,00;
09/01/2026;014;22111;6191114622678;XL;255;25H;;1,00;
09/01/2026;014;22113;6191114645714;L;990;25H;;1,00;
09/01/2026;014;22174;6191114628755;XL;990;25H;;1,00;
09/01/2026;014;22187;6191114644687;S/M;200;25H;;1,00;
09/01/2026;014;22206;6191114630932;XXL;195;25H;;1,00;
09/01/2026;014;22262;6191114651425;XXL;490;25H;;1,00;
09/01/2026;014;22263;6191114651623;XXL;010;25H;;1,00;
09/01/2026;014;22272;6191114652651;3XL;995;25H;;1,00;
09/01/2026;014;22291;6191114655416;M;495;25H;;1,00;
09/01/2026;014;22303;6191114657410;XXL;870;25H;;-1,00;
09/01/2026;014;22308;6191114657694;S;870;25H;;1,00;
09/01/2026;014;22323;6191114659636;3XL;995;25H;;1,00;
09/01/2026;014;22332;6191114660540;XL;870;25H;;1,00;
09/01/2026;014;70206;6191114612419;L;870;25H;;1,00;
09/01/2026;014;70206;6191114612440;XL;995;25H;;1,00;
09/01/2026;014;70226;6191114652095;3XL;I995;25H;;1,00;
09/01/2026;014;70231;6191114658707;L;C995;25H;;1,00;
09/01/2026;015;22003;6191114606227;L;R000;25H;;1,00;
09/01/2026;015;22003;6191114606319;3XL;R000;25H;;-1,00;
09/01/2026;015;22048;6191114612006;L;010;25H;;1,00;
09/01/2026;015;22070;6191114615977;M;385;25H;;-1,00;
09/01/2026;015;22070;6191114615991;L;385;25H;;1,00;
09/01/2026;015;22115;6191114645981;L;990;25H;;1,00;
09/01/2026;015;22139;6191114624405;S;940;25H;;1,00;
09/01/2026;015;22183;6191114629516;M;995;25H;;1,00;
09/01/2026;015;22183;6191114629530;L;995;25H;;1,00;
09/01/2026;015;22201;6191114630383;M;815;25H;;1,00;
09/01/2026;015;22258;6191114650688;S;385;25H;;1,00;
09/01/2026;015;22258;6191114650749;L;385;25H;;-1,00;
09/01/2026;015;22258;6191114650770;XL;385;25H;;1,00;
09/01/2026;015;22272;6191114652606;XL;010;25H;;1,00;
09/01/2026;015;22280;6191114653894;XXL;645;25H;;1,00;
09/01/2026;015;22285;6191114654341;M;995;25H;;1,00;
09/01/2026;015;22289;6191114655195;XS;476;25H;;1,00;
09/01/2026;015;22289;6191114655270;XL;476;25H;;1,00;
09/01/2026;015;91272;6194444115667;TU;815;22H;;5,00;
09/01/2026;015;91509;6191114625310;38;995;25H;;1,00;
09/01/2026;016;21381;6191114508453;S;995;24H;;1,00;
09/01/2026;016;21835;6191114584372;3XL;000;25E;;1,00;
09/01/2026;016;21906;6191114600188;3XL;385;25E;;1,00;
09/01/2026;016;22033;6191114611115;3XL;695;25H;;-1,00;
09/01/2026;016;22045;6191114611726;XL;995;25H;;1,00;
09/01/2026;016;22056;6191114617704;XL;310;25H;;1,00;
09/01/2026;016;22115;6191114646070;3XL;990;25H;;1,00;
09/01/2026;016;22194;6191114628250;XXL;I255;25H;;1,00;
09/01/2026;016;22216;6191114642690;XL;I385;25H;;1,00;
09/01/2026;016;22216;6191114642768;XXL;I255;25H;;1,00;
09/01/2026;016;22244;6191114648043;3XL;995;25H;;1,00;
09/01/2026;016;22259;6191114650961;XL;490;25H;;1,00;
09/01/2026;016;22274;6191114652903;3XL;995;25H;;1,00;
09/01/2026;016;22276;6191114655799;L;995;25H;;1,00;
09/01/2026;016;22276;6191114655829;XXL;385;25H;;1,00;
09/01/2026;016;55820;6191114657892;XXL;R995;25H;;1,00;
09/01/2026;016;70217;6191114647343;3XL;E385;25H;;1,00;
09/01/2026;016;70233;6191114658905;XXL;995;25H;;1,00;
09/01/2026;016;91272;6194444115667;TU;815;22H;;3,00;
09/01/2026;016;91273;6194444115674;TU;815;22H;;2,00;
09/01/2026;019;20155;6191114262430;XL;625;23H;;1,00;
09/01/2026;019;20159;6191114307926;XL;740;23H;;1,00;
09/01/2026;019;20164;6191114235021;XXL;995;23H;;2,00;
09/01/2026;019;20168;6191114236127;XXL;010;23H;;2,00;
09/01/2026;019;20177;6191114238435;XXL;410;23H;;1,00;
09/01/2026;019;20206;6191114261563;XL;I000;23H;;1,00;
09/01/2026;019;20322;6191114273788;XXL;I235;23H;;1,00;
09/01/2026;019;20343;6191114277618;XL;995;23H;;1,00;
09/01/2026;019;20343;6191114277717;L;490;23H;;1,00;
09/01/2026;019;20343;6191114277724;XL;490;23H;;1,00;
09/01/2026;019;20416;6191114293625;XXL;995;23H;;1,00;
09/01/2026;019;20418;6191114293847;XXL;995;23H;;1,00;
09/01/2026;019;20447;6191114299771;XL;190;23H;;1,00;
09/01/2026;019;20836;6191114396746;L/XL;385;24E;;1,00;
09/01/2026;019;20836;6191114396777;L/XL;990;24E;;1,00;
09/01/2026;019;21136;6191114463295;XXL;815;24H;;1,00;
09/01/2026;019;21237;6191114477957;37;995;24H;;1,00;
09/01/2026;019;21420;6191114514256;S;695;24H;;1,00;
09/01/2026;019;21420;6191114514263;M;995;24H;;1,00;
09/01/2026;019;21421;6191114514386;M;995;24H;;1,00;
09/01/2026;019;21421;6191114514393;M;695;24H;;1,00;
09/01/2026;019;21475;6191114532489;L;695;24H;;1,00;
09/01/2026;019;21485;6191114537019;M;995;24H;;1,00;
09/01/2026;019;21485;6191114540323;S;695;24H;;1,00;
09/01/2026;019;21688;6191114566217;L;476;25E;;1,00;
09/01/2026;019;22011;6191114607415;L;215;25H;;1,00;
09/01/2026;019;22011;6191114607453;XXL;215;25H;;1,00;
09/01/2026;019;22022;6191114609754;XL;R010;25H;;1,00;
09/01/2026;019;22024;6191114653252;L;870;25H;;1,00;
09/01/2026;019;22024;6191114653269;XL;870;25H;;1,00;
09/01/2026;019;22024;6191114653283;3XL;870;25H;;1,00;
09/01/2026;019;22030;6191114610682;L;995;25H;;-1,00;
09/01/2026;019;22032;6191114610903;M;995;25H;;1,00;
09/01/2026;019;22032;6191114610910;M;940;25H;;1,00;
09/01/2026;019;22032;6191114610927;L;995;25H;;1,00;
09/01/2026;019;22044;6191114609112;XL;995;25H;;1,00;
09/01/2026;019;22045;6191114611719;L;695;25H;;1,00;
09/01/2026;019;22045;6191114611733;XL;695;25H;;1,00;
09/01/2026;019;22048;6191114612020;XL;010;25H;;1,00;
09/01/2026;019;22054;6191114617476;XXL;995;25H;;-1,00;
09/01/2026;019;22083;6191114619081;XL;350;25H;;-1,00;
09/01/2026;019;22088;6191114619845;3XL;995;25H;;1,00;
09/01/2026;019;22090;6191114620087;XL;995;25H;;1,00;
09/01/2026;019;22092;6191114620346;XXL;995;25H;;1,00;
09/01/2026;019;22108;6191114622166;XL;870;25H;;1,00;
09/01/2026;019;22115;6191114646001;XL;820;25H;;1,00;
09/01/2026;019;22117;6191114646254;M;995;25H;;1,00;
09/01/2026;019;22135;6191114624139;M;870;25H;;-1,00;
09/01/2026;019;22137;6191114623378;L;385;25H;;1,00;
09/01/2026;019;22137;6191114623415;XL;255;25H;;1,00;
09/01/2026;019;22137;6191114623484;3XL;235;25H;;1,00;
09/01/2026;019;22146;6191114630024;XXL;995;25H;;1,00;
09/01/2026;019;22150;6191114625655;XL;995;25H;;1,00;
09/01/2026;019;22163;6191114659858;XXL;C790;25H;;-1,00;
09/01/2026;019;22175;6191114628816;XL;990;25H;;1,00;
09/01/2026;019;22195;6191114628380;XL;215;25H;;1,00;
09/01/2026;019;22200;6191114630307;XL;010;25H;;1,00;
09/01/2026;019;22202;6191114630567;XXL;995;25H;;1,00;
09/01/2026;019;22204;6191114630758;XL;995;25H;;1,00;
09/01/2026;019;22209;6191114640719;L;815;25H;;1,00;
09/01/2026;019;22212;6191114641525;L;255;25H;;1,00;
09/01/2026;019;22243;6191114647770;L;995;25H;;1,00;
09/01/2026;019;22243;6191114647794;L;695;25H;;1,00;
09/01/2026;019;22246;6191114648845;XL;870;25H;;1,00;
09/01/2026;019;22246;6191114648883;3XL;870;25H;;-1,00;
09/01/2026;019;22247;6191114648661;M;R385;25H;;1,00;
09/01/2026;019;22247;6191114648685;M;R270;25H;;1,00;
09/01/2026;019;22247;6191114648715;L;R270;25H;;1,00;
09/01/2026;019;22247;6191114648746;XL;R270;25H;;1,00;
09/01/2026;019;22250;6191114649637;XL;815;25H;;1,00;
09/01/2026;019;22256;6191114650435;XL;995;25H;;1,00;
09/01/2026;019;22275;6191114653023;3XL;790;25H;;1,00;
09/01/2026;019;22277;6191114653368;XS;784;25H;;1,00;
09/01/2026;019;22277;6191114653399;M;815;25H;;1,00;
09/01/2026;019;22280;6191114653931;3XL;995;25H;;1,00;
09/01/2026;019;22280;6191114653948;3XL;000;25H;;1,00;
09/01/2026;019;22294;6191114656093;L;950;25H;;1,00;
09/01/2026;019;22294;6191114656123;XL;950;25H;;1,00;
09/01/2026;019;22297;6191114656666;L;215;25H;;1,00;
09/01/2026;019;22300;6191114656833;XL;870;25H;;2,00;
09/01/2026;019;22302;6191114657236;L;995;25H;;1,00;
09/01/2026;019;22302;6191114657298;3XL;995;25H;;1,00;
09/01/2026;019;22302;6191114657304;3XL;245;25H;;1,00;
09/01/2026;019;22320;6191114659193;XL;825;25H;;1,00;
09/01/2026;019;22321;6191114659339;XL;825;25H;;1,00;
09/01/2026;019;29811;6191114177512;XL;210;23E;;1,00;
09/01/2026;019;55736;6191114555419;S;R385;25E;;1,00;
09/01/2026;019;55808;6191114641259;XL;995;25H;;1,00;
09/01/2026;019;55810;6191114642201;M;385;25H;;1,00;
09/01/2026;019;55811;6191114644632;XXL;R310;25H;;1,00;
09/01/2026;019;55813;6191114645295;XXL;310;25H;;1,00;
09/01/2026;019;55814;6191114645363;S;975;25H;;1,00;
09/01/2026;019;70201;6191114608030;L;R870;25H;;1,00;
09/01/2026;019;70207;6191114612532;L;R385;25H;;1,00;
09/01/2026;019;70213;6191114623682;M;P385;25H;;1,00;
09/01/2026;019;70224;6191114641815;XL;385;25H;;1,00;
09/01/2026;019;70226;6191114652019;L;I880;25H;;1,00;
09/01/2026;019;91501;6191114626294;TU;385;25H;;1,00;
09/01/2026;019;91503;6191114626317;TU;385;25H;;1,00;
09/01/2026;019;91504;6191114626331;TU;880;25H;;1,00;
09/01/2026;019;91507;6191114626393;TU;995;25H;;1,00;
09/01/2026;019;91507;6191114626416;TU;824;25H;;2,00;
09/01/2026;019;91526;6191114639959;36;995;25H;;1,00;
09/01/2026;021;22044;6191114622036;L;695;25H;;1,00;
09/01/2026;021;22064;6191114618701;L;815;25H;;2,00;
09/01/2026;021;22110;6191114622548;L;235;25H;;1,00;
09/01/2026;021;22110;6191114622562;XXL;235;25H;;1,00;
09/01/2026;021;22183;6191114629547;XL;385;25H;;1,00;
09/01/2026;021;22285;6191114654341;M;995;25H;;1,00;
09/01/2026;021;22285;6191114654365;L;995;25H;;-1,00;
09/01/2026;021;22303;6191114657397;XL;870;25H;;1,00;
09/01/2026;021;22306;6191114669079;L;995;25H;;1,00;
09/01/2026;021;22318;6191114659025;XL;C000;25H;;1,00;
09/01/2026;021;91272;6194444115667;TU;815;22H;;2,00;
09/01/2026;024;21484;6191114537316;XXL;995;24H;;1,00;
09/01/2026;024;21484;6191114537323;XXL;870;24H;;1,00;
09/01/2026;024;22024;6191114653290;S;815;25H;;1,00;
09/01/2026;024;22036;6191114611184;XL;R995;25H;;1,00;
09/01/2026;024;22046;6191114611818;XL;C385;25H;;1,00;
09/01/2026;024;22140;6191114624627;L;995;25H;;1,00;
09/01/2026;024;22170;6191114626997;XL;R990;25H;;1,00;
09/01/2026;024;22171;6191114627192;L;R990;25H;;1,00;
09/01/2026;024;22183;6191114629592;3XL;995;25H;;1,00;
09/01/2026;024;22244;6191114647923;M;995;25H;;1,00;
09/01/2026;024;22263;6191114651654;3XL;010;25H;;1,00;
09/01/2026;024;22289;6191114655263;XL;995;25H;;1,00;
09/01/2026;024;22328;6191114661424;XXL;995;25H;;1,00;
09/01/2026;024;55803;6191114626492;S;740;25H;;1,00;
09/01/2026;024;55807;6191114641037;L;385;25H;;1,00;
09/01/2026;024;55811;6191114644601;L;R784;25H;;1,00;
09/01/2026;024;70226;6191114652095;3XL;I995;25H;;1,00;
09/01/2026;024;91272;6194444115667;TU;815;22H;;3,00;
09/01/2026;024;91273;6194444115674;TU;815;22H;;3,00;
09/01/2026;029;22026;6191114610224;XL;815;25H;;1,00;
09/01/2026;029;22043;6191114611627;L;784;25H;;1,00;
09/01/2026;029;22250;6191114649682;XXL;784;25H;;1,00;
09/01/2026;029;22301;6191114657175;3XL;995;25H;;1,00;
09/01/2026;030;22021;6191114609679;3XL;385;25H;;1,00;
09/01/2026;030;22032;6191114610996;3XL;940;25H;;1,00;
09/01/2026;030;22064;6191114618893;3XL;855;25H;;1,00;
09/01/2026;030;22123;6191114646766;XL;695;25H;;1,00;
09/01/2026;030;22172;6191114627307;XS;995;25H;;1,00;
09/01/2026;030;22189;6191114644762;S/M;200;25H;;1,00;
09/01/2026;030;22194;6191114628175;L;I880;25H;;1,00;
09/01/2026;030;22202;6191114630529;L;995;25H;;1,00;
09/01/2026;030;22239;6191114644953;M;995;25H;;1,00;
09/01/2026;030;22288;6191114654655;M;995;25H;;1,00;
09/01/2026;030;22307;6191114670075;3XL;M870;25H;;1,00;
09/01/2026;030;22319;6191114670242;L;995;25H;;1,00;
09/01/2026;030;22326;6191114668300;L;995;25H;;1,00;
09/01/2026;030;91272;6194444115667;TU;815;22H;;3,00;
09/01/2026;030;91273;6194444115674;TU;815;22H;;2,00;
09/01/2026;031;20450;6191114300422;L;790;23H;;1,00;
09/01/2026;031;21359;6191114503762;XL;995;24H;;1,00;
09/01/2026;031;21431;6191114527430;XL;170;24H;;1,00;
09/01/2026;031;21475;6191114532489;L;695;24H;;1,00;
09/01/2026;031;22030;6191114610699;L;010;25H;;1,00;
09/01/2026;031;22183;6191114629554;XL;995;25H;;-1,00;
09/01/2026;031;22229;6191114644021;XL;995;25H;;1,00;
09/01/2026;031;22239;6191114644991;L;784;25H;;1,00;
09/01/2026;031;22263;6191114651463;XS;995;25H;;1,00;
09/01/2026;031;22272;6191114652576;L;010;25H;;1,00;
09/01/2026;031;70226;6191114652101;3XL;I880;25H;;-1,00;
09/01/2026;031;70226;6191114652132;4XL;I880;25H;;1,00;
09/01/2026;031;91500;6191114626287;TU;195;25H;;1,00;
09/01/2026;032;22032;6191114610927;L;995;25H;;1,00;
09/01/2026;032;22105;6191114621220;XL;000;25H;;1,00;
09/01/2026;032;22259;6191114650893;S;010;25H;;1,00;
09/01/2026;032;22275;6191114652958;L;385;25H;;1,00;
09/01/2026;032;22295;6191114656253;XL;695;25H;;1,00;
09/01/2026;032;70203;6191114608313;XXL;R995;25H;;1,00;
09/01/2026;032;70203;6191114608344;3XL;R355;25H;;1,00;
09/01/2026;032;91272;6194444115667;TU;815;22H;;2,00;
09/01/2026;032;91273;6194444115674;TU;815;22H;;2,00;
09/01/2026;033;22101;6191114621053;XXL;995;25H;;1,00;
09/01/2026;033;91273;6194444115674;TU;815;22H;;1,00;
10/01/2026;002;20343;6191114277618;XL;995;23H;;1,00;
10/01/2026;002;20632;6191114337244;36;000;24E;;1,00;
10/01/2026;002;21138;6191114463462;M;995;24H;;1,00;
10/01/2026;002;21549;6191114543201;38;995;25E;;1,00;
10/01/2026;002;21549;6191114543232;39;995;25E;;1,00;
10/01/2026;002;22001;6191114605923;XL;815;25H;;1,00;
10/01/2026;002;22036;6191114611221;3XL;R995;25H;;1,00;
10/01/2026;002;22052;6191114617193;L;385;25H;;1,00;
10/01/2026;002;22053;6191114617308;L;385;25H;;1,00;
10/01/2026;002;22124;6191114646865;L;995;25H;;1,00;
10/01/2026;002;22138;6191114624276;XL;995;25H;;1,00;
10/01/2026;002;22139;6191114624498;XL;940;25H;;1,00;
10/01/2026;002;22163;6191114659797;S;C490;25H;;-1,00;
10/01/2026;002;22171;6191114627239;XL;R925;25H;;1,00;
10/01/2026;002;22188;6191114644748;L/XL;200;25H;;1,00;
10/01/2026;002;22190;6191114627819;S;995;25H;;-1,00;
10/01/2026;002;22190;6191114627826;M;995;25H;;1,00;
10/01/2026;002;22195;6191114628328;M;215;25H;;1,00;
10/01/2026;002;22223;6191114643598;XL;995;25H;;1,00;
10/01/2026;002;22259;6191114651012;4XL;010;25H;;1,00;
10/01/2026;002;22275;6191114652934;M;385;25H;;1,00;
10/01/2026;002;22276;6191114655850;3XL;995;25H;;1,00;
10/01/2026;002;22290;6191114657946;L;R385;25H;;1,00;
10/01/2026;002;22296;6191114656574;XXL;215;25H;;1,00;
10/01/2026;002;22300;6191114656802;S;870;25H;;1,00;
10/01/2026;002;22300;6191114656833;XL;870;25H;;1,00;
10/01/2026;002;22322;6191114659469;L;645;25H;;1,00;
10/01/2026;002;55800;6191114621589;L;385;25H;;1,00;
10/01/2026;002;55800;6191114621596;L;995;25H;;1,00;
10/01/2026;002;55817;6191114654761;L;385;25H;;-1,00;
10/01/2026;002;70206;6191114612419;L;870;25H;;1,00;
10/01/2026;002;70206;6191114612426;L;995;25H;;1,00;
10/01/2026;002;70206;6191114612433;XL;870;25H;;1,00;
10/01/2026;002;70220;6191114631175;L;870;25H;;1,00;
10/01/2026;002;70223;6191114631069;XXL;476;25H;;1,00;
10/01/2026;002;70233;6191114658929;4XL;995;25H;;1,00;
10/01/2026;005;21360;6191114503816;L;MCO;24H;;1,00;
10/01/2026;005;22025;6191114610101;XL;995;25H;;1,00;
10/01/2026;005;22261;6191114651258;L;385;25H;;1,00;
10/01/2026;005;22262;6191114651371;L;385;25H;;1,00;
10/01/2026;005;22295;6191114656215;M;695;25H;;1,00;
10/01/2026;005;22320;6191114659186;XL;870;25H;;1,00;
10/01/2026;005;22321;6191114659346;XXL;870;25H;;1,00;
10/01/2026;005;91272;6194444115667;TU;815;22H;;1,00;
10/01/2026;005;91273;6194444115674;TU;815;22H;;3,00;
10/01/2026;009;22005;6191114606647;XL;815;25H;;1,00;
10/01/2026;009;22043;6191114622098;L;855;25H;;1,00;
10/01/2026;009;22052;6191114617216;XL;385;25H;;1,00;
10/01/2026;009;22053;6191114617322;XL;385;25H;;1,00;
10/01/2026;009;22216;6191114642669;S;I385;25H;;1,00;
10/01/2026;009;22257;6191114650626;3XL;I350;25H;;-1,00;
10/01/2026;009;91273;6194444115674;TU;815;22H;;2,00;
10/01/2026;011;22033;6191114611023;M;815;25H;;1,00;
10/01/2026;011;22123;6191114646759;XL;995;25H;;1,00;
10/01/2026;011;22189;6191114644779;L/XL;995;25H;;1,00;
10/01/2026;011;22194;6191114628144;M;I880;25H;;1,00;
10/01/2026;011;22202;6191114630574;XXL;790;25H;;1,00;
10/01/2026;011;22202;6191114630581;3XL;995;25H;;1,00;
10/01/2026;011;22281;6191114653993;XL;995;25H;;1,00;
10/01/2026;011;91272;6194444115667;TU;815;22H;;2,00;
10/01/2026;011;91273;6194444115674;TU;815;22H;;1,00;
10/01/2026;014;22021;6191114609624;S;385;25H;;1,00;
10/01/2026;014;22024;6191114653313;L;815;25H;;1,00;
10/01/2026;014;22026;6191114610200;L;815;25H;;1,00;
10/01/2026;014;22030;6191114610743;3XL;995;25H;;1,00;
10/01/2026;014;22045;6191114611733;XL;695;25H;;1,00;
10/01/2026;014;22048;6191114612006;L;010;25H;;1,00;
10/01/2026;014;22113;6191114645707;L;820;25H;;1,00;
10/01/2026;014;22115;6191114645974;L;820;25H;;1,00;
10/01/2026;014;22118;6191114646377;M;995;25H;;1,00;
10/01/2026;014;22128;6191114623002;L;385;25H;;1,00;
10/01/2026;014;22128;6191114623019;L;870;25H;;2,00;
10/01/2026;014;22128;6191114623026;L;995;25H;;1,00;
10/01/2026;014;22137;6191114623408;XL;385;25H;;1,00;
10/01/2026;014;22194;6191114628212;XL;I385;25H;;1,00;
10/01/2026;014;22204;6191114630734;M;995;25H;;1,00;
10/01/2026;014;22204;6191114630741;L;995;25H;;1,00;
10/01/2026;014;22215;6191114642447;S;210;25H;;1,00;
10/01/2026;014;22222;6191114643437;XL;685;25H;;1,00;
10/01/2026;014;22239;6191114644922;S;995;25H;;1,00;
10/01/2026;014;22244;6191114648036;XXL;695;25H;;1,00;
10/01/2026;014;22251;6191114650008;M;995;25H;;1,00;
10/01/2026;014;22259;6191114650954;XL;010;25H;;1,00;
10/01/2026;014;22264;6191114651661;XS;995;25H;;1,00;
10/01/2026;014;22279;6191114653634;L;995;25H;;2,00;
10/01/2026;014;22284;6191114654228;L;995;25H;;1,00;
10/01/2026;014;22286;6191114654457;L;995;25H;;1,00;
10/01/2026;014;22287;6191114654563;L;995;25H;;1,00;
10/01/2026;014;22331;6191114660175;M;815;25H;;1,00;
10/01/2026;014;22331;6191114660199;M;995;25H;;1,00;
10/01/2026;014;22346;6191114668560;XXL;I815;25H;;1,00;
10/01/2026;014;55816;6191114648449;L;R385;25H;;1,00;
10/01/2026;014;70205;6191114612266;S;695;25H;;1,00;
10/01/2026;014;70226;6191114652040;XL;I880;25H;;1,00;
10/01/2026;014;91507;6191114626409;TU;195;25H;;1,00;
10/01/2026;014;91509;6191114625402;41;995;25H;;1,00;
10/01/2026;015;21831;6191114583566;XL;995;25E;;1,00;
10/01/2026;015;21832;6191114583726;XL;000;25E;;1,00;
10/01/2026;015;22020;6191114619302;XXL;815;25H;;1,00;
10/01/2026;015;22117;6191114646254;M;995;25H;;1,00;
10/01/2026;015;22202;6191114630581;3XL;995;25H;;1,00;
10/01/2026;015;22212;6191114641570;XXL;385;25H;;1,00;
10/01/2026;015;22286;6191114654433;S;995;25H;;1,00;
10/01/2026;015;55816;6191114648487;XL;R990;25H;;1,00;
10/01/2026;015;70231;6191114658653;S;C000;25H;;1,00;
10/01/2026;015;91272;6194444115667;TU;815;22H;;3,00;
10/01/2026;016;22028;6191114610507;3XL;870;25H;;1,00;
10/01/2026;016;22189;6191114644779;L/XL;995;25H;;1,00;
10/01/2026;016;22237;6191114644816;L;I815;25H;;1,00;
10/01/2026;016;22276;6191114655850;3XL;995;25H;;1,00;
10/01/2026;016;22287;6191114654563;L;995;25H;;1,00;
10/01/2026;016;22300;6191114656802;S;870;25H;;1,00;
10/01/2026;016;22351;6191114668843;XL;I815;25H;;1,00;
10/01/2026;016;55816;6191114648449;L;R385;25H;;1,00;
10/01/2026;016;55816;6191114648517;XXL;R990;25H;;1,00;
10/01/2026;016;55820;6191114657861;L;R784;25H;;1,00;
10/01/2026;016;70206;6191114612419;L;870;25H;;1,00;
10/01/2026;016;70220;6191114631144;S;695;25H;;1,00;
10/01/2026;016;91272;6194444115667;TU;815;22H;;6,00;
10/01/2026;016;91274;6194444115681;TU;815;22H;;2,00;
10/01/2026;019;21106;6191114451995;M;995;24H;;1,00;
10/01/2026;019;21189;6191114471221;M;I625;24H;;1,00;
10/01/2026;019;21189;6191114471238;M;I350;24H;;1,00;
10/01/2026;019;21190;6191114471344;M;I625;24H;;1,00;
10/01/2026;019;21190;6191114471375;L;I350;24H;;1,00;
10/01/2026;019;21308;6191114492691;M;995;24H;;1,00;
10/01/2026;019;22004;6191114606401;L;R000;25H;;1,00;
10/01/2026;019;22028;6191114610446;L;870;25H;;1,00;
10/01/2026;019;22115;6191114646018;XL;990;25H;;1,00;
10/01/2026;019;22205;6191114630802;L;870;25H;;1,00;
10/01/2026;019;22207;6191114640436;L;995;25H;;1,00;
10/01/2026;019;22237;6191114644823;XL;I815;25H;;1,00;
10/01/2026;019;22289;6191114655270;XL;476;25H;;1,00;
10/01/2026;019;22309;6191114657991;M;995;25H;;1,00;
10/01/2026;019;70224;6191114641822;XL;694;25H;;1,00;
10/01/2026;019;91529;6191114640337;39;385;25H;;1,00;
10/01/2026;021;22005;6191114606623;L;995;25H;;1,00;
10/01/2026;021;22017;6191114609235;XXL;010;25H;;1,00;
10/01/2026;021;22020;6191114609549;L;695;25H;;1,00;
10/01/2026;021;22025;6191114610088;L;995;25H;;1,00;
10/01/2026;021;22079;6191114626461;L;476;25H;;1,00;
10/01/2026;021;22127;6191114647114;L;995;25H;;1,00;
10/01/2026;021;22127;6191114649064;L;770;25H;;1,00;
10/01/2026;021;22257;6191114650541;L;I740;25H;;1,00;
10/01/2026;021;22259;6191114651005;3XL;490;25H;;1,00;
10/01/2026;021;22285;6191114654389;XL;995;25H;;1,00;
10/01/2026;021;70213;6191114623705;XL;P385;25H;;1,00;
10/01/2026;021;70213;6191114624566;XXL;P385;25H;;1,00;
10/01/2026;021;91272;6194444115667;TU;815;22H;;3,00;
10/01/2026;024;20450;6191114300439;XL;790;23H;;1,00;
10/01/2026;024;22020;6191114609549;L;695;25H;;1,00;
10/01/2026;024;22021;6191114609662;XXL;385;25H;;1,00;
10/01/2026;024;22024;6191114653313;L;815;25H;;1,00;
10/01/2026;024;22024;6191114653337;XXL;815;25H;;1,00;
10/01/2026;024;22026;6191114610170;S;645;25H;;1,00;
10/01/2026;024;22239;6191114644991;L;784;25H;;1,00;
10/01/2026;024;22243;6191114647862;3XL;995;25H;;1,00;
10/01/2026;024;22294;6191114656147;XXL;820;25H;;1,00;
10/01/2026;024;22319;6191114670211;XS;995;25H;;1,00;
10/01/2026;024;55813;6191114645240;L;940;25H;;1,00;
10/01/2026;024;91272;6194444115667;TU;815;22H;;1,00;
10/01/2026;024;91273;6194444115674;TU;815;22H;;1,00;
10/01/2026;029;20447;6191114299771;XL;190;23H;;-1,00;
10/01/2026;029;22011;6191114607439;XL;215;25H;;1,00;
10/01/2026;029;22017;6191114609198;L;010;25H;;1,00;
10/01/2026;029;22049;6191114612143;XL;995;25H;;1,00;
10/01/2026;029;22102;6191114621121;3XL;995;25H;;1,00;
10/01/2026;029;22244;6191114648036;XXL;695;25H;;1,00;
10/01/2026;029;22263;6191114651616;XXL;995;25H;;1,00;
10/01/2026;029;22351;6191114668850;XXL;I815;25H;;-1,00;
10/01/2026;029;91507;6191114626393;TU;995;25H;;1,00;
10/01/2026;030;20835;6191114396661;2XL/3;385;24E;;1,00;
10/01/2026;030;20836;6191114396746;L/XL;385;24E;;1,00;
10/01/2026;030;21835;6191114584303;XXL;145;25E;;1,00;
10/01/2026;030;22018;6191114609303;L;R385;25H;;1,00;
10/01/2026;030;22033;6191114611061;XL;815;25H;;1,00;
10/01/2026;030;22033;6191114611078;XL;695;25H;;1,00;
10/01/2026;030;22064;6191114618732;L;175;25H;;1,00;
10/01/2026;030;22118;6191114646391;L;995;25H;;1,00;
10/01/2026;030;22127;6191114647152;XXL;995;25H;;1,00;
10/01/2026;030;22128;6191114623040;XL;870;25H;;1,00;
10/01/2026;030;22129;6191114623231;XXL;010;25H;;1,00;
10/01/2026;030;22177;6191114628878;M;215;25H;;1,00;
10/01/2026;030;22188;6191114644748;L/XL;200;25H;;1,00;
10/01/2026;030;22194;6191114628175;L;I880;25H;;1,00;
10/01/2026;030;22198;6191114630208;XXL;385;25H;;1,00;
10/01/2026;030;22201;6191114630475;3XL;995;25H;;1,00;
10/01/2026;030;22202;6191114630505;M;995;25H;;1,00;
10/01/2026;030;22216;6191114642744;L;I255;25H;;1,00;
10/01/2026;030;22253;6191114650268;XXL;995;25H;;1,00;
10/01/2026;030;22259;6191114650893;S;010;25H;;1,00;
10/01/2026;030;22272;6191114652606;XL;010;25H;;1,00;
10/01/2026;030;22273;6191114652750;L;824;25H;;1,00;
10/01/2026;030;22276;6191114655720;XS;385;25H;;1,00;
10/01/2026;030;22276;6191114655737;XS;995;25H;;1,00;
10/01/2026;030;22287;6191114654501;XS;995;25H;;1,00;
10/01/2026;030;22288;6191114654693;3XL;995;25H;;1,00;
10/01/2026;030;22296;6191114656536;XL;385;25H;;1,00;
10/01/2026;030;22297;6191114656642;M;215;25H;;1,00;
10/01/2026;030;22301;6191114657120;L;215;25H;;1,00;
10/01/2026;030;22307;6191114670013;XL;M870;25H;;1,00;
10/01/2026;030;22307;6191114670075;3XL;M870;25H;;-1,00;
10/01/2026;030;22316;6191114658509;M;476;25H;;1,00;
10/01/2026;030;22322;6191114659513;XL;190;25H;;1,00;
10/01/2026;030;22323;6191114659636;3XL;995;25H;;1,00;
10/01/2026;030;22331;6191114660267;XL;385;25H;;1,00;
10/01/2026;030;55806;6191114640924;XXL;870;25H;;1,00;
10/01/2026;030;55811;6191114644656;3XL;R310;25H;;-1,00;
10/01/2026;030;55816;6191114648548;3XL;R990;25H;;1,00;
10/01/2026;030;70201;6191114608023;M;R385;25H;;1,00;
10/01/2026;030;70203;6191114608337;3XL;R995;25H;;1,00;
10/01/2026;030;70205;6191114612334;XXL;385;25H;;1,00;
10/01/2026;030;70209;6191114612754;M;R170;25H;;1,00;
10/01/2026;030;70220;6191114631212;XXL;870;25H;;1,00;
10/01/2026;030;70227;6191114652194;L;I740;25H;;1,00;
10/01/2026;030;70231;6191114658660;S;C995;25H;;1,00;
10/01/2026;030;70231;6191114658714;XL;C000;25H;;-1,00;
10/01/2026;030;70231;6191114658721;XL;C995;25H;;1,00;
10/01/2026;030;70232;6191114658806;M;995;25H;;1,00;
10/01/2026;030;91272;6194444115667;TU;815;22H;;1,00;
10/01/2026;030;91273;6194444115674;TU;815;22H;;1,00;
10/01/2026;030;91500;6191114626287;TU;195;25H;;1,00;
10/01/2026;031;21353;6191114502109;L/XL;995;24H;;1,00;
10/01/2026;031;22024;6191114653320;XL;815;25H;;1,00;
10/01/2026;031;22033;6191114611115;3XL;695;25H;;1,00;
10/01/2026;031;22064;6191114618879;3XL;695;25H;;1,00;
10/01/2026;031;22112;6191114622852;XL;R995;25H;;-1,00;
10/01/2026;031;22112;6191114622869;XXL;R995;25H;;1,00;
10/01/2026;031;22117;6191114646230;S;995;25H;;1,00;
10/01/2026;031;22152;6191114625747;S;995;25H;;1,00;
10/01/2026;031;22258;6191114650763;L;740;25H;;1,00;
10/01/2026;031;22266;6191114652309;TU;995;25H;;1,00;
10/01/2026;031;22275;6191114652972;XL;385;25H;;1,00;
10/01/2026;031;22295;6191114656277;XXL;695;25H;;1,00;
10/01/2026;031;22306;6191114669093;XXL;995;25H;;1,00;
10/01/2026;031;22318;6191114659049;XXL;C000;25H;;1,00;
10/01/2026;031;22320;6191114659216;XXL;825;25H;;1,00;
10/01/2026;031;91272;6194444115667;TU;815;22H;;1,00;
10/01/2026;032;22030;6191114610699;L;010;25H;;1,00;
10/01/2026;032;22259;6191114650909;S;490;25H;;1,00;
10/01/2026;032;91272;6194444115667;TU;815;22H;;2,00;
11/01/2026;002;21485;6191114540361;XXL;695;24H;;1,00;
11/01/2026;002;22004;6191114606364;S;R815;25H;;1,00;
11/01/2026;002;22024;6191114653320;XL;815;25H;;1,00;
11/01/2026;002;22054;6191114617452;XL;995;25H;;1,00;
11/01/2026;002;55811;6191114644663;3XL;R784;25H;;1,00;
11/01/2026;002;55817;6191114654839;XXL;695;25H;;1,00;
11/01/2026;002;91272;6194444115667;TU;815;22H;;2,00;
11/01/2026;009;20370;6191114282865;L/XL;200;23H;;1,00;
11/01/2026;009;21826;6191114582835;L;200;25E;;1,00;
11/01/2026;009;22021;6191114609655;XL;385;25H;;1,00;
11/01/2026;009;22115;6191114645974;L;820;25H;;1,00;
11/01/2026;009;55813;6191114645301;XXL;940;25H;;1,00;
11/01/2026;009;91272;6194444115667;TU;815;22H;;2,00;
11/01/2026;011;22113;6191114645714;L;990;25H;;1,00;
11/01/2026;011;22114;6191114645868;XL;020;25H;;1,00;
11/01/2026;011;22263;6191114651647;3XL;995;25H;;1,00;
11/01/2026;011;22290;6191114657953;XL;R385;25H;;1,00;
11/01/2026;011;55811;6191114644649;XXL;R784;25H;;1,00;
11/01/2026;011;55813;6191114645295;XXL;310;25H;;1,00;
11/01/2026;011;70205;6191114612303;L;695;25H;;1,00;
11/01/2026;011;70206;6191114612426;L;995;25H;;1,00;
11/01/2026;011;91272;6194444115667;TU;815;22H;;1,00;
11/01/2026;011;91273;6194444115674;TU;815;22H;;3,00;
11/01/2026;014;21352;6191114502079;L/XL;200;24H;;1,00;
11/01/2026;014;21831;6191114583597;XXL;995;25E;;1,00;
11/01/2026;014;22013;6191114607637;M;995;25H;;1,00;
11/01/2026;014;22018;6191114609303;L;R385;25H;;1,00;
11/01/2026;014;22030;6191114610668;M;995;25H;;1,00;
11/01/2026;014;22048;6191114611955;S;995;25H;;1,00;
11/01/2026;014;22070;6191114616028;XL;995;25H;;1,00;
11/01/2026;014;22089;6191114619913;L;385;25H;;1,00;
11/01/2026;014;22105;6191114621237;XXL;000;25H;;1,00;
11/01/2026;014;22110;6191114622449;XXL;385;25H;;1,00;
11/01/2026;014;22180;6191114629202;S;995;25H;;-1,00;
11/01/2026;014;22188;6191114644717;S/M;995;25H;;1,00;
11/01/2026;014;22188;6191114644724;S/M;200;25H;;1,00;
11/01/2026;014;22188;6191114644748;L/XL;200;25H;;1,00;
11/01/2026;014;22189;6191114644762;S/M;200;25H;;1,00;
11/01/2026;014;22207;6191114640542;3XL;784;25H;;1,00;
11/01/2026;014;22208;6191114640580;M;995;25H;;1,00;
11/01/2026;014;22259;6191114650978;XXL;010;25H;;1,00;
11/01/2026;014;22263;6191114651487;S;870;25H;;1,00;
11/01/2026;014;22263;6191114651517;M;870;25H;;1,00;
11/01/2026;014;22264;6191114651685;M;995;25H;;1,00;
11/01/2026;014;22270;6191114649927;S;995;25H;;1,00;
11/01/2026;014;22276;6191114655805;XL;385;25H;;1,00;
11/01/2026;014;22276;6191114655812;XL;995;25H;;1,00;
11/01/2026;014;22301;6191114657175;3XL;995;25H;;1,00;
11/01/2026;014;22306;6191114669093;XXL;995;25H;;1,00;
11/01/2026;014;22307;6191114670013;XL;M870;25H;;1,00;
11/01/2026;014;22328;6191114661431;3XL;995;25H;;1,00;
11/01/2026;014;22345;6191114668492;M;I815;25H;;1,00;
11/01/2026;014;55811;6191114644595;L;R310;25H;;1,00;
11/01/2026;014;55815;6191114669321;L;995;25H;;1,00;
11/01/2026;014;55816;6191114648524;3XL;R995;25H;;1,00;
11/01/2026;015;22044;6191114622036;L;695;25H;;1,00;
11/01/2026;015;22117;6191114646230;S;995;25H;;1,00;
11/01/2026;015;22216;6191114642683;L;I385;25H;;1,00;
11/01/2026;015;55805;6191114626645;XL;R000;25H;;1,00;
11/01/2026;015;91272;6194444115667;TU;815;22H;;1,00;
11/01/2026;021;22004;6191114606463;XXL;R000;25H;;1,00;
11/01/2026;021;22013;6191114607699;XXL;995;25H;;1,00;
11/01/2026;021;22064;6191114618718;L;010;25H;;1,00;
11/01/2026;021;22070;6191114616042;XXL;995;25H;;1,00;
11/01/2026;021;22098;6191114620889;3XL;995;25H;;1,00;
11/01/2026;021;22110;6191114622500;XXL;255;25H;;1,00;
11/01/2026;021;22122;6191114646674;XXL;995;25H;;1,00;
11/01/2026;021;22237;6191114644830;XXL;I815;25H;;1,00;
11/01/2026;021;22243;6191114647824;XL;695;25H;;1,00;
11/01/2026;021;22247;6191114648708;L;R310;25H;;1,00;
11/01/2026;021;22263;6191114651531;M;010;25H;;1,00;
11/01/2026;021;22285;6191114654396;XXL;385;25H;;1,00;
11/01/2026;021;22301;6191114657137;XL;995;25H;;1,00;
11/01/2026;021;91272;6194444115667;TU;815;22H;;1,00;
11/01/2026;024;21359;6191114503748;M;995;24H;;1,00;
11/01/2026;024;21832;6191114583634;S;000;25E;;1,00;
11/01/2026;024;21832;6191114583740;XXL;995;25E;;1,00;
11/01/2026;024;21832;6191114583757;XXL;000;25E;;1,00;
11/01/2026;024;22049;6191114612150;XXL;815;25H;;1,00;
11/01/2026;024;22086;6191114619593;4XL;995;25H;;1,00;
11/01/2026;024;22115;6191114646063;3XL;820;25H;;1,00;
11/01/2026;024;22146;6191114629998;M;995;25H;;1,00;
11/01/2026;024;22182;6191114629462;3XL;995;25H;;1,00;
11/01/2026;024;22188;6191114644724;S/M;200;25H;;1,00;
11/01/2026;024;22197;6191114630079;L;815;25H;;1,00;
11/01/2026;024;22207;6191114640450;L;784;25H;;-1,00;
11/01/2026;024;22216;6191114642768;XXL;I255;25H;;1,00;
11/01/2026;024;22242;6191114647459;S;724;25H;;1,00;
11/01/2026;024;22255;6191114650367;L;995;25H;;1,00;
11/01/2026;024;22273;6191114652767;XL;385;25H;;1,00;
11/01/2026;024;22296;6191114656543;XL;215;25H;;-1,00;
11/01/2026;024;22320;6191114659209;XXL;870;25H;;2,00;
11/01/2026;024;22320;6191114659230;3XL;825;25H;;1,00;
11/01/2026;024;22321;6191114659285;M;870;25H;;1,00;
11/01/2026;024;22322;6191114659469;L;645;25H;;1,00;
11/01/2026;024;22332;6191114660502;M;870;25H;;1,00;
11/01/2026;024;55813;6191114645226;L;385;25H;;1,00;
11/01/2026;024;55816;6191114648487;XL;R990;25H;;1,00;
11/01/2026;024;55816;6191114648494;XXL;R995;25H;;1,00;
11/01/2026;024;55816;6191114648524;3XL;R995;25H;;1,00;
11/01/2026;024;70208;6191114612709;XXL;R385;25H;;1,00;
11/01/2026;024;70220;6191114631250;4XL;870;25H;;1,00;
11/01/2026;024;70231;6191114658721;XL;C995;25H;;1,00;
11/01/2026;024;70231;6191114658745;XXL;C995;25H;;-1,00;
11/01/2026;024;91272;6194444115667;TU;815;22H;;2,00;
11/01/2026;029;22020;6191114609587;XXL;695;25H;;1,00;
11/01/2026;029;22259;6191114650954;XL;010;25H;;1,00;
11/01/2026;029;22259;6191114651012;4XL;010;25H;;1,00;
11/01/2026;029;22263;6191114651647;3XL;995;25H;;1,00;
11/01/2026;029;22286;6191114654457;L;995;25H;;1,00;
11/01/2026;029;70205;6191114612341;XXL;695;25H;;1,00;
11/01/2026;029;70231;6191114658776;4XL;C000;25H;;1,00;
11/01/2026;029;70232;6191114658851;4XL;995;25H;;1,00;
11/01/2026;029;91273;6194444115674;TU;815;22H;;1,00;
11/01/2026;030;22013;6191114607637;M;995;25H;;1,00;
11/01/2026;030;22018;6191114609303;L;R385;25H;;1,00;
11/01/2026;030;22018;6191114609358;XXL;R010;25H;;1,00;
11/01/2026;030;22033;6191114611030;M;695;25H;;1,00;
11/01/2026;030;22116;6191114646148;L;770;25H;;1,00;
11/01/2026;030;22118;6191114646391;L;995;25H;;-1,00;
11/01/2026;030;22118;6191114646414;XL;995;25H;;1,00;
11/01/2026;030;22123;6191114646728;M;695;25H;;1,00;
11/01/2026;030;22127;6191114649057;M;770;25H;;1,00;
11/01/2026;030;22133;6191114623941;S;645;25H;;1,00;
11/01/2026;030;22146;6191114630000;L;995;25H;;1,00;
11/01/2026;030;22198;6191114630161;L;385;25H;;1,00;
11/01/2026;030;22202;6191114630536;L;790;25H;;1,00;
11/01/2026;030;22216;6191114642706;XXL;I385;25H;;1,00;
11/01/2026;030;22216;6191114642737;M;I255;25H;;1,00;
11/01/2026;030;22245;6191114648135;S;645;25H;;1,00;
11/01/2026;030;22245;6191114648142;S;740;25H;;1,00;
11/01/2026;030;22257;6191114650534;L;I350;25H;;1,00;
11/01/2026;030;22259;6191114650916;M;010;25H;;1,00;
11/01/2026;030;22264;6191114651715;XXL;995;25H;;1,00;
11/01/2026;030;22272;6191114652613;XXL;870;25H;;1,00;
11/01/2026;030;22285;6191114654358;L;385;25H;;1,00;
11/01/2026;030;22303;6191114657397;XL;870;25H;;1,00;
11/01/2026;030;22316;6191114658516;L;476;25H;;1,00;
11/01/2026;030;22319;6191114670259;XL;995;25H;;1,00;
11/01/2026;030;22324;6191114659643;S;995;25H;;1,00;
11/01/2026;030;55815;6191114645547;M;385;25H;;1,00;
11/01/2026;030;55816;6191114648524;3XL;R995;25H;;1,00;
11/01/2026;030;70222;6191114631007;XXL;476;25H;;1,00;
11/01/2026;030;70231;6191114658677;M;C000;25H;;1,00;
11/01/2026;030;70231;6191114658691;L;C000;25H;;1,00;
11/01/2026;030;91272;6194444115667;TU;815;22H;;12,00;
11/01/2026;030;91273;6194444115674;TU;815;22H;;4,00;
11/01/2026;031;21136;6191114463264;XL;995;24H;;1,00;
11/01/2026;031;21223;6191114479265;XL;995;24H;;1,00;
11/01/2026;031;21450;6191114529885;L/XL;780;24H;;1,00;
11/01/2026;031;21584;6191114550322;40;695;25E;;1,00;
11/01/2026;031;22030;6191114610699;L;010;25H;;-1,00;
11/01/2026;031;22046;6191114611825;XXL;C385;25H;;1,00;
11/01/2026;031;22048;6191114612020;XL;010;25H;;1,00;
11/01/2026;031;22089;6191114619975;3XL;385;25H;;1,00;
11/01/2026;031;22198;6191114630185;XL;385;25H;;1,00;
11/01/2026;031;22284;6191114654211;L;385;25H;;1,00;
11/01/2026;031;22285;6191114654358;L;385;25H;;1,00;
11/01/2026;031;22288;6191114654693;3XL;995;25H;;1,00;
11/01/2026;031;22291;6191114655447;XL;995;25H;;1,00;
11/01/2026;031;22317;6191114658592;L;385;25H;;1,00;
11/01/2026;031;22317;6191114658639;XXL;385;25H;;1,00;
11/01/2026;031;22320;6191114659186;XL;870;25H;;1,00;
11/01/2026;031;22321;6191114659308;L;870;25H;;1,00;
11/01/2026;031;22324;6191114659681;XXL;995;25H;;1,00;
11/01/2026;032;22046;6191114611801;L;C385;25H;;1,00;
11/01/2026;032;22253;6191114650275;3XL;995;25H;;1,00;
11/01/2026;032;22302;6191114657236;L;995;25H;;1,00;
11/01/2026;032;91272;6194444115667;TU;815;22H;;3,00;
12/01/2026;002;20012;6191114209213;S;815;23E;;1,00;
12/01/2026;002;20447;6191114299771;XL;190;23H;;1,00;
12/01/2026;002;21382;6191114508569;S;695;24H;;1,00;
12/01/2026;002;21475;6191114532465;M;695;24H;;1,00;
12/01/2026;002;21830;6191114583382;L;995;25E;;1,00;
12/01/2026;002;22006;6191114606760;S;815;25H;;-1,00;
12/01/2026;002;22018;6191114609297;M;R010;25H;;1,00;
12/01/2026;002;22024;6191114653320;XL;815;25H;;1,00;
12/01/2026;002;22025;6191114610088;L;995;25H;;1,00;
12/01/2026;002;22026;6191114610255;XXL;645;25H;;1,00;
12/01/2026;002;22033;6191114611047;L;815;25H;;1,00;
12/01/2026;002;22073;6191114616295;L;870;25H;;1,00;
12/01/2026;002;22159;6191114626065;L;880;25H;;1,00;
12/01/2026;002;22188;6191114644731;L/XL;995;25H;;1,00;
12/01/2026;002;22189;6191114644779;L/XL;995;25H;;1,00;
12/01/2026;002;22198;6191114630154;M;695;25H;;1,00;
12/01/2026;002;22198;6191114630192;XL;695;25H;;1,00;
12/01/2026;002;22216;6191114642744;L;I255;25H;;1,00;
12/01/2026;002;22272;6191114652569;L;995;25H;;1,00;
12/01/2026;002;22273;6191114652736;L;385;25H;;1,00;
12/01/2026;002;22276;6191114655775;M;995;25H;;1,00;
12/01/2026;002;22284;6191114654204;M;995;25H;;1,00;
12/01/2026;002;22289;6191114655225;M;995;25H;;1,00;
12/01/2026;002;22301;6191114657137;XL;995;25H;;1,00;
12/01/2026;002;22302;6191114657250;XL;995;25H;;2,00;
12/01/2026;002;22351;6191114668836;L;I815;25H;;1,00;
12/01/2026;002;29746;6191114158283;S;R634;23E;;1,00;
12/01/2026;002;29854;6191114181892;S;235;23E;;1,00;
12/01/2026;002;29982;6191114203778;S;165;23E;;1,00;
12/01/2026;002;55806;6191114640962;3XL;995;25H;;1,00;
12/01/2026;002;55813;6191114645271;XL;940;25H;;1,00;
12/01/2026;002;55816;6191114648432;L;R995;25H;;1,00;
12/01/2026;002;70231;6191114658684;M;C995;25H;;1,00;
12/01/2026;002;70233;6191114658875;M;995;25H;;1,00;
12/01/2026;002;91272;6194444115667;TU;815;22H;;2,00;
12/01/2026;005;21402;6191114513303;XL;824;24H;;1,00;
12/01/2026;005;22024;6191114653306;M;815;25H;;1,00;
12/01/2026;005;22255;6191114650374;XL;995;25H;;1,00;
12/01/2026;005;22287;6191114654587;XL;995;25H;;1,00;
12/01/2026;005;22324;6191114659674;XL;995;25H;;1,00;
12/01/2026;005;70202;6191114608214;3XL;995;25H;;1,00;
12/01/2026;005;70205;6191114612266;S;695;25H;;1,00;
12/01/2026;005;70231;6191114658738;XXL;C000;25H;;1,00;
12/01/2026;005;91272;6194444115667;TU;815;22H;;4,00;
12/01/2026;005;91273;6194444115674;TU;815;22H;;2,00;
12/01/2026;009;22046;6191114611818;XL;C385;25H;;1,00;
12/01/2026;009;22102;6191114621121;3XL;995;25H;;1,00;
12/01/2026;009;22127;6191114647152;XXL;995;25H;;1,00;
12/01/2026;009;22184;6191114629660;XXL;995;25H;;1,00;
12/01/2026;009;22253;6191114650268;XXL;995;25H;;1,00;
12/01/2026;009;22256;6191114650428;L;995;25H;;1,00;
12/01/2026;009;22324;6191114659698;3XL;995;25H;;1,00;
12/01/2026;009;91272;6194444115667;TU;815;22H;;2,00;
12/01/2026;009;91273;6194444115674;TU;815;22H;;1,00;
12/01/2026;009;91343;6191114512313;TU;940;24H;;1,00;
12/01/2026;009;91343;6191114512344;TU;790;24H;;1,00;
12/01/2026;009;91366;6191114542471;TU;995;25E;;1,00;
12/01/2026;011;21283;6191114505162;XL;390;24H;;1,00;
12/01/2026;011;22032;6191114610910;M;940;25H;;1,00;
12/01/2026;011;22040;6191114611566;L;R010;25H;;1,00;
12/01/2026;011;55800;6191114621664;XXL;975;25H;;1,00;
12/01/2026;011;70206;6191114612419;L;870;25H;;1,00;
12/01/2026;011;70224;6191114641815;XL;385;25H;;1,00;
12/01/2026;011;70233;6191114658882;L;995;25H;;1,00;
12/01/2026;011;91272;6194444115667;TU;815;22H;;4,00;
12/01/2026;011;91273;6194444115674;TU;815;22H;;3,00;
12/01/2026;014;22021;6191114609655;XL;385;25H;;1,00;
12/01/2026;014;22023;6191114609853;L;R010;25H;;1,00;
12/01/2026;014;22024;6191114653276;XXL;870;25H;;1,00;
12/01/2026;014;22024;6191114653344;3XL;815;25H;;1,00;
12/01/2026;014;22033;6191114611115;3XL;695;25H;;1,00;
12/01/2026;014;22052;6191114617155;S;385;25H;;1,00;
12/01/2026;014;22054;6191114617384;S;385;25H;;1,00;
12/01/2026;014;22117;6191114649019;XXL;940;25H;;1,00;
12/01/2026;014;22127;6191114649071;XL;770;25H;;1,00;
12/01/2026;014;22128;6191114622982;M;870;25H;;1,00;
12/01/2026;014;22138;6191114624269;L;995;25H;;1,00;
12/01/2026;014;22142;6191114624696;M;995;25H;;1,00;
12/01/2026;014;22178;6191114628960;S;P010;25H;;1,00;
12/01/2026;014;22180;6191114629233;XL;995;25H;;1,00;
12/01/2026;014;22182;6191114629455;3XL;870;25H;;1,00;
12/01/2026;014;22217;6191114642898;3XL;000;25H;;1,00;
12/01/2026;014;22272;6191114652644;3XL;870;25H;;1,00;
12/01/2026;014;22281;6191114653993;XL;995;25H;;1,00;
12/01/2026;014;22320;6191114659209;XXL;870;25H;;1,00;
12/01/2026;014;22321;6191114659384;4XL;870;25H;;1,00;
12/01/2026;014;22330;6191114660106;XXL;220;25H;;1,00;
12/01/2026;014;22331;6191114660229;L;385;25H;;1,00;
12/01/2026;014;55811;6191114644595;L;R310;25H;;-1,00;
12/01/2026;014;55811;6191114644618;XL;R310;25H;;1,00;
12/01/2026;014;55815;6191114669321;L;995;25H;;-1,00;
12/01/2026;014;55815;6191114669338;XL;995;25H;;1,00;
12/01/2026;014;70226;6191114652057;XL;I815;25H;;1,00;
12/01/2026;014;70232;6191114658851;4XL;995;25H;;1,00;
12/01/2026;014;91406;6191114601888;TU;MCO;25E;;1,00;
12/01/2026;014;91516;6191114627475;TU;MCO;25H;;1,00;
12/01/2026;014;91529;6191114640290;37;385;25H;;1,00;
12/01/2026;015;21832;6191114583733;XL;200;25E;;1,00;
12/01/2026;015;22124;6191114646902;XXL;995;25H;;1,00;
12/01/2026;015;22137;6191114623378;L;385;25H;;1,00;
12/01/2026;015;22142;6191114624726;L;995;25H;;-1,00;
12/01/2026;015;22195;6191114628366;L;310;25H;;1,00;
12/01/2026;015;22208;6191114640610;XL;385;25H;;1,00;
12/01/2026;015;22208;6191114640627;XL;995;25H;;1,00;
12/01/2026;015;22320;6191114659162;L;870;25H;;1,00;
12/01/2026;015;22321;6191114659308;L;870;25H;;1,00;
12/01/2026;015;55806;6191114640856;L;385;25H;;1,00;
12/01/2026;015;91272;6194444115667;TU;815;22H;;3,00;
12/01/2026;015;91500;6191114626270;TU;995;25H;;-1,00;
12/01/2026;015;91502;6191114669116;TU;385;25H;;1,00;
12/01/2026;016;20322;6191114273702;XL;I145;23H;;1,00;
12/01/2026;016;20401;6191114289161;L;995;23H;;1,00;
12/01/2026;016;21221;6191114479012;XL;935;24H;;1,00;
12/01/2026;016;21314;6191114499355;36;995;24H;;1,00;
12/01/2026;016;22033;6191114611030;M;695;25H;;1,00;
12/01/2026;016;22033;6191114611108;3XL;815;25H;;1,00;
12/01/2026;016;22046;6191114611818;XL;C385;25H;;1,00;
12/01/2026;016;22064;6191114618763;XL;010;25H;;1,00;
12/01/2026;016;22252;6191114650169;XL;995;25H;;1,00;
12/01/2026;016;22287;6191114654518;S;815;25H;;1,00;
12/01/2026;016;22288;6191114654648;S;995;25H;;1,00;
12/01/2026;016;22306;6191114669086;XL;995;25H;;1,00;
12/01/2026;016;22308;6191114657731;XXL;870;25H;;1,00;
12/01/2026;016;66480;6191114493018;XL;995;24H;;1,00;
12/01/2026;016;91272;6194444115667;TU;815;22H;;7,00;
12/01/2026;016;91274;6194444115681;TU;815;22H;;1,00;
12/01/2026;019;20162;6191114234239;L;995;23H;;1,00;
12/01/2026;019;20162;6191114234451;L;410;23H;;1,00;
12/01/2026;019;20254;6191114257399;S;995;23H;;1,00;
12/01/2026;019;20255;6191114258167;S;695;23H;;1,00;
12/01/2026;019;20258;6191114259058;M;I790;23H;;1,00;
12/01/2026;019;20341;6191114277274;L;634;23H;;1,00;
12/01/2026;019;20416;6191114293595;M;995;23H;;2,00;
12/01/2026;019;20417;6191114293717;L;995;23H;;1,00;
12/01/2026;019;20419;6191114293922;M;995;23H;;1,00;
12/01/2026;019;20427;6191114295490;XXL;995;23H;;1,00;
12/01/2026;019;20431;6191114296350;L;995;23H;;1,00;
12/01/2026;019;20431;6191114296473;XL;385;23H;;1,00;
12/01/2026;019;20431;6191114296497;3XL;385;23H;;1,00;
12/01/2026;019;20808;6191114390928;M;995;24E;;1,00;
12/01/2026;019;21135;6191114482845;L;780;24H;;1,00;
12/01/2026;019;21138;6191114463462;M;995;24H;;1,00;
12/01/2026;019;21223;6191114479241;L;995;24H;;1,00;
12/01/2026;019;21334;6191114499546;L;784;24H;;1,00;
12/01/2026;019;21380;6191114508392;L;995;24H;;1,00;
12/01/2026;019;21380;6191114508408;L;875;24H;;1,00;
12/01/2026;019;21403;6191114513419;L;995;24H;;1,00;
12/01/2026;019;21406;6191114512672;M;995;24H;;1,00;
12/01/2026;019;21490;6191114537774;3XL;995;25E;;1,00;
12/01/2026;019;21549;6191114543140;36;995;25E;;1,00;
12/01/2026;019;21554;6191114543782;38;815;25E;;1,00;
12/01/2026;019;21567;6191114545991;L/XL;995;25E;;1,00;
12/01/2026;019;21584;6191114550285;38;695;25E;;1,00;
12/01/2026;019;21774;6191114576667;L;720;25E;;1,00;
12/01/2026;019;21879;6191114599239;L;R815;25E;;1,00;
12/01/2026;019;22011;6191114607361;S;010;25H;;1,00;
12/01/2026;019;22024;6191114653276;XXL;870;25H;;1,00;
12/01/2026;019;22025;6191114610125;XXL;995;25H;;1,00;
12/01/2026;019;22025;6191114610149;3XL;995;25H;;1,00;
12/01/2026;019;22030;6191114610644;S;995;25H;;1,00;
12/01/2026;019;22045;6191114611764;3XL;995;25H;;1,00;
12/01/2026;019;22071;6191114616172;3XL;784;25H;;1,00;
12/01/2026;019;22092;6191114620261;S;995;25H;;1,00;
12/01/2026;019;22099;6191114620926;XL;995;25H;;1,00;
12/01/2026;019;22137;6191114623378;L;385;25H;;1,00;
12/01/2026;019;22137;6191114623385;L;255;25H;;1,00;
12/01/2026;019;22137;6191114623408;XL;385;25H;;2,00;
12/01/2026;019;22195;6191114628380;XL;215;25H;;1,00;
12/01/2026;019;22195;6191114628595;XXL;215;25H;;1,00;
12/01/2026;019;22195;6191114628618;XXL;210;25H;;1,00;
12/01/2026;019;22204;6191114630772;3XL;995;25H;;1,00;
12/01/2026;019;22247;6191114648777;XXL;R270;25H;;1,00;
12/01/2026;019;22250;6191114649699;3XL;815;25H;;1,00;
12/01/2026;019;22257;6191114650626;3XL;I350;25H;;1,00;
12/01/2026;019;22263;6191114651470;XS;010;25H;;1,00;
12/01/2026;019;22270;6191114649965;XXL;995;25H;;1,00;
12/01/2026;019;22275;6191114652965;L;790;25H;;1,00;
12/01/2026;019;22275;6191114653009;XXL;790;25H;;1,00;
12/01/2026;019;22277;6191114653412;L;815;25H;;1,00;
12/01/2026;019;22277;6191114653443;XL;784;25H;;1,00;
12/01/2026;019;22277;6191114653467;XXL;784;25H;;1,00;
12/01/2026;019;22279;6191114653719;3XL;645;25H;;1,00;
12/01/2026;019;22280;6191114653924;3XL;645;25H;;1,00;
12/01/2026;019;22280;6191114653948;3XL;000;25H;;1,00;
12/01/2026;019;22300;6191114656857;3XL;870;25H;;1,00;
12/01/2026;019;22324;6191114659698;3XL;995;25H;;1,00;
12/01/2026;019;22332;6191114660526;L;870;25H;;1,00;
12/01/2026;019;22338;6191114660922;XXL;170;25H;;1,00;
12/01/2026;019;22347;6191114668621;XXL;I815;25H;;1,00;
12/01/2026;019;22351;6191114668836;L;I815;25H;;1,00;
12/01/2026;019;22351;6191114668843;XL;I815;25H;;1,00;
12/01/2026;019;29746;6191114158283;S;R634;23E;;1,00;
12/01/2026;019;29855;6191114182271;L;R645;23E;;1,00;
12/01/2026;019;29987;6191114204331;L;I625;23E;;1,00;
12/01/2026;019;55800;6191114621589;L;385;25H;;1,00;
12/01/2026;019;55800;6191114621596;L;995;25H;;1,00;
12/01/2026;019;70092;6191114515765;XXL;995;24H;;1,00;
12/01/2026;019;70202;6191114608191;XXL;995;25H;;1,00;
12/01/2026;019;70203;6191114608313;XXL;R995;25H;;1,00;
12/01/2026;019;70224;6191114641792;L;385;25H;;1,00;
12/01/2026;019;70226;6191114652071;XXL;I880;25H;;1,00;
12/01/2026;019;70231;6191114658738;XXL;C000;25H;;1,00;
12/01/2026;019;91339;6191114504035;90;995;24H;;1,00;
12/01/2026;019;91500;6191114626270;TU;995;25H;;1,00;
12/01/2026;019;91501;6191114626300;TU;195;25H;;1,00;
12/01/2026;019;91503;6191114626317;TU;385;25H;;1,00;
12/01/2026;019;91507;6191114626393;TU;995;25H;;1,00;
12/01/2026;019;91507;6191114626409;TU;195;25H;;1,00;
12/01/2026;019;91507;6191114626416;TU;824;25H;;1,00;
12/01/2026;019;91526;6191114640047;40;880;25H;;1,00;
12/01/2026;019;91526;6191114640054;41;995;25H;;1,00;
12/01/2026;021;21131;6191114462700;XL;010;24H;;1,00;
12/01/2026;021;22043;6191114622098;L;855;25H;;1,00;
12/01/2026;021;22126;6191114647015;L;E385;25H;;1,00;
12/01/2026;021;22177;6191114628885;L;010;25H;;1,00;
12/01/2026;021;22239;6191114644939;S;784;25H;;1,00;
12/01/2026;021;22239;6191114645028;XL;784;25H;;1,00;
12/01/2026;021;22261;6191114651296;XXL;385;25H;;1,00;
12/01/2026;021;22262;6191114651418;XXL;385;25H;;1,00;
12/01/2026;021;22263;6191114651531;M;010;25H;;-1,00;
12/01/2026;021;22263;6191114651593;XL;010;25H;;1,00;
12/01/2026;021;22285;6191114654358;L;385;25H;;1,00;
12/01/2026;021;22287;6191114654570;XL;815;25H;;1,00;
12/01/2026;021;22294;6191114656130;XXL;870;25H;;1,00;
12/01/2026;021;70226;6191114652040;XL;I880;25H;;1,00;
12/01/2026;021;70227;6191114652231;XXL;I740;25H;;1,00;
12/01/2026;021;70231;6191114658745;XXL;C995;25H;;1,00;
12/01/2026;021;70233;6191114658905;XXL;995;25H;;1,00;
12/01/2026;024;22046;6191114611832;3XL;C385;25H;;1,00;
12/01/2026;024;22064;6191114618862;3XL;010;25H;;1,00;
12/01/2026;024;22064;6191114618879;3XL;695;25H;;1,00;
12/01/2026;024;22064;6191114618893;3XL;855;25H;;1,00;
12/01/2026;024;22115;6191114646018;XL;990;25H;;1,00;
12/01/2026;024;22240;6191114645110;S;010;25H;;1,00;
12/01/2026;024;22296;6191114656512;L;215;25H;;1,00;
12/01/2026;024;22325;6191114659919;S;995;25H;;1,00;
12/01/2026;024;55816;6191114648524;3XL;R995;25H;;1,00;
12/01/2026;024;55818;6191114655157;3XL;824;25H;;1,00;
12/01/2026;024;70229;6191114657762;M;476;25H;;1,00;
12/01/2026;024;91272;6194444115667;TU;815;22H;;4,00;
12/01/2026;024;91273;6194444115674;TU;815;22H;;1,00;
12/01/2026;029;22216;6191114642645;XXL;I880;25H;;1,00;
12/01/2026;030;20354;6191114297494;4XL;790;23H;;1,00;
12/01/2026;030;21120;6191114453968;3XL;R350;24H;;1,00;
12/01/2026;030;22018;6191114609327;XL;R385;25H;;1,00;
12/01/2026;030;22023;6191114609884;XXL;R385;25H;;1,00;
12/01/2026;030;22026;6191114610200;L;815;25H;;2,00;
12/01/2026;030;22054;6191114617513;4XL;995;25H;;1,00;
12/01/2026;030;22061;6191114618183;XL;R385;25H;;1,00;
12/01/2026;030;22115;6191114646001;XL;820;25H;;1,00;
12/01/2026;030;22132;6191114623859;L;794;25H;;1,00;
12/01/2026;030;22139;6191114624450;L;995;25H;;1,00;
12/01/2026;030;22189;6191114644755;S/M;995;25H;;1,00;
12/01/2026;030;22189;6191114644762;S/M;200;25H;;1,00;
12/01/2026;030;22198;6191114630208;XXL;385;25H;;-1,00;
12/01/2026;030;22272;6191114652606;XL;010;25H;;1,00;
12/01/2026;030;22280;6191114653870;XL;995;25H;;1,00;
12/01/2026;030;22319;6191114670242;L;995;25H;;1,00;
12/01/2026;030;22320;6191114659162;L;870;25H;;1,00;
12/01/2026;030;22331;6191114660199;M;995;25H;;1,00;
12/01/2026;030;22331;6191114660250;XL;815;25H;;1,00;
12/01/2026;030;22331;6191114660274;XL;995;25H;;1,00;
12/01/2026;030;22331;6191114660281;XL;390;25H;;1,00;
12/01/2026;030;55809;6191114642119;XL;870;25H;;1,00;
12/01/2026;030;70205;6191114612310;XL;385;25H;;1,00;
12/01/2026;030;70209;6191114612778;L;R170;25H;;-1,00;
12/01/2026;030;70209;6191114612792;XL;R170;25H;;1,00;
12/01/2026;030;91272;6194444115667;TU;815;22H;;3,00;
12/01/2026;030;91273;6194444115674;TU;815;22H;;6,00;
12/01/2026;030;91339;6191114504035;90;995;24H;;1,00;
12/01/2026;031;22193;6191114628069;M;995;25H;;-1,00;
12/01/2026;031;22193;6191114628083;XL;995;25H;;1,00;
12/01/2026;031;22206;6191114630901;XL;995;25H;;-1,00;
12/01/2026;031;22206;6191114630918;XL;195;25H;;-1,00;
12/01/2026;031;22206;6191114630925;XXL;995;25H;;1,00;
12/01/2026;031;22206;6191114630932;XXL;195;25H;;1,00;
12/01/2026;031;66477;6191114282889;S/M;200;23H;;2,00;
12/01/2026;031;66481;6191114502215;S/M;200;24H;;2,00;
12/01/2026;032;22006;6191114606760;S;815;25H;;1,00;
12/01/2026;032;22018;6191114609273;S;R010;25H;;1,00;
12/01/2026;032;91272;6194444115667;TU;815;22H;;1,00;
13/01/2026;002;20168;6191114236127;XXL;010;23H;;1,00;
13/01/2026;002;20382;6191114285316;L;495;23H;;1,00;
13/01/2026;002;21131;6191114462717;XL;530;24H;;1,00;
13/01/2026;002;21437;6191114528147;L;995;24H;;1,00;
13/01/2026;002;21485;6191114540361;XXL;695;24H;;-1,00;
13/01/2026;002;22032;6191114610927;L;995;25H;;1,00;
13/01/2026;002;22036;6191114611191;XL;R010;25H;;1,00;
13/01/2026;002;22060;6191114618077;XL;310;25H;;1,00;
13/01/2026;002;22070;6191114616011;XL;385;25H;;1,00;
13/01/2026;002;22096;6191114620599;L;385;25H;;1,00;
13/01/2026;002;22139;6191114624405;S;940;25H;;1,00;
13/01/2026;002;22194;6191114628236;XXL;I880;25H;;1,00;
13/01/2026;002;22207;6191114640443;L;880;25H;;-1,00;
13/01/2026;002;22255;6191114650374;XL;995;25H;;1,00;
13/01/2026;002;22262;6191114651395;XL;385;25H;;1,00;
13/01/2026;002;22263;6191114651517;M;870;25H;;1,00;
13/01/2026;002;22263;6191114651623;XXL;010;25H;;1,00;
13/01/2026;002;22267;6191114651913;3XL;995;25H;;1,00;
13/01/2026;002;22273;6191114652804;XXL;695;25H;;-1,00;
13/01/2026;002;22275;6191114652965;L;790;25H;;1,00;
13/01/2026;002;22295;6191114656277;XXL;695;25H;;1,00;
13/01/2026;002;22351;6191114668829;M;I815;25H;;-1,00;
13/01/2026;002;22352;6191114668881;M;I010;25H;;1,00;
13/01/2026;002;55808;6191114641228;L;995;25H;;-1,00;
13/01/2026;002;55808;6191114641242;XL;385;25H;;1,00;
13/01/2026;002;55811;6191114644649;XXL;R784;25H;;1,00;
13/01/2026;002;55813;6191114645288;XXL;385;25H;;1,00;
13/01/2026;002;55816;6191114648456;L;R990;25H;;1,00;
13/01/2026;002;70231;6191114658752;3XL;C000;25H;;1,00;
13/01/2026;002;70232;6191114658820;XL;995;25H;;1,00;
13/01/2026;002;91272;6194444115667;TU;815;22H;;1,00;
13/01/2026;005;20003;6191114219557;XL;995;23H;;1,00;
13/01/2026;005;20339;6191114276512;XL;385;23H;;1,00;
13/01/2026;005;20836;6191114396739;S/M;385;24E;;1,00;
13/01/2026;005;22127;6191114647138;XL;995;25H;;1,00;
13/01/2026;005;22251;6191114650091;3XL;255;25H;;1,00;
13/01/2026;005;22272;6191114652613;XXL;870;25H;;1,00;
13/01/2026;005;55806;6191114640962;3XL;995;25H;;1,00;
13/01/2026;005;70217;6191114647343;3XL;E385;25H;;1,00;
13/01/2026;005;91272;6194444115667;TU;815;22H;;2,00;
13/01/2026;005;91273;6194444115674;TU;815;22H;;3,00;
13/01/2026;009;22056;6191114617667;M;310;25H;;1,00;
13/01/2026;009;22056;6191114617674;M;000;25H;;1,00;
13/01/2026;009;22133;6191114624009;L;645;25H;;1,00;
13/01/2026;009;22194;6191114628236;XXL;I880;25H;;1,00;
13/01/2026;009;22194;6191114628250;XXL;I255;25H;;1,00;
13/01/2026;009;22279;6191114653627;L;645;25H;;1,00;
13/01/2026;009;22287;6191114654570;XL;815;25H;;1,00;
13/01/2026;009;22322;6191114659452;M;190;25H;;1,00;
13/01/2026;009;70223;6191114631038;M;476;25H;;1,00;
13/01/2026;009;70227;6191114652231;XXL;I740;25H;;1,00;
13/01/2026;009;91272;6194444115667;TU;815;22H;;3,00;
13/01/2026;009;91273;6194444115674;TU;815;22H;;1,00;
13/01/2026;011;22187;6191114644694;L/XL;995;25H;;1,00;
13/01/2026;011;22188;6191114644731;L/XL;995;25H;;1,00;
13/01/2026;011;22294;6191114656178;3XL;950;25H;;1,00;
13/01/2026;011;55813;6191114645288;XXL;385;25H;;1,00;
13/01/2026;011;91273;6194444115674;TU;815;22H;;1,00;
13/01/2026;014;21830;6191114583474;3XL;995;25E;;2,00;
13/01/2026;014;21831;6191114583597;XXL;995;25E;;1,00;
13/01/2026;014;22013;6191114607651;L;995;25H;;1,00;
13/01/2026;014;22019;6191114609419;M;995;25H;;1,00;
13/01/2026;014;22024;6191114653320;XL;815;25H;;1,00;
13/01/2026;014;22033;6191114611085;XXL;815;25H;;1,00;
13/01/2026;014;22056;6191114617728;XXL;310;25H;;1,00;
13/01/2026;014;22084;6191114616493;XL;000;25H;;1,00;
13/01/2026;014;22122;6191114646650;L;995;25H;;1,00;
13/01/2026;014;22208;6191114640665;3XL;995;25H;;1,00;
13/01/2026;014;22239;6191114644960;M;784;25H;;1,00;
13/01/2026;014;22251;6191114650022;L;995;25H;;1,00;
13/01/2026;014;22264;6191114651678;S;995;25H;;1,00;
13/01/2026;014;22275;6191114652972;XL;385;25H;;1,00;
13/01/2026;014;22284;6191114654198;M;385;25H;;1,00;
13/01/2026;014;22285;6191114654402;XXL;995;25H;;1,00;
13/01/2026;014;22320;6191114659254;4XL;825;25H;;1,00;
13/01/2026;014;22323;6191114659636;3XL;995;25H;;1,00;
13/01/2026;014;22331;6191114660144;S;385;25H;;1,00;
13/01/2026;014;22331;6191114660229;L;385;25H;;-1,00;
13/01/2026;014;22331;6191114660427;3XL;495;25H;;1,00;
13/01/2026;014;55807;6191114641037;L;385;25H;;-1,00;
13/01/2026;014;55808;6191114641242;XL;385;25H;;1,00;
13/01/2026;014;70201;6191114608023;M;R385;25H;;1,00;
13/01/2026;014;70201;6191114608061;XL;R385;25H;;1,00;
13/01/2026;014;70211;6191114621893;M;870;25H;;1,00;
13/01/2026;014;70231;6191114658707;L;C995;25H;;1,00;
13/01/2026;014;91530;6191114648562;TU;880;25H;;1,00;
13/01/2026;015;22006;6191114606920;XXL;815;25H;;1,00;
13/01/2026;015;22017;6191114609228;XXL;995;25H;;1,00;
13/01/2026;015;22024;6191114653283;3XL;870;25H;;1,00;
13/01/2026;015;22043;6191114611634;XL;784;25H;;1,00;
13/01/2026;015;22081;6191114617070;XL;380;25H;;1,00;
13/01/2026;015;22097;6191114622296;XL;870;25H;;1,00;
13/01/2026;015;22183;6191114629554;XL;995;25H;;1,00;
13/01/2026;015;22242;6191114647572;XL;380;25H;;1,00;
13/01/2026;015;22272;6191114652583;XL;870;25H;;1,00;
13/01/2026;015;22276;6191114655805;XL;385;25H;;1,00;
13/01/2026;015;22276;6191114655812;XL;995;25H;;1,00;
13/01/2026;015;22278;6191114653498;L;995;25H;;1,00;
13/01/2026;015;70208;6191114612686;XL;R385;25H;;1,00;
13/01/2026;015;70217;6191114649408;XXL;I385;25H;;1,00;
13/01/2026;015;91272;6194444115667;TU;815;22H;;8,00;
13/01/2026;016;21826;6191114582781;M;995;25E;;1,00;
13/01/2026;016;22033;6191114611009;S;815;25H;;1,00;
13/01/2026;016;22033;6191114611047;L;815;25H;;1,00;
13/01/2026;016;22044;6191114622067;3XL;695;25H;;1,00;
13/01/2026;016;22052;6191114617216;XL;385;25H;;1,00;
13/01/2026;016;22064;6191114618886;3XL;175;25H;;1,00;
13/01/2026;016;22113;6191114645783;3XL;990;25H;;1,00;
13/01/2026;016;22121;6191114646599;L;995;25H;;1,00;
13/01/2026;016;22125;6191114646940;M;E385;25H;;1,00;
13/01/2026;016;22195;6191114628304;S;310;25H;;1,00;
13/01/2026;016;22264;6191114651708;XL;995;25H;;1,00;
13/01/2026;016;22285;6191114654372;XL;385;25H;;1,00;
13/01/2026;016;22288;6191114654648;S;995;25H;;1,00;
13/01/2026;016;22292;6191114655645;M;870;25H;;1,00;
13/01/2026;016;22302;6191114657236;L;995;25H;;1,00;
13/01/2026;016;22307;6191114669925;S;M870;25H;;1,00;
13/01/2026;016;22317;6191114658608;L;195;25H;;1,00;
13/01/2026;016;22322;6191114659551;3XL;645;25H;;1,00;
13/01/2026;016;55806;6191114640849;M;995;25H;;1,00;
13/01/2026;016;91272;6194444115667;TU;815;22H;;7,00;
13/01/2026;016;91273;6194444115674;TU;815;22H;;4,00;
13/01/2026;016;91274;6194444115681;TU;815;22H;;3,00;
13/01/2026;019;20354;6191114297432;S;790;23H;;1,00;
13/01/2026;019;20450;6191114300545;XL;995;23H;;1,00;
13/01/2026;019;20458;6191114302327;3XL;685;23H;;1,00;
13/01/2026;019;21136;6191114463257;L;815;24H;;1,00;
13/01/2026;019;21136;6191114463318;3XL;815;24H;;1,00;
13/01/2026;019;21189;6191114471306;3XL;I625;24H;;1,00;
13/01/2026;019;21290;6191114485693;S;895;24H;;1,00;
13/01/2026;019;21381;6191114508477;M;995;24H;;1,00;
13/01/2026;019;21484;6191114537354;3XL;870;24H;;1,00;
13/01/2026;019;21546;6191114542952;37;000;25E;;1,00;
13/01/2026;019;22028;6191114610491;XXL;940;25H;;1,00;
13/01/2026;019;22033;6191114611047;L;815;25H;;1,00;
13/01/2026;019;22036;6191114611221;3XL;R995;25H;;1,00;
13/01/2026;019;22045;6191114611665;S;995;25H;;1,00;
13/01/2026;019;22088;6191114619845;3XL;995;25H;;1,00;
13/01/2026;019;22090;6191114620117;3XL;815;25H;;1,00;
13/01/2026;019;22091;6191114620223;XXL;995;25H;;1,00;
13/01/2026;019;22124;6191114646902;XXL;995;25H;;1,00;
13/01/2026;019;22150;6191114625631;L;995;25H;;1,00;
13/01/2026;019;22185;6191114627635;L;695;25H;;1,00;
13/01/2026;019;22207;6191114640504;XXL;880;25H;;-1,00;
13/01/2026;019;22258;6191114650817;XXL;195;25H;;1,00;
13/01/2026;019;22285;6191114654327;S;995;25H;;1,00;
13/01/2026;019;70220;6191114631212;XXL;870;25H;;1,00;
13/01/2026;019;70228;6191114649880;L;995;25H;;1,00;
13/01/2026;021;22013;6191114607651;L;995;25H;;1,00;
13/01/2026;021;22020;6191114619272;M;815;25H;;1,00;
13/01/2026;021;22022;6191114609723;L;R385;25H;;1,00;
13/01/2026;021;22022;6191114609785;3XL;R385;25H;;1,00;
13/01/2026;021;22026;6191114610224;XL;815;25H;;2,00;
13/01/2026;021;22044;6191114622043;XL;695;25H;;1,00;
13/01/2026;021;22071;6191114616103;M;195;25H;;1,00;
13/01/2026;021;22110;6191114622401;S;385;25H;;1,00;
13/01/2026;021;22202;6191114630550;XL;790;25H;;1,00;
13/01/2026;021;22281;6191114654006;XXL;995;25H;;1,00;
13/01/2026;021;22300;6191114656826;L;870;25H;;1,00;
13/01/2026;021;22322;6191114659506;XL;740;25H;;1,00;
13/01/2026;021;91272;6194444115667;TU;815;22H;;1,00;
13/01/2026;024;20255;6191114257863;XL;995;23H;;1,00;
13/01/2026;024;22020;6191114619296;XL;815;25H;;1,00;
13/01/2026;024;22024;6191114653320;XL;815;25H;;1,00;
13/01/2026;024;22033;6191114611092;XXL;695;25H;;1,00;
13/01/2026;024;22127;6191114647138;XL;995;25H;;1,00;
13/01/2026;024;22133;6191114625211;XXL;995;25H;;1,00;
13/01/2026;024;22255;6191114650381;XXL;995;25H;;1,00;
13/01/2026;024;22272;6191114652590;XL;995;25H;;1,00;
13/01/2026;024;22291;6191114655430;L;495;25H;;1,00;
13/01/2026;024;28474;6191113927651;XL;990;21H;;1,00;
13/01/2026;024;55806;6191114640948;3XL;385;25H;;1,00;
13/01/2026;024;55816;6191114648494;XXL;R995;25H;;1,00;
13/01/2026;024;55817;6191114654785;L;790;25H;;1,00;
13/01/2026;024;70226;6191114652071;XXL;I880;25H;;1,00;
13/01/2026;024;91272;6194444115667;TU;815;22H;;5,00;
13/01/2026;024;91273;6194444115674;TU;815;22H;;3,00;
13/01/2026;024;91521;6191114627550;TU;MCO;25H;;1,00;
13/01/2026;029;22013;6191114607705;3XL;870;25H;;1,00;
13/01/2026;029;22054;6191114617452;XL;995;25H;;-1,00;
13/01/2026;029;22268;6191114656352;XXL;890;25H;;-1,00;
13/01/2026;029;22300;6191114656857;3XL;870;25H;;1,00;
13/01/2026;029;70212;6191114623279;XL;I995;25H;;-1,00;
13/01/2026;030;12012;6191113776747;4;235;20H;;1,00;
13/01/2026;030;22024;6191114653320;XL;815;25H;;1,00;
13/01/2026;030;22025;6191114610064;M;995;25H;;1,00;
13/01/2026;030;22026;6191114610255;XXL;645;25H;;1,00;
13/01/2026;030;22028;6191114610507;3XL;870;25H;;1,00;
13/01/2026;030;22127;6191114647138;XL;995;25H;;1,00;
13/01/2026;030;22183;6191114629561;XXL;385;25H;;1,00;
13/01/2026;030;22217;6191114642898;3XL;000;25H;;1,00;
13/01/2026;030;22263;6191114651630;3XL;870;25H;;1,00;
13/01/2026;030;22306;6191114669093;XXL;995;25H;;1,00;
13/01/2026;030;22307;6191114669932;S;M940;25H;;1,00;
13/01/2026;030;22320;6191114659131;S;825;25H;;-1,00;
13/01/2026;030;22321;6191114659292;M;825;25H;;-1,00;
13/01/2026;030;27705;6191113776037;5;200;20H;;1,00;
13/01/2026;030;55800;6191114621602;L;975;25H;;1,00;
13/01/2026;030;91272;6194444115667;TU;815;22H;;3,00;
13/01/2026;030;91273;6194444115674;TU;815;22H;;1,00;
13/01/2026;030;91340;6191114504066;100;995;24H;;1,00;
13/01/2026;031;22047;6191114611917;XL;695;25H;;1,00;
13/01/2026;031;22114;6191114645868;XL;020;25H;;-1,00;
13/01/2026;031;22209;6191114640771;3XL;815;25H;;1,00;
13/01/2026;031;22273;6191114652842;3XL;824;25H;;1,00;
13/01/2026;031;22331;6191114660410;XXL;495;25H;;1,00;
13/01/2026;031;70220;6191114631205;XL;695;25H;;1,00;
13/01/2026;032;22020;6191114609549;L;695;25H;;1,00;
13/01/2026;032;22256;6191114650459;3XL;995;25H;;1,00;
13/01/2026;032;70231;6191114658769;3XL;C995;25H;;1,00;
13/01/2026;032;91272;6194444115667;TU;815;22H;;1,00;
13/01/2026;032;91273;6194444115674;TU;815;22H;;1,00;
13/01/2026;033;22124;6191114646889;XL;995;25H;;1,00;
13/01/2026;033;22124;6191114646902;XXL;995;25H;;-1,00;
13/01/2026;033;22199;6191114631090;L;995;25H;;1,00;
13/01/2026;033;91273;6194444115674;TU;815;22H;;1,00;
14/01/2026;002;20180;6191114238909;XXL;385;23H;;1,00;
14/01/2026;002;21137;6191114463387;XL;385;24H;;1,00;
14/01/2026;002;21321;6191114497399;TU;995;24H;;1,00;
14/01/2026;002;22006;6191114606913;XL;995;25H;;1,00;
14/01/2026;002;22006;6191114606951;XXL;995;25H;;-1,00;
14/01/2026;002;22033;6191114611108;3XL;815;25H;;1,00;
14/01/2026;002;22033;6191114611115;3XL;695;25H;;1,00;
14/01/2026;002;22061;6191114618176;L;R350;25H;;1,00;
14/01/2026;002;22061;6191114618190;XL;R350;25H;;-1,00;
14/01/2026;002;22084;6191114616493;XL;000;25H;;1,00;
14/01/2026;002;22133;6191114624009;L;645;25H;;1,00;
14/01/2026;002;22133;6191114624030;XL;645;25H;;-1,00;
14/01/2026;002;22194;6191114628229;XL;I255;25H;;1,00;
14/01/2026;002;22195;6191114628359;L;215;25H;;1,00;
14/01/2026;002;22247;6191114648630;S;R385;25H;;-1,00;
14/01/2026;002;22247;6191114648685;M;R270;25H;;1,00;
14/01/2026;002;22250;6191114649545;S;815;25H;;-1,00;
14/01/2026;002;22250;6191114649569;S;784;25H;;1,00;
14/01/2026;002;22259;6191114650909;S;490;25H;;1,00;
14/01/2026;002;22259;6191114650961;XL;490;25H;;1,00;
14/01/2026;002;22263;6191114651562;L;010;25H;;1,00;
14/01/2026;002;22263;6191114651579;XL;870;25H;;1,00;
14/01/2026;002;22267;6191114651814;S;995;25H;;1,00;
14/01/2026;002;22267;6191114651876;XL;995;25H;;1,00;
14/01/2026;002;22302;6191114657236;L;995;25H;;1,00;
14/01/2026;002;22302;6191114657298;3XL;995;25H;;-1,00;
14/01/2026;002;22319;6191114670235;M;995;25H;;1,00;
14/01/2026;002;22321;6191114659261;S;870;25H;;1,00;
14/01/2026;002;22332;6191114660489;S;870;25H;;-1,00;
14/01/2026;002;22355;6191114668997;XS;995;25H;;1,00;
14/01/2026;002;22355;6191114669000;M;995;25H;;-1,00;
14/01/2026;002;55811;6191114644588;M;R784;25H;;1,00;
14/01/2026;002;55818;6191114655003;L;824;25H;;1,00;
14/01/2026;002;55818;6191114655140;3XL;995;25H;;1,00;
14/01/2026;002;55818;6191114655157;3XL;824;25H;;-1,00;
14/01/2026;002;70216;6191114624320;XL;R385;25H;;1,00;
14/01/2026;002;70220;6191114631205;XL;695;25H;;1,00;
14/01/2026;002;70226;6191114652064;XXL;I995;25H;;1,00;
14/01/2026;002;70230;6191114658219;XL;I995;25H;;1,00;
14/01/2026;002;70232;6191114658837;XXL;995;25H;;1,00;
14/01/2026;002;91272;6194444115667;TU;815;22H;;2,00;
14/01/2026;005;22173;6191114628700;XXL;995;25H;;1,00;
14/01/2026;005;22194;6191114628199;L;I255;25H;;1,00;
14/01/2026;005;22242;6191114647534;L;695;25H;;1,00;
14/01/2026;005;70231;6191114658745;XXL;C995;25H;;1,00;
14/01/2026;005;70233;6191114658905;XXL;995;25H;;1,00;
14/01/2026;005;91273;6194444115674;TU;815;22H;;1,00;
14/01/2026;009;21835;6191114584341;XXL;645;25E;;-1,00;
14/01/2026;009;22044;6191114609136;3XL;995;25H;;1,00;
14/01/2026;009;22073;6191114616301;L;395;25H;;1,00;
14/01/2026;009;22124;6191114646889;XL;995;25H;;1,00;
14/01/2026;009;22280;6191114653849;L;995;25H;;1,00;
14/01/2026;009;22302;6191114657250;XL;995;25H;;-1,00;
14/01/2026;009;55800;6191114621602;L;975;25H;;1,00;
14/01/2026;009;55817;6191114654761;L;385;25H;;1,00;
14/01/2026;009;91272;6194444115667;TU;815;22H;;2,00;
14/01/2026;009;91273;6194444115674;TU;815;22H;;2,00;
14/01/2026;011;22064;6191114618848;XXL;855;25H;;1,00;
14/01/2026;011;22089;6191114619920;L;995;25H;;-1,00;
14/01/2026;011;22089;6191114619951;XXL;385;25H;;1,00;
14/01/2026;011;22105;6191114621237;XXL;000;25H;;1,00;
14/01/2026;011;22111;6191114622722;L;235;25H;;1,00;
14/01/2026;011;22137;6191114623330;S;235;25H;;-1,00;
14/01/2026;011;22237;6191114644816;L;I815;25H;;1,00;
14/01/2026;011;22254;6191114650329;XXL;995;25H;;1,00;
14/01/2026;011;22255;6191114650374;XL;995;25H;;1,00;
14/01/2026;011;22256;6191114650435;XL;995;25H;;1,00;
14/01/2026;011;22257;6191114650664;4XL;I740;25H;;-1,00;
14/01/2026;011;22258;6191114650763;L;740;25H;;-1,00;
14/01/2026;011;22263;6191114651487;S;870;25H;;1,00;
14/01/2026;011;22276;6191114655799;L;995;25H;;1,00;
14/01/2026;011;22276;6191114655836;XXL;995;25H;;1,00;
14/01/2026;011;22278;6191114653498;L;995;25H;;1,00;
14/01/2026;011;22297;6191114656635;S;695;25H;;-1,00;
14/01/2026;011;91272;6194444115667;TU;815;22H;;2,00;
14/01/2026;011;91273;6194444115674;TU;815;22H;;2,00;
14/01/2026;014;22033;6191114611047;L;815;25H;;1,00;
14/01/2026;014;22033;6191114611054;L;695;25H;;1,00;
14/01/2026;014;22194;6191114628182;L;I385;25H;;1,00;
14/01/2026;014;22194;6191114628199;L;I255;25H;;1,00;
14/01/2026;014;22206;6191114630895;L;195;25H;;1,00;
14/01/2026;014;22239;6191114644922;S;995;25H;;1,00;
14/01/2026;014;22272;6191114652613;XXL;870;25H;;1,00;
14/01/2026;014;22280;6191114653917;XXL;000;25H;;1,00;
14/01/2026;014;22319;6191114670228;S;995;25H;;1,00;
14/01/2026;014;22331;6191114660359;3XL;995;25H;;1,00;
14/01/2026;014;22331;6191114660410;XXL;495;25H;;1,00;
14/01/2026;014;22332;6191114660519;M;940;25H;;1,00;
14/01/2026;014;55809;6191114642034;XXL;995;25H;;1,00;
14/01/2026;014;70205;6191114612297;L;385;25H;;1,00;
14/01/2026;015;22006;6191114606845;L;815;25H;;1,00;
14/01/2026;015;22006;6191114606920;XXL;815;25H;;-1,00;
14/01/2026;015;22242;6191114647701;3XL;724;25H;;-1,00;
14/01/2026;015;22272;6191114652576;L;010;25H;;1,00;
14/01/2026;015;22296;6191114656536;XL;385;25H;;1,00;
14/01/2026;015;22320;6191114659179;L;825;25H;;1,00;
14/01/2026;015;22321;6191114659339;XL;825;25H;;1,00;
14/01/2026;015;55801;6191114621732;M;385;25H;;1,00;
14/01/2026;015;55806;6191114640849;M;995;25H;;1,00;
14/01/2026;015;55806;6191114640948;3XL;385;25H;;1,00;
14/01/2026;015;55806;6191114640955;3XL;870;25H;;1,00;
14/01/2026;015;55810;6191114642232;L;010;25H;;1,00;
14/01/2026;015;55816;6191114648531;3XL;R385;25H;;1,00;
14/01/2026;015;55816;6191114648548;3XL;R990;25H;;1,00;
14/01/2026;015;55817;6191114654785;L;790;25H;;1,00;
14/01/2026;015;70206;6191114612396;M;870;25H;;1,00;
14/01/2026;015;91272;6194444115667;TU;815;22H;;7,00;
14/01/2026;016;22083;6191114619081;XL;350;25H;;1,00;
14/01/2026;016;22115;6191114646025;XL;005;25H;;1,00;
14/01/2026;016;22239;6191114644984;L;995;25H;;1,00;
14/01/2026;016;22263;6191114651586;XL;995;25H;;1,00;
14/01/2026;016;22267;6191114651876;XL;995;25H;;1,00;
14/01/2026;016;22278;6191114653504;XL;995;25H;;1,00;
14/01/2026;016;22280;6191114653917;XXL;000;25H;;1,00;
14/01/2026;016;22281;6191114654006;XXL;995;25H;;1,00;
14/01/2026;016;22288;6191114654679;XL;995;25H;;1,00;
14/01/2026;016;22289;6191114655249;L;995;25H;;1,00;
14/01/2026;016;22292;6191114655645;M;870;25H;;-1,00;
14/01/2026;016;22322;6191114659520;XXL;645;25H;;1,00;
14/01/2026;016;22324;6191114659667;L;995;25H;;1,00;
14/01/2026;016;91272;6194444115667;TU;815;22H;;2,00;
14/01/2026;016;91273;6194444115674;TU;815;22H;;1,00;
14/01/2026;016;91274;6194444115681;TU;815;22H;;3,00;
14/01/2026;019;21437;6191114528161;XXL;995;24H;;1,00;
14/01/2026;019;22026;6191114610187;M;815;25H;;1,00;
14/01/2026;019;22137;6191114623415;XL;255;25H;;1,00;
14/01/2026;019;22195;6191114628397;XL;310;25H;;1,00;
14/01/2026;019;22238;6191114644885;XL;I995;25H;;1,00;
14/01/2026;019;22257;6191114650565;XL;I350;25H;;1,00;
14/01/2026;019;22275;6191114653009;XXL;790;25H;;1,00;
14/01/2026;019;55816;6191114648500;XXL;R385;25H;;1,00;
14/01/2026;019;91527;6191114640122;38;995;25H;;1,00;
14/01/2026;021;22062;6191114618350;XL;195;25H;;1,00;
14/01/2026;021;22064;6191114618763;XL;010;25H;;1,00;
14/01/2026;021;22239;6191114644991;L;784;25H;;1,00;
14/01/2026;021;22259;6191114650978;XXL;010;25H;;1,00;
14/01/2026;021;22263;6191114651562;L;010;25H;;1,00;
14/01/2026;021;22281;6191114653993;XL;995;25H;;1,00;
14/01/2026;021;22281;6191114654006;XXL;995;25H;;-1,00;
14/01/2026;021;22284;6191114654211;L;385;25H;;1,00;
14/01/2026;021;22285;6191114654372;XL;385;25H;;1,00;
14/01/2026;021;22287;6191114654563;L;995;25H;;1,00;
14/01/2026;021;22294;6191114656109;XL;870;25H;;1,00;
14/01/2026;021;22320;6191114659162;L;870;25H;;1,00;
14/01/2026;021;70205;6191114612297;L;385;25H;;1,00;
14/01/2026;021;70222;6191114630987;L;476;25H;;1,00;
14/01/2026;021;70231;6191114658691;L;C000;25H;;1,00;
14/01/2026;021;70232;6191114658806;M;995;25H;;1,00;
14/01/2026;021;91272;6194444115667;TU;815;22H;;2,00;
14/01/2026;024;22003;6191114606326;3XL;R724;25H;;1,00;
14/01/2026;024;22033;6191114611061;XL;815;25H;;1,00;
14/01/2026;024;22210;6191114641693;XL;870;25H;;1,00;
14/01/2026;024;22230;6191114649286;3XL;790;25H;;1,00;
14/01/2026;024;22237;6191114644816;L;I815;25H;;1,00;
14/01/2026;024;22244;6191114647954;L;995;25H;;1,00;
14/01/2026;024;22252;6191114650121;M;995;25H;;1,00;
14/01/2026;024;22253;6191114650237;M;995;25H;;1,00;
14/01/2026;024;22258;6191114650732;M;740;25H;;1,00;
14/01/2026;024;22259;6191114650930;L;010;25H;;1,00;
14/01/2026;024;22265;6191114651777;L;995;25H;;1,00;
14/01/2026;024;22318;6191114658967;S;C000;25H;;1,00;
14/01/2026;024;22332;6191114660564;XXL;870;25H;;-1,00;
14/01/2026;024;91272;6194444115667;TU;815;22H;;2,00;
14/01/2026;024;91273;6194444115674;TU;815;22H;;3,00;
14/01/2026;024;91370;6191114550766;TU;MCO;25E;;1,00;
14/01/2026;024;91509;6191114625389;41;815;25H;;1,00;
14/01/2026;029;22194;6191114628212;XL;I385;25H;;1,00;
14/01/2026;029;22194;6191114628229;XL;I255;25H;;1,00;
14/01/2026;029;22291;6191114655423;L;995;25H;;1,00;
14/01/2026;030;21830;6191114583351;M;995;25E;;1,00;
14/01/2026;030;21832;6191114583672;M;200;25E;;1,00;
14/01/2026;030;22014;6191114607774;L;R495;25H;;1,00;
14/01/2026;030;22023;6191114609853;L;R010;25H;;1,00;
14/01/2026;030;22037;6191114611351;3XL;010;25H;;1,00;
14/01/2026;030;22048;6191114611993;L;995;25H;;1,00;
14/01/2026;030;22073;6191114616363;3XL;395;25H;;1,00;
14/01/2026;030;22087;6191114619685;XL;995;25H;;1,00;
14/01/2026;030;22114;6191114645837;L;815;25H;;1,00;
14/01/2026;030;22121;6191114646575;S;995;25H;;1,00;
14/01/2026;030;22137;6191114623378;L;385;25H;;1,00;
14/01/2026;030;22177;6191114628939;XXL;215;25H;;1,00;
14/01/2026;030;22180;6191114629219;M;995;25H;;1,00;
14/01/2026;030;22188;6191114644717;S/M;995;25H;;1,00;
14/01/2026;030;22195;6191114628366;L;310;25H;;1,00;
14/01/2026;030;22259;6191114650893;S;010;25H;;1,00;
14/01/2026;030;22280;6191114653849;L;995;25H;;1,00;
14/01/2026;030;22280;6191114653870;XL;995;25H;;-1,00;
14/01/2026;030;22301;6191114657175;3XL;995;25H;;1,00;
14/01/2026;030;22307;6191114670075;3XL;M870;25H;;1,00;
14/01/2026;030;22312;6191114658172;3XL;995;25H;;1,00;
14/01/2026;030;22316;6191114658516;L;476;25H;;1,00;
14/01/2026;030;22318;6191114659049;XXL;C000;25H;;1,00;
14/01/2026;030;22320;6191114659186;XL;870;25H;;1,00;
14/01/2026;030;22321;6191114659285;M;870;25H;;1,00;
14/01/2026;030;22321;6191114659292;M;825;25H;;1,00;
14/01/2026;030;22321;6191114659346;XXL;870;25H;;1,00;
14/01/2026;030;22322;6191114659506;XL;740;25H;;1,00;
14/01/2026;030;22324;6191114659698;3XL;995;25H;;1,00;
14/01/2026;030;22330;6191114660113;3XL;724;25H;;1,00;
14/01/2026;030;22330;6191114660120;3XL;220;25H;;1,00;
14/01/2026;030;55806;6191114640887;XL;385;25H;;1,00;
14/01/2026;030;55816;6191114648517;XXL;R990;25H;;1,00;
14/01/2026;030;55819;6191114657564;L;R480;25H;;1,00;
14/01/2026;030;70217;6191114647336;XXL;E385;25H;;1,00;
14/01/2026;030;70222;6191114630994;XL;476;25H;;1,00;
14/01/2026;030;70223;6191114631052;XL;476;25H;;1,00;
14/01/2026;030;70227;6191114652194;L;I740;25H;;-1,00;
14/01/2026;030;70227;6191114652231;XXL;I740;25H;;1,00;
14/01/2026;030;70233;6191114658882;L;995;25H;;1,00;
14/01/2026;030;91272;6194444115667;TU;815;22H;;3,00;
14/01/2026;030;91273;6194444115674;TU;815;22H;;13,00;
14/01/2026;030;91526;6191114639959;36;995;25H;;1,00;
14/01/2026;031;22037;6191114611306;XL;995;25H;;1,00;
14/01/2026;031;22038;6191114611399;XL;R385;25H;;1,00;
14/01/2026;031;22111;6191114622746;XXL;235;25H;;1,00;
14/01/2026;031;22118;6191114646407;L;874;25H;;-1,00;
14/01/2026;031;22118;6191114646421;XL;874;25H;;1,00;
14/01/2026;031;22202;6191114630574;XXL;790;25H;;1,00;
14/01/2026;031;22272;6191114652576;L;010;25H;;1,00;
14/01/2026;031;22307;6191114669949;M;M815;25H;;1,00;
14/01/2026;031;70226;6191114652033;XL;I995;25H;;1,00;
14/01/2026;031;70231;6191114658714;XL;C000;25H;;1,00;
14/01/2026;031;70232;6191114658813;L;995;25H;;1,00;
14/01/2026;032;22009;6191114607231;3XL;380;25H;;1,00;
14/01/2026;032;22010;6191114607323;XXL;815;25H;;1,00;
14/01/2026;032;22012;6191114607569;XXL;995;25H;;1,00;
14/01/2026;032;22038;6191114611405;XXL;R385;25H;;1,00;
14/01/2026;032;22130;6191114623552;L;995;25H;;1,00;
14/01/2026;032;22200;6191114630345;3XL;010;25H;;1,00;
14/01/2026;032;22256;6191114650411;M;995;25H;;1,00;
14/01/2026;032;22256;6191114650459;3XL;995;25H;;-1,00;
14/01/2026;032;70214;6191114623774;XL;995;25H;;1,00;
14/01/2026;032;70221;6191114631342;5XL;I995;25H;;1,00;
14/01/2026;032;70231;6191114658769;3XL;C995;25H;;-1,00;
14/01/2026;032;91272;6194444115667;TU;815;22H;;2,00;
14/01/2026;032;91273;6194444115674;TU;815;22H;;1,00;
14/01/2026;033;22276;6191114655812;XL;995;25H;;1,00;
14/01/2026;033;91272;6194444115667;TU;815;22H;;1,00;
15/01/2026;002;22024;6191114653313;L;815;25H;;1,00;
15/01/2026;002;22045;6191114611764;3XL;995;25H;;1,00;
15/01/2026;002;22097;6191114620766;XL;995;25H;;1,00;
15/01/2026;002;22137;6191114623415;XL;255;25H;;1,00;
15/01/2026;002;22137;6191114623484;3XL;235;25H;;1,00;
15/01/2026;002;22222;6191114643321;S;995;25H;;1,00;
15/01/2026;002;22222;6191114643345;S;685;25H;;1,00;
15/01/2026;002;22223;6191114643482;S;645;25H;;1,00;
15/01/2026;002;22263;6191114651517;M;870;25H;;1,00;
15/01/2026;002;22287;6191114654587;XL;995;25H;;1,00;
15/01/2026;002;22302;6191114657298;3XL;995;25H;;1,00;
15/01/2026;002;22324;6191114659650;M;995;25H;;1,00;
15/01/2026;002;55818;6191114658325;XL;535;25H;;1,00;
15/01/2026;002;91272;6194444115667;TU;815;22H;;1,00;
15/01/2026;005;20987;6191114430815;2XL;200;24E;;1,00;
15/01/2026;005;22087;6191114619722;3XL;995;25H;;1,00;
15/01/2026;005;22117;6191114648982;M;940;25H;;1,00;
15/01/2026;005;22124;6191114646919;3XL;645;25H;;1,00;
15/01/2026;005;22181;6191114629295;3XL;995;25H;;1,00;
15/01/2026;005;22243;6191114647756;M;215;25H;;1,00;
15/01/2026;005;22250;6191114649651;XL;784;25H;;1,00;
15/01/2026;005;22263;6191114651593;XL;010;25H;;1,00;
15/01/2026;005;22263;6191114651654;3XL;010;25H;;1,00;
15/01/2026;005;22276;6191114655812;XL;995;25H;;1,00;
15/01/2026;005;22285;6191114654334;M;385;25H;;1,00;
15/01/2026;005;55811;6191114644656;3XL;R310;25H;;1,00;
15/01/2026;005;55813;6191114645325;3XL;310;25H;;1,00;
15/01/2026;005;55816;6191114648418;M;R385;25H;;1,00;
15/01/2026;005;55816;6191114648500;XXL;R385;25H;;1,00;
15/01/2026;005;91272;6194444115667;TU;815;22H;;3,00;
15/01/2026;005;91273;6194444115674;TU;815;22H;;5,00;
15/01/2026;009;22062;6191114618350;XL;195;25H;;1,00;
15/01/2026;009;91343;6191114512344;TU;790;24H;;-1,00;
15/01/2026;009;91343;6191114512375;TU;820;24H;;1,00;
15/01/2026;011;55815;6191114645608;XXL;385;25H;;1,00;
15/01/2026;011;91273;6194444115674;TU;815;22H;;1,00;
15/01/2026;014;21827;6191114583016;L;200;25E;;1,00;
15/01/2026;014;21828;6191114583269;3XL;995;25E;;2,00;
15/01/2026;014;21830;6191114583443;XXL;995;25E;;1,00;
15/01/2026;014;22011;6191114607422;XL;010;25H;;1,00;
15/01/2026;014;22018;6191114609327;XL;R385;25H;;1,00;
15/01/2026;014;22019;6191114609457;XL;995;25H;;1,00;
15/01/2026;014;22030;6191114610651;S;010;25H;;1,00;
15/01/2026;014;22078;6191114616783;L;995;25H;;1,00;
15/01/2026;014;22086;6191114619548;XL;010;25H;;1,00;
15/01/2026;014;22114;6191114645820;M;020;25H;;1,00;
15/01/2026;014;22137;6191114623408;XL;385;25H;;1,00;
15/01/2026;014;22244;6191114648005;XL;695;25H;;1,00;
15/01/2026;014;22257;6191114650657;4XL;I350;25H;;1,00;
15/01/2026;014;22263;6191114651517;M;870;25H;;-1,00;
15/01/2026;014;22281;6191114654006;XXL;995;25H;;1,00;
15/01/2026;014;22326;6191114668324;XL;995;25H;;1,00;
15/01/2026;014;55816;6191114648463;XL;R995;25H;;1,00;
15/01/2026;014;70207;6191114612525;M;R695;25H;;1,00;
15/01/2026;014;70221;6191114631274;S;I995;25H;;1,00;
15/01/2026;014;70222;6191114630987;L;476;25H;;-1,00;
15/01/2026;014;70231;6191114658707;L;C995;25H;;1,00;
15/01/2026;014;91505;6191114657311;TU;815;25H;;1,00;
15/01/2026;014;91516;6191114627475;TU;MCO;25H;;1,00;
15/01/2026;014;91527;6191114640115;38;870;25H;;1,00;
15/01/2026;015;22033;6191114611085;XXL;815;25H;;1,00;
15/01/2026;015;22110;6191114622470;M;255;25H;;1,00;
15/01/2026;015;22194;6191114628199;L;I255;25H;;1,00;
15/01/2026;015;22267;6191114651845;L;815;25H;;1,00;
15/01/2026;015;55813;6191114645318;3XL;385;25H;;1,00;
15/01/2026;015;70227;6191114652194;L;I740;25H;;1,00;
15/01/2026;015;91272;6194444115667;TU;815;22H;;5,00;
15/01/2026;016;22026;6191114610217;L;645;25H;;1,00;
15/01/2026;016;22050;6191114614468;S/M;995;25H;;1,00;
15/01/2026;016;22117;6191114646254;M;995;25H;;1,00;
15/01/2026;016;22127;6191114649064;L;770;25H;;1,00;
15/01/2026;016;22137;6191114623477;3XL;255;25H;;1,00;
15/01/2026;016;22139;6191114624511;XXL;995;25H;;1,00;
15/01/2026;016;22246;6191114648890;3XL;995;25H;;1,00;
15/01/2026;016;22286;6191114654464;XL;995;25H;;1,00;
15/01/2026;016;22289;6191114655270;XL;476;25H;;1,00;
15/01/2026;016;70214;6191114623774;XL;995;25H;;1,00;
15/01/2026;016;91272;6194444115667;TU;815;22H;;3,00;
15/01/2026;016;91273;6194444115674;TU;815;22H;;2,00;
15/01/2026;019;20255;6191114258099;XXL;195;23H;;1,00;
15/01/2026;019;20256;6191114258433;3XL;010;23H;;1,00;
15/01/2026;019;20256;6191114258525;XL;310;23H;;1,00;
15/01/2026;019;20256;6191114258549;3XL;310;23H;;1,00;
15/01/2026;019;20256;6191114258631;XL;190;23H;;1,00;
15/01/2026;019;20288;6191114266148;XS;I000;23H;;1,00;
15/01/2026;019;20339;6191114276512;XL;385;23H;;1,00;
15/01/2026;019;20354;6191114297364;XXL;685;23H;;1,00;
15/01/2026;019;20427;6191114295490;XXL;995;23H;;1,00;
15/01/2026;019;21300;6191114499171;XXL;E385;24H;;1,00;
15/01/2026;019;21348;6191114501645;XXL;995;24H;;1,00;
15/01/2026;019;21473;6191114532335;XXL;995;24H;;1,00;
15/01/2026;019;22175;6191114628786;S;990;25H;;-1,00;
15/01/2026;019;22185;6191114627604;S;784;25H;;-1,00;
15/01/2026;019;22205;6191114630819;XL;870;25H;;-1,00;
15/01/2026;021;22017;6191114609181;L;995;25H;;1,00;
15/01/2026;021;22020;6191114609563;XL;695;25H;;1,00;
15/01/2026;021;22020;6191114619265;S;815;25H;;1,00;
15/01/2026;021;22020;6191114619296;XL;815;25H;;1,00;
15/01/2026;021;22043;6191114622074;S;855;25H;;1,00;
15/01/2026;021;22061;6191114618213;XXL;R350;25H;;1,00;
15/01/2026;021;22086;6191114619517;L;995;25H;;1,00;
15/01/2026;021;22100;6191114620957;S;995;25H;;1,00;
15/01/2026;021;22124;6191114646872;XL;645;25H;;1,00;
15/01/2026;021;22183;6191114629561;XXL;385;25H;;1,00;
15/01/2026;021;22186;6191114627727;M;784;25H;;1,00;
15/01/2026;021;22187;6191114644687;S/M;200;25H;;1,00;
15/01/2026;021;22191;6191114648920;L;P385;25H;;1,00;
15/01/2026;021;22259;6191114650909;S;490;25H;;1,00;
15/01/2026;021;22262;6191114651401;XL;490;25H;;1,00;
15/01/2026;021;22272;6191114652491;S;870;25H;;1,00;
15/01/2026;021;22279;6191114653658;XL;645;25H;;1,00;
15/01/2026;021;22279;6191114653672;XL;000;25H;;1,00;
15/01/2026;021;22287;6191114654525;S;995;25H;;1,00;
15/01/2026;021;22335;6191114660939;S/M;815;25H;;1,00;
15/01/2026;021;70226;6191114652033;XL;I995;25H;;1,00;
15/01/2026;021;70226;6191114652064;XXL;I995;25H;;-1,00;
15/01/2026;021;70227;6191114652194;L;I740;25H;;1,00;
15/01/2026;021;91272;6194444115667;TU;815;22H;;4,00;
15/01/2026;024;22011;6191114607378;S;215;25H;;1,00;
15/01/2026;024;22011;6191114607415;L;215;25H;;1,00;
15/01/2026;024;22081;6191114617056;M;380;25H;;1,00;
15/01/2026;024;22320;6191114659162;L;870;25H;;1,00;
15/01/2026;024;22321;6191114659346;XXL;870;25H;;1,00;
15/01/2026;024;91273;6194444115674;TU;815;22H;;1,00;
15/01/2026;024;91509;6191114625242;36;870;25H;;1,00;
15/01/2026;029;22115;6191114645974;L;820;25H;;1,00;
15/01/2026;029;22115;6191114645981;L;990;25H;;1,00;
15/01/2026;029;22194;6191114628175;L;I880;25H;;1,00;
15/01/2026;029;22202;6191114630574;XXL;790;25H;;1,00;
15/01/2026;029;22301;6191114657120;L;215;25H;;1,00;
15/01/2026;030;20354;6191114279834;3XL;995;23H;;-1,00;
15/01/2026;030;20452;6191114301009;3XL;805;23H;;-1,00;
15/01/2026;030;21472;6191114532182;3XL;995;24H;;-1,00;
15/01/2026;030;22010;6191114607347;3XL;815;25H;;1,00;
15/01/2026;030;22018;6191114609303;L;R385;25H;;1,00;
15/01/2026;030;22018;6191114609358;XXL;R010;25H;;-1,00;
15/01/2026;030;22020;6191114609549;L;695;25H;;1,00;
15/01/2026;030;22023;6191114609853;L;R010;25H;;-1,00;
15/01/2026;030;22024;6191114653320;XL;815;25H;;1,00;
15/01/2026;030;22044;6191114622029;M;695;25H;;1,00;
15/01/2026;030;22064;6191114618886;3XL;175;25H;;1,00;
15/01/2026;030;22117;6191114648999;L;940;25H;;1,00;
15/01/2026;030;22189;6191114644755;S/M;995;25H;;1,00;
15/01/2026;030;22207;6191114640436;L;995;25H;;1,00;
15/01/2026;030;22246;6191114648883;3XL;870;25H;;1,00;
15/01/2026;030;22257;6191114650664;4XL;I740;25H;;1,00;
15/01/2026;030;22257;6191114650671;4XL;I195;25H;;1,00;
15/01/2026;030;22288;6191114654693;3XL;995;25H;;1,00;
15/01/2026;030;22316;6191114658516;L;476;25H;;-1,00;
15/01/2026;030;22320;6191114659179;L;825;25H;;1,00;
15/01/2026;030;22321;6191114659308;L;870;25H;;1,00;
15/01/2026;030;22321;6191114659315;L;825;25H;;1,00;
15/01/2026;030;22350;6191114668782;XL;I815;25H;;1,00;
15/01/2026;030;70232;6191114658837;XXL;995;25H;;1,00;
15/01/2026;030;91272;6194444115667;TU;815;22H;;5,00;
15/01/2026;030;91273;6194444115674;TU;815;22H;;3,00;
15/01/2026;031;21359;6191114503762;XL;995;24H;;1,00;
15/01/2026;031;21826;6191114582781;M;995;25E;;1,00;
15/01/2026;031;21826;6191114582873;XXL;995;25E;;1,00;
15/01/2026;031;21830;6191114583382;L;995;25E;;1,00;
15/01/2026;031;22024;6191114653313;L;815;25H;;1,00;
15/01/2026;031;22123;6191114646711;M;995;25H;;1,00;
15/01/2026;031;22137;6191114623316;S;385;25H;;1,00;
15/01/2026;031;22137;6191114623347;M;385;25H;;-1,00;
15/01/2026;031;22194;6191114628199;L;I255;25H;;1,00;
15/01/2026;031;22194;6191114628229;XL;I255;25H;;-1,00;
15/01/2026;031;22259;6191114650992;3XL;010;25H;;1,00;
15/01/2026;031;22287;6191114654495;XS;815;25H;;1,00;
15/01/2026;031;22287;6191114654549;M;995;25H;;1,00;
15/01/2026;031;22287;6191114654556;L;815;25H;;1,00;
15/01/2026;031;91272;6194444115667;TU;815;22H;;1,00;
15/01/2026;032;22045;6191114611719;L;695;25H;;1,00;
15/01/2026;032;22124;6191114646889;XL;995;25H;;1,00;
15/01/2026;032;22295;6191114656277;XXL;695;25H;;1,00;
15/01/2026;032;70206;6191114612433;XL;870;25H;;1,00;
15/01/2026;032;70224;6191114641822;XL;694;25H;;1,00;
15/01/2026;032;91272;6194444115667;TU;815;22H;;2,00;
15/01/2026;032;91273;6194444115674;TU;815;22H;;1,00;
15/01/2026;032;91502;6191114669116;TU;385;25H;;1,00;
15/01/2026;033;22199;6191114631113;XXL;995;25H;;1,00;
15/01/2026;033;91273;6194444115674;TU;815;22H;;1,00;
16/01/2026;002;20354;6191114279841;4XL;995;23H;;1,00;
16/01/2026;002;21136;6191114463264;XL;995;24H;;1,00;
16/01/2026;002;21835;6191114584280;XXL;995;25E;;2,00;
16/01/2026;002;22026;6191114610231;XL;645;25H;;1,00;
16/01/2026;002;22040;6191114611573;XL;R010;25H;;1,00;
16/01/2026;002;22046;6191114611818;XL;C385;25H;;1,00;
16/01/2026;002;22064;6191114618893;3XL;855;25H;;1,00;
16/01/2026;002;22073;6191114616295;L;870;25H;;1,00;
16/01/2026;002;22073;6191114616318;XL;870;25H;;1,00;
16/01/2026;002;22115;6191114646001;XL;820;25H;;1,00;
16/01/2026;002;22115;6191114646018;XL;990;25H;;1,00;
16/01/2026;002;22118;6191114646421;XL;874;25H;;1,00;
16/01/2026;002;22122;6191114646667;XL;995;25H;;1,00;
16/01/2026;002;22142;6191114624764;XL;875;25H;;1,00;
16/01/2026;002;22194;6191114628175;L;I880;25H;;1,00;
16/01/2026;002;22243;6191114647879;3XL;215;25H;;1,00;
16/01/2026;002;22243;6191114647886;3XL;695;25H;;1,00;
16/01/2026;002;22252;6191114650206;3XL;995;25H;;1,00;
16/01/2026;002;22259;6191114651029;4XL;490;25H;;1,00;
16/01/2026;002;22261;6191114651302;XXL;490;25H;;1,00;
16/01/2026;002;22262;6191114651364;M;490;25H;;1,00;
16/01/2026;002;22262;6191114651401;XL;490;25H;;1,00;
16/01/2026;002;22263;6191114651630;3XL;870;25H;;1,00;
16/01/2026;002;22285;6191114654402;XXL;995;25H;;1,00;
16/01/2026;002;55811;6191114644601;L;R784;25H;;1,00;
16/01/2026;002;55816;6191114648463;XL;R995;25H;;1,00;
16/01/2026;002;70217;6191114649415;3XL;I385;25H;;1,00;
16/01/2026;005;20004;6191114219625;XL;995;23H;;1,00;
16/01/2026;005;20398;6191114288409;XL;740;23H;;1,00;
16/01/2026;005;20409;6191114292314;L;995;23H;;1,00;
16/01/2026;005;20465;6191114302976;XXL;940;23H;;1,00;
16/01/2026;005;22031;6191114610866;3XL;995;25H;;1,00;
16/01/2026;005;22066;6191114615571;M;815;25H;;1,00;
16/01/2026;005;22066;6191114615588;M;875;25H;;1,00;
16/01/2026;005;22087;6191114619722;3XL;995;25H;;-1,00;
16/01/2026;005;22124;6191114646926;3XL;995;25H;;1,00;
16/01/2026;005;22286;6191114654488;3XL;995;25H;;1,00;
16/01/2026;005;22341;6191114661257;XL;R950;25H;;1,00;
16/01/2026;005;70220;6191114631205;XL;695;25H;;1,00;
16/01/2026;005;70231;6191114658738;XXL;C000;25H;;1,00;
16/01/2026;005;91272;6194444115667;TU;815;22H;;1,00;
16/01/2026;005;91273;6194444115674;TU;815;22H;;1,00;
16/01/2026;009;21314;6191114499362;37;995;24H;;1,00;
16/01/2026;009;22028;6191114610484;XXL;870;25H;;1,00;
16/01/2026;009;22098;6191114620858;L;995;25H;;1,00;
16/01/2026;009;22142;6191114624689;S;195;25H;;1,00;
16/01/2026;009;22243;6191114647831;XXL;995;25H;;1,00;
16/01/2026;009;22277;6191114653382;S;784;25H;;1,00;
16/01/2026;009;22279;6191114653665;XL;995;25H;;1,00;
16/01/2026;009;22285;6191114654334;M;385;25H;;1,00;
16/01/2026;009;55800;6191114621572;M;975;25H;;1,00;
16/01/2026;009;55807;6191114641099;XXL;385;25H;;1,00;
16/01/2026;009;55811;6191114644571;M;R310;25H;;1,00;
16/01/2026;009;55818;6191114654945;M;995;25H;;1,00;
16/01/2026;009;91272;6194444115667;TU;815;22H;;2,00;
16/01/2026;009;91273;6194444115674;TU;815;22H;;1,00;
16/01/2026;011;21290;6191114485693;S;895;24H;;1,00;
16/01/2026;011;22013;6191114607637;M;995;25H;;1,00;
16/01/2026;011;22013;6191114607644;L;870;25H;;1,00;
16/01/2026;011;22031;6191114610828;XL;995;25H;;1,00;
16/01/2026;011;22031;6191114610835;XL;695;25H;;1,00;
16/01/2026;011;22276;6191114655850;3XL;995;25H;;1,00;
16/01/2026;011;22277;6191114653467;XXL;784;25H;;1,00;
16/01/2026;011;91272;6194444115667;TU;815;22H;;2,00;
16/01/2026;011;91273;6194444115674;TU;815;22H;;2,00;
16/01/2026;014;21827;6191114582989;M;200;25E;;1,00;
16/01/2026;014;21833;6191114583818;S;000;25E;;1,00;
16/01/2026;014;22054;6191114617407;M;385;25H;;1,00;
16/01/2026;014;22127;6191114647114;L;995;25H;;1,00;
16/01/2026;014;22239;6191114645042;XXL;995;25H;;1,00;
16/01/2026;014;22261;6191114651272;XL;385;25H;;1,00;
16/01/2026;014;22262;6191114651418;XXL;385;25H;;1,00;
16/01/2026;014;22264;6191114651722;3XL;995;25H;;1,00;
16/01/2026;014;22284;6191114654150;XS;385;25H;;1,00;
16/01/2026;014;22284;6191114654228;L;995;25H;;1,00;
16/01/2026;014;22284;6191114654280;3XL;995;25H;;1,00;
16/01/2026;014;22285;6191114654402;XXL;995;25H;;1,00;
16/01/2026;014;22287;6191114654600;XXL;995;25H;;1,00;
16/01/2026;014;22319;6191114670211;XS;995;25H;;1,00;
16/01/2026;014;22326;6191114668317;L;920;25H;;1,00;
16/01/2026;014;55806;6191114640801;S;870;25H;;1,00;
16/01/2026;014;55811;6191114644595;L;R310;25H;;1,00;
16/01/2026;014;55813;6191114645233;L;310;25H;;1,00;
16/01/2026;014;55819;6191114657472;S;R824;25H;;1,00;
16/01/2026;014;55819;6191114657533;L;R385;25H;;1,00;
16/01/2026;014;70206;6191114612471;3XL;870;25H;;1,00;
16/01/2026;014;70229;6191114657786;XL;476;25H;;1,00;
16/01/2026;015;22011;6191114607422;XL;010;25H;;1,00;
16/01/2026;015;22020;6191114619296;XL;815;25H;;1,00;
16/01/2026;015;22033;6191114611061;XL;815;25H;;1,00;
16/01/2026;015;22272;6191114652613;XXL;870;25H;;1,00;
16/01/2026;015;22272;6191114652620;XXL;995;25H;;1,00;
16/01/2026;015;22272;6191114652637;XXL;010;25H;;1,00;
16/01/2026;015;91272;6194444115667;TU;815;22H;;2,00;
16/01/2026;016;21360;6191114503809;M;MCO;24H;;1,00;
16/01/2026;016;21829;6191114583306;M;MCO;25E;;1,00;
16/01/2026;016;22013;6191114607705;3XL;870;25H;;1,00;
16/01/2026;016;22019;6191114609457;XL;995;25H;;1,00;
16/01/2026;016;22056;6191114617704;XL;310;25H;;1,00;
16/01/2026;016;22060;6191114618053;L;310;25H;;1,00;
16/01/2026;016;22091;6191114620148;S;995;25H;;1,00;
16/01/2026;016;22118;6191114646407;L;874;25H;;1,00;
16/01/2026;016;22206;6191114630840;S;995;25H;;1,00;
16/01/2026;016;22215;6191114642539;XL;210;25H;;1,00;
16/01/2026;016;22239;6191114644939;S;784;25H;;1,00;
16/01/2026;016;22239;6191114645028;XL;784;25H;;1,00;
16/01/2026;016;22245;6191114648197;L;645;25H;;1,00;
16/01/2026;016;22245;6191114648234;XL;740;25H;;1,00;
16/01/2026;016;22260;6191114651050;XS;010;25H;;1,00;
16/01/2026;016;22266;6191114652309;TU;995;25H;;1,00;
16/01/2026;016;22292;6191114655621;S;870;25H;;1,00;
16/01/2026;016;22294;6191114656093;L;950;25H;;1,00;
16/01/2026;016;22295;6191114656253;XL;695;25H;;1,00;
16/01/2026;016;22320;6191114659179;L;825;25H;;2,00;
16/01/2026;016;22321;6191114659315;L;825;25H;;1,00;
16/01/2026;016;22321;6191114659339;XL;825;25H;;1,00;
16/01/2026;016;55806;6191114640948;3XL;385;25H;;1,00;
16/01/2026;016;70223;6191114631021;S;476;25H;;1,00;
16/01/2026;016;70223;6191114631045;L;476;25H;;1,00;
16/01/2026;016;70223;6191114631052;XL;476;25H;;1,00;
16/01/2026;016;70233;6191114658882;L;995;25H;;1,00;
16/01/2026;016;91272;6194444115667;TU;815;22H;;7,00;
16/01/2026;016;91273;6194444115674;TU;815;22H;;6,00;
16/01/2026;019;20141;6191114229402;XL;740;23H;;1,00;
16/01/2026;019;20398;6191114288409;XL;740;23H;;1,00;
16/01/2026;019;20409;6191114292321;XL;995;23H;;1,00;
16/01/2026;019;20452;6191114300989;XL;805;23H;;1,00;
16/01/2026;019;20632;6191114337282;40;000;24E;;1,00;
16/01/2026;019;20777;6191114383654;XL;645;24E;;1,00;
16/01/2026;019;21447;6191114529519;3XL;385;24H;;1,00;
16/01/2026;019;22211;6191114641440;3XL;535;25H;;1,00;
16/01/2026;019;22277;6191114653443;XL;784;25H;;-1,00;
16/01/2026;019;22326;6191114668300;L;995;25H;;-1,00;
16/01/2026;019;22356;6191114668164;L;490;25H;;-1,00;
16/01/2026;021;22017;6191114609181;L;995;25H;;1,00;
16/01/2026;021;22030;6191114610651;S;010;25H;;1,00;
16/01/2026;021;22055;6191114624856;M;995;25H;;1,00;
16/01/2026;021;22070;6191114616035;XXL;385;25H;;1,00;
16/01/2026;021;22127;6191114649071;XL;770;25H;;1,00;
16/01/2026;021;22177;6191114628892;L;215;25H;;1,00;
16/01/2026;021;22189;6191114644779;L/XL;995;25H;;1,00;
16/01/2026;021;22213;6191114642331;XL;815;25H;;1,00;
16/01/2026;021;22222;6191114643420;XL;010;25H;;1,00;
16/01/2026;021;22239;6191114644960;M;784;25H;;1,00;
16/01/2026;021;22239;6191114645066;3XL;815;25H;;1,00;
16/01/2026;021;22259;6191114650954;XL;010;25H;;1,00;
16/01/2026;021;22284;6191114654280;3XL;995;25H;;1,00;
16/01/2026;021;22286;6191114654471;XXL;995;25H;;1,00;
16/01/2026;021;22292;6191114655669;L;870;25H;;1,00;
16/01/2026;021;22303;6191114657373;L;870;25H;;1,00;
16/01/2026;021;22306;6191114669062;M;995;25H;;1,00;
16/01/2026;021;22308;6191114657724;XL;870;25H;;1,00;
16/01/2026;021;22320;6191114659179;L;825;25H;;1,00;
16/01/2026;021;22321;6191114659377;3XL;825;25H;;1,00;
16/01/2026;021;22323;6191114659636;3XL;995;25H;;1,00;
16/01/2026;021;22325;6191114659957;L;995;25H;;1,00;
16/01/2026;021;22343;6191114661462;XXL;I634;25H;;1,00;
16/01/2026;021;55806;6191114640962;3XL;995;25H;;1,00;
16/01/2026;021;70231;6191114658752;3XL;C000;25H;;1,00;
16/01/2026;021;70232;6191114658837;XXL;995;25H;;1,00;
16/01/2026;024;21826;6191114582903;3XL;995;25E;;1,00;
16/01/2026;024;21826;6191114582927;3XL;200;25E;;1,00;
16/01/2026;024;21827;6191114582958;S;200;25E;;1,00;
16/01/2026;024;21830;6191114583351;M;995;25E;;1,00;
16/01/2026;024;21830;6191114583375;M;200;25E;;1,00;
16/01/2026;024;21830;6191114583474;3XL;995;25E;;1,00;
16/01/2026;024;21830;6191114583498;3XL;200;25E;;1,00;
16/01/2026;024;21833;6191114583948;XXL;200;25E;;1,00;
16/01/2026;024;21859;6191114588783;XL;815;25E;;1,00;
16/01/2026;024;22003;6191114606296;XXL;R724;25H;;1,00;
16/01/2026;024;22024;6191114653320;XL;815;25H;;1,00;
16/01/2026;024;22025;6191114610064;M;995;25H;;1,00;
16/01/2026;024;22070;6191114616004;L;995;25H;;1,00;
16/01/2026;024;22071;6191114616110;L;784;25H;;1,00;
16/01/2026;024;22177;6191114628892;L;215;25H;;1,00;
16/01/2026;024;22216;6191114642768;XXL;I255;25H;;1,00;
16/01/2026;024;22243;6191114647718;S;995;25H;;1,00;
16/01/2026;024;22250;6191114649668;XXL;815;25H;;1,00;
16/01/2026;024;22258;6191114650794;XL;740;25H;;1,00;
16/01/2026;024;22275;6191114652996;XXL;385;25H;;1,00;
16/01/2026;024;22279;6191114653597;M;645;25H;;1,00;
16/01/2026;024;22287;6191114654587;XL;995;25H;;1,00;
16/01/2026;024;22301;6191114657151;XXL;995;25H;;1,00;
16/01/2026;024;22301;6191114657182;3XL;215;25H;;1,00;
16/01/2026;024;22319;6191114670211;XS;995;25H;;1,00;
16/01/2026;024;22330;6191114660120;3XL;220;25H;;1,00;
16/01/2026;024;22332;6191114660571;XXL;940;25H;;1,00;
16/01/2026;024;91273;6194444115674;TU;815;22H;;3,00;
16/01/2026;024;91505;6191114657328;TU;385;25H;;1,00;
16/01/2026;029;20180;6191114238886;L;385;23H;;1,00;
16/01/2026;029;21245;6191114481213;L;995;24H;;1,00;
16/01/2026;029;21658;6191114553781;XXL;995;25E;;1,00;
16/01/2026;029;21832;6191114583719;XL;995;25E;;1,00;
16/01/2026;029;21832;6191114583740;XXL;995;25E;;1,00;
16/01/2026;029;21835;6191114584280;XXL;995;25E;;2,00;
16/01/2026;029;22002;6191114606081;XL;645;25H;;1,00;
16/01/2026;029;22011;6191114607422;XL;010;25H;;1,00;
16/01/2026;029;22031;6191114610781;M;995;25H;;1,00;
16/01/2026;029;22197;6191114630093;XXL;815;25H;;1,00;
16/01/2026;029;22208;6191114640610;XL;385;25H;;1,00;
16/01/2026;029;22215;6191114642539;XL;210;25H;;1,00;
16/01/2026;029;22244;6191114648005;XL;695;25H;;1,00;
16/01/2026;029;22273;6191114652767;XL;385;25H;;1,00;
16/01/2026;029;22307;6191114670013;XL;M870;25H;;1,00;
16/01/2026;029;66481;6191114502222;L/XL;200;24H;;1,00;
16/01/2026;030;21490;6191114537712;L;995;25E;;1,00;
16/01/2026;030;22020;6191114609563;XL;695;25H;;1,00;
16/01/2026;030;22025;6191114610101;XL;995;25H;;1,00;
16/01/2026;030;22030;6191114610699;L;010;25H;;1,00;
16/01/2026;030;22032;6191114610903;M;995;25H;;1,00;
16/01/2026;030;22049;6191114612143;XL;995;25H;;1,00;
16/01/2026;030;22064;6191114618879;3XL;695;25H;;1,00;
16/01/2026;030;22089;6191114619890;M;385;25H;;1,00;
16/01/2026;030;22126;6191114649347;XXL;760;25H;;1,00;
16/01/2026;030;22130;6191114623606;XXL;195;25H;;1,00;
16/01/2026;030;22199;6191114631090;L;995;25H;;1,00;
16/01/2026;030;22204;6191114630727;S;995;25H;;1,00;
16/01/2026;030;22248;6191114649200;XXL;995;25H;;1,00;
16/01/2026;030;22251;6191114650084;3XL;995;25H;;1,00;
16/01/2026;030;22258;6191114650695;S;195;25H;;1,00;
16/01/2026;030;22258;6191114650749;L;385;25H;;1,00;
16/01/2026;030;22272;6191114652552;L;870;25H;;1,00;
16/01/2026;030;22272;6191114652606;XL;010;25H;;1,00;
16/01/2026;030;22277;6191114653368;XS;784;25H;;1,00;
16/01/2026;030;22280;6191114653849;L;995;25H;;-1,00;
16/01/2026;030;22285;6191114654358;L;385;25H;;1,00;
16/01/2026;030;22289;6191114655263;XL;995;25H;;1,00;
16/01/2026;030;22292;6191114655669;L;870;25H;;1,00;
16/01/2026;030;22306;6191114669086;XL;995;25H;;1,00;
16/01/2026;030;22320;6191114659186;XL;870;25H;;1,00;
16/01/2026;030;22322;6191114659490;XL;645;25H;;1,00;
16/01/2026;030;22322;6191114659520;XXL;645;25H;;1,00;
16/01/2026;030;22328;6191114661424;XXL;995;25H;;1,00;
16/01/2026;030;70210;6191114619197;L;R350;25H;;1,00;
16/01/2026;030;70217;6191114649392;XL;I385;25H;;1,00;
16/01/2026;030;70226;6191114652064;XXL;I995;25H;;1,00;
16/01/2026;030;70226;6191114652132;4XL;I880;25H;;1,00;
16/01/2026;030;70233;6191114658905;XXL;995;25H;;1,00;
16/01/2026;030;91272;6194444115667;TU;815;22H;;9,00;
16/01/2026;030;91273;6194444115674;TU;815;22H;;12,00;
16/01/2026;030;91526;6191114639973;37;995;25H;;1,00;
16/01/2026;030;91526;6191114640016;39;995;25H;;1,00;
16/01/2026;031;22063;6191114618497;S;995;25H;;1,00;
16/01/2026;031;22272;6191114652590;XL;995;25H;;1,00;
16/01/2026;032;21658;6191114553705;L;000;25E;;1,00;
16/01/2026;032;21863;6191114589414;L;310;25E;;1,00;
16/01/2026;032;22347;6191114668607;L;I815;25H;;1,00;
16/01/2026;032;55736;6191114555419;S;R385;25E;;1,00;
17/01/2026;002;21827;6191114582965;M;995;25E;;1,00;
17/01/2026;002;22033;6191114611047;L;815;25H;;1,00;
17/01/2026;002;22065;6191114618985;XXL;350;25H;;1,00;
17/01/2026;002;22078;6191114616752;S;476;25H;;1,00;
17/01/2026;002;22110;6191114622456;3XL;385;25H;;1,00;
17/01/2026;002;22118;6191114646421;XL;874;25H;;1,00;
17/01/2026;002;22137;6191114623408;XL;385;25H;;1,00;
17/01/2026;002;22140;6191114624627;L;995;25H;;1,00;
17/01/2026;002;22187;6191114644687;S/M;200;25H;;1,00;
17/01/2026;002;22197;6191114630086;XL;815;25H;;1,00;
17/01/2026;002;22198;6191114630192;XL;695;25H;;1,00;
17/01/2026;002;22229;6191114644014;L;995;25H;;1,00;
17/01/2026;002;22239;6191114645004;XL;815;25H;;1,00;
17/01/2026;002;22242;6191114647633;XXL;695;25H;;1,00;
17/01/2026;002;22244;6191114648005;XL;695;25H;;1,00;
17/01/2026;002;22265;6191114651784;XL;995;25H;;1,00;
17/01/2026;002;22275;6191114652910;S;385;25H;;1,00;
17/01/2026;002;22284;6191114654204;M;995;25H;;-1,00;
17/01/2026;002;22294;6191114656079;L;870;25H;;1,00;
17/01/2026;002;22321;6191114659308;L;870;25H;;1,00;
17/01/2026;002;22323;6191114659599;M;995;25H;;1,00;
17/01/2026;002;22331;6191114660274;XL;995;25H;;1,00;
17/01/2026;002;22331;6191114660397;L;495;25H;;1,00;
17/01/2026;002;22331;6191114660403;XL;495;25H;;1,00;
17/01/2026;002;22343;6191114661462;XXL;I634;25H;;1,00;
17/01/2026;002;55813;6191114645257;XL;385;25H;;1,00;
17/01/2026;002;55815;6191114645561;L;385;25H;;-1,00;
17/01/2026;002;55815;6191114645585;XL;385;25H;;1,00;
17/01/2026;002;70233;6191114658899;XL;995;25H;;1,00;
17/01/2026;002;91272;6194444115667;TU;815;22H;;1,00;
17/01/2026;002;91509;6191114625259;36;995;25H;;1,00;
17/01/2026;005;22026;6191114610200;L;815;25H;;1,00;
17/01/2026;005;22263;6191114651517;M;870;25H;;1,00;
17/01/2026;005;22320;6191114659162;L;870;25H;;1,00;
17/01/2026;005;22320;6191114659186;XL;870;25H;;-1,00;
17/01/2026;005;22321;6191114659322;XL;870;25H;;1,00;
17/01/2026;005;22321;6191114659346;XXL;870;25H;;-1,00;
17/01/2026;005;29324;6191114084773;L;995;22H;;1,00;
17/01/2026;005;70214;6191114623798;XXL;995;25H;;1,00;
17/01/2026;005;91272;6194444115667;TU;815;22H;;1,00;
17/01/2026;005;91273;6194444115674;TU;815;22H;;2,00;
17/01/2026;009;20185;6191114242432;L;815;23H;;1,00;
17/01/2026;009;21156;6191114465398;S;784;24H;;1,00;
17/01/2026;009;21200;6191114471474;M;385;24H;;1,00;
17/01/2026;009;21312;6191114496705;36;995;24H;;1,00;
17/01/2026;009;21314;6191114499355;36;995;24H;;1,00;
17/01/2026;009;22026;6191114610217;L;645;25H;;1,00;
17/01/2026;009;22052;6191114617216;XL;385;25H;;-1,00;
17/01/2026;009;22053;6191114617322;XL;385;25H;;-1,00;
17/01/2026;009;22183;6191114629547;XL;385;25H;;1,00;
17/01/2026;009;22183;6191114629554;XL;995;25H;;1,00;
17/01/2026;009;22216;6191114642621;L;I880;25H;;1,00;
17/01/2026;009;22274;6191114652897;XXL;995;25H;;1,00;
17/01/2026;009;22276;6191114655775;M;995;25H;;1,00;
17/01/2026;009;55808;6191114641228;L;995;25H;;1,00;
17/01/2026;009;55811;6191114644588;M;R784;25H;;1,00;
17/01/2026;009;70217;6191114649378;M;I385;25H;;1,00;
17/01/2026;009;70231;6191114658714;XL;C000;25H;;1,00;
17/01/2026;009;70232;6191114658806;M;995;25H;;1,00;
17/01/2026;009;91272;6194444115667;TU;815;22H;;2,00;
17/01/2026;009;91273;6194444115674;TU;815;22H;;1,00;
17/01/2026;011;21832;6191114583771;3XL;995;25E;;1,00;
17/01/2026;011;21832;6191114583788;3XL;000;25E;;1,00;
17/01/2026;011;22137;6191114623453;XXL;235;25H;;1,00;
17/01/2026;011;22202;6191114630536;L;790;25H;;1,00;
17/01/2026;011;22208;6191114640658;3XL;385;25H;;1,00;
17/01/2026;011;22208;6191114640665;3XL;995;25H;;1,00;
17/01/2026;011;22276;6191114655850;3XL;995;25H;;1,00;
17/01/2026;011;22301;6191114657175;3XL;995;25H;;1,00;
17/01/2026;011;22301;6191114657182;3XL;215;25H;;1,00;
17/01/2026;011;22324;6191114659698;3XL;995;25H;;1,00;
17/01/2026;011;70233;6191114658882;L;995;25H;;1,00;
17/01/2026;011;91272;6194444115667;TU;815;22H;;2,00;
17/01/2026;011;91273;6194444115674;TU;815;22H;;2,00;
17/01/2026;014;22002;6191114606050;L;645;25H;;1,00;
17/01/2026;014;22018;6191114609303;L;R385;25H;;1,00;
17/01/2026;014;22024;6191114653252;L;870;25H;;1,00;
17/01/2026;014;22025;6191114610101;XL;995;25H;;1,00;
17/01/2026;014;22105;6191114621220;XL;000;25H;;1,00;
17/01/2026;014;22113;6191114645707;L;820;25H;;-1,00;
17/01/2026;014;22118;6191114646421;XL;874;25H;;1,00;
17/01/2026;014;22127;6191114649088;XXL;770;25H;;1,00;
17/01/2026;014;22128;6191114623071;XXL;870;25H;;1,00;
17/01/2026;014;22138;6191114624245;S;995;25H;;1,00;
17/01/2026;014;22139;6191114624467;L;940;25H;;1,00;
17/01/2026;014;22140;6191114624634;XL;995;25H;;1,00;
17/01/2026;014;22142;6191114624689;S;195;25H;;1,00;
17/01/2026;014;22163;6191114659834;L;C490;25H;;1,00;
17/01/2026;014;22180;6191114629226;L;995;25H;;1,00;
17/01/2026;014;22188;6191114644724;S/M;200;25H;;1,00;
17/01/2026;014;22188;6191114644748;L/XL;200;25H;;1,00;
17/01/2026;014;22211;6191114641396;XL;694;25H;;1,00;
17/01/2026;014;22237;6191114644816;L;I815;25H;;1,00;
17/01/2026;014;22261;6191114651258;L;385;25H;;1,00;
17/01/2026;014;22261;6191114651265;L;490;25H;;1,00;
17/01/2026;014;22262;6191114651371;L;385;25H;;1,00;
17/01/2026;014;22263;6191114651463;XS;995;25H;;1,00;
17/01/2026;014;22263;6191114651562;L;010;25H;;1,00;
17/01/2026;014;22264;6191114651715;XXL;995;25H;;1,00;
17/01/2026;014;22269;6191114653184;M;695;25H;;1,00;
17/01/2026;014;22272;6191114652552;L;870;25H;;1,00;
17/01/2026;014;22272;6191114652569;L;995;25H;;1,00;
17/01/2026;014;22273;6191114652798;XXL;385;25H;;1,00;
17/01/2026;014;22273;6191114652811;XXL;824;25H;;1,00;
17/01/2026;014;22279;6191114653719;3XL;645;25H;;1,00;
17/01/2026;014;22294;6191114656079;L;870;25H;;1,00;
17/01/2026;014;22307;6191114669970;L;M815;25H;;1,00;
17/01/2026;014;22316;6191114658486;XS;476;25H;;1,00;
17/01/2026;014;22345;6191114668508;L;I815;25H;;1,00;
17/01/2026;014;55806;6191114640887;XL;385;25H;;1,00;
17/01/2026;014;55809;6191114642065;S;010;25H;;1,00;
17/01/2026;014;55811;6191114644588;M;R784;25H;;1,00;
17/01/2026;014;55816;6191114648425;M;R990;25H;;1,00;
17/01/2026;014;55816;6191114648494;XXL;R995;25H;;1,00;
17/01/2026;014;55818;6191114654983;L;385;25H;;1,00;
17/01/2026;014;70206;6191114612471;3XL;870;25H;;1,00;
17/01/2026;014;70224;6191114641846;XXL;694;25H;;1,00;
17/01/2026;014;70226;6191114652071;XXL;I880;25H;;1,00;
17/01/2026;014;91527;6191114640115;38;870;25H;;-1,00;
17/01/2026;014;91527;6191114640139;39;870;25H;;1,00;
17/01/2026;015;21826;6191114582804;M;200;25E;;1,00;
17/01/2026;015;21906;6191114600096;L;385;25E;;1,00;
17/01/2026;015;21906;6191114600119;L;000;25E;;1,00;
17/01/2026;015;21906;6191114600140;XL;000;25E;;1,00;
17/01/2026;015;22011;6191114607415;L;215;25H;;1,00;
17/01/2026;015;22027;6191114610286;S;645;25H;;1,00;
17/01/2026;015;22029;6191114610606;XXL;010;25H;;1,00;
17/01/2026;015;22030;6191114610682;L;995;25H;;1,00;
17/01/2026;015;22033;6191114611023;M;815;25H;;1,00;
17/01/2026;015;22033;6191114611061;XL;815;25H;;1,00;
17/01/2026;015;22033;6191114611078;XL;695;25H;;1,00;
17/01/2026;015;22098;6191114620858;L;995;25H;;1,00;
17/01/2026;015;22114;6191114645844;L;020;25H;;1,00;
17/01/2026;015;22128;6191114623002;L;385;25H;;1,00;
17/01/2026;015;22128;6191114623019;L;870;25H;;1,00;
17/01/2026;015;22128;6191114623026;L;995;25H;;1,00;
17/01/2026;015;22180;6191114629233;XL;995;25H;;1,00;
17/01/2026;015;22187;6191114644670;S/M;995;25H;;2,00;
17/01/2026;015;22187;6191114644687;S/M;200;25H;;2,00;
17/01/2026;015;22201;6191114630413;L;995;25H;;1,00;
17/01/2026;015;22230;6191114644106;L;790;25H;;1,00;
17/01/2026;015;22242;6191114647428;S;380;25H;;1,00;
17/01/2026;015;22242;6191114647435;S;695;25H;;1,00;
17/01/2026;015;22272;6191114652521;M;870;25H;;1,00;
17/01/2026;015;22272;6191114652538;M;995;25H;;1,00;
17/01/2026;015;22272;6191114652637;XXL;010;25H;;1,00;
17/01/2026;015;22273;6191114652767;XL;385;25H;;1,00;
17/01/2026;015;22307;6191114670013;XL;M870;25H;;1,00;
17/01/2026;015;22318;6191114659018;XL;235;25H;;1,00;
17/01/2026;015;22351;6191114668843;XL;I815;25H;;1,00;
17/01/2026;015;55820;6191114657830;M;R995;25H;;1,00;
17/01/2026;015;91272;6194444115667;TU;815;22H;;4,00;
17/01/2026;015;91526;6191114640023;39;880;25H;;1,00;
17/01/2026;016;22085;6191114619449;XXL;740;25H;;1,00;
17/01/2026;016;22238;6191114644878;L;I995;25H;;1,00;
17/01/2026;016;22239;6191114645028;XL;784;25H;;1,00;
17/01/2026;016;22255;6191114650367;L;995;25H;;1,00;
17/01/2026;016;22256;6191114650459;3XL;995;25H;;1,00;
17/01/2026;016;22271;6191114652392;L;695;25H;;1,00;
17/01/2026;016;55800;6191114621640;XXL;385;25H;;2,00;
17/01/2026;016;91272;6194444115667;TU;815;22H;;4,00;
17/01/2026;016;91273;6194444115674;TU;815;22H;;4,00;
17/01/2026;016;91532;6191114648593;TU;995;25H;;1,00;
17/01/2026;021;22023;6191114609877;XL;R010;25H;;1,00;
17/01/2026;021;22038;6191114611382;L;R385;25H;;1,00;
17/01/2026;021;22040;6191114611580;XXL;R010;25H;;1,00;
17/01/2026;021;22118;6191114646391;L;995;25H;;1,00;
17/01/2026;021;22124;6191114646896;XXL;645;25H;;1,00;
17/01/2026;021;22137;6191114623460;3XL;385;25H;;1,00;
17/01/2026;021;22202;6191114630536;L;790;25H;;1,00;
17/01/2026;021;22202;6191114630543;XL;995;25H;;1,00;
17/01/2026;021;22239;6191114644953;M;995;25H;;1,00;
17/01/2026;021;22263;6191114651562;L;010;25H;;1,00;
17/01/2026;021;22267;6191114651937;4XL;995;25H;;1,00;
17/01/2026;021;22281;6191114654006;XXL;995;25H;;1,00;
17/01/2026;021;22292;6191114655706;XXL;870;25H;;1,00;
17/01/2026;021;22316;6191114658523;XL;476;25H;;1,00;
17/01/2026;021;22320;6191114659155;M;825;25H;;1,00;
17/01/2026;021;22320;6191114659179;L;825;25H;;-1,00;
17/01/2026;021;22351;6191114668836;L;I815;25H;;1,00;
17/01/2026;024;21826;6191114582835;L;200;25E;;1,00;
17/01/2026;024;22004;6191114606449;XL;R995;25H;;1,00;
17/01/2026;024;22005;6191114606616;L;645;25H;;1,00;
17/01/2026;024;22017;6191114609228;XXL;995;25H;;1,00;
17/01/2026;024;22017;6191114609235;XXL;010;25H;;1,00;
17/01/2026;024;22020;6191114609563;XL;695;25H;;1,00;
17/01/2026;024;22033;6191114611047;L;815;25H;;1,00;
17/01/2026;024;22033;6191114611054;L;695;25H;;1,00;
17/01/2026;024;22049;6191114612129;L;995;25H;;1,00;
17/01/2026;024;22055;6191114617544;M;870;25H;;1,00;
17/01/2026;024;22064;6191114618701;L;815;25H;;1,00;
17/01/2026;024;22064;6191114618718;L;010;25H;;1,00;
17/01/2026;024;22064;6191114618749;L;855;25H;;1,00;
17/01/2026;024;22064;6191114618770;XL;695;25H;;1,00;
17/01/2026;024;22064;6191114618824;XXL;695;25H;;1,00;
17/01/2026;024;22068;6191114642393;XL;695;25H;;1,00;
17/01/2026;024;22071;6191114616127;L;195;25H;;1,00;
17/01/2026;024;22091;6191114620193;XL;815;25H;;1,00;
17/01/2026;024;22098;6191114620841;M;995;25H;;1,00;
17/01/2026;024;22100;6191114620964;M;995;25H;;1,00;
17/01/2026;024;22118;6191114646391;L;995;25H;;2,00;
17/01/2026;024;22124;6191114646858;L;645;25H;;1,00;
17/01/2026;024;22127;6191114647114;L;995;25H;;1,00;
17/01/2026;024;22164;6191114649460;L;995;25H;;1,00;
17/01/2026;024;22183;6191114629554;XL;995;25H;;1,00;
17/01/2026;024;22189;6191114644786;L/XL;200;25H;;1,00;
17/01/2026;024;22201;6191114630406;L;815;25H;;1,00;
17/01/2026;024;22222;6191114643406;L;685;25H;;1,00;
17/01/2026;024;22239;6191114644946;M;815;25H;;1,00;
17/01/2026;024;22254;6191114650299;M;995;25H;;1,00;
17/01/2026;024;22255;6191114650367;L;995;25H;;1,00;
17/01/2026;024;22257;6191114650664;4XL;I740;25H;;1,00;
17/01/2026;024;22258;6191114650824;XXL;740;25H;;1,00;
17/01/2026;024;22258;6191114650855;3XL;740;25H;;1,00;
17/01/2026;024;22259;6191114650978;XXL;010;25H;;1,00;
17/01/2026;024;22263;6191114651531;M;010;25H;;1,00;
17/01/2026;024;22268;6191114649750;L;870;25H;;1,00;
17/01/2026;024;22292;6191114655645;M;870;25H;;1,00;
17/01/2026;024;22295;6191114656239;L;695;25H;;1,00;
17/01/2026;024;22300;6191114656833;XL;870;25H;;1,00;
17/01/2026;024;22310;6191114658059;L;995;25H;;1,00;
17/01/2026;024;22320;6191114659148;M;870;25H;;1,00;
17/01/2026;024;22321;6191114659308;L;870;25H;;1,00;
17/01/2026;024;22321;6191114659346;XXL;870;25H;;1,00;
17/01/2026;024;22326;6191114668294;M;920;25H;;1,00;
17/01/2026;024;22331;6191114660373;S;495;25H;;1,00;
17/01/2026;024;22331;6191114660380;M;495;25H;;1,00;
17/01/2026;024;55813;6191114645196;M;385;25H;;1,00;
17/01/2026;024;70201;6191114608047;L;R385;25H;;1,00;
17/01/2026;024;70207;6191114612525;M;R695;25H;;1,00;
17/01/2026;024;70227;6191114652217;XL;I740;25H;;1,00;
17/01/2026;024;70231;6191114658738;XXL;C000;25H;;1,00;
17/01/2026;024;70232;6191114658837;XXL;995;25H;;1,00;
17/01/2026;024;91272;6194444115667;TU;815;22H;;1,00;
17/01/2026;024;91273;6194444115674;TU;815;22H;;7,00;
17/01/2026;029;21136;6191114463271;XL;815;24H;;1,00;
17/01/2026;029;22064;6191114618749;L;855;25H;;1,00;
17/01/2026;029;22068;6191114615809;XXL;995;25H;;1,00;
17/01/2026;029;22101;6191114621060;3XL;995;25H;;1,00;
17/01/2026;029;22115;6191114646056;XXL;005;25H;;1,00;
17/01/2026;029;22194;6191114628205;XL;I880;25H;;1,00;
17/01/2026;029;22194;6191114628212;XL;I385;25H;;1,00;
17/01/2026;029;22206;6191114630918;XL;195;25H;;1,00;
17/01/2026;029;22266;6191114652309;TU;995;25H;;1,00;
17/01/2026;029;22275;6191114652958;L;385;25H;;1,00;
17/01/2026;029;22275;6191114652965;L;790;25H;;1,00;
17/01/2026;030;21826;6191114582750;S;995;25E;;1,00;
17/01/2026;030;22006;6191114606913;XL;995;25H;;1,00;
17/01/2026;030;22006;6191114606968;3XL;815;25H;;1,00;
17/01/2026;030;22024;6191114653313;L;815;25H;;1,00;
17/01/2026;030;22024;6191114653337;XXL;815;25H;;1,00;
17/01/2026;030;22030;6191114610668;M;995;25H;;1,00;
17/01/2026;030;22090;6191114620087;XL;995;25H;;1,00;
17/01/2026;030;22117;6191114648982;M;940;25H;;1,00;
17/01/2026;030;22126;6191114647008;M;E385;25H;;1,00;
17/01/2026;030;22142;6191114624689;S;195;25H;;1,00;
17/01/2026;030;22183;6191114629554;XL;995;25H;;1,00;
17/01/2026;030;22183;6191114629585;3XL;385;25H;;1,00;
17/01/2026;030;22187;6191114644694;L/XL;995;25H;;1,00;
17/01/2026;030;22198;6191114630161;L;385;25H;;-1,00;
17/01/2026;030;22198;6191114630208;XXL;385;25H;;1,00;
17/01/2026;030;22207;6191114640405;M;995;25H;;1,00;
17/01/2026;030;22207;6191114640474;XL;880;25H;;1,00;
17/01/2026;030;22237;6191114644823;XL;I815;25H;;1,00;
17/01/2026;030;22239;6191114644960;M;784;25H;;1,00;
17/01/2026;030;22239;6191114645042;XXL;995;25H;;1,00;
17/01/2026;030;22239;6191114645080;3XL;784;25H;;1,00;
17/01/2026;030;22241;6191114647381;XL;R000;25H;;1,00;
17/01/2026;030;22252;6191114650213;3XL;255;25H;;1,00;
17/01/2026;030;22253;6191114650275;3XL;995;25H;;1,00;
17/01/2026;030;22253;6191114669284;3XL;255;25H;;1,00;
17/01/2026;030;22256;6191114650404;S;995;25H;;1,00;
17/01/2026;030;22271;6191114652323;S;010;25H;;1,00;
17/01/2026;030;22271;6191114652415;XL;010;25H;;1,00;
17/01/2026;030;22284;6191114654211;L;385;25H;;1,00;
17/01/2026;030;22285;6191114654372;XL;385;25H;;1,00;
17/01/2026;030;22287;6191114654532;M;815;25H;;1,00;
17/01/2026;030;22287;6191114654563;L;995;25H;;1,00;
17/01/2026;030;22288;6191114654686;XXL;995;25H;;1,00;
17/01/2026;030;22294;6191114656109;XL;870;25H;;1,00;
17/01/2026;030;22317;6191114658578;M;385;25H;;1,00;
17/01/2026;030;22317;6191114658646;XXL;195;25H;;1,00;
17/01/2026;030;22326;6191114668331;XL;920;25H;;1,00;
17/01/2026;030;22331;6191114660243;L;390;25H;;1,00;
17/01/2026;030;66481;6191114502215;S/M;200;24H;;1,00;
17/01/2026;030;70205;6191114612297;L;385;25H;;1,00;
17/01/2026;030;70222;6191114631014;3XL;476;25H;;1,00;
17/01/2026;030;70223;6191114631076;3XL;476;25H;;1,00;
17/01/2026;030;70231;6191114658691;L;C000;25H;;1,00;
17/01/2026;030;70232;6191114658820;XL;995;25H;;1,00;
17/01/2026;030;70232;6191114658844;3XL;995;25H;;1,00;
17/01/2026;030;91272;6194444115667;TU;815;22H;;19,00;
17/01/2026;030;91273;6194444115674;TU;815;22H;;8,00;
17/01/2026;031;22053;6191114617285;M;385;25H;;1,00;
17/01/2026;031;22115;6191114646070;3XL;990;25H;;1,00;
17/01/2026;031;22139;6191114624399;S;995;25H;;1,00;
17/01/2026;031;22233;6191114644410;XL;815;25H;;1,00;
17/01/2026;031;22238;6191114644908;3XL;I995;25H;;1,00;
17/01/2026;031;22239;6191114644960;M;784;25H;;1,00;
17/01/2026;031;22257;6191114650503;M;I350;25H;;1,00;
17/01/2026;031;22267;6191114651845;L;815;25H;;1,00;
17/01/2026;031;22272;6191114652538;M;995;25H;;1,00;
17/01/2026;031;22281;6191114654006;XXL;995;25H;;1,00;
17/01/2026;031;22284;6191114654174;S;385;25H;;1,00;
17/01/2026;031;22317;6191114658639;XXL;385;25H;;1,00;
17/01/2026;031;22320;6191114659254;4XL;825;25H;;1,00;
17/01/2026;031;22321;6191114659339;XL;825;25H;;1,00;
17/01/2026;031;70201;6191114608054;XL;R870;25H;;1,00;
17/01/2026;031;91505;6191114657328;TU;385;25H;;1,00;
17/01/2026;032;20162;6191114234369;XXL;010;23H;;1,00;
17/01/2026;032;20162;6191114234468;XL;410;23H;;1,00;
17/01/2026;033;22083;6191114619104;XXL;350;25H;;1,00;
18/01/2026;002;22020;6191114619265;S;815;25H;;1,00;
18/01/2026;002;22212;6191114641518;L;385;25H;;1,00;
18/01/2026;002;22229;6191114644014;L;995;25H;;-1,00;
18/01/2026;002;22229;6191114644021;XL;995;25H;;1,00;
18/01/2026;002;55817;6191114654822;XXL;385;25H;;1,00;
18/01/2026;002;70222;6191114630970;M;476;25H;;1,00;
18/01/2026;009;22116;6191114646155;XL;995;25H;;1,00;
18/01/2026;009;22194;6191114628243;XXL;I385;25H;;1,00;
18/01/2026;009;22239;6191114645011;XL;995;25H;;1,00;
18/01/2026;009;22276;6191114655805;XL;385;25H;;1,00;
18/01/2026;009;22276;6191114655812;XL;995;25H;;1,00;
18/01/2026;009;55808;6191114641242;XL;385;25H;;1,00;
18/01/2026;009;55811;6191114644601;L;R784;25H;;1,00;
18/01/2026;009;91272;6194444115667;TU;815;22H;;1,00;
18/01/2026;009;91273;6194444115674;TU;815;22H;;3,00;
18/01/2026;011;22025;6191114610156;3XL;010;25H;;1,00;
18/01/2026;011;22254;6191114650312;XL;995;25H;;1,00;
18/01/2026;011;22255;6191114650374;XL;995;25H;;1,00;
18/01/2026;011;55811;6191114644601;L;R784;25H;;1,00;
18/01/2026;011;70201;6191114608054;XL;R870;25H;;1,00;
18/01/2026;011;70205;6191114612327;XL;695;25H;;1,00;
18/01/2026;011;91272;6194444115667;TU;815;22H;;1,00;
18/01/2026;011;91273;6194444115674;TU;815;22H;;1,00;
18/01/2026;014;22019;6191114609495;3XL;995;25H;;1,00;
18/01/2026;014;22023;6191114609853;L;R010;25H;;1,00;
18/01/2026;014;22064;6191114618657;M;815;25H;;1,00;
18/01/2026;014;22064;6191114618688;M;175;25H;;1,00;
18/01/2026;014;22073;6191114616325;XL;395;25H;;1,00;
18/01/2026;014;22113;6191114645738;XL;820;25H;;1,00;
18/01/2026;014;22114;6191114645899;3XL;815;25H;;1,00;
18/01/2026;014;22114;6191114645905;3XL;020;25H;;1,00;
18/01/2026;014;22124;6191114646926;3XL;995;25H;;1,00;
18/01/2026;014;22170;6191114626898;M;R990;25H;;1,00;
18/01/2026;014;22180;6191114629233;XL;995;25H;;-1,00;
18/01/2026;014;22199;6191114631359;S;995;25H;;1,00;
18/01/2026;014;22249;6191114649231;L;010;25H;;1,00;
18/01/2026;014;22254;6191114650312;XL;995;25H;;1,00;
18/01/2026;014;22256;6191114650442;XXL;995;25H;;1,00;
18/01/2026;014;22279;6191114653641;L;000;25H;;1,00;
18/01/2026;014;22294;6191114656123;XL;950;25H;;1,00;
18/01/2026;014;22308;6191114657724;XL;870;25H;;1,00;
18/01/2026;014;22321;6191114659339;XL;825;25H;;1,00;
18/01/2026;014;55800;6191114621589;L;385;25H;;1,00;
18/01/2026;014;55811;6191114644649;XXL;R784;25H;;1,00;
18/01/2026;015;22018;6191114609334;XL;R010;25H;;1,00;
18/01/2026;015;22250;6191114649668;XXL;815;25H;;1,00;
18/01/2026;015;22250;6191114649712;3XL;784;25H;;1,00;
18/01/2026;015;22257;6191114650589;XL;I195;25H;;1,00;
18/01/2026;015;22258;6191114650770;XL;385;25H;;1,00;
18/01/2026;015;22258;6191114650787;XL;195;25H;;1,00;
18/01/2026;015;22258;6191114650794;XL;740;25H;;1,00;
18/01/2026;015;22288;6191114654662;L;995;25H;;1,00;
18/01/2026;015;22306;6191114669109;3XL;995;25H;;1,00;
18/01/2026;015;22320;6191114659148;M;870;25H;;1,00;
18/01/2026;015;22321;6191114659308;L;870;25H;;1,00;
18/01/2026;015;22321;6191114659315;L;825;25H;;1,00;
18/01/2026;021;22040;6191114611580;XXL;R010;25H;;-1,00;
18/01/2026;021;22046;6191114611825;XXL;C385;25H;;1,00;
18/01/2026;021;22052;6191114617247;XXL;995;25H;;1,00;
18/01/2026;021;22055;6191114617582;XL;870;25H;;1,00;
18/01/2026;021;22064;6191114618855;3XL;815;25H;;1,00;
18/01/2026;021;22064;6191114618879;3XL;695;25H;;1,00;
18/01/2026;021;22086;6191114619548;XL;010;25H;;1,00;
18/01/2026;021;22091;6191114620216;XXL;815;25H;;1,00;
18/01/2026;021;22092;6191114620339;XXL;815;25H;;1,00;
18/01/2026;021;22132;6191114623880;XL;224;25H;;1,00;
18/01/2026;021;22137;6191114623422;XL;235;25H;;1,00;
18/01/2026;021;22200;6191114630307;XL;010;25H;;1,00;
18/01/2026;021;22200;6191114648340;XL;210;25H;;1,00;
18/01/2026;021;22202;6191114630574;XXL;790;25H;;1,00;
18/01/2026;021;22229;6191114644038;XXL;995;25H;;1,00;
18/01/2026;021;22257;6191114650572;XL;I740;25H;;1,00;
18/01/2026;021;22257;6191114650664;4XL;I740;25H;;1,00;
18/01/2026;021;22263;6191114651494;S;995;25H;;1,00;
18/01/2026;021;22267;6191114651906;3XL;815;25H;;1,00;
18/01/2026;021;22281;6191114654006;XXL;995;25H;;1,00;
18/01/2026;021;22282;6191114654082;3XL;I815;25H;;1,00;
18/01/2026;021;22296;6191114656543;XL;215;25H;;1,00;
18/01/2026;021;22318;6191114659018;XL;235;25H;;1,00;
18/01/2026;021;55806;6191114640863;L;870;25H;;1,00;
18/01/2026;021;55815;6191114645561;L;385;25H;;1,00;
18/01/2026;021;55819;6191114657533;L;R385;25H;;1,00;
18/01/2026;021;70205;6191114612334;XXL;385;25H;;1,00;
18/01/2026;021;70206;6191114612457;XXL;870;25H;;1,00;
18/01/2026;021;70227;6191114652248;XXL;I875;25H;;1,00;
18/01/2026;021;70227;6191114652255;3XL;I740;25H;;1,00;
18/01/2026;021;70227;6191114652262;3XL;I875;25H;;1,00;
18/01/2026;021;91503;6191114626317;TU;385;25H;;1,00;
18/01/2026;021;91510;6191114625464;38;995;25H;;1,00;
18/01/2026;024;22046;6191114611788;S;C385;25H;;1,00;
18/01/2026;024;22046;6191114611801;L;C385;25H;;1,00;
18/01/2026;024;22110;6191114622524;S;235;25H;;1,00;
18/01/2026;024;22122;6191114646650;L;995;25H;;1,00;
18/01/2026;024;22124;6191114646827;S;995;25H;;1,00;
18/01/2026;024;22199;6191114631090;L;995;25H;;1,00;
18/01/2026;024;22202;6191114630574;XXL;790;25H;;1,00;
18/01/2026;024;22230;6191114644106;L;790;25H;;1,00;
18/01/2026;024;22239;6191114644922;S;995;25H;;1,00;
18/01/2026;024;22239;6191114644984;L;995;25H;;1,00;
18/01/2026;024;22251;6191114650091;3XL;255;25H;;1,00;
18/01/2026;024;22263;6191114651586;XL;995;25H;;1,00;
18/01/2026;024;22265;6191114651784;XL;995;25H;;1,00;
18/01/2026;024;22287;6191114654563;L;995;25H;;1,00;
18/01/2026;024;22288;6191114654679;XL;995;25H;;1,00;
18/01/2026;024;22292;6191114655652;M;995;25H;;1,00;
18/01/2026;024;22317;6191114658615;XL;385;25H;;1,00;
18/01/2026;024;22317;6191114658622;XL;195;25H;;1,00;
18/01/2026;024;55806;6191114640917;XXL;385;25H;;1,00;
18/01/2026;024;55813;6191114645233;L;310;25H;;1,00;
18/01/2026;024;55815;6191114645561;L;385;25H;;1,00;
18/01/2026;024;55816;6191114648487;XL;R990;25H;;1,00;
18/01/2026;024;70227;6191114652286;4XL;I875;25H;;1,00;
18/01/2026;024;91273;6194444115674;TU;815;22H;;9,00;
18/01/2026;024;91509;6191114625273;37;870;25H;;1,00;
18/01/2026;024;91531;6191114648586;TU;695;25H;;1,00;
18/01/2026;030;22013;6191114607675;XL;995;25H;;1,00;
18/01/2026;030;22018;6191114609341;XXL;R385;25H;;1,00;
18/01/2026;030;22036;6191114611177;L;R010;25H;;1,00;
18/01/2026;030;22114;6191114645905;3XL;020;25H;;1,00;
18/01/2026;030;22133;6191114624009;L;645;25H;;1,00;
18/01/2026;030;22162;6191114647220;L;995;25H;;1,00;
18/01/2026;030;22182;6191114629479;3XL;784;25H;;1,00;
18/01/2026;030;22189;6191114644786;L/XL;200;25H;;1,00;
18/01/2026;030;22245;6191114648234;XL;740;25H;;1,00;
18/01/2026;030;22245;6191114648296;XL;010;25H;;1,00;
18/01/2026;030;22268;6191114649750;L;870;25H;;1,00;
18/01/2026;030;22268;6191114649781;3XL;870;25H;;1,00;
18/01/2026;030;22269;6191114656406;L;890;25H;;1,00;
18/01/2026;030;22269;6191114656437;3XL;890;25H;;1,00;
18/01/2026;030;22271;6191114652446;XXL;010;25H;;1,00;
18/01/2026;030;22276;6191114655829;XXL;385;25H;;1,00;
18/01/2026;030;22280;6191114653900;XXL;995;25H;;1,00;
18/01/2026;030;22284;6191114654150;XS;385;25H;;1,00;
18/01/2026;030;22285;6191114654334;M;385;25H;;1,00;
18/01/2026;030;22288;6191114654662;L;995;25H;;1,00;
18/01/2026;030;22301;6191114657175;3XL;995;25H;;1,00;
18/01/2026;030;22307;6191114670068;3XL;M815;25H;;1,00;
18/01/2026;030;22307;6191114670082;3XL;M940;25H;;1,00;
18/01/2026;030;22317;6191114658561;S;195;25H;;1,00;
18/01/2026;030;22325;6191114659957;L;995;25H;;1,00;
18/01/2026;030;22351;6191114668843;XL;I815;25H;;1,00;
18/01/2026;030;55808;6191114641211;L;385;25H;;1,00;
18/01/2026;030;55816;6191114648449;L;R385;25H;;1,00;
18/01/2026;030;70226;6191114651968;S;I815;25H;;1,00;
18/01/2026;030;91272;6194444115667;TU;815;22H;;10,00;
18/01/2026;031;22212;6191114641549;XL;385;25H;;1,00;
18/01/2026;031;70222;6191114631007;XXL;476;25H;;1,00;
18/01/2026;031;70229;6191114657809;3XL;476;25H;;1,00;
18/01/2026;031;91272;6194444115667;TU;815;22H;;1,00;
18/01/2026;031;91532;6191114648593;TU;995;25H;;1,00;
18/01/2026;032;22066;6191114615618;XL;815;25H;;1,00;
18/01/2026;032;22113;6191114645707;L;820;25H;;1,00;
18/01/2026;032;22113;6191114645714;L;990;25H;;1,00;
18/01/2026;032;22239;6191114644977;L;815;25H;;1,00;
18/01/2026;032;22259;6191114650954;XL;010;25H;;1,00;
18/01/2026;032;22275;6191114652989;XL;790;25H;;1,00;
18/01/2026;032;55800;6191114621534;S;995;25H;;1,00;
18/01/2026;032;70201;6191114608054;XL;R870;25H;;1,00;
18/01/2026;032;70231;6191114658721;XL;C995;25H;;1,00;
18/01/2026;032;91272;6194444115667;TU;815;22H;;2,00;
18/01/2026;032;91273;6194444115674;TU;815;22H;;3,00;
18/01/2026;032;91504;6191114626355;TU;784;25H;;1,00;
19/01/2026;002;20473;6191114303980;M;385;23H;;1,00;
19/01/2026;002;21282;6191114505018;M;815;24H;;1,00;
19/01/2026;002;21402;6191114513297;L;995;24H;;1,00;
19/01/2026;002;21403;6191114513396;M;995;24H;;1,00;
19/01/2026;002;21830;6191114583405;L;200;25E;;2,00;
19/01/2026;002;21831;6191114583542;L;000;25E;;1,00;
19/01/2026;002;21832;6191114583689;L;995;25E;;1,00;
19/01/2026;002;21832;6191114583702;L;200;25E;;2,00;
19/01/2026;002;22006;6191114606883;XL;815;25H;;1,00;
19/01/2026;002;22013;6191114607637;M;995;25H;;1,00;
19/01/2026;002;22019;6191114609419;M;995;25H;;-1,00;
19/01/2026;002;22019;6191114609433;L;995;25H;;1,00;
19/01/2026;002;22038;6191114611399;XL;R385;25H;;1,00;
19/01/2026;002;22070;6191114615960;S;995;25H;;1,00;
19/01/2026;002;22110;6191114622562;XXL;235;25H;;1,00;
19/01/2026;002;22111;6191114622630;3XL;385;25H;;1,00;
19/01/2026;002;22185;6191114627659;XL;695;25H;;1,00;
19/01/2026;002;22197;6191114630079;L;815;25H;;1,00;
19/01/2026;002;22197;6191114630086;XL;815;25H;;-1,00;
19/01/2026;002;22247;6191114648685;M;R270;25H;;1,00;
19/01/2026;002;22263;6191114651609;XXL;870;25H;;1,00;
19/01/2026;002;22294;6191114656161;3XL;870;25H;;1,00;
19/01/2026;002;55800;6191114621619;XL;385;25H;;1,00;
19/01/2026;002;55806;6191114640856;L;385;25H;;1,00;
19/01/2026;002;55816;6191114648524;3XL;R995;25H;;-1,00;
19/01/2026;002;55817;6191114654761;L;385;25H;;1,00;
19/01/2026;002;70201;6191114608047;L;R385;25H;;1,00;
19/01/2026;002;91272;6194444115667;TU;815;22H;;3,00;
19/01/2026;002;91507;6191114626393;TU;995;25H;;1,00;
19/01/2026;005;20416;6191114293595;M;995;23H;;1,00;
19/01/2026;005;22130;6191114623538;M;995;25H;;1,00;
19/01/2026;005;22326;6191114668249;XS;995;25H;;1,00;
19/01/2026;005;55801;6191114621879;3XL;975;25H;;-1,00;
19/01/2026;005;55816;6191114648548;3XL;R990;25H;;-1,00;
19/01/2026;005;91272;6194444115667;TU;815;22H;;2,00;
19/01/2026;009;21190;6191114471351;M;I350;24H;;1,00;
19/01/2026;009;21321;6191114497399;TU;995;24H;;1,00;
19/01/2026;009;22201;6191114630437;XL;995;25H;;1,00;
19/01/2026;009;22287;6191114654563;L;995;25H;;1,00;
19/01/2026;009;91272;6194444115667;TU;815;22H;;1,00;
19/01/2026;009;91501;6191114626300;TU;195;25H;;1,00;
19/01/2026;011;22013;6191114607675;XL;995;25H;;1,00;
19/01/2026;011;22033;6191114611115;3XL;695;25H;;1,00;
19/01/2026;011;22043;6191114622128;3XL;855;25H;;1,00;
19/01/2026;011;22195;6191114628359;L;215;25H;;1,00;
19/01/2026;011;22204;6191114630734;M;995;25H;;1,00;
19/01/2026;011;22212;6191114641488;M;385;25H;;1,00;
19/01/2026;011;22212;6191114641495;M;255;25H;;1,00;
19/01/2026;011;22212;6191114641501;M;235;25H;;1,00;
19/01/2026;011;22296;6191114656536;XL;385;25H;;1,00;
19/01/2026;011;22312;6191114658134;M;995;25H;;1,00;
19/01/2026;011;70210;6191114619166;M;R385;25H;;1,00;
19/01/2026;011;91272;6194444115667;TU;815;22H;;2,00;
19/01/2026;011;91273;6194444115674;TU;815;22H;;1,00;
19/01/2026;011;91274;6194444115681;TU;815;22H;;1,00;
19/01/2026;014;21908;6191114600409;L;645;25E;;1,00;
19/01/2026;014;22028;6191114610408;S;870;25H;;1,00;
19/01/2026;014;22068;6191114642393;XL;695;25H;;1,00;
19/01/2026;014;22186;6191114627710;M;385;25H;;1,00;
19/01/2026;014;22263;6191114651647;3XL;995;25H;;1,00;
19/01/2026;014;22272;6191114652583;XL;870;25H;;1,00;
19/01/2026;014;22344;6191114668447;M;I815;25H;;1,00;
19/01/2026;014;55816;6191114648418;M;R385;25H;;1,00;
19/01/2026;014;70231;6191114658783;4XL;C995;25H;;1,00;
19/01/2026;014;91506;6191114626379;TU;995;25H;;1,00;
19/01/2026;014;91527;6191114640160;40;995;25H;;1,00;
19/01/2026;015;22189;6191114644786;L/XL;200;25H;;1,00;
19/01/2026;015;22294;6191114656109;XL;870;25H;;1,00;
19/01/2026;015;22328;6191114661400;L;995;25H;;1,00;
19/01/2026;015;91272;6194444115667;TU;815;22H;;2,00;
19/01/2026;016;22131;6191114623644;XL;995;25H;;1,00;
19/01/2026;016;22233;6191114644373;M;815;25H;;1,00;
19/01/2026;016;22256;6191114650428;L;995;25H;;1,00;
19/01/2026;016;22290;6191114657939;M;R385;25H;;1,00;
19/01/2026;016;22306;6191114669062;M;995;25H;;1,00;
19/01/2026;016;91272;6194444115667;TU;815;22H;;3,00;
19/01/2026;019;20164;6191114235038;3XL;995;23H;;1,00;
19/01/2026;019;20295;6191114267442;XL;995;23H;;1,00;
19/01/2026;019;20427;6191114295452;S;995;23H;;1,00;
19/01/2026;019;20452;6191114300989;XL;805;23H;;1,00;
19/01/2026;019;20465;6191114302969;XL;940;23H;;2,00;
19/01/2026;019;20835;6191114396678;S/M;990;24E;;1,00;
19/01/2026;019;20836;6191114396708;S/M;995;24E;;1,00;
19/01/2026;019;20836;6191114396760;S/M;990;24E;;1,00;
19/01/2026;019;20879;6191114406957;37;920;24E;;1,00;
19/01/2026;019;20880;6191114407060;36;010;24E;;1,00;
19/01/2026;019;21126;6191114462083;L;R634;24H;;1,00;
19/01/2026;019;21126;6191114462175;3XL;R634;24H;;1,00;
19/01/2026;019;21131;6191114462694;L;530;24H;;1,00;
19/01/2026;019;21135;6191114482845;L;780;24H;;1,00;
19/01/2026;019;21135;6191114482876;3XL;780;24H;;1,00;
19/01/2026;019;21136;6191114463264;XL;995;24H;;1,00;
19/01/2026;019;21223;6191114479265;XL;995;24H;;1,00;
19/01/2026;019;21233;6191114477469;36;385;24H;;1,00;
19/01/2026;019;21255;6191114483088;S;535;24H;;1,00;
19/01/2026;019;21479;6191114530874;XL;995;24H;;1,00;
19/01/2026;019;21546;6191114542945;37;815;25E;;1,00;
19/01/2026;019;21567;6191114545984;S/M;995;25E;;1,00;
19/01/2026;019;21569;6191114546028;M;385;25E;;1,00;
19/01/2026;019;21569;6191114546035;M;784;25E;;1,00;
19/01/2026;019;22019;6191114609426;L;815;25H;;1,00;
19/01/2026;019;22024;6191114653252;L;870;25H;;1,00;
19/01/2026;019;22025;6191114610088;L;995;25H;;1,00;
19/01/2026;019;22026;6191114610217;L;645;25H;;1,00;
19/01/2026;019;22031;6191114610835;XL;695;25H;;1,00;
19/01/2026;019;22068;6191114642386;L;695;25H;;1,00;
19/01/2026;019;22163;6191114659889;3XL;C490;25H;;1,00;
19/01/2026;019;22195;6191114628373;L;210;25H;;1,00;
19/01/2026;019;22211;6191114641358;M;694;25H;;1,00;
19/01/2026;019;22246;6191114648845;XL;870;25H;;1,00;
19/01/2026;019;22247;6191114648692;L;R385;25H;;1,00;
19/01/2026;019;22277;6191114653399;M;815;25H;;1,00;
19/01/2026;019;22282;6191114654082;3XL;I815;25H;;1,00;
19/01/2026;019;22288;6191114654693;3XL;995;25H;;1,00;
19/01/2026;019;22295;6191114656222;L;995;25H;;1,00;
19/01/2026;019;22295;6191114656277;XXL;695;25H;;1,00;
19/01/2026;019;22321;6191114659384;4XL;870;25H;;1,00;
19/01/2026;019;22326;6191114668355;XXL;920;25H;;1,00;
19/01/2026;019;22356;6191114668201;XXL;490;25H;;1,00;
19/01/2026;019;28474;6191113927620;S;990;21H;;1,00;
19/01/2026;019;29715;6191114152816;XS;995;23E;;1,00;
19/01/2026;019;29716;6191114152922;XS;995;23E;;1,00;
19/01/2026;019;29881;6191114187658;S;805;23E;;1,00;
19/01/2026;019;70224;6191114641822;XL;694;25H;;1,00;
19/01/2026;021;21214;6191114476820;S;995;24H;;1,00;
19/01/2026;021;22064;6191114618817;XXL;010;25H;;1,00;
19/01/2026;021;22183;6191114629547;XL;385;25H;;1,00;
19/01/2026;021;22284;6191114654235;XL;385;25H;;1,00;
19/01/2026;021;55813;6191114645172;S;310;25H;;1,00;
19/01/2026;021;55816;6191114648388;S;R385;25H;;1,00;
19/01/2026;021;55820;6191114657823;S;R784;25H;;1,00;
19/01/2026;024;22259;6191114650954;XL;010;25H;;1,00;
19/01/2026;024;22263;6191114651494;S;995;25H;;1,00;
19/01/2026;024;22326;6191114668263;S;995;25H;;1,00;
19/01/2026;024;22338;6191114660885;S;170;25H;;1,00;
19/01/2026;024;55806;6191114640948;3XL;385;25H;;1,00;
19/01/2026;024;55806;6191114640955;3XL;870;25H;;1,00;
19/01/2026;024;70231;6191114658714;XL;C000;25H;;1,00;
19/01/2026;024;70232;6191114658820;XL;995;25H;;1,00;
19/01/2026;024;91273;6194444115674;TU;815;22H;;2,00;
19/01/2026;024;91509;6191114625242;36;870;25H;;-1,00;
19/01/2026;024;91509;6191114625273;37;870;25H;;1,00;
19/01/2026;029;20255;6191114258105;3XL;195;23H;;1,00;
19/01/2026;029;20256;6191114258327;3XL;995;23H;;1,00;
19/01/2026;029;22044;6191114609082;S;995;25H;;1,00;
19/01/2026;029;22131;6191114623651;XXL;995;25H;;1,00;
19/01/2026;029;22211;6191114641358;M;694;25H;;1,00;
19/01/2026;029;22256;6191114650428;L;995;25H;;1,00;
19/01/2026;029;22259;6191114650930;L;010;25H;;1,00;
19/01/2026;029;70231;6191114658738;XXL;C000;25H;;1,00;
19/01/2026;029;70232;6191114658813;L;995;25H;;1,00;
19/01/2026;030;22188;6191114644748;L/XL;200;25H;;1,00;
19/01/2026;030;22263;6191114651517;M;870;25H;;1,00;
19/01/2026;030;22270;6191114649965;XXL;995;25H;;1,00;
19/01/2026;030;22271;6191114652378;L;870;25H;;1,00;
19/01/2026;030;22287;6191114654525;S;995;25H;;1,00;
19/01/2026;030;22296;6191114656482;M;215;25H;;-1,00;
19/01/2026;030;22351;6191114668829;M;I815;25H;;1,00;
19/01/2026;030;70217;6191114649392;XL;I385;25H;;1,00;
19/01/2026;030;70227;6191114652231;XXL;I740;25H;;-1,00;
19/01/2026;030;70227;6191114652255;3XL;I740;25H;;1,00;
19/01/2026;030;91272;6194444115667;TU;815;22H;;5,00;
19/01/2026;030;91529;6191114640290;37;385;25H;;1,00;
19/01/2026;030;91529;6191114640306;37;875;25H;;1,00;
19/01/2026;030;91529;6191114640313;38;385;25H;;1,00;
19/01/2026;031;22046;6191114611795;M;C385;25H;;1,00;
19/01/2026;031;22113;6191114645745;XL;990;25H;;1,00;
19/01/2026;031;22115;6191114646025;XL;005;25H;;1,00;
19/01/2026;031;22273;6191114652811;XXL;824;25H;;1,00;
19/01/2026;031;91272;6194444115667;TU;815;22H;;2,00;
20/01/2026;009;22083;6191114619111;XXL;820;25H;;1,00;
20/01/2026;009;22117;6191114649019;XXL;940;25H;;1,00;
20/01/2026;009;91272;6194444115667;TU;815;22H;;1,00;
20/01/2026;009;91273;6194444115674;TU;815;22H;;1,00;
20/01/2026;019;21235;6191114477704;36;815;24H;;-1,00;
20/01/2026;019;21255;6191114483118;L;010;24H;;-1,00;
20/01/2026;019;21381;6191114508521;XL;875;24H;;-1,00;
20/01/2026;019;22006;6191114606968;3XL;815;25H;;-1,00;
20/01/2026;019;22032;6191114610965;XXL;995;25H;;-1,00;
20/01/2026;019;22080;6191114617018;XL;476;25H;;-1,00;
20/01/2026;019;22091;6191114620223;XXL;995;25H;;-1,00;
20/01/2026;019;22202;6191114630482;S;995;25H;;-1,00;
20/01/2026;019;22203;6191114630703;3XL;995;25H;;-1,00;
20/01/2026;019;22204;6191114630772;3XL;995;25H;;-1,00;
20/01/2026;019;22213;6191114642324;L;815;25H;;-1,00;
20/01/2026;019;22264;6191114651739;4XL;995;25H;;-1,00;
20/01/2026;019;22267;6191114651869;XL;815;25H;;-1,00;
20/01/2026;019;22277;6191114653375;S;815;25H;;-1,00;
20/01/2026;019;22289;6191114655218;S;476;25H;;-1,00;
20/01/2026;019;22291;6191114655454;XL;495;25H;;-1,00;
20/01/2026;019;22351;6191114668850;XXL;I815;25H;;-1,00;
20/01/2026;019;70092;6191114515765;XXL;995;24H;;-1,00;
20/01/2026;019;70200;6191114607965;XXL;R940;25H;;-1,00;
20/01/2026;019;70224;6191114641853;3XL;385;25H;;-1,00;
20/01/2026;019;91526;6191114640023;39;880;25H;;-1,00;
20/01/2026;032;22054;6191114617452;XL;995;25H;;1,00;
21/01/2026;002;22006;6191114606913;XL;995;25H;;1,00;
21/01/2026;002;22273;6191114652774;XL;695;25H;;1,00;
21/01/2026;002;22328;6191114661417;XL;995;25H;;1,00;
21/01/2026;002;91272;6194444115667;TU;815;22H;;1,00;
21/01/2026;009;21472;6191114532090;L;995;24H;;1,00;
21/01/2026;009;22083;6191114619111;XXL;820;25H;;-1,00;
21/01/2026;009;22110;6191114622432;XL;385;25H;;1,00;
21/01/2026;009;22117;6191114649019;XXL;940;25H;;-1,00;
21/01/2026;009;22181;6191114629240;S;995;25H;;1,00;
21/01/2026;009;22276;6191114655836;XXL;995;25H;;1,00;
21/01/2026;009;22290;6191114657960;XXL;R385;25H;;1,00;
21/01/2026;009;22307;6191114670075;3XL;M870;25H;;1,00;
21/01/2026;009;91272;6194444115667;TU;815;22H;;2,00;
21/01/2026;011;22113;6191114645707;L;820;25H;;1,00;
21/01/2026;011;22247;6191114648661;M;R385;25H;;1,00;
21/01/2026;011;22302;6191114657236;L;995;25H;;1,00;
21/01/2026;011;91273;6194444115674;TU;815;22H;;1,00;
21/01/2026;014;22005;6191114606531;S;645;25H;;1,00;
21/01/2026;014;22113;6191114645684;M;990;25H;;1,00;
21/01/2026;014;22114;6191114645844;L;020;25H;;1,00;
21/01/2026;014;22215;6191114642522;XL;310;25H;;1,00;
21/01/2026;014;22263;6191114651616;XXL;995;25H;;1,00;
21/01/2026;014;55813;6191114645271;XL;940;25H;;1,00;
21/01/2026;014;55815;6191114645547;M;385;25H;;1,00;
21/01/2026;014;70202;6191114608184;XL;010;25H;;1,00;
21/01/2026;014;70224;6191114641822;XL;694;25H;;1,00;
21/01/2026;014;70231;6191114658752;3XL;C000;25H;;1,00;
21/01/2026;015;22018;6191114609341;XXL;R385;25H;;1,00;
21/01/2026;015;22028;6191114610507;3XL;870;25H;;1,00;
21/01/2026;015;22029;6191114610606;XXL;010;25H;;-1,00;
21/01/2026;015;22029;6191114610620;3XL;010;25H;;1,00;
21/01/2026;015;22046;6191114611801;L;C385;25H;;1,00;
21/01/2026;015;22070;6191114616011;XL;385;25H;;1,00;
21/01/2026;015;22071;6191114616110;L;784;25H;;1,00;
21/01/2026;015;22078;6191114616776;M;476;25H;;1,00;
21/01/2026;015;22140;6191114624634;XL;995;25H;;-1,00;
21/01/2026;015;22274;6191114652880;XL;995;25H;;1,00;
21/01/2026;015;22296;6191114656543;XL;215;25H;;1,00;
21/01/2026;015;22309;6191114657991;M;995;25H;;1,00;
21/01/2026;015;70231;6191114658707;L;C995;25H;;1,00;
21/01/2026;015;70233;6191114658875;M;995;25H;;1,00;
21/01/2026;015;91272;6194444115667;TU;815;22H;;2,00;
21/01/2026;021;21831;6191114583597;XXL;995;25E;;1,00;
21/01/2026;021;22038;6191114611382;L;R385;25H;;1,00;
21/01/2026;021;22068;6191114615786;XL;995;25H;;1,00;
21/01/2026;021;22127;6191114649088;XXL;770;25H;;-1,00;
21/01/2026;021;22198;6191114630208;XXL;385;25H;;1,00;
21/01/2026;021;22263;6191114651623;XXL;010;25H;;1,00;
21/01/2026;021;22287;6191114654624;3XL;995;25H;;1,00;
21/01/2026;021;22288;6191114654662;L;995;25H;;1,00;
21/01/2026;021;22301;6191114657120;L;215;25H;;1,00;
21/01/2026;021;55813;6191114645240;L;940;25H;;-1,00;
21/01/2026;021;70229;6191114657786;XL;476;25H;;1,00;
21/01/2026;021;91272;6194444115667;TU;815;22H;;1,00;
21/01/2026;024;22033;6191114611054;L;695;25H;;1,00;
21/01/2026;024;22259;6191114650954;XL;010;25H;;1,00;
21/01/2026;024;22275;6191114652934;M;385;25H;;1,00;
21/01/2026;024;22287;6191114654624;3XL;995;25H;;1,00;
21/01/2026;024;22302;6191114657250;XL;995;25H;;1,00;
21/01/2026;024;70231;6191114658738;XXL;C000;25H;;1,00;
21/01/2026;024;70233;6191114658899;XL;995;25H;;1,00;
21/01/2026;024;91272;6194444115667;TU;815;22H;;1,00;
21/01/2026;024;91273;6194444115674;TU;815;22H;;1,00;
21/01/2026;024;91521;6191114627550;TU;MCO;25H;;1,00;
21/01/2026;029;70231;6191114658714;XL;C000;25H;;1,00;
21/01/2026;030;20338;6191114276383;M;995;23H;;1,00;
21/01/2026;030;21916;6191114601260;M;000;25E;;1,00;
21/01/2026;030;22026;6191114610248;XXL;815;25H;;1,00;
21/01/2026;030;22030;6191114610712;XL;010;25H;;1,00;
21/01/2026;030;22111;6191114622739;XL;235;25H;;1,00;
21/01/2026;030;22187;6191114644670;S/M;995;25H;;1,00;
21/01/2026;030;22187;6191114644700;L/XL;200;25H;;1,00;
21/01/2026;030;22188;6191114644724;S/M;200;25H;;1,00;
21/01/2026;030;22201;6191114630451;XXL;995;25H;;1,00;
21/01/2026;030;22239;6191114644939;S;784;25H;;1,00;
21/01/2026;030;22247;6191114648746;XL;R270;25H;;1,00;
21/01/2026;030;22262;6191114651333;S;385;25H;;1,00;
21/01/2026;030;22275;6191114652910;S;385;25H;;1,00;
21/01/2026;030;22301;6191114657137;XL;995;25H;;1,00;
21/01/2026;030;22303;6191114657335;S;870;25H;;1,00;
21/01/2026;030;22328;6191114661417;XL;995;25H;;1,00;
21/01/2026;030;70231;6191114658752;3XL;C000;25H;;-1,00;
21/01/2026;030;70231;6191114658769;3XL;C995;25H;;1,00;
21/01/2026;030;70232;6191114658813;L;995;25H;;1,00;
21/01/2026;030;70233;6191114658882;L;995;25H;;1,00;
21/01/2026;030;91272;6194444115667;TU;815;22H;;3,00;
21/01/2026;030;91526;6191114640054;41;995;25H;;1,00;
21/01/2026;031;22122;6191114646636;S;995;25H;;1,00;
21/01/2026;031;22239;6191114645042;XXL;995;25H;;1,00;
21/01/2026;031;22317;6191114658561;S;195;25H;;1,00;
21/01/2026;031;91272;6194444115667;TU;815;22H;;1,00;
21/01/2026;032;21827;6191114583092;3XL;000;25E;;1,00;
21/01/2026;032;22018;6191114609327;XL;R385;25H;;1,00;
21/01/2026;032;22128;6191114623033;XL;385;25H;;1,00;
21/01/2026;032;22285;6191114654372;XL;385;25H;;1,00;
21/01/2026;032;22321;6191114659322;XL;870;25H;;1,00;
21/01/2026;032;91272;6194444115667;TU;815;22H;;2,00;
22/01/2026;002;20354;6191114279841;4XL;995;23H;;-1,00;
22/01/2026;002;21136;6191114463264;XL;995;24H;;-1,00;
22/01/2026;002;21402;6191114513273;M;995;24H;;1,00;
22/01/2026;002;21402;6191114513297;L;995;24H;;-1,00;
22/01/2026;002;21556;6191114544000;39;170;25E;;1,00;
22/01/2026;002;21658;6191114553767;L;995;25E;;1,00;
22/01/2026;002;21659;6191114553880;L;995;25E;;1,00;
22/01/2026;002;21830;6191114583405;L;200;25E;;1,00;
22/01/2026;002;21830;6191114583429;XL;000;25E;;1,00;
22/01/2026;002;21831;6191114583542;L;000;25E;;1,00;
22/01/2026;002;21835;6191114584112;L;385;25E;;1,00;
22/01/2026;002;22045;6191114611702;L;995;25H;;1,00;
22/01/2026;002;22046;6191114611795;M;C385;25H;;1,00;
22/01/2026;002;22194;6191114628212;XL;I385;25H;;1,00;
22/01/2026;002;22201;6191114630437;XL;995;25H;;1,00;
22/01/2026;002;22209;6191114640771;3XL;815;25H;;1,00;
22/01/2026;002;22247;6191114648715;L;R270;25H;;1,00;
22/01/2026;002;22276;6191114655775;M;995;25H;;1,00;
22/01/2026;002;22302;6191114657236;L;995;25H;;1,00;
22/01/2026;002;22328;6191114661431;3XL;995;25H;;1,00;
22/01/2026;002;55800;6191114621619;XL;385;25H;;1,00;
22/01/2026;002;55811;6191114644618;XL;R310;25H;;1,00;
22/01/2026;002;55813;6191114645264;XL;310;25H;;1,00;
22/01/2026;002;55813;6191114645271;XL;940;25H;;2,00;
22/01/2026;002;70231;6191114658714;XL;C000;25H;;2,00;
22/01/2026;002;70232;6191114658820;XL;995;25H;;1,00;
22/01/2026;002;91272;6194444115667;TU;815;22H;;1,00;
22/01/2026;005;22020;6191114609587;XXL;695;25H;;1,00;
22/01/2026;005;22116;6191114646179;XXL;995;25H;;1,00;
22/01/2026;005;22123;6191114646780;XXL;695;25H;;1,00;
22/01/2026;005;22183;6191114629554;XL;995;25H;;1,00;
22/01/2026;005;91273;6194444115674;TU;815;22H;;1,00;
22/01/2026;009;22064;6191114618626;S;695;25H;;1,00;
22/01/2026;009;22080;6191114616967;M;380;25H;;1,00;
22/01/2026;009;91272;6194444115667;TU;815;22H;;1,00;
22/01/2026;011;22044;6191114622043;XL;695;25H;;1,00;
22/01/2026;011;22120;6191114646513;XL;995;25H;;1,00;
22/01/2026;011;22194;6191114628229;XL;I255;25H;;1,00;
22/01/2026;011;22212;6191114641549;XL;385;25H;;1,00;
22/01/2026;011;22247;6191114648654;S;R270;25H;;1,00;
22/01/2026;011;22259;6191114650930;L;010;25H;;1,00;
22/01/2026;011;22276;6191114655812;XL;995;25H;;1,00;
22/01/2026;011;22320;6191114659186;XL;870;25H;;1,00;
22/01/2026;011;22321;6191114659322;XL;870;25H;;1,00;
22/01/2026;011;22330;6191114660083;XL;220;25H;;1,00;
22/01/2026;011;22347;6191114668621;XXL;I815;25H;;1,00;
22/01/2026;011;55813;6191114645264;XL;310;25H;;1,00;
22/01/2026;011;55816;6191114648487;XL;R990;25H;;1,00;
22/01/2026;011;55818;6191114655157;3XL;824;25H;;1,00;
22/01/2026;011;70222;6191114630994;XL;476;25H;;1,00;
22/01/2026;011;70223;6191114631045;L;476;25H;;1,00;
22/01/2026;011;91272;6194444115667;TU;815;22H;;2,00;
22/01/2026;011;91273;6194444115674;TU;815;22H;;3,00;
22/01/2026;014;22013;6191114607675;XL;995;25H;;1,00;
22/01/2026;014;22032;6191114610903;M;995;25H;;1,00;
22/01/2026;014;22046;6191114611788;S;C385;25H;;1,00;
22/01/2026;014;22127;6191114647152;XXL;995;25H;;1,00;
22/01/2026;014;22139;6191114624498;XL;940;25H;;1,00;
22/01/2026;014;22252;6191114650206;3XL;995;25H;;1,00;
22/01/2026;014;22261;6191114651319;3XL;385;25H;;1,00;
22/01/2026;014;22272;6191114652613;XXL;870;25H;;1,00;
22/01/2026;014;22288;6191114654679;XL;995;25H;;1,00;
22/01/2026;014;22324;6191114659674;XL;995;25H;;1,00;
22/01/2026;014;55816;6191114648517;XXL;R990;25H;;1,00;
22/01/2026;014;55817;6191114654877;3XL;790;25H;;1,00;
22/01/2026;014;70207;6191114612600;3XL;R695;25H;;1,00;
22/01/2026;014;70231;6191114658714;XL;C000;25H;;1,00;
22/01/2026;014;70232;6191114658820;XL;995;25H;;1,00;
22/01/2026;014;91509;6191114625327;39;815;25H;;1,00;
22/01/2026;015;22064;6191114618862;3XL;010;25H;;1,00;
22/01/2026;015;22097;6191114622296;XL;870;25H;;-1,00;
22/01/2026;015;22127;6191114649033;XS;770;25H;;1,00;
22/01/2026;015;22188;6191114644748;L/XL;200;25H;;1,00;
22/01/2026;015;22244;6191114647923;M;995;25H;;1,00;
22/01/2026;015;22271;6191114652477;3XL;010;25H;;1,00;
22/01/2026;015;22271;6191114652484;3XL;695;25H;;1,00;
22/01/2026;015;22273;6191114652675;S;385;25H;;1,00;
22/01/2026;015;22285;6191114654297;XS;385;25H;;1,00;
22/01/2026;015;22285;6191114654389;XL;995;25H;;1,00;
22/01/2026;015;55806;6191114640801;S;870;25H;;1,00;
22/01/2026;015;91272;6194444115667;TU;815;22H;;1,00;
22/01/2026;015;91511;6191114627420;TU;MCO;25H;;1,00;
22/01/2026;016;22118;6191114646438;XXL;995;25H;;1,00;
22/01/2026;016;22181;6191114629288;XXL;995;25H;;1,00;
22/01/2026;016;22197;6191114630086;XL;815;25H;;1,00;
22/01/2026;016;22208;6191114640603;L;995;25H;;1,00;
22/01/2026;016;22272;6191114652583;XL;870;25H;;1,00;
22/01/2026;016;22276;6191114655812;XL;995;25H;;1,00;
22/01/2026;016;22276;6191114655850;3XL;995;25H;;1,00;
22/01/2026;016;22288;6191114654679;XL;995;25H;;1,00;
22/01/2026;016;22290;6191114657939;M;R385;25H;;-1,00;
22/01/2026;016;22290;6191114657946;L;R385;25H;;1,00;
22/01/2026;016;22292;6191114655683;XL;870;25H;;1,00;
22/01/2026;016;91272;6194444115667;TU;815;22H;;1,00;
22/01/2026;016;91273;6194444115674;TU;815;22H;;2,00;
22/01/2026;019;20296;6191114266735;L;995;23H;;1,00;
22/01/2026;019;20343;6191114277601;L;995;23H;;1,00;
22/01/2026;019;20447;6191114299764;L;190;23H;;1,00;
22/01/2026;019;21190;6191114471351;M;I350;24H;;1,00;
22/01/2026;019;21350;6191114501850;3XL;995;24H;;1,00;
22/01/2026;019;21380;6191114508422;XL;875;24H;;1,00;
22/01/2026;019;21405;6191114513631;L;995;24H;;1,00;
22/01/2026;019;21406;6191114512672;M;995;24H;;1,00;
22/01/2026;019;21484;6191114537354;3XL;870;24H;;1,00;
22/01/2026;019;22031;6191114610873;3XL;695;25H;;1,00;
22/01/2026;019;22080;6191114617032;XXL;476;25H;;1,00;
22/01/2026;019;22204;6191114630765;XXL;995;25H;;1,00;
22/01/2026;019;22250;6191114649606;L;815;25H;;1,00;
22/01/2026;019;70092;6191114515765;XXL;995;24H;;1,00;
22/01/2026;019;70200;6191114607927;L;R940;25H;;1,00;
22/01/2026;021;21829;6191114583313;L;MCO;25E;;1,00;
22/01/2026;021;21831;6191114583559;L;200;25E;;1,00;
22/01/2026;021;21831;6191114583597;XXL;995;25E;;1,00;
22/01/2026;021;22006;6191114606845;L;815;25H;;1,00;
22/01/2026;021;22006;6191114606883;XL;815;25H;;-1,00;
22/01/2026;021;22024;6191114653290;S;815;25H;;1,00;
22/01/2026;021;22031;6191114610835;XL;695;25H;;1,00;
22/01/2026;021;22177;6191114628908;XL;010;25H;;1,00;
22/01/2026;021;22188;6191114644748;L/XL;200;25H;;1,00;
22/01/2026;021;22198;6191114630178;L;695;25H;;1,00;
22/01/2026;021;22253;6191114650244;L;995;25H;;1,00;
22/01/2026;021;22257;6191114650473;S;I350;25H;;1,00;
22/01/2026;021;22262;6191114651371;L;385;25H;;1,00;
22/01/2026;021;22263;6191114651517;M;870;25H;;1,00;
22/01/2026;021;22285;6191114654297;XS;385;25H;;1,00;
22/01/2026;021;22320;6191114659247;4XL;870;25H;;1,00;
22/01/2026;021;22321;6191114659384;4XL;870;25H;;1,00;
22/01/2026;021;91272;6194444115667;TU;815;22H;;2,00;
22/01/2026;024;22020;6191114619296;XL;815;25H;;1,00;
22/01/2026;024;22026;6191114610231;XL;645;25H;;1,00;
22/01/2026;024;22102;6191114621114;XXL;995;25H;;1,00;
22/01/2026;024;22130;6191114623576;XL;995;25H;;1,00;
22/01/2026;024;22133;6191114624030;XL;645;25H;;1,00;
22/01/2026;024;22133;6191114625211;XXL;995;25H;;1,00;
22/01/2026;024;22198;6191114630215;XXL;695;25H;;1,00;
22/01/2026;024;22320;6191114659216;XXL;825;25H;;1,00;
22/01/2026;024;22321;6191114659377;3XL;825;25H;;1,00;
22/01/2026;024;91272;6194444115667;TU;815;22H;;5,00;
22/01/2026;030;22013;6191114607613;S;995;25H;;1,00;
22/01/2026;030;22018;6191114609280;M;R385;25H;;1,00;
22/01/2026;030;22018;6191114609341;XXL;R385;25H;;1,00;
22/01/2026;030;22032;6191114610958;XL;940;25H;;1,00;
22/01/2026;030;22060;6191114618039;M;310;25H;;1,00;
22/01/2026;030;22117;6191114646216;XS;995;25H;;1,00;
22/01/2026;030;22189;6191114644762;S/M;200;25H;;1,00;
22/01/2026;030;22200;6191114630284;L;010;25H;;1,00;
22/01/2026;030;22243;6191114647770;L;995;25H;;1,00;
22/01/2026;030;22252;6191114650152;L;255;25H;;1,00;
22/01/2026;030;22253;6191114669253;L;255;25H;;1,00;
22/01/2026;030;22257;6191114650480;S;I740;25H;;1,00;
22/01/2026;030;22258;6191114650688;S;385;25H;;1,00;
22/01/2026;030;22272;6191114652514;S;010;25H;;1,00;
22/01/2026;030;22272;6191114652545;M;010;25H;;1,00;
22/01/2026;030;22275;6191114652934;M;385;25H;;1,00;
22/01/2026;030;22287;6191114654570;XL;815;25H;;1,00;
22/01/2026;030;22301;6191114657144;XL;215;25H;;1,00;
22/01/2026;030;22304;6191114660458;L;MCO;25H;;1,00;
22/01/2026;030;22317;6191114658561;S;195;25H;;1,00;
22/01/2026;030;22317;6191114658578;M;385;25H;;1,00;
22/01/2026;030;55811;6191114644625;XL;R784;25H;;1,00;
22/01/2026;030;91272;6194444115667;TU;815;22H;;14,00;
22/01/2026;031;21546;6191114542952;37;000;25E;;1,00;
22/01/2026;031;22011;6191114607422;XL;010;25H;;2,00;
22/01/2026;031;22319;6191114670259;XL;995;25H;;1,00;
22/01/2026;031;91272;6194444115667;TU;815;22H;;1,00;
22/01/2026;032;21831;6191114583610;XXL;200;25E;;1,00;
22/01/2026;032;21832;6191114583740;XXL;995;25E;;1,00;
22/01/2026;032;22263;6191114651579;XL;870;25H;;1,00;
22/01/2026;032;91273;6194444115674;TU;815;22H;;1,00;
23/01/2026;002;20430;6191114295919;L;995;23H;;1,00;
23/01/2026;002;21859;6191114588769;L;000;25E;;1,00;
23/01/2026;002;22009;6191114607200;XXL;880;25H;;1,00;
23/01/2026;002;22038;6191114611368;S;R385;25H;;1,00;
23/01/2026;002;22046;6191114611818;XL;C385;25H;;1,00;
23/01/2026;002;22048;6191114611979;M;995;25H;;1,00;
23/01/2026;002;22086;6191114619548;XL;010;25H;;1,00;
23/01/2026;002;22091;6191114620186;L;995;25H;;1,00;
23/01/2026;002;22111;6191114622609;L;385;25H;;1,00;
23/01/2026;002;22201;6191114630420;XL;815;25H;;1,00;
23/01/2026;002;22243;6191114647862;3XL;995;25H;;1,00;
23/01/2026;002;22243;6191114647879;3XL;215;25H;;1,00;
23/01/2026;002;22244;6191114648067;3XL;695;25H;;1,00;
23/01/2026;002;22259;6191114650992;3XL;010;25H;;1,00;
23/01/2026;002;22271;6191114652316;S;870;25H;;1,00;
23/01/2026;002;22272;6191114652538;M;995;25H;;1,00;
23/01/2026;002;22272;6191114652545;M;010;25H;;1,00;
23/01/2026;002;22276;6191114655775;M;995;25H;;1,00;
23/01/2026;002;22276;6191114655843;3XL;385;25H;;1,00;
23/01/2026;002;22279;6191114653733;3XL;000;25H;;1,00;
23/01/2026;002;22321;6191114659384;4XL;870;25H;;1,00;
23/01/2026;002;22324;6191114659650;M;995;25H;;1,00;
23/01/2026;002;22351;6191114668843;XL;I815;25H;;1,00;
23/01/2026;002;55806;6191114640955;3XL;870;25H;;1,00;
23/01/2026;002;55816;6191114648401;M;R995;25H;;1,00;
23/01/2026;002;55816;6191114648524;3XL;R995;25H;;1,00;
23/01/2026;002;70201;6191114608078;XXL;R870;25H;;1,00;
23/01/2026;002;70205;6191114612310;XL;385;25H;;1,00;
23/01/2026;002;70208;6191114612709;XXL;R385;25H;;1,00;
23/01/2026;002;70231;6191114658721;XL;C995;25H;;1,00;
23/01/2026;002;70231;6191114658776;4XL;C000;25H;;1,00;
23/01/2026;002;70232;6191114658851;4XL;995;25H;;1,00;
23/01/2026;002;91272;6194444115667;TU;815;22H;;2,00;
23/01/2026;002;91532;6191114648609;TU;695;25H;;1,00;
23/01/2026;005;22189;6191114644755;S/M;995;25H;;2,00;
23/01/2026;005;22239;6191114645028;XL;784;25H;;1,00;
23/01/2026;005;22322;6191114659506;XL;740;25H;;1,00;
23/01/2026;005;70231;6191114658691;L;C000;25H;;1,00;
23/01/2026;005;91272;6194444115667;TU;815;22H;;2,00;
23/01/2026;005;91273;6194444115674;TU;815;22H;;2,00;
23/01/2026;009;20368;6191114282766;S/M;200;23H;;1,00;
23/01/2026;009;21352;6191114502062;S/M;200;24H;;1,00;
23/01/2026;009;22195;6191114628588;XL;210;25H;;1,00;
23/01/2026;009;55815;6191114645608;XXL;385;25H;;1,00;
23/01/2026;009;55815;6191114669345;XXL;995;25H;;1,00;
23/01/2026;009;91272;6194444115667;TU;815;22H;;1,00;
23/01/2026;011;22018;6191114609310;L;R010;25H;;1,00;
23/01/2026;011;22024;6191114653306;M;815;25H;;1,00;
23/01/2026;011;22199;6191114631113;XXL;995;25H;;1,00;
23/01/2026;011;22291;6191114655461;XXL;995;25H;;1,00;
23/01/2026;011;22301;6191114657113;L;995;25H;;1,00;
23/01/2026;011;55813;6191114645288;XXL;385;25H;;1,00;
23/01/2026;011;55813;6191114645301;XXL;940;25H;;1,00;
23/01/2026;011;91272;6194444115667;TU;815;22H;;3,00;
23/01/2026;011;91273;6194444115674;TU;815;22H;;1,00;
23/01/2026;014;21828;6191114583139;S;200;25E;;1,00;
23/01/2026;014;22022;6191114609785;3XL;R385;25H;;1,00;
23/01/2026;014;22030;6191114610699;L;010;25H;;1,00;
23/01/2026;014;22036;6191114611184;XL;R995;25H;;1,00;
23/01/2026;014;22056;6191114617759;3XL;000;25H;;1,00;
23/01/2026;014;22058;6191114617926;L;995;25H;;1,00;
23/01/2026;014;22058;6191114617933;L;000;25H;;1,00;
23/01/2026;014;22058;6191114617988;3XL;995;25H;;2,00;
23/01/2026;014;22060;6191114618114;3XL;310;25H;;1,00;
23/01/2026;014;22064;6191114618886;3XL;175;25H;;1,00;
23/01/2026;014;22088;6191114619869;4XL;995;25H;;1,00;
23/01/2026;014;22090;6191114620117;3XL;815;25H;;1,00;
23/01/2026;014;22092;6191114620353;3XL;815;25H;;1,00;
23/01/2026;014;22093;6191114620414;XXL;350;25H;;1,00;
23/01/2026;014;22094;6191114620483;3XL;350;25H;;1,00;
23/01/2026;014;22113;6191114645707;L;820;25H;;1,00;
23/01/2026;014;22127;6191114647053;XS;995;25H;;1,00;
23/01/2026;014;22127;6191114649033;XS;770;25H;;1,00;
23/01/2026;014;22129;6191114623170;L;010;25H;;1,00;
23/01/2026;014;22140;6191114624627;L;995;25H;;1,00;
23/01/2026;014;22148;6191114625563;XL;995;25H;;1,00;
23/01/2026;014;22170;6191114627031;XXL;R925;25H;;1,00;
23/01/2026;014;22171;6191114627284;XXL;R925;25H;;1,00;
23/01/2026;014;22194;6191114628182;L;I385;25H;;1,00;
23/01/2026;014;22238;6191114644892;XXL;I995;25H;;1,00;
23/01/2026;014;22253;6191114669284;3XL;255;25H;;1,00;
23/01/2026;014;22257;6191114650473;S;I350;25H;;1,00;
23/01/2026;014;22257;6191114650671;4XL;I195;25H;;1,00;
23/01/2026;014;22258;6191114650787;XL;195;25H;;1,00;
23/01/2026;014;22261;6191114651296;XXL;385;25H;;1,00;
23/01/2026;014;22263;6191114651616;XXL;995;25H;;1,00;
23/01/2026;014;22271;6191114652446;XXL;010;25H;;1,00;
23/01/2026;014;22271;6191114652477;3XL;010;25H;;1,00;
23/01/2026;014;22275;6191114652996;XXL;385;25H;;1,00;
23/01/2026;014;22278;6191114653504;XL;995;25H;;1,00;
23/01/2026;014;22279;6191114653733;3XL;000;25H;;1,00;
23/01/2026;014;22282;6191114654082;3XL;I815;25H;;1,00;
23/01/2026;014;22284;6191114654266;XXL;995;25H;;1,00;
23/01/2026;014;22288;6191114654693;3XL;995;25H;;1,00;
23/01/2026;014;22294;6191114656048;M;870;25H;;1,00;
23/01/2026;014;22301;6191114657151;XXL;995;25H;;1,00;
23/01/2026;014;22303;6191114657434;3XL;870;25H;;1,00;
23/01/2026;014;22304;6191114660472;XXL;MCO;25H;;1,00;
23/01/2026;014;22316;6191114658516;L;476;25H;;1,00;
23/01/2026;014;22319;6191114670235;M;995;25H;;1,00;
23/01/2026;014;22322;6191114659575;3XL;190;25H;;1,00;
23/01/2026;014;22323;6191114659636;3XL;995;25H;;1,00;
23/01/2026;014;22324;6191114659698;3XL;995;25H;;1,00;
23/01/2026;014;22328;6191114661394;M;995;25H;;1,00;
23/01/2026;014;22330;6191114660069;L;220;25H;;1,00;
23/01/2026;014;55816;6191114648456;L;R990;25H;;1,00;
23/01/2026;014;55816;6191114648487;XL;R990;25H;;1,00;
23/01/2026;014;70205;6191114612310;XL;385;25H;;1,00;
23/01/2026;014;70205;6191114612334;XXL;385;25H;;1,00;
23/01/2026;014;70221;6191114631335;4XL;I995;25H;;1,00;
23/01/2026;014;70226;6191114652019;L;I880;25H;;1,00;
23/01/2026;014;91510;6191114625440;37;995;25H;;1,00;
23/01/2026;015;22019;6191114609433;L;995;25H;;1,00;
23/01/2026;015;22026;6191114610200;L;815;25H;;1,00;
23/01/2026;015;22126;6191114649330;XL;760;25H;;1,00;
23/01/2026;015;22237;6191114644823;XL;I815;25H;;1,00;
23/01/2026;015;22243;6191114647800;XL;995;25H;;1,00;
23/01/2026;015;22271;6191114652316;S;870;25H;;1,00;
23/01/2026;015;22287;6191114654532;M;815;25H;;1,00;
23/01/2026;015;22318;6191114658936;XS;235;25H;;1,00;
23/01/2026;015;22319;6191114670228;S;995;25H;;1,00;
23/01/2026;015;55806;6191114640931;XXL;995;25H;;1,00;
23/01/2026;015;55808;6191114641297;XXL;975;25H;;1,00;
23/01/2026;015;91272;6194444115667;TU;815;22H;;4,00;
23/01/2026;016;21832;6191114583627;S;995;25E;;1,00;
23/01/2026;016;21832;6191114583689;L;995;25E;;1,00;
23/01/2026;016;22126;6191114647046;3XL;E385;25H;;1,00;
23/01/2026;016;22195;6191114628380;XL;215;25H;;1,00;
23/01/2026;016;22250;6191114649637;XL;815;25H;;1,00;
23/01/2026;016;22267;6191114651890;XXL;995;25H;;1,00;
23/01/2026;016;22272;6191114652514;S;010;25H;;1,00;
23/01/2026;016;22280;6191114653764;XS;000;25H;;1,00;
23/01/2026;016;22319;6191114670211;XS;995;25H;;1,00;
23/01/2026;016;55800;6191114621619;XL;385;25H;;1,00;
23/01/2026;016;55806;6191114640948;3XL;385;25H;;-1,00;
23/01/2026;016;91272;6194444115667;TU;815;22H;;5,00;
23/01/2026;019;20106;6191114225589;L;995;23H;;1,00;
23/01/2026;019;20255;6191114258075;L;195;23H;;1,00;
23/01/2026;019;20447;6191114299764;L;190;23H;;1,00;
23/01/2026;019;20510;6191114311824;5XL;I000;24E;;1,00;
23/01/2026;019;20649;6191114350021;S;I625;24E;;1,00;
23/01/2026;019;20694;6191114356931;L;925;24E;;1,00;
23/01/2026;019;20752;6191114378919;XL;235;24E;;1,00;
23/01/2026;019;20835;6191114396678;S/M;990;24E;;1,00;
23/01/2026;019;20836;6191114396760;S/M;990;24E;;1,00;
23/01/2026;019;21131;6191114462687;L;010;24H;;1,00;
23/01/2026;019;21135;6191114463134;L;940;24H;;1,00;
23/01/2026;019;21308;6191114504547;5XL;995;24H;;1,00;
23/01/2026;019;21479;6191114530867;L;695;24H;;1,00;
23/01/2026;019;21552;6191114543539;37;995;25E;;1,00;
23/01/2026;019;21607;6191114549432;3XL;145;25E;;-1,00;
23/01/2026;019;21696;6191114565197;3XL;995;25E;;-1,00;
23/01/2026;019;21718;6191114571747;M;I270;25E;;1,00;
23/01/2026;019;21908;6191114600423;XL;645;25E;;-1,00;
23/01/2026;019;22005;6191114606685;XXL;815;25H;;-1,00;
23/01/2026;019;22006;6191114606920;XXL;815;25H;;1,00;
23/01/2026;019;22044;6191114609112;XL;995;25H;;1,00;
23/01/2026;019;22062;6191114618299;M;195;25H;;-1,00;
23/01/2026;019;22083;6191114619067;L;350;25H;;1,00;
23/01/2026;019;22110;6191114622487;L;255;25H;;-1,00;
23/01/2026;019;22175;6191114628809;L;990;25H;;1,00;
23/01/2026;019;22184;6191114629639;M;995;25H;;-1,00;
23/01/2026;019;22199;6191114631083;M;995;25H;;1,00;
23/01/2026;019;22203;6191114630680;XXL;995;25H;;1,00;
23/01/2026;019;22247;6191114648746;XL;R270;25H;;-1,00;
23/01/2026;019;22255;6191114650398;3XL;995;25H;;1,00;
23/01/2026;019;22277;6191114653399;M;815;25H;;1,00;
23/01/2026;019;22289;6191114655256;L;476;25H;;1,00;
23/01/2026;019;22298;6191114658288;XXL;R385;25H;;1,00;
23/01/2026;019;22324;6191114659698;3XL;995;25H;;1,00;
23/01/2026;019;22330;6191114660113;3XL;724;25H;;1,00;
23/01/2026;019;28474;6191113927712;L;535;21H;;1,00;
23/01/2026;019;29854;6191114181892;S;235;23E;;1,00;
23/01/2026;019;55800;6191114621640;XXL;385;25H;;1,00;
23/01/2026;019;70220;6191114631199;XL;870;25H;;-1,00;
23/01/2026;019;70224;6191114641839;XXL;385;25H;;1,00;
23/01/2026;021;22002;6191114606050;L;645;25H;;-1,00;
23/01/2026;021;22004;6191114606401;L;R000;25H;;1,00;
23/01/2026;021;22015;6191114607859;M;695;25H;;1,00;
23/01/2026;021;22018;6191114609280;M;R385;25H;;1,00;
23/01/2026;021;22024;6191114653306;M;815;25H;;1,00;
23/01/2026;021;22025;6191114610132;XXL;010;25H;;1,00;
23/01/2026;021;22030;6191114610675;M;010;25H;;1,00;
23/01/2026;021;22033;6191114611078;XL;695;25H;;1,00;
23/01/2026;021;22070;6191114616035;XXL;385;25H;;-1,00;
23/01/2026;021;22138;6191114624238;XS;995;25H;;1,00;
23/01/2026;021;22138;6191114624283;XXL;995;25H;;1,00;
23/01/2026;021;22237;6191114644823;XL;I815;25H;;1,00;
23/01/2026;021;22242;6191114647558;L;724;25H;;1,00;
23/01/2026;021;22257;6191114650473;S;I350;25H;;1,00;
23/01/2026;021;22284;6191114654174;S;385;25H;;1,00;
23/01/2026;021;22285;6191114654310;S;385;25H;;1,00;
23/01/2026;021;22323;6191114659629;XXL;995;25H;;1,00;
23/01/2026;021;22324;6191114659650;M;995;25H;;1,00;
23/01/2026;021;22332;6191114660502;M;870;25H;;1,00;
23/01/2026;021;55813;6191114645257;XL;385;25H;;1,00;
23/01/2026;021;70232;6191114658851;4XL;995;25H;;1,00;
23/01/2026;021;91272;6194444115667;TU;815;22H;;1,00;
23/01/2026;024;22003;6191114606326;3XL;R724;25H;;1,00;
23/01/2026;024;22052;6191114617193;L;385;25H;;1,00;
23/01/2026;024;22053;6191114617339;XL;995;25H;;1,00;
23/01/2026;024;22063;6191114618565;L;784;25H;;1,00;
23/01/2026;024;22068;6191114615724;S;995;25H;;1,00;
23/01/2026;024;22113;6191114645707;L;820;25H;;1,00;
23/01/2026;024;22117;6191114648999;L;940;25H;;1,00;
23/01/2026;024;22124;6191114646865;L;995;25H;;1,00;
23/01/2026;024;22188;6191114644731;L/XL;995;25H;;1,00;
23/01/2026;024;22191;6191114648920;L;P385;25H;;1,00;
23/01/2026;024;22194;6191114628182;L;I385;25H;;1,00;
23/01/2026;024;22252;6191114650152;L;255;25H;;1,00;
23/01/2026;024;22254;6191114650312;XL;995;25H;;1,00;
23/01/2026;024;22259;6191114650930;L;010;25H;;1,00;
23/01/2026;024;22259;6191114651012;4XL;010;25H;;1,00;
23/01/2026;024;22261;6191114651289;XL;490;25H;;1,00;
23/01/2026;024;22262;6191114651401;XL;490;25H;;1,00;
23/01/2026;024;22263;6191114651548;L;870;25H;;1,00;
23/01/2026;024;22272;6191114652606;XL;010;25H;;1,00;
23/01/2026;024;22288;6191114654679;XL;995;25H;;1,00;
23/01/2026;024;22324;6191114659674;XL;995;25H;;1,00;
23/01/2026;024;22349;6191114668713;L;I815;25H;;1,00;
23/01/2026;024;91272;6194444115667;TU;815;22H;;6,00;
23/01/2026;024;91273;6194444115674;TU;815;22H;;4,00;
23/01/2026;024;91405;6191114601871;TU;MCO;25E;;1,00;
23/01/2026;029;20164;6191114235038;3XL;995;23H;;1,00;
23/01/2026;029;20168;6191114236134;3XL;010;23H;;1,00;
23/01/2026;029;20398;6191114288423;3XL;740;23H;;1,00;
23/01/2026;029;21222;6191114479180;3XL;010;24H;;1,00;
23/01/2026;029;22068;6191114615809;XXL;995;25H;;-1,00;
23/01/2026;029;22115;6191114646056;XXL;005;25H;;-1,00;
23/01/2026;029;22194;6191114628205;XL;I880;25H;;-1,00;
23/01/2026;029;22194;6191114628212;XL;I385;25H;;-1,00;
23/01/2026;029;22194;6191114628236;XXL;I880;25H;;1,00;
23/01/2026;029;22194;6191114628243;XXL;I385;25H;;1,00;
23/01/2026;029;22256;6191114650411;M;995;25H;;1,00;
23/01/2026;029;22256;6191114650428;L;995;25H;;-1,00;
23/01/2026;029;22259;6191114650954;XL;010;25H;;1,00;
23/01/2026;030;20254;6191114257429;XL;995;23H;;1,00;
23/01/2026;030;21862;6191114589124;XL;385;25E;;1,00;
23/01/2026;030;22030;6191114610736;XXL;010;25H;;1,00;
23/01/2026;030;22086;6191114619579;3XL;995;25H;;1,00;
23/01/2026;030;22130;6191114623583;XL;195;25H;;1,00;
23/01/2026;030;22132;6191114623897;XXL;794;25H;;1,00;
23/01/2026;030;22177;6191114628922;XXL;010;25H;;1,00;
23/01/2026;030;22183;6191114629561;XXL;385;25H;;1,00;
23/01/2026;030;22188;6191114644748;L/XL;200;25H;;1,00;
23/01/2026;030;22189;6191114644786;L/XL;200;25H;;1,00;
23/01/2026;030;22239;6191114644984;L;995;25H;;1,00;
23/01/2026;030;22246;6191114648852;XL;995;25H;;1,00;
23/01/2026;030;22263;6191114651548;L;870;25H;;1,00;
23/01/2026;030;22276;6191114655829;XXL;385;25H;;1,00;
23/01/2026;030;22286;6191114654488;3XL;995;25H;;1,00;
23/01/2026;030;22287;6191114654549;M;995;25H;;1,00;
23/01/2026;030;22288;6191114654686;XXL;995;25H;;1,00;
23/01/2026;030;22291;6191114655478;XXL;495;25H;;1,00;
23/01/2026;030;22317;6191114658615;XL;385;25H;;1,00;
23/01/2026;030;22321;6191114659322;XL;870;25H;;1,00;
23/01/2026;030;22325;6191114659933;M;995;25H;;1,00;
23/01/2026;030;22326;6191114668270;S;920;25H;;1,00;
23/01/2026;030;22338;6191114660892;M;170;25H;;1,00;
23/01/2026;030;70205;6191114612310;XL;385;25H;;1,00;
23/01/2026;030;70231;6191114658769;3XL;C995;25H;;-1,00;
23/01/2026;030;91272;6194444115667;TU;815;22H;;12,00;
23/01/2026;031;20261;6191114259812;S;R190;23H;;1,00;
23/01/2026;031;20409;6191114292307;M;995;23H;;1,00;
23/01/2026;031;20471;6191114303645;S;784;23H;;1,00;
23/01/2026;031;21126;6191114462021;S;R634;24H;;1,00;
23/01/2026;031;21249;6191114481763;S;385;24H;;1,00;
23/01/2026;031;21827;6191114582934;S;995;25E;;1,00;
23/01/2026;031;22024;6191114653252;L;870;25H;;1,00;
23/01/2026;031;22024;6191114653320;XL;815;25H;;1,00;
23/01/2026;031;22026;6191114610163;S;815;25H;;1,00;
23/01/2026;031;22060;6191114618053;L;310;25H;;1,00;
23/01/2026;031;22110;6191114622524;S;235;25H;;1,00;
23/01/2026;031;22123;6191114646704;S;695;25H;;1,00;
23/01/2026;031;22123;6191114646797;3XL;995;25H;;1,00;
23/01/2026;031;22177;6191114628908;XL;010;25H;;1,00;
23/01/2026;031;22288;6191114654679;XL;995;25H;;1,00;
23/01/2026;031;22295;6191114656239;L;695;25H;;2,00;
23/01/2026;031;22308;6191114657700;M;870;25H;;1,00;
23/01/2026;031;22317;6191114658592;L;385;25H;;1,00;
23/01/2026;031;70229;6191114657762;M;476;25H;;1,00;
23/01/2026;031;70231;6191114658721;XL;C995;25H;;1,00;
23/01/2026;031;70233;6191114658899;XL;995;25H;;1,00;
23/01/2026;031;91272;6194444115667;TU;815;22H;;8,00;
23/01/2026;032;22024;6191114653252;L;870;25H;;1,00;
23/01/2026;032;22032;6191114610941;XL;995;25H;;1,00;
23/01/2026;032;22256;6191114650459;3XL;995;25H;;1,00;
23/01/2026;032;22267;6191114651852;L;995;25H;;1,00;
23/01/2026;032;22276;6191114655850;3XL;995;25H;;1,00;
23/01/2026;032;22301;6191114657090;M;995;25H;;1,00;
23/01/2026;032;22321;6191114659308;L;870;25H;;1,00;
23/01/2026;032;91272;6194444115667;TU;815;22H;;3,00;
23/01/2026;032;91273;6194444115674;TU;815;22H;;3,00;
23/01/2026;032;91503;6191114626317;TU;385;25H;;1,00;
23/01/2026;033;22015;6191114607842;S;695;25H;;1,00;
23/01/2026;033;22185;6191114627598;S;695;25H;;1,00;
23/01/2026;033;91272;6194444115667;TU;815;22H;;1,00;
24/01/2026;002;21137;6191114463356;M;870;24H;;1,00;
24/01/2026;002;22024;6191114653269;XL;870;25H;;1,00;
24/01/2026;002;22024;6191114653290;S;815;25H;;1,00;
24/01/2026;002;22026;6191114610163;S;815;25H;;1,00;
24/01/2026;002;22030;6191114610651;S;010;25H;;1,00;
24/01/2026;002;22032;6191114610934;L;940;25H;;1,00;
24/01/2026;002;22033;6191114611115;3XL;695;25H;;1,00;
24/01/2026;002;22054;6191114617513;4XL;995;25H;;1,00;
24/01/2026;002;22060;6191114618015;S;310;25H;;1,00;
24/01/2026;002;22083;6191114619074;L;820;25H;;1,00;
24/01/2026;002;22124;6191114646827;S;995;25H;;1,00;
24/01/2026;002;22132;6191114623828;S;224;25H;;1,00;
24/01/2026;002;22135;6191114624191;XXL;870;25H;;1,00;
24/01/2026;002;22170;6191114626942;L;R990;25H;;1,00;
24/01/2026;002;22171;6191114627192;L;R990;25H;;1,00;
24/01/2026;002;22188;6191114644731;L/XL;995;25H;;1,00;
24/01/2026;002;22190;6191114627819;S;995;25H;;1,00;
24/01/2026;002;22199;6191114631359;S;995;25H;;1,00;
24/01/2026;002;22202;6191114630482;S;995;25H;;1,00;
24/01/2026;002;22212;6191114641525;L;255;25H;;1,00;
24/01/2026;002;22229;6191114644007;M;995;25H;;1,00;
24/01/2026;002;22245;6191114648166;M;645;25H;;1,00;
24/01/2026;002;22252;6191114650145;L;995;25H;;1,00;
24/01/2026;002;22253;6191114650220;S;995;25H;;1,00;
24/01/2026;002;22263;6191114651562;L;010;25H;;1,00;
24/01/2026;002;22265;6191114651753;S;995;25H;;1,00;
24/01/2026;002;22267;6191114651852;L;995;25H;;1,00;
24/01/2026;002;22276;6191114655720;XS;385;25H;;1,00;
24/01/2026;002;22276;6191114655737;XS;995;25H;;1,00;
24/01/2026;002;22276;6191114655850;3XL;995;25H;;1,00;
24/01/2026;002;22284;6191114654228;L;995;25H;;1,00;
24/01/2026;002;22292;6191114655485;XS;870;25H;;1,00;
24/01/2026;002;22294;6191114656017;S;870;25H;;1,00;
24/01/2026;002;22295;6191114656185;S;995;25H;;1,00;
24/01/2026;002;22298;6191114658257;M;R385;25H;;1,00;
24/01/2026;002;22303;6191114657342;S;195;25H;;1,00;
24/01/2026;002;22318;6191114659032;XXL;235;25H;;1,00;
24/01/2026;002;22320;6191114659124;S;870;25H;;1,00;
24/01/2026;002;22321;6191114659261;S;870;25H;;1,00;
24/01/2026;002;22341;6191114661226;S;R950;25H;;1,00;
24/01/2026;002;55800;6191114621565;M;995;25H;;1,00;
24/01/2026;002;55808;6191114641242;XL;385;25H;;1,00;
24/01/2026;002;55808;6191114641266;XL;975;25H;;2,00;
24/01/2026;002;55815;6191114645547;M;385;25H;;1,00;
24/01/2026;002;55816;6191114648449;L;R385;25H;;1,00;
24/01/2026;002;55817;6191114654747;M;695;25H;;1,00;
24/01/2026;002;66479;6191114492950;XL;995;24H;;1,00;
24/01/2026;002;91272;6194444115667;TU;815;22H;;6,00;
24/01/2026;002;91509;6191114625235;36;815;25H;;1,00;
24/01/2026;002;91530;6191114648562;TU;880;25H;;1,00;
24/01/2026;005;22247;6191114648654;S;R270;25H;;1,00;
24/01/2026;005;22299;6191114657007;XL;870;25H;;1,00;
24/01/2026;005;91272;6194444115667;TU;815;22H;;2,00;
24/01/2026;009;21200;6191114471474;M;385;24H;;-1,00;
24/01/2026;009;22032;6191114610965;XXL;995;25H;;1,00;
24/01/2026;009;22183;6191114629547;XL;385;25H;;1,00;
24/01/2026;009;22244;6191114647909;S;215;25H;;1,00;
24/01/2026;009;55813;6191114645226;L;385;25H;;1,00;
24/01/2026;009;55813;6191114645257;XL;385;25H;;1,00;
24/01/2026;009;55816;6191114648456;L;R990;25H;;1,00;
24/01/2026;009;91272;6194444115667;TU;815;22H;;4,00;
24/01/2026;011;21829;6191114583320;XL;MCO;25E;;1,00;
24/01/2026;011;22073;6191114616356;3XL;870;25H;;1,00;
24/01/2026;011;22351;6191114668836;L;I815;25H;;1,00;
24/01/2026;011;70226;6191114652125;4XL;I995;25H;;1,00;
24/01/2026;011;91272;6194444115667;TU;815;22H;;1,00;
24/01/2026;014;21835;6191114584112;L;385;25E;;1,00;
24/01/2026;014;22073;6191114616301;L;395;25H;;1,00;
24/01/2026;014;22088;6191114619869;4XL;995;25H;;1,00;
24/01/2026;014;22113;6191114645738;XL;820;25H;;1,00;
24/01/2026;014;22115;6191114645936;S;005;25H;;1,00;
24/01/2026;014;22127;6191114647077;S;995;25H;;1,00;
24/01/2026;014;22164;6191114649484;XL;995;25H;;1,00;
24/01/2026;014;22170;6191114626843;S;R990;25H;;1,00;
24/01/2026;014;22216;6191114642638;XL;I880;25H;;1,00;
24/01/2026;014;22250;6191114649699;3XL;815;25H;;1,00;
24/01/2026;014;22261;6191114651234;M;385;25H;;1,00;
24/01/2026;014;22262;6191114651395;XL;385;25H;;1,00;
24/01/2026;014;22271;6191114652408;XL;870;25H;;1,00;
24/01/2026;014;22273;6191114652736;L;385;25H;;1,00;
24/01/2026;014;22273;6191114652750;L;824;25H;;1,00;
24/01/2026;014;22279;6191114653696;XXL;995;25H;;1,00;
24/01/2026;014;22307;6191114670075;3XL;M870;25H;;1,00;
24/01/2026;014;22346;6191114668553;XL;I815;25H;;1,00;
24/01/2026;014;55806;6191114640856;L;385;25H;;1,00;
24/01/2026;014;55806;6191114640917;XXL;385;25H;;1,00;
24/01/2026;014;55815;6191114645561;L;385;25H;;1,00;
24/01/2026;014;55816;6191114648432;L;R995;25H;;1,00;
24/01/2026;015;20431;6191114296381;3XL;995;23H;;1,00;
24/01/2026;015;20431;6191114296497;3XL;385;23H;;1,00;
24/01/2026;015;20715;6191114360686;3XL;I235;24E;;1,00;
24/01/2026;015;20997;6191114433069;3XL;R000;24E;;1,00;
24/01/2026;015;21402;6191114513341;3XL;824;24H;;1,00;
24/01/2026;015;21537;6191114545625;4XL;010;25E;;1,00;
24/01/2026;015;21826;6191114582873;XXL;995;25E;;1,00;
24/01/2026;015;21826;6191114582880;XXL;000;25E;;1,00;
24/01/2026;015;22112;6191114622777;M;815;25H;;1,00;
24/01/2026;015;22114;6191114645899;3XL;815;25H;;1,00;
24/01/2026;015;22114;6191114645905;3XL;020;25H;;1,00;
24/01/2026;015;22129;6191114623095;S;385;25H;;1,00;
24/01/2026;015;22183;6191114629561;XXL;385;25H;;1,00;
24/01/2026;015;22183;6191114629578;XXL;995;25H;;1,00;
24/01/2026;015;22190;6191114627864;3XL;995;25H;;1,00;
24/01/2026;015;22208;6191114640658;3XL;385;25H;;1,00;
24/01/2026;015;22253;6191114650268;XXL;995;25H;;2,00;
24/01/2026;015;22258;6191114650824;XXL;740;25H;;1,00;
24/01/2026;015;22272;6191114652651;3XL;995;25H;;1,00;
24/01/2026;015;22272;6191114652668;3XL;010;25H;;1,00;
24/01/2026;015;22278;6191114653528;3XL;995;25H;;1,00;
24/01/2026;015;22279;6191114653719;3XL;645;25H;;1,00;
24/01/2026;015;22279;6191114653733;3XL;000;25H;;1,00;
24/01/2026;015;22286;6191114654488;3XL;995;25H;;1,00;
24/01/2026;015;29543;6191114124561;3XL;385;23E;;1,00;
24/01/2026;015;55810;6191114642232;L;010;25H;;1,00;
24/01/2026;015;55810;6191114642256;XL;010;25H;;1,00;
24/01/2026;015;55816;6191114648456;L;R990;25H;;1,00;
24/01/2026;015;70205;6191114612365;3XL;695;25H;;1,00;
24/01/2026;015;70233;6191114658905;XXL;995;25H;;1,00;
24/01/2026;015;91272;6194444115667;TU;815;22H;;5,00;
24/01/2026;016;22118;6191114646384;M;874;25H;;1,00;
24/01/2026;016;22202;6191114630529;L;995;25H;;1,00;
24/01/2026;016;70206;6191114612402;M;995;25H;;1,00;
24/01/2026;016;91272;6194444115667;TU;815;22H;;3,00;
24/01/2026;019;20132;6191114260627;S;380;23H;;1,00;
24/01/2026;019;21426;6191114526969;M;815;24H;;1,00;
24/01/2026;019;21426;6191114527072;XL;995;24H;;1,00;
24/01/2026;019;22247;6191114648715;L;R270;25H;;1,00;
24/01/2026;019;29670;6191114146501;XXL;705;23E;;1,00;
24/01/2026;019;29811;6191114171299;XXL;310;23E;;1,00;
24/01/2026;019;29908;6191114191600;3XL;405;23E;;1,00;
24/01/2026;021;22017;6191114609198;L;010;25H;;1,00;
24/01/2026;021;22022;6191114609747;XL;R385;25H;;1,00;
24/01/2026;021;22024;6191114653306;M;815;25H;;1,00;
24/01/2026;021;22116;6191114646094;S;995;25H;;1,00;
24/01/2026;021;22127;6191114647077;S;995;25H;;1,00;
24/01/2026;021;22198;6191114630123;S;385;25H;;1,00;
24/01/2026;021;22198;6191114630185;XL;385;25H;;1,00;
24/01/2026;021;22201;6191114630420;XL;815;25H;;1,00;
24/01/2026;021;22201;6191114630437;XL;995;25H;;1,00;
24/01/2026;021;22202;6191114630499;S;790;25H;;1,00;
24/01/2026;021;22202;6191114630529;L;995;25H;;1,00;
24/01/2026;021;22216;6191114642690;XL;I385;25H;;1,00;
24/01/2026;021;22237;6191114644793;S;I815;25H;;1,00;
24/01/2026;021;22239;6191114645035;XXL;815;25H;;1,00;
24/01/2026;021;22279;6191114653658;XL;645;25H;;1,00;
24/01/2026;021;22281;6191114653993;XL;995;25H;;1,00;
24/01/2026;021;22285;6191114654334;M;385;25H;;1,00;
24/01/2026;021;22285;6191114654341;M;995;25H;;1,00;
24/01/2026;021;22289;6191114655270;XL;476;25H;;1,00;
24/01/2026;021;22294;6191114655980;XS;870;25H;;1,00;
24/01/2026;021;22324;6191114659650;M;995;25H;;1,00;
24/01/2026;021;55813;6191114645165;S;385;25H;;1,00;
24/01/2026;021;55815;6191114645561;L;385;25H;;1,00;
24/01/2026;021;70224;6191114641761;S;694;25H;;1,00;
24/01/2026;021;91528;6191114640221;38;995;25H;;1,00;
24/01/2026;024;21965;6191114614079;XL;476;25E;;1,00;
24/01/2026;024;22013;6191114607675;XL;995;25H;;1,00;
24/01/2026;024;22013;6191114607699;XXL;995;25H;;1,00;
24/01/2026;024;22033;6191114611054;L;695;25H;;1,00;
24/01/2026;024;22127;6191114647138;XL;995;25H;;1,00;
24/01/2026;024;22222;6191114643345;S;685;25H;;1,00;
24/01/2026;024;22223;6191114643482;S;645;25H;;1,00;
24/01/2026;024;22223;6191114643550;L;870;25H;;1,00;
24/01/2026;024;22242;6191114647541;L;790;25H;;1,00;
24/01/2026;024;22245;6191114648135;S;645;25H;;1,00;
24/01/2026;024;22251;6191114650060;XXL;995;25H;;1,00;
24/01/2026;024;22259;6191114650992;3XL;010;25H;;1,00;
24/01/2026;024;22272;6191114652644;3XL;870;25H;;1,00;
24/01/2026;024;22276;6191114655812;XL;995;25H;;1,00;
24/01/2026;024;22276;6191114655850;3XL;995;25H;;1,00;
24/01/2026;024;70217;6191114647336;XXL;E385;25H;;1,00;
24/01/2026;024;70231;6191114658752;3XL;C000;25H;;1,00;
24/01/2026;024;70232;6191114658820;XL;995;25H;;1,00;
24/01/2026;024;91272;6194444115667;TU;815;22H;;3,00;
24/01/2026;024;91273;6194444115674;TU;815;22H;;3,00;
24/01/2026;029;22064;6191114618763;XL;010;25H;;1,00;
24/01/2026;029;22115;6191114646001;XL;820;25H;;1,00;
24/01/2026;029;22126;6191114647039;XXL;E385;25H;;1,00;
24/01/2026;029;22139;6191114624481;XL;995;25H;;1,00;
24/01/2026;029;55818;6191114654983;L;385;25H;;1,00;
24/01/2026;029;55818;6191114654990;L;995;25H;;1,00;
24/01/2026;029;70206;6191114612464;XXL;995;25H;;1,00;
24/01/2026;029;70231;6191114658721;XL;C995;25H;;1,00;
24/01/2026;029;70233;6191114658882;L;995;25H;;1,00;
24/01/2026;029;91272;6194444115667;TU;815;22H;;1,00;
24/01/2026;030;21308;6191114492707;L;995;24H;;1,00;
24/01/2026;030;21402;6191114513280;L;824;24H;;1,00;
24/01/2026;030;22013;6191114607620;M;870;25H;;1,00;
24/01/2026;030;22024;6191114653290;S;815;25H;;1,00;
24/01/2026;030;22026;6191114610224;XL;815;25H;;1,00;
24/01/2026;030;22033;6191114611054;L;695;25H;;1,00;
24/01/2026;030;22080;6191114616974;M;476;25H;;1,00;
24/01/2026;030;22198;6191114630161;L;385;25H;;1,00;
24/01/2026;030;22207;6191114640474;XL;880;25H;;1,00;
24/01/2026;030;22207;6191114640481;XL;784;25H;;1,00;
24/01/2026;030;22222;6191114643413;XL;995;25H;;1,00;
24/01/2026;030;22255;6191114650374;XL;995;25H;;1,00;
24/01/2026;030;22258;6191114650824;XXL;740;25H;;1,00;
24/01/2026;030;22263;6191114651555;L;995;25H;;1,00;
24/01/2026;030;22264;6191114651708;XL;995;25H;;1,00;
24/01/2026;030;22276;6191114655744;S;385;25H;;1,00;
24/01/2026;030;22276;6191114655768;M;385;25H;;1,00;
24/01/2026;030;22276;6191114655843;3XL;385;25H;;1,00;
24/01/2026;030;22287;6191114654556;L;815;25H;;1,00;
24/01/2026;030;22289;6191114655287;XXL;995;25H;;1,00;
24/01/2026;030;22300;6191114656802;S;870;25H;;1,00;
24/01/2026;030;22308;6191114657717;L;870;25H;;1,00;
24/01/2026;030;22318;6191114659049;XXL;C000;25H;;1,00;
24/01/2026;030;22320;6191114659216;XXL;825;25H;;1,00;
24/01/2026;030;22321;6191114659353;XXL;825;25H;;1,00;
24/01/2026;030;55815;6191114669314;M;995;25H;;1,00;
24/01/2026;030;70228;6191114649880;L;995;25H;;1,00;
24/01/2026;030;70228;6191114649897;XL;995;25H;;1,00;
24/01/2026;030;91272;6194444115667;TU;815;22H;;9,00;
24/01/2026;031;22017;6191114609204;XL;995;25H;;1,00;
24/01/2026;031;22020;6191114609549;L;695;25H;;1,00;
24/01/2026;031;22025;6191114610101;XL;995;25H;;1,00;
24/01/2026;031;22026;6191114610163;S;815;25H;;-1,00;
24/01/2026;031;22026;6191114610224;XL;815;25H;;1,00;
24/01/2026;031;22028;6191114610460;XL;870;25H;;1,00;
24/01/2026;031;22033;6191114611078;XL;695;25H;;1,00;
24/01/2026;031;22068;6191114615786;XL;995;25H;;1,00;
24/01/2026;031;22127;6191114647091;M;995;25H;;1,00;
24/01/2026;031;22216;6191114642720;S;I255;25H;;1,00;
24/01/2026;031;22229;6191114644021;XL;995;25H;;-1,00;
24/01/2026;031;22229;6191114644038;XXL;995;25H;;1,00;
24/01/2026;031;22257;6191114650527;M;I195;25H;;1,00;
24/01/2026;031;22259;6191114650978;XXL;010;25H;;1,00;
24/01/2026;031;22284;6191114654150;XS;385;25H;;1,00;
24/01/2026;031;22285;6191114654334;M;385;25H;;1,00;
24/01/2026;031;22288;6191114654655;M;995;25H;;1,00;
24/01/2026;031;22317;6191114658615;XL;385;25H;;1,00;
24/01/2026;031;70229;6191114657793;XXL;476;25H;;1,00;
24/01/2026;031;70231;6191114658714;XL;C000;25H;;1,00;
24/01/2026;031;70232;6191114658813;L;995;25H;;1,00;
24/01/2026;031;91272;6194444115667;TU;815;22H;;1,00;
24/01/2026;032;22064;6191114618725;L;695;25H;;1,00;
24/01/2026;032;22140;6191114624658;3XL;995;25H;;1,00;
24/01/2026;032;70205;6191114612358;3XL;385;25H;;1,00;
24/01/2026;032;91272;6194444115667;TU;815;22H;;1,00;
24/01/2026;032;91273;6194444115674;TU;815;22H;;1,00;
24/01/2026;033;22029;6191114610569;L;010;25H;;1,00;
24/01/2026;033;22229;6191114644021;XL;995;25H;;1,00;
24/01/2026;033;70209;6191114612808;XL;R920;25H;;1,00;
24/01/2026;033;91273;6194444115674;TU;815;22H;;1,00;
25/01/2026;002;22092;6191114620339;XXL;815;25H;;1,00;
25/01/2026;002;22211;6191114641334;S;694;25H;;1,00;
25/01/2026;009;22127;6191114647077;S;995;25H;;1,00;
25/01/2026;009;22264;6191114651678;S;995;25H;;1,00;
25/01/2026;011;22197;6191114630086;XL;815;25H;;1,00;
25/01/2026;011;22300;6191114656833;XL;870;25H;;1,00;
25/01/2026;011;55813;6191114645196;M;385;25H;;1,00;
25/01/2026;011;55813;6191114645240;L;940;25H;;1,00;
25/01/2026;011;55816;6191114648456;L;R990;25H;;1,00;
25/01/2026;011;91272;6194444115667;TU;815;22H;;2,00;
25/01/2026;014;21830;6191114583481;3XL;000;25E;;1,00;
25/01/2026;014;21831;6191114583566;XL;995;25E;;1,00;
25/01/2026;014;21832;6191114583740;XXL;995;25E;;1,00;
25/01/2026;014;22017;6191114609181;L;995;25H;;1,00;
25/01/2026;014;22018;6191114609303;L;R385;25H;;1,00;
25/01/2026;014;22018;6191114609341;XXL;R385;25H;;1,00;
25/01/2026;014;22019;6191114609495;3XL;995;25H;;-1,00;
25/01/2026;014;22020;6191114619302;XXL;815;25H;;1,00;
25/01/2026;014;22024;6191114653313;L;815;25H;;1,00;
25/01/2026;014;22030;6191114610675;M;010;25H;;1,00;
25/01/2026;014;22031;6191114610835;XL;695;25H;;1,00;
25/01/2026;014;22032;6191114610965;XXL;995;25H;;1,00;
25/01/2026;014;22033;6191114611054;L;695;25H;;1,00;
25/01/2026;014;22052;6191114617247;XXL;995;25H;;1,00;
25/01/2026;014;22060;6191114618077;XL;310;25H;;1,00;
25/01/2026;014;22062;6191114618329;L;195;25H;;1,00;
25/01/2026;014;22064;6191114618718;L;010;25H;;1,00;
25/01/2026;014;22086;6191114619586;3XL;010;25H;;1,00;
25/01/2026;014;22110;6191114622555;XL;235;25H;;1,00;
25/01/2026;014;22117;6191114649002;XL;940;25H;;1,00;
25/01/2026;014;22130;6191114623590;XXL;995;25H;;1,00;
25/01/2026;014;22140;6191114624658;3XL;995;25H;;1,00;
25/01/2026;014;22182;6191114629387;L;784;25H;;1,00;
25/01/2026;014;22183;6191114629523;L;385;25H;;1,00;
25/01/2026;014;22187;6191114644694;L/XL;995;25H;;1,00;
25/01/2026;014;22251;6191114650060;XXL;995;25H;;-1,00;
25/01/2026;014;22252;6191114650183;XXL;995;25H;;1,00;
25/01/2026;014;22255;6191114650381;XXL;995;25H;;1,00;
25/01/2026;014;22257;6191114650503;M;I350;25H;;1,00;
25/01/2026;014;22257;6191114650589;XL;I195;25H;;1,00;
25/01/2026;014;22257;6191114650602;XXL;I740;25H;;1,00;
25/01/2026;014;22257;6191114650626;3XL;I350;25H;;1,00;
25/01/2026;014;22257;6191114650633;3XL;I740;25H;;1,00;
25/01/2026;014;22259;6191114650992;3XL;010;25H;;1,00;
25/01/2026;014;22276;6191114655850;3XL;995;25H;;1,00;
25/01/2026;014;22279;6191114653580;S;000;25H;;1,00;
25/01/2026;014;22279;6191114653702;XXL;000;25H;;1,00;
25/01/2026;014;22279;6191114653733;3XL;000;25H;;1,00;
25/01/2026;014;22280;6191114653849;L;995;25H;;1,00;
25/01/2026;014;22287;6191114654570;XL;815;25H;;1,00;
25/01/2026;014;22295;6191114656277;XXL;695;25H;;1,00;
25/01/2026;014;22296;6191114656505;L;385;25H;;1,00;
25/01/2026;014;22299;6191114659766;3XL;695;25H;;1,00;
25/01/2026;014;22318;6191114659063;3XL;C000;25H;;1,00;
25/01/2026;014;55810;6191114642263;XXL;385;25H;;1,00;
25/01/2026;014;55815;6191114645585;XL;385;25H;;1,00;
25/01/2026;014;55816;6191114648463;XL;R995;25H;;1,00;
25/01/2026;014;70202;6191114608160;L;010;25H;;1,00;
25/01/2026;014;70226;6191114652002;L;I995;25H;;1,00;
25/01/2026;014;70226;6191114652125;4XL;I995;25H;;1,00;
25/01/2026;014;70231;6191114658691;L;C000;25H;;1,00;
25/01/2026;014;70232;6191114658813;L;995;25H;;1,00;
25/01/2026;014;91502;6191114669116;TU;385;25H;;1,00;
25/01/2026;015;22013;6191114607620;M;870;25H;;1,00;
25/01/2026;015;22324;6191114659667;L;995;25H;;1,00;
25/01/2026;015;91272;6194444115667;TU;815;22H;;1,00;
25/01/2026;021;22032;6191114610927;L;995;25H;;1,00;
25/01/2026;021;22048;6191114611955;S;995;25H;;1,00;
25/01/2026;021;22058;6191114617919;M;000;25H;;1,00;
25/01/2026;021;22199;6191114631083;M;995;25H;;1,00;
25/01/2026;021;22261;6191114651258;L;385;25H;;1,00;
25/01/2026;021;22262;6191114651371;L;385;25H;;1,00;
25/01/2026;021;22295;6191114656239;L;695;25H;;-1,00;
25/01/2026;021;22295;6191114656277;XXL;695;25H;;1,00;
25/01/2026;021;70222;6191114630987;L;476;25H;;1,00;
25/01/2026;021;70223;6191114631045;L;476;25H;;1,00;
25/01/2026;024;22013;6191114607651;L;995;25H;;1,00;
25/01/2026;024;22020;6191114619265;S;815;25H;;1,00;
25/01/2026;024;22020;6191114619319;3XL;815;25H;;1,00;
25/01/2026;024;22025;6191114610101;XL;995;25H;;1,00;
25/01/2026;024;22031;6191114610804;L;995;25H;;1,00;
25/01/2026;024;22036;6191114611214;XXL;R010;25H;;1,00;
25/01/2026;024;22050;6191114614482;2XL/3;995;25H;;1,00;
25/01/2026;024;22064;6191114618862;3XL;010;25H;;1,00;
25/01/2026;024;22099;6191114620919;L;995;25H;;1,00;
25/01/2026;024;22118;6191114646353;S;995;25H;;1,00;
25/01/2026;024;22272;6191114652521;M;870;25H;;1,00;
25/01/2026;024;22273;6191114652774;XL;695;25H;;1,00;
25/01/2026;024;22276;6191114655737;XS;995;25H;;1,00;
25/01/2026;024;22279;6191114653641;L;000;25H;;1,00;
25/01/2026;024;22284;6191114654266;XXL;995;25H;;1,00;
25/01/2026;024;22285;6191114654426;3XL;995;25H;;1,00;
25/01/2026;024;22287;6191114654532;M;815;25H;;1,00;
25/01/2026;024;22332;6191114660533;L;940;25H;;1,00;
25/01/2026;024;55816;6191114648401;M;R995;25H;;1,00;
25/01/2026;024;55816;6191114648487;XL;R990;25H;;1,00;
25/01/2026;024;55819;6191114657571;XL;R385;25H;;1,00;
25/01/2026;024;70205;6191114612334;XXL;385;25H;;1,00;
25/01/2026;024;70207;6191114612563;XL;R695;25H;;1,00;
25/01/2026;024;70222;6191114630987;L;476;25H;;1,00;
25/01/2026;024;70224;6191114641853;3XL;385;25H;;1,00;
25/01/2026;024;70231;6191114658691;L;C000;25H;;-1,00;
25/01/2026;024;70231;6191114658714;XL;C000;25H;;2,00;
25/01/2026;024;70231;6191114658721;XL;C995;25H;;1,00;
25/01/2026;024;70231;6191114658752;3XL;C000;25H;;-1,00;
25/01/2026;024;70232;6191114658813;L;995;25H;;1,00;
25/01/2026;024;70232;6191114658820;XL;995;25H;;-1,00;
25/01/2026;024;91272;6194444115667;TU;815;22H;;4,00;
25/01/2026;024;91273;6194444115674;TU;815;22H;;1,00;
25/01/2026;024;91528;6191114640177;36;870;25H;;1,00;
25/01/2026;029;20832;6191114396340;S/M;995;24E;;1,00;
25/01/2026;029;20832;6191114396371;S/M;495;24E;;1,00;
25/01/2026;029;20832;6191114396418;L/XL;784;24E;;1,00;
25/01/2026;029;22096;6191114620681;4XL;995;25H;;1,00;
25/01/2026;029;22253;6191114650268;XXL;995;25H;;1,00;
25/01/2026;029;22322;6191114659490;XL;645;25H;;1,00;
25/01/2026;029;22322;6191114659513;XL;190;25H;;1,00;
25/01/2026;029;70231;6191114658738;XXL;C000;25H;;1,00;
25/01/2026;029;70232;6191114658837;XXL;995;25H;;1,00;
25/01/2026;029;91339;6191114504042;100;995;24H;;1,00;
25/01/2026;030;21833;6191114583924;XXL;995;25E;;1,00;
25/01/2026;030;21833;6191114583948;XXL;200;25E;;1,00;
25/01/2026;030;22005;6191114606685;XXL;815;25H;;1,00;
25/01/2026;030;22018;6191114609303;L;R385;25H;;-1,00;
25/01/2026;030;22020;6191114609587;XXL;695;25H;;1,00;
25/01/2026;030;22026;6191114610248;XXL;815;25H;;1,00;
25/01/2026;030;22026;6191114610262;3XL;815;25H;;1,00;
25/01/2026;030;22033;6191114611108;3XL;815;25H;;1,00;
25/01/2026;030;22047;6191114611900;XL;385;25H;;1,00;
25/01/2026;030;22064;6191114618763;XL;010;25H;;1,00;
25/01/2026;030;22070;6191114615984;M;995;25H;;1,00;
25/01/2026;030;22070;6191114616004;L;995;25H;;1,00;
25/01/2026;030;22099;6191114620896;S;995;25H;;1,00;
25/01/2026;030;22116;6191114646162;XL;770;25H;;1,00;
25/01/2026;030;22127;6191114649064;L;770;25H;;1,00;
25/01/2026;030;22128;6191114623088;XXL;995;25H;;1,00;
25/01/2026;030;22131;6191114623651;XXL;995;25H;;1,00;
25/01/2026;030;22181;6191114629295;3XL;995;25H;;1,00;
25/01/2026;030;22202;6191114630574;XXL;790;25H;;1,00;
25/01/2026;030;22210;6191114641723;XXL;995;25H;;1,00;
25/01/2026;030;22229;6191114644021;XL;995;25H;;1,00;
25/01/2026;030;22239;6191114644984;L;995;25H;;1,00;
25/01/2026;030;22257;6191114650534;L;I350;25H;;1,00;
25/01/2026;030;22257;6191114650657;4XL;I350;25H;;1,00;
25/01/2026;030;22273;6191114652828;3XL;385;25H;;1,00;
25/01/2026;030;22273;6191114652835;3XL;695;25H;;1,00;
25/01/2026;030;22273;6191114652842;3XL;824;25H;;1,00;
25/01/2026;030;22285;6191114654396;XXL;385;25H;;1,00;
25/01/2026;030;22287;6191114654587;XL;995;25H;;1,00;
25/01/2026;030;22291;6191114655430;L;495;25H;;1,00;
25/01/2026;030;22292;6191114655645;M;870;25H;;1,00;
25/01/2026;030;22292;6191114655706;XXL;870;25H;;1,00;
25/01/2026;030;22294;6191114656161;3XL;870;25H;;1,00;
25/01/2026;030;22301;6191114657151;XXL;995;25H;;1,00;
25/01/2026;030;22308;6191114657731;XXL;870;25H;;1,00;
25/01/2026;030;22331;6191114660359;3XL;995;25H;;1,00;
25/01/2026;030;22331;6191114660427;3XL;495;25H;;1,00;
25/01/2026;030;22332;6191114660595;3XL;940;25H;;1,00;
25/01/2026;030;22346;6191114668560;XXL;I815;25H;;1,00;
25/01/2026;030;66481;6191114502222;L/XL;200;24H;;1,00;
25/01/2026;030;70217;6191114649385;L;I385;25H;;1,00;
25/01/2026;030;70230;6191114658226;XXL;I995;25H;;1,00;
25/01/2026;030;70231;6191114658714;XL;C000;25H;;1,00;
25/01/2026;030;70232;6191114658820;XL;995;25H;;1,00;
25/01/2026;030;91272;6194444115667;TU;815;22H;;16,00;
25/01/2026;030;91509;6191114625235;36;815;25H;;1,00;
25/01/2026;031;21402;6191114513303;XL;824;24H;;1,00;
25/01/2026;031;22030;6191114610682;L;995;25H;;1,00;
25/01/2026;031;22052;6191114617247;XXL;995;25H;;1,00;
25/01/2026;031;22237;6191114644809;M;I815;25H;;1,00;
25/01/2026;031;22239;6191114644915;S;815;25H;;1,00;
25/01/2026;031;22250;6191114649576;M;815;25H;;1,00;
25/01/2026;031;22263;6191114651586;XL;995;25H;;1,00;
25/01/2026;031;22264;6191114651692;L;995;25H;;1,00;
25/01/2026;031;22264;6191114651708;XL;995;25H;;1,00;
25/01/2026;031;22306;6191114669093;XXL;995;25H;;1,00;
25/01/2026;032;22030;6191114610668;M;995;25H;;1,00;
25/01/2026;032;22308;6191114657717;L;870;25H;;1,00;
25/01/2026;032;70220;6191114631205;XL;695;25H;;1,00;
25/01/2026;032;91272;6194444115667;TU;815;22H;;3,00;
26/01/2026;002;21557;6191114544048;37;815;25E;;1,00;
26/01/2026;002;22110;6191114622562;XXL;235;25H;;-1,00;
26/01/2026;002;22195;6191114628335;M;310;25H;;1,00;
26/01/2026;002;22239;6191114645035;XXL;815;25H;;1,00;
26/01/2026;002;22287;6191114654587;XL;995;25H;;1,00;
26/01/2026;002;55800;6191114621565;M;995;25H;;1,00;
26/01/2026;002;55800;6191114621589;L;385;25H;;1,00;
26/01/2026;002;55813;6191114645257;XL;385;25H;;2,00;
26/01/2026;002;55813;6191114645271;XL;940;25H;;1,00;
26/01/2026;002;55815;6191114645561;L;385;25H;;1,00;
26/01/2026;002;55815;6191114669314;M;995;25H;;1,00;
26/01/2026;002;55816;6191114648487;XL;R990;25H;;1,00;
26/01/2026;002;70220;6191114631199;XL;870;25H;;1,00;
26/01/2026;002;91272;6194444115667;TU;815;22H;;1,00;
26/01/2026;005;22215;6191114642591;3XL;210;25H;;1,00;
26/01/2026;005;22263;6191114651616;XXL;995;25H;;1,00;
26/01/2026;005;70227;6191114652262;3XL;I875;25H;;1,00;
26/01/2026;005;91272;6194444115667;TU;815;22H;;2,00;
26/01/2026;005;91273;6194444115674;TU;815;22H;;1,00;
26/01/2026;009;21312;6191114496750;38;870;24H;;1,00;
26/01/2026;009;55806;6191114640856;L;385;25H;;1,00;
26/01/2026;009;91273;6194444115674;TU;815;22H;;1,00;
26/01/2026;011;22064;6191114618824;XXL;695;25H;;1,00;
26/01/2026;011;22239;6191114645066;3XL;815;25H;;1,00;
26/01/2026;011;22257;6191114650671;4XL;I195;25H;;1,00;
26/01/2026;011;55813;6191114645196;M;385;25H;;-1,00;
26/01/2026;011;55813;6191114645219;M;940;25H;;1,00;
26/01/2026;011;55813;6191114645240;L;940;25H;;1,00;
26/01/2026;011;91272;6194444115667;TU;815;22H;;1,00;
26/01/2026;011;91273;6194444115674;TU;815;22H;;1,00;
26/01/2026;014;22011;6191114607422;XL;010;25H;;1,00;
26/01/2026;014;22032;6191114610903;M;995;25H;;1,00;
26/01/2026;014;22033;6191114611023;M;815;25H;;1,00;
26/01/2026;014;22033;6191114611115;3XL;695;25H;;1,00;
26/01/2026;014;22175;6191114628809;L;990;25H;;1,00;
26/01/2026;014;22194;6191114628199;L;I255;25H;;1,00;
26/01/2026;014;22267;6191114651807;S;815;25H;;1,00;
26/01/2026;014;22301;6191114657137;XL;995;25H;;1,00;
26/01/2026;014;22338;6191114660892;M;170;25H;;1,00;
26/01/2026;014;22344;6191114668447;M;I815;25H;;1,00;
26/01/2026;015;21345;6191114501287;XXL;995;24H;;1,00;
26/01/2026;015;22024;6191114653306;M;815;25H;;1,00;
26/01/2026;015;22033;6191114611108;3XL;815;25H;;1,00;
26/01/2026;015;22122;6191114646636;S;995;25H;;1,00;
26/01/2026;015;22127;6191114647053;XS;995;25H;;1,00;
26/01/2026;015;22127;6191114649033;XS;770;25H;;-1,00;
26/01/2026;015;22183;6191114629509;M;385;25H;;1,00;
26/01/2026;015;22257;6191114650503;M;I350;25H;;1,00;
26/01/2026;015;22258;6191114650770;XL;385;25H;;1,00;
26/01/2026;015;22294;6191114656055;M;820;25H;;1,00;
26/01/2026;015;91272;6194444115667;TU;815;22H;;1,00;
26/01/2026;016;22064;6191114618718;L;010;25H;;1,00;
26/01/2026;016;22098;6191114620858;L;995;25H;;1,00;
26/01/2026;016;22183;6191114629547;XL;385;25H;;1,00;
26/01/2026;016;22201;6191114630406;L;815;25H;;1,00;
26/01/2026;016;22202;6191114630581;3XL;995;25H;;1,00;
26/01/2026;016;22261;6191114651258;L;385;25H;;1,00;
26/01/2026;016;22262;6191114651371;L;385;25H;;1,00;
26/01/2026;016;22287;6191114654563;L;995;25H;;1,00;
26/01/2026;016;55700;6191114469051;XL;995;24H;;1,00;
26/01/2026;016;91272;6194444115667;TU;815;22H;;1,00;
26/01/2026;019;20431;6191114296442;S;385;23H;;1,00;
26/01/2026;019;20452;6191114301122;4XL;815;23H;;1,00;
26/01/2026;019;20458;6191114302273;S;685;23H;;1,00;
26/01/2026;019;20465;6191114302983;3XL;940;23H;;1,00;
26/01/2026;019;20811;6191114391673;XS;385;24E;;1,00;
26/01/2026;019;22123;6191114646728;M;695;25H;;1,00;
26/01/2026;019;22259;6191114650916;M;010;25H;;1,00;
26/01/2026;021;22024;6191114653344;3XL;815;25H;;1,00;
26/01/2026;021;22025;6191114610132;XXL;010;25H;;1,00;
26/01/2026;021;22254;6191114650336;3XL;995;25H;;1,00;
26/01/2026;021;22264;6191114651715;XXL;995;25H;;1,00;
26/01/2026;021;22296;6191114656604;3XL;215;25H;;1,00;
26/01/2026;024;22020;6191114609563;XL;695;25H;;1,00;
26/01/2026;024;22020;6191114619302;XXL;815;25H;;1,00;
26/01/2026;024;22110;6191114622500;XXL;255;25H;;1,00;
26/01/2026;024;22162;6191114647183;S;995;25H;;1,00;
26/01/2026;024;22245;6191114648302;XXL;010;25H;;1,00;
26/01/2026;024;22255;6191114650374;XL;995;25H;;1,00;
26/01/2026;024;22257;6191114650626;3XL;I350;25H;;1,00;
26/01/2026;024;22258;6191114650831;3XL;385;25H;;1,00;
26/01/2026;024;22272;6191114652620;XXL;995;25H;;1,00;
26/01/2026;024;22306;6191114669062;M;995;25H;;1,00;
26/01/2026;024;55811;6191114644618;XL;R310;25H;;1,00;
26/01/2026;024;55816;6191114648463;XL;R995;25H;;1,00;
26/01/2026;024;70233;6191114658882;L;995;25H;;1,00;
26/01/2026;024;91272;6194444115667;TU;815;22H;;5,00;
26/01/2026;024;91414;6191114601963;TU;MCO;25E;;1,00;
26/01/2026;024;91505;6191114657328;TU;385;25H;;1,00;
26/01/2026;029;22208;6191114640665;3XL;995;25H;;1,00;
26/01/2026;029;22244;6191114647992;XL;215;25H;;1,00;
26/01/2026;029;22244;6191114648005;XL;695;25H;;1,00;
26/01/2026;030;20100;6191114222885;L;195;23H;;1,00;
26/01/2026;030;20206;6191114249523;L;I995;23H;;1,00;
26/01/2026;030;20423;6191114294707;L;995;23H;;1,00;
26/01/2026;030;21380;6191114508385;M;875;24H;;1,00;
26/01/2026;030;22004;6191114606364;S;R815;25H;;1,00;
26/01/2026;030;22017;6191114609211;XL;010;25H;;1,00;
26/01/2026;030;22033;6191114611047;L;815;25H;;1,00;
26/01/2026;030;22198;6191114630239;3XL;695;25H;;1,00;
26/01/2026;030;22243;6191114647886;3XL;695;25H;;1,00;
26/01/2026;030;22253;6191114650220;S;995;25H;;1,00;
26/01/2026;030;22292;6191114655621;S;870;25H;;1,00;
26/01/2026;030;22330;6191114660090;XXL;724;25H;;1,00;
26/01/2026;030;22331;6191114660298;XXL;815;25H;;1,00;
26/01/2026;030;22331;6191114660304;XXL;385;25H;;1,00;
26/01/2026;030;91272;6194444115667;TU;815;22H;;2,00;
26/01/2026;031;22046;6191114611788;S;C385;25H;;1,00;
26/01/2026;031;22052;6191114617162;S;995;25H;;1,00;
26/01/2026;031;22271;6191114652484;3XL;695;25H;;1,00;
26/01/2026;031;22273;6191114652835;3XL;695;25H;;1,00;
26/01/2026;031;22285;6191114654327;S;995;25H;;1,00;
26/01/2026;031;22317;6191114658608;L;195;25H;;1,00;
26/01/2026;031;70206;6191114612419;L;870;25H;;1,00;
26/01/2026;031;70207;6191114612549;L;R695;25H;;1,00;
26/01/2026;031;91272;6194444115667;TU;815;22H;;1,00;
26/01/2026;033;22137;6191114623323;S;255;25H;;1,00;
26/01/2026;033;22215;6191114642447;S;210;25H;;1,00;
26/01/2026;033;91273;6194444115674;TU;815;22H;;1,00;
27/01/2026;002;20343;6191114277601;L;995;23H;;1,00;
27/01/2026;002;20811;6191114391697;M;385;24E;;1,00;
27/01/2026;002;20831;6191114396296;L/XL;495;24E;;1,00;
27/01/2026;002;20833;6191114396487;2XL/3;495;24E;;1,00;
27/01/2026;002;20833;6191114400689;L/XL;950;24E;;1,00;
27/01/2026;002;20833;6191114400696;2XL/3;950;24E;;1,00;
27/01/2026;002;20835;6191114396678;S/M;990;24E;;1,00;
27/01/2026;002;20836;6191114396760;S/M;990;24E;;1,00;
27/01/2026;002;20880;6191114407107;40;010;24E;;1,00;
27/01/2026;002;21273;6191114485303;TU;995;24H;;1,00;
27/01/2026;002;21567;6191114545984;S/M;995;25E;;1,00;
27/01/2026;002;21583;6191114549739;38;170;25E;;1,00;
27/01/2026;002;22090;6191114620087;XL;995;25H;;1,00;
27/01/2026;002;22202;6191114630574;XXL;790;25H;;1,00;
27/01/2026;002;22208;6191114640580;M;995;25H;;1,00;
27/01/2026;002;66481;6191114502222;L/XL;200;24H;;2,00;
27/01/2026;002;70220;6191114631205;XL;695;25H;;1,00;
27/01/2026;002;70220;6191114631212;XXL;870;25H;;1,00;
27/01/2026;002;70220;6191114631229;XXL;695;25H;;1,00;
27/01/2026;005;20465;6191114302969;XL;940;23H;;1,00;
27/01/2026;005;20465;6191114302976;XXL;940;23H;;-1,00;
27/01/2026;005;21459;6191114530386;XXL;995;24H;;1,00;
27/01/2026;005;21830;6191114583436;XL;200;25E;;2,00;
27/01/2026;005;22272;6191114652491;S;870;25H;;1,00;
27/01/2026;005;91272;6194444115667;TU;815;22H;;1,00;
27/01/2026;009;22282;6191114654068;XL;I815;25H;;1,00;
27/01/2026;011;22064;6191114618718;L;010;25H;;1,00;
27/01/2026;011;22162;6191114647206;M;995;25H;;1,00;
27/01/2026;011;22325;6191114659971;XL;995;25H;;1,00;
27/01/2026;011;55800;6191114621640;XXL;385;25H;;1,00;
27/01/2026;011;55811;6191114644663;3XL;R784;25H;;1,00;
27/01/2026;011;55813;6191114645318;3XL;385;25H;;1,00;
27/01/2026;011;55816;6191114648548;3XL;R990;25H;;1,00;
27/01/2026;011;91272;6194444115667;TU;815;22H;;3,00;
27/01/2026;011;91273;6194444115674;TU;815;22H;;1,00;
27/01/2026;014;21826;6191114582873;XXL;995;25E;;1,00;
27/01/2026;014;21828;6191114583207;XL;995;25E;;1,00;
27/01/2026;014;21830;6191114583467;XXL;200;25E;;1,00;
27/01/2026;014;21831;6191114583566;XL;995;25E;;1,00;
27/01/2026;014;21831;6191114583580;XL;200;25E;;1,00;
27/01/2026;014;21831;6191114583610;XXL;200;25E;;1,00;
27/01/2026;014;22018;6191114609297;M;R010;25H;;1,00;
27/01/2026;014;22026;6191114610262;3XL;815;25H;;1,00;
27/01/2026;014;22030;6191114610675;M;010;25H;;1,00;
27/01/2026;014;22030;6191114610699;L;010;25H;;1,00;
27/01/2026;014;22033;6191114611061;XL;815;25H;;1,00;
27/01/2026;014;22048;6191114612051;3XL;995;25H;;1,00;
27/01/2026;014;22111;6191114622661;L;255;25H;;1,00;
27/01/2026;014;22124;6191114646865;L;995;25H;;1,00;
27/01/2026;014;22128;6191114623002;L;385;25H;;1,00;
27/01/2026;014;22139;6191114624436;M;940;25H;;1,00;
27/01/2026;014;22140;6191114624634;XL;995;25H;;1,00;
27/01/2026;014;22197;6191114630086;XL;815;25H;;1,00;
27/01/2026;014;22215;6191114642591;3XL;210;25H;;1,00;
27/01/2026;014;22239;6191114644953;M;995;25H;;1,00;
27/01/2026;014;22243;6191114647794;L;695;25H;;1,00;
27/01/2026;014;22279;6191114653641;L;000;25H;;1,00;
27/01/2026;014;22306;6191114669055;S;995;25H;;1,00;
27/01/2026;014;22331;6191114660205;M;390;25H;;1,00;
27/01/2026;014;55816;6191114648456;L;R990;25H;;1,00;
27/01/2026;014;70201;6191114608061;XL;R385;25H;;1,00;
27/01/2026;014;91501;6191114626300;TU;195;25H;;1,00;
27/01/2026;015;22019;6191114609471;XXL;995;25H;;1,00;
27/01/2026;015;22080;6191114617001;XL;380;25H;;1,00;
27/01/2026;015;22132;6191114623835;M;794;25H;;1,00;
27/01/2026;015;22197;6191114630062;M;815;25H;;1,00;
27/01/2026;015;22273;6191114652699;S;824;25H;;1,00;
27/01/2026;015;22273;6191114652743;L;695;25H;;1,00;
27/01/2026;015;22292;6191114655621;S;870;25H;;1,00;
27/01/2026;015;22331;6191114660137;S;815;25H;;1,00;
27/01/2026;015;22333;6191114660717;3XL;990;25H;;1,00;
27/01/2026;015;22338;6191114660885;S;170;25H;;1,00;
27/01/2026;015;91272;6194444115667;TU;815;22H;;1,00;
27/01/2026;016;22127;6191114649033;XS;770;25H;;1,00;
27/01/2026;016;22139;6191114624504;XXL;385;25H;;1,00;
27/01/2026;016;22198;6191114630192;XL;695;25H;;1,00;
27/01/2026;016;22258;6191114650886;4XL;740;25H;;1,00;
27/01/2026;016;22261;6191114651296;XXL;385;25H;;1,00;
27/01/2026;016;22262;6191114651395;XL;385;25H;;1,00;
27/01/2026;016;22273;6191114652828;3XL;385;25H;;1,00;
27/01/2026;016;22273;6191114652835;3XL;695;25H;;1,00;
27/01/2026;016;22273;6191114652842;3XL;824;25H;;1,00;
27/01/2026;016;22287;6191114654624;3XL;995;25H;;1,00;
27/01/2026;016;70201;6191114608047;L;R385;25H;;1,00;
27/01/2026;016;70231;6191114658769;3XL;C995;25H;;1,00;
27/01/2026;016;70233;6191114658899;XL;995;25H;;1,00;
27/01/2026;016;91274;6194444115681;TU;815;22H;;1,00;
27/01/2026;019;22049;6191114612143;XL;995;25H;;1,00;
27/01/2026;019;22259;6191114650954;XL;010;25H;;1,00;
27/01/2026;019;22259;6191114650985;XXL;490;25H;;1,00;
27/01/2026;019;22263;6191114651623;XXL;010;25H;;1,00;
27/01/2026;019;22272;6191114652606;XL;010;25H;;1,00;
27/01/2026;019;91526;6191114640023;39;880;25H;;1,00;
27/01/2026;021;21437;6191114528147;L;995;24H;;1,00;
27/01/2026;021;22004;6191114606340;S;R000;25H;;1,00;
27/01/2026;021;22005;6191114606609;L;815;25H;;1,00;
27/01/2026;021;22013;6191114607613;S;995;25H;;1,00;
27/01/2026;021;22056;6191114617674;M;000;25H;;1,00;
27/01/2026;021;22086;6191114619586;3XL;010;25H;;1,00;
27/01/2026;021;22126;6191114649309;S;760;25H;;1,00;
27/01/2026;021;22177;6191114628953;3XL;215;25H;;1,00;
27/01/2026;021;22201;6191114630468;3XL;815;25H;;1,00;
27/01/2026;021;22286;6191114654471;XXL;995;25H;;1,00;
27/01/2026;021;22300;6191114656826;L;870;25H;;1,00;
27/01/2026;021;22302;6191114657243;L;245;25H;;1,00;
27/01/2026;021;22307;6191114669970;L;M815;25H;;1,00;
27/01/2026;021;22312;6191114658172;3XL;995;25H;;1,00;
27/01/2026;021;55817;6191114654761;L;385;25H;;1,00;
27/01/2026;021;55817;6191114654778;L;695;25H;;1,00;
27/01/2026;021;55818;6191114655003;L;824;25H;;1,00;
27/01/2026;021;91272;6194444115667;TU;815;22H;;2,00;
27/01/2026;024;22026;6191114610224;XL;815;25H;;1,00;
27/01/2026;024;22033;6191114611023;M;815;25H;;1,00;
27/01/2026;024;22036;6191114611160;L;R995;25H;;1,00;
27/01/2026;024;22189;6191114644762;S/M;200;25H;;1,00;
27/01/2026;024;22276;6191114655812;XL;995;25H;;1,00;
27/01/2026;024;22278;6191114653528;3XL;995;25H;;1,00;
27/01/2026;024;22310;6191114658035;S;995;25H;;1,00;
27/01/2026;024;22320;6191114659223;3XL;870;25H;;1,00;
27/01/2026;024;55800;6191114621589;L;385;25H;;1,00;
27/01/2026;024;70231;6191114658783;4XL;C995;25H;;1,00;
27/01/2026;024;91272;6194444115667;TU;815;22H;;4,00;
27/01/2026;029;20832;6191114396340;S/M;995;24E;;1,00;
27/01/2026;029;22089;6191114620001;4XL;995;25H;;1,00;
27/01/2026;029;22243;6191114647794;L;695;25H;;2,00;
27/01/2026;029;22287;6191114654518;S;815;25H;;1,00;
27/01/2026;030;22020;6191114609549;L;695;25H;;1,00;
27/01/2026;030;22045;6191114611726;XL;995;25H;;1,00;
27/01/2026;030;22113;6191114645738;XL;820;25H;;1,00;
27/01/2026;030;22113;6191114645752;XXL;820;25H;;1,00;
27/01/2026;030;22137;6191114623439;XXL;385;25H;;1,00;
27/01/2026;030;22177;6191114628892;L;215;25H;;-1,00;
27/01/2026;030;22183;6191114629530;L;995;25H;;1,00;
27/01/2026;030;22200;6191114630284;L;010;25H;;-1,00;
27/01/2026;030;22203;6191114630659;L;010;25H;;1,00;
27/01/2026;030;22238;6191114644908;3XL;I995;25H;;1,00;
27/01/2026;030;22243;6191114647787;L;215;25H;;1,00;
27/01/2026;030;22264;6191114651715;XXL;995;25H;;1,00;
27/01/2026;030;22270;6191114649934;M;995;25H;;1,00;
27/01/2026;030;22271;6191114652354;M;010;25H;;1,00;
27/01/2026;030;22271;6191114652378;L;870;25H;;1,00;
27/01/2026;030;22317;6191114658561;S;195;25H;;-1,00;
27/01/2026;030;22317;6191114658585;M;195;25H;;1,00;
27/01/2026;030;22331;6191114660397;L;495;25H;;1,00;
27/01/2026;030;22331;6191114660403;XL;495;25H;;2,00;
27/01/2026;030;70217;6191114647336;XXL;E385;25H;;-1,00;
27/01/2026;030;70233;6191114658899;XL;995;25H;;1,00;
27/01/2026;031;21826;6191114582880;XXL;000;25E;;1,00;
27/01/2026;031;21826;6191114582897;XXL;200;25E;;1,00;
27/01/2026;031;22026;6191114610248;XXL;815;25H;;1,00;
27/01/2026;031;22026;6191114610255;XXL;645;25H;;1,00;
27/01/2026;031;22033;6191114611092;XXL;695;25H;;1,00;
27/01/2026;031;22190;6191114627833;L;995;25H;;1,00;
27/01/2026;031;22190;6191114627857;XXL;995;25H;;1,00;
27/01/2026;031;22256;6191114650435;XL;995;25H;;1,00;
27/01/2026;031;22263;6191114651654;3XL;010;25H;;1,00;
27/01/2026;031;22302;6191114657267;XL;245;25H;;1,00;
27/01/2026;031;70206;6191114612457;XXL;870;25H;;1,00;
27/01/2026;031;70206;6191114612464;XXL;995;25H;;1,00;
27/01/2026;031;70231;6191114658776;4XL;C000;25H;;1,00;
27/01/2026;032;22127;6191114647138;XL;995;25H;;1,00;
27/01/2026;032;22127;6191114649071;XL;770;25H;;1,00;
27/01/2026;032;55813;6191114645226;L;385;25H;;1,00;
27/01/2026;032;91272;6194444115667;TU;815;22H;;1,00;
27/01/2026;032;91273;6194444115674;TU;815;22H;;1,00;
28/01/2026;002;21182;6191114469525;XL;915;24H;;1,00;
28/01/2026;002;22036;6191114611139;S;R010;25H;;1,00;
28/01/2026;002;22046;6191114611801;L;C385;25H;;1,00;
28/01/2026;005;22026;6191114610217;L;645;25H;;1,00;
28/01/2026;005;22048;6191114611986;M;010;25H;;1,00;
28/01/2026;009;55820;6191114657892;XXL;R995;25H;;1,00;
28/01/2026;011;21827;6191114582934;S;995;25E;;1,00;
28/01/2026;011;55801;6191114621770;L;995;25H;;1,00;
28/01/2026;014;20338;6191114276413;XXL;995;23H;;1,00;
28/01/2026;014;20447;6191114299917;XL;940;23H;;1,00;
28/01/2026;014;21827;6191114583061;XXL;000;25E;;1,00;
28/01/2026;014;21827;6191114583078;XXL;200;25E;;1,00;
28/01/2026;014;21830;6191114583382;L;995;25E;;1,00;
28/01/2026;014;22208;6191114640641;XXL;995;25H;;2,00;
28/01/2026;015;20164;6191114235014;XL;995;23H;;1,00;
28/01/2026;015;20447;6191114299788;XXL;190;23H;;1,00;
28/01/2026;015;20715;6191114360662;XL;I235;24E;;1,00;
28/01/2026;015;21771;6191114576070;XXL;995;25E;;1,00;
28/01/2026;015;22271;6191114652439;XXL;870;25H;;1,00;
28/01/2026;016;21126;6191114462113;XL;R634;24H;;1,00;
28/01/2026;016;21126;6191114462137;XXL;R195;24H;;1,00;
28/01/2026;016;91274;6194444115681;TU;815;22H;;1,00;
28/01/2026;016;91531;6191114648586;TU;695;25H;;1,00;
28/01/2026;019;20164;6191114235014;XL;995;23H;;1,00;
28/01/2026;019;20168;6191114236134;3XL;010;23H;;1,00;
28/01/2026;019;20185;6191114242432;L;815;23H;;1,00;
28/01/2026;019;20254;6191114257399;S;995;23H;;1,00;
28/01/2026;019;20256;6191114258600;S;190;23H;;1,00;
28/01/2026;019;20274;6191114263147;S;310;23H;;1,00;
28/01/2026;019;20322;6191114273641;XXL;I940;23H;;1,00;
28/01/2026;019;20354;6191114297487;3XL;790;23H;;1,00;
28/01/2026;019;20406;6191114291805;L;260;23H;;1,00;
28/01/2026;019;20423;6191114294684;S;995;23H;;1,00;
28/01/2026;019;20431;6191114296473;XL;385;23H;;1,00;
28/01/2026;019;20623;6191114335097;37;170;24E;;1,00;
28/01/2026;019;20714;6191114360334;XL;I815;24E;;1,00;
28/01/2026;019;20833;6191114396470;L/XL;495;24E;;1,00;
28/01/2026;019;20834;6191114396562;L/XL;235;24E;;1,00;
28/01/2026;019;21117;6191114453593;XL;000;24H;;1,00;
28/01/2026;019;21126;6191114462076;L;R195;24H;;1,00;
28/01/2026;019;21131;6191114462694;L;530;24H;;1,00;
28/01/2026;019;21221;6191114479012;XL;935;24H;;1,00;
28/01/2026;019;21255;6191114483132;XL;010;24H;;1,00;
28/01/2026;019;21404;6191114513525;L;995;24H;;1,00;
28/01/2026;019;21431;6191114527430;XL;170;24H;;1,00;
28/01/2026;019;21470;6191114531772;S;995;24H;;1,00;
28/01/2026;019;21470;6191114531819;XXL;995;24H;;1,00;
28/01/2026;019;21582;6191114547261;M;000;25E;;1,00;
28/01/2026;019;21583;6191114549746;39;995;25E;;1,00;
28/01/2026;019;21587;6191114567856;39;010;25E;;1,00;
28/01/2026;019;21604;6191114549081;S;R815;25E;;1,00;
28/01/2026;019;21607;6191114549395;XL;145;25E;;1,00;
28/01/2026;019;21696;6191114565173;XL;995;25E;;1,00;
28/01/2026;019;21908;6191114600409;L;645;25E;;1,00;
28/01/2026;019;21948;6191114604940;S;000;25E;;1,00;
28/01/2026;019;21974;6191114615144;S;000;25E;;1,00;
28/01/2026;019;22005;6191114606647;XL;815;25H;;1,00;
28/01/2026;019;22062;6191114618275;M;870;25H;;1,00;
28/01/2026;019;22088;6191114619845;3XL;995;25H;;-1,00;
28/01/2026;019;22108;6191114622166;XL;870;25H;;-1,00;
28/01/2026;019;22110;6191114622548;L;235;25H;;1,00;
28/01/2026;019;22124;6191114646865;L;995;25H;;1,00;
28/01/2026;019;22163;6191114659889;3XL;C490;25H;;-1,00;
28/01/2026;019;22184;6191114629622;S;995;25H;;1,00;
28/01/2026;019;22223;6191114643505;S;995;25H;;-1,00;
28/01/2026;019;22280;6191114653931;3XL;995;25H;;-1,00;
28/01/2026;019;22280;6191114653948;3XL;000;25H;;-1,00;
28/01/2026;019;22294;6191114656093;L;950;25H;;-1,00;
28/01/2026;019;29854;6191114181892;S;235;23E;;1,00;
28/01/2026;019;70203;6191114608290;XL;R995;25H;;1,00;
28/01/2026;019;70206;6191114612433;XL;870;25H;;1,00;
28/01/2026;019;70220;6191114631175;L;870;25H;;1,00;
28/01/2026;021;22036;6191114611191;XL;R010;25H;;1,00;
28/01/2026;021;22089;6191114619883;S;995;25H;;1,00;
28/01/2026;021;22286;6191114654457;L;995;25H;;1,00;
28/01/2026;021;22286;6191114654471;XXL;995;25H;;-1,00;
28/01/2026;021;22310;6191114658042;M;995;25H;;1,00;
28/01/2026;021;91272;6194444115667;TU;815;22H;;1,00;
28/01/2026;024;22091;6191114620223;XXL;995;25H;;1,00;
28/01/2026;024;22189;6191114644762;S/M;200;25H;;1,00;
28/01/2026;029;22325;6191114659957;L;995;25H;;1,00;
28/01/2026;030;22025;6191114610101;XL;995;25H;;1,00;
28/01/2026;030;22257;6191114650626;3XL;I350;25H;;1,00;
28/01/2026;030;22261;6191114651258;L;385;25H;;1,00;
28/01/2026;030;22262;6191114651371;L;385;25H;;1,00;
28/01/2026;030;22262;6191114651395;XL;385;25H;;1,00;
28/01/2026;030;22273;6191114652750;L;824;25H;;1,00;
28/01/2026;030;22317;6191114658608;L;195;25H;;2,00;
28/01/2026;030;55800;6191114621626;XL;995;25H;;1,00;
28/01/2026;030;55801;6191114621817;XL;975;25H;;1,00;
28/01/2026;030;55806;6191114640856;L;385;25H;;1,00;
28/01/2026;030;70217;6191114649361;S;I385;25H;;1,00;
28/01/2026;031;22013;6191114607620;M;870;25H;;-1,00;
28/01/2026;031;22013;6191114607644;L;870;25H;;1,00;
28/01/2026;031;22238;6191114644908;3XL;I995;25H;;1,00;
28/01/2026;031;22246;6191114648876;XXL;995;25H;;1,00;
28/01/2026;031;22257;6191114650671;4XL;I195;25H;;1,00;
28/01/2026;031;22273;6191114652729;M;824;25H;;1,00;
28/01/2026;031;22307;6191114670068;3XL;M815;25H;;1,00;
28/01/2026;031;22317;6191114658646;XXL;195;25H;;1,00;
29/01/2026;002;20354;6191114297449;M;790;23H;;1,00;
29/01/2026;002;20416;6191114293625;XXL;995;23H;;1,00;
29/01/2026;002;21073;6191114448506;M;740;24H;;1,00;
29/01/2026;002;21081;6191114449589;M;385;24H;;1,00;
29/01/2026;002;21135;6191114463158;XL;940;24H;;1,00;
29/01/2026;002;21135;6191114482852;XL;780;24H;;1,00;
29/01/2026;002;21156;6191114465459;M;940;24H;;1,00;
29/01/2026;002;21200;6191114471498;L;385;24H;;1,00;
29/01/2026;002;21220;6191114478855;M;995;24H;;1,00;
29/01/2026;002;21254;6191114483040;XXL;695;24H;;1,00;
29/01/2026;002;21279;6191114496675;XXL;695;24H;;1,00;
29/01/2026;002;21310;6191114485853;L;995;24H;;1,00;
29/01/2026;002;21343;6191114500990;M;895;24H;;1,00;
29/01/2026;002;21343;6191114501072;3XL;895;24H;;1,00;
29/01/2026;002;21346;6191114501355;M;895;24H;;1,00;
29/01/2026;002;21382;6191114508583;M;695;24H;;1,00;
29/01/2026;002;21403;6191114513433;XL;995;24H;;1,00;
29/01/2026;002;21582;6191114547285;L;815;25E;;1,00;
29/01/2026;002;21688;6191114566224;XL;476;25E;;1,00;
29/01/2026;002;21835;6191114584341;XXL;645;25E;;1,00;
29/01/2026;002;22005;6191114606524;S;815;25H;;1,00;
29/01/2026;002;22005;6191114606609;L;815;25H;;1,00;
29/01/2026;002;22005;6191114606692;XXL;645;25H;;1,00;
29/01/2026;002;22006;6191114606784;S;870;25H;;1,00;
29/01/2026;002;22006;6191114606791;S;995;25H;;1,00;
29/01/2026;002;22006;6191114606968;3XL;815;25H;;1,00;
29/01/2026;002;22006;6191114606999;3XL;995;25H;;1,00;
29/01/2026;002;22013;6191114607651;L;995;25H;;1,00;
29/01/2026;002;22013;6191114607705;3XL;870;25H;;1,00;
29/01/2026;002;22014;6191114607811;XXL;R495;25H;;1,00;
29/01/2026;002;22015;6191114607859;M;695;25H;;1,00;
29/01/2026;002;22019;6191114609457;XL;995;25H;;1,00;
29/01/2026;002;22020;6191114609563;XL;695;25H;;1,00;
29/01/2026;002;22023;6191114609860;XL;R385;25H;;2,00;
29/01/2026;002;22024;6191114653276;XXL;870;25H;;1,00;
29/01/2026;002;22024;6191114653283;3XL;870;25H;;1,00;
29/01/2026;002;22024;6191114653313;L;815;25H;;1,00;
29/01/2026;002;22025;6191114610101;XL;995;25H;;1,00;
29/01/2026;002;22025;6191114610149;3XL;995;25H;;1,00;
29/01/2026;002;22026;6191114610187;M;815;25H;;1,00;
29/01/2026;002;22028;6191114610484;XXL;870;25H;;1,00;
29/01/2026;002;22031;6191114610811;L;695;25H;;1,00;
29/01/2026;002;22032;6191114610958;XL;940;25H;;1,00;
29/01/2026;002;22033;6191114611047;L;815;25H;;1,00;
29/01/2026;002;22033;6191114611054;L;695;25H;;1,00;
29/01/2026;002;22036;6191114611160;L;R995;25H;;1,00;
29/01/2026;002;22036;6191114611191;XL;R010;25H;;1,00;
29/01/2026;002;22037;6191114611290;L;010;25H;;1,00;
29/01/2026;002;22038;6191114611382;L;R385;25H;;1,00;
29/01/2026;002;22044;6191114609112;XL;995;25H;;1,00;
29/01/2026;002;22048;6191114612006;L;010;25H;;2,00;
29/01/2026;002;22048;6191114612013;XL;995;25H;;1,00;
29/01/2026;002;22053;6191114617353;XXL;995;25H;;1,00;
29/01/2026;002;22055;6191114617582;XL;870;25H;;1,00;
29/01/2026;002;22058;6191114617926;L;995;25H;;1,00;
29/01/2026;002;22061;6191114618152;M;R350;25H;;1,00;
29/01/2026;002;22061;6191114618213;XXL;R350;25H;;1,00;
29/01/2026;002;22064;6191114618800;XXL;815;25H;;1,00;
29/01/2026;002;22064;6191114618848;XXL;855;25H;;1,00;
29/01/2026;002;22064;6191114618862;3XL;010;25H;;1,00;
29/01/2026;002;22064;6191114618886;3XL;175;25H;;1,00;
29/01/2026;002;22065;6191114618961;XL;350;25H;;1,00;
29/01/2026;002;22067;6191114615687;L;380;25H;;1,00;
29/01/2026;002;22068;6191114615762;L;995;25H;;1,00;
29/01/2026;002;22070;6191114615991;L;385;25H;;1,00;
29/01/2026;002;22071;6191114616134;XL;784;25H;;1,00;
29/01/2026;002;22083;6191114619081;XL;350;25H;;1,00;
29/01/2026;002;22083;6191114619128;3XL;350;25H;;1,00;
29/01/2026;002;22084;6191114616462;L;310;25H;;1,00;
29/01/2026;002;22084;6191114616479;L;000;25H;;1,00;
29/01/2026;002;22084;6191114616530;3XL;000;25H;;1,00;
29/01/2026;002;22085;6191114619425;XL;740;25H;;1,00;
29/01/2026;002;22086;6191114619524;L;010;25H;;1,00;
29/01/2026;002;22086;6191114619531;XL;995;25H;;1,00;
29/01/2026;002;22088;6191114619807;XL;995;25H;;1,00;
29/01/2026;002;22089;6191114619982;3XL;995;25H;;1,00;
29/01/2026;002;22090;6191114620049;M;995;25H;;1,00;
29/01/2026;002;22095;6191114620520;L;R350;25H;;1,00;
29/01/2026;002;22096;6191114620681;4XL;995;25H;;1,00;
29/01/2026;002;22101;6191114621015;S;995;25H;;1,00;
29/01/2026;002;22111;6191114622623;XXL;385;25H;;1,00;
29/01/2026;002;22111;6191114622661;L;255;25H;;1,00;
29/01/2026;002;22113;6191114645752;XXL;820;25H;;1,00;
29/01/2026;002;22114;6191114645837;L;815;25H;;1,00;
29/01/2026;002;22114;6191114645851;XL;815;25H;;1,00;
29/01/2026;002;22114;6191114645868;XL;020;25H;;1,00;
29/01/2026;002;22114;6191114645875;XXL;815;25H;;1,00;
29/01/2026;002;22114;6191114645882;XXL;020;25H;;1,00;
29/01/2026;002;22115;6191114645998;L;005;25H;;1,00;
29/01/2026;002;22115;6191114646001;XL;820;25H;;1,00;
29/01/2026;002;22117;6191114649002;XL;940;25H;;1,00;
29/01/2026;002;22125;6191114646964;XL;E385;25H;;1,00;
29/01/2026;002;22126;6191114647008;M;E385;25H;;1,00;
29/01/2026;002;22126;6191114647015;L;E385;25H;;1,00;
29/01/2026;002;22127;6191114649064;L;770;25H;;3,00;
29/01/2026;002;22128;6191114623002;L;385;25H;;1,00;
29/01/2026;002;22129;6191114623149;M;010;25H;;1,00;
29/01/2026;002;22129;6191114623163;L;995;25H;;1,00;
29/01/2026;002;22129;6191114623170;L;010;25H;;1,00;
29/01/2026;002;22129;6191114623200;XL;010;25H;;1,00;
29/01/2026;002;22129;6191114623224;XXL;995;25H;;1,00;
29/01/2026;002;22129;6191114623231;XXL;010;25H;;1,00;
29/01/2026;002;22132;6191114623859;L;794;25H;;1,00;
29/01/2026;002;22133;6191114623941;S;645;25H;;1,00;
29/01/2026;002;22133;6191114625181;M;995;25H;;1,00;
29/01/2026;002;22133;6191114625198;L;995;25H;;1,00;
29/01/2026;002;22137;6191114623408;XL;385;25H;;1,00;
29/01/2026;002;22140;6191114624610;M;995;25H;;2,00;
29/01/2026;002;22140;6191114624627;L;995;25H;;1,00;
29/01/2026;002;22151;6191114625693;S;995;25H;;1,00;
29/01/2026;002;22151;6191114625709;M;995;25H;;1,00;
29/01/2026;002;22160;6191114626225;L;820;25H;;1,00;
29/01/2026;002;22163;6191114659841;XL;C790;25H;;1,00;
29/01/2026;002;22170;6191114626867;M;R995;25H;;1,00;
29/01/2026;002;22170;6191114626973;XL;R385;25H;;1,00;
29/01/2026;002;22170;6191114627031;XXL;R925;25H;;1,00;
29/01/2026;002;22170;6191114627048;XXL;R990;25H;;1,00;
29/01/2026;002;22171;6191114627116;M;R995;25H;;1,00;
29/01/2026;002;22171;6191114627222;XL;R385;25H;;1,00;
29/01/2026;002;22171;6191114627277;XXL;R385;25H;;1,00;
29/01/2026;002;22171;6191114627284;XXL;R925;25H;;1,00;
29/01/2026;002;22173;6191114628670;M;995;25H;;1,00;
29/01/2026;002;22173;6191114628687;L;995;25H;;1,00;
29/01/2026;002;22174;6191114628762;XXL;990;25H;;1,00;
29/01/2026;002;22181;6191114629288;XXL;995;25H;;1,00;
29/01/2026;002;22182;6191114629394;XL;870;25H;;1,00;
29/01/2026;002;22183;6191114629530;L;995;25H;;2,00;
29/01/2026;002;22183;6191114629578;XXL;995;25H;;1,00;
29/01/2026;002;22185;6191114627680;XXL;784;25H;;1,00;
29/01/2026;002;22186;6191114627741;L;784;25H;;1,00;
29/01/2026;002;22187;6191114644700;L/XL;200;25H;;1,00;
29/01/2026;002;22191;6191114627918;L;P995;25H;;1,00;
29/01/2026;002;22195;6191114628618;XXL;210;25H;;1,00;
29/01/2026;002;22195;6191114628649;3XL;210;25H;;1,00;
29/01/2026;002;22198;6191114630208;XXL;385;25H;;1,00;
29/01/2026;002;22199;6191114631120;3XL;995;25H;;1,00;
29/01/2026;002;22201;6191114630406;L;815;25H;;1,00;
29/01/2026;002;22201;6191114630420;XL;815;25H;;1,00;
29/01/2026;002;22202;6191114630529;L;995;25H;;1,00;
29/01/2026;002;22204;6191114630727;S;995;25H;;1,00;
29/01/2026;002;22205;6191114630802;L;870;25H;;1,00;
29/01/2026;002;22206;6191114630857;S;195;25H;;1,00;
29/01/2026;002;22206;6191114630901;XL;995;25H;;1,00;
29/01/2026;002;22207;6191114640399;S;784;25H;;1,00;
29/01/2026;002;22207;6191114640405;M;995;25H;;1,00;
29/01/2026;002;22208;6191114640665;3XL;995;25H;;1,00;
29/01/2026;002;22212;6191114641518;L;385;25H;;1,00;
29/01/2026;002;22212;6191114641549;XL;385;25H;;1,00;
29/01/2026;002;22215;6191114642447;S;210;25H;;1,00;
29/01/2026;002;22216;6191114642645;XXL;I880;25H;;1,00;
29/01/2026;002;22216;6191114642683;L;I385;25H;;1,00;
29/01/2026;002;22216;6191114642751;XL;I255;25H;;1,00;
29/01/2026;002;22237;6191114644830;XXL;I815;25H;;1,00;
29/01/2026;002;22242;6191114647527;L;380;25H;;1,00;
29/01/2026;002;22242;6191114647541;L;790;25H;;1,00;
29/01/2026;002;22242;6191114647596;XL;790;25H;;1,00;
29/01/2026;002;22243;6191114647718;S;995;25H;;1,00;
29/01/2026;002;22243;6191114647749;M;995;25H;;1,00;
29/01/2026;002;22243;6191114647770;L;995;25H;;2,00;
29/01/2026;002;22243;6191114647794;L;695;25H;;1,00;
29/01/2026;002;22243;6191114647800;XL;995;25H;;1,00;
29/01/2026;002;22244;6191114647978;L;695;25H;;1,00;
29/01/2026;002;22244;6191114648043;3XL;995;25H;;1,00;
29/01/2026;002;22246;6191114648838;L;995;25H;;1,00;
29/01/2026;002;22247;6191114648630;S;R385;25H;;1,00;
29/01/2026;002;22247;6191114648692;L;R385;25H;;2,00;
29/01/2026;002;22247;6191114648777;XXL;R270;25H;;1,00;
29/01/2026;002;22250;6191114649620;L;784;25H;;1,00;
29/01/2026;002;22250;6191114649637;XL;815;25H;;1,00;
29/01/2026;002;22253;6191114650268;XXL;995;25H;;1,00;
29/01/2026;002;22254;6191114650305;L;995;25H;;1,00;
29/01/2026;002;22255;6191114650367;L;995;25H;;1,00;
29/01/2026;002;22256;6191114650428;L;995;25H;;1,00;
29/01/2026;002;22256;6191114650435;XL;995;25H;;1,00;
29/01/2026;002;22257;6191114650541;L;I740;25H;;1,00;
29/01/2026;002;22257;6191114650589;XL;I195;25H;;1,00;
29/01/2026;002;22258;6191114650725;M;195;25H;;1,00;
29/01/2026;002;22258;6191114650770;XL;385;25H;;1,00;
29/01/2026;002;22261;6191114651241;M;490;25H;;1,00;
29/01/2026;002;22261;6191114651265;L;490;25H;;1,00;
29/01/2026;002;22262;6191114651340;S;490;25H;;2,00;
29/01/2026;002;22262;6191114651388;L;490;25H;;1,00;
29/01/2026;002;22263;6191114651623;XXL;010;25H;;1,00;
29/01/2026;002;22263;6191114651654;3XL;010;25H;;1,00;
29/01/2026;002;22264;6191114651661;XS;995;25H;;1,00;
29/01/2026;002;22264;6191114651739;4XL;995;25H;;1,00;
29/01/2026;002;22265;6191114651791;XXL;995;25H;;1,00;
29/01/2026;002;22266;6191114652309;TU;995;25H;;1,00;
29/01/2026;002;22267;6191114651838;M;995;25H;;1,00;
29/01/2026;002;22267;6191114651920;4XL;815;25H;;1,00;
29/01/2026;002;22274;6191114652880;XL;995;25H;;1,00;
29/01/2026;002;22275;6191114652941;M;790;25H;;1,00;
29/01/2026;002;22275;6191114652972;XL;385;25H;;1,00;
29/01/2026;002;22275;6191114653009;XXL;790;25H;;1,00;
29/01/2026;002;22276;6191114655751;S;995;25H;;1,00;
29/01/2026;002;22276;6191114655805;XL;385;25H;;1,00;
29/01/2026;002;22276;6191114655829;XXL;385;25H;;2,00;
29/01/2026;002;22277;6191114653467;XXL;784;25H;;1,00;
29/01/2026;002;22278;6191114653504;XL;995;25H;;1,00;
29/01/2026;002;22278;6191114653511;XXL;995;25H;;1,00;
29/01/2026;002;22278;6191114653528;3XL;995;25H;;1,00;
29/01/2026;002;22279;6191114653573;S;995;25H;;1,00;
29/01/2026;002;22279;6191114653603;M;995;25H;;1,00;
29/01/2026;002;22279;6191114653627;L;645;25H;;1,00;
29/01/2026;002;22281;6191114653993;XL;995;25H;;1,00;
29/01/2026;002;22281;6191114654006;XXL;995;25H;;1,00;
29/01/2026;002;22284;6191114654266;XXL;995;25H;;1,00;
29/01/2026;002;22285;6191114654365;L;995;25H;;2,00;
29/01/2026;002;22285;6191114654396;XXL;385;25H;;1,00;
29/01/2026;002;22285;6191114654426;3XL;995;25H;;2,00;
29/01/2026;002;22287;6191114654556;L;815;25H;;2,00;
29/01/2026;002;22287;6191114654587;XL;995;25H;;1,00;
29/01/2026;002;22287;6191114654600;XXL;995;25H;;1,00;
29/01/2026;002;22287;6191114654617;3XL;815;25H;;1,00;
29/01/2026;002;22288;6191114654655;M;995;25H;;1,00;
29/01/2026;002;22288;6191114654679;XL;995;25H;;1,00;
29/01/2026;002;22288;6191114654686;XXL;995;25H;;1,00;
29/01/2026;002;22289;6191114655249;L;995;25H;;1,00;
29/01/2026;002;22289;6191114655263;XL;995;25H;;2,00;
29/01/2026;002;22291;6191114655423;L;995;25H;;1,00;
29/01/2026;002;22292;6191114655690;XL;995;25H;;1,00;
29/01/2026;002;22294;6191114656017;S;870;25H;;1,00;
29/01/2026;002;22295;6191114656246;XL;995;25H;;1,00;
29/01/2026;002;22296;6191114656512;L;215;25H;;2,00;
29/01/2026;002;22296;6191114656543;XL;215;25H;;1,00;
29/01/2026;002;22296;6191114656604;3XL;215;25H;;1,00;
29/01/2026;002;22297;6191114656628;S;215;25H;;1,00;
29/01/2026;002;22297;6191114656635;S;695;25H;;1,00;
29/01/2026;002;22297;6191114656666;L;215;25H;;1,00;
29/01/2026;002;22300;6191114656833;XL;870;25H;;1,00;
29/01/2026;002;22301;6191114657083;S;215;25H;;1,00;
29/01/2026;002;22301;6191114657090;M;995;25H;;1,00;
29/01/2026;002;22301;6191114657106;M;215;25H;;2,00;
29/01/2026;002;22301;6191114657113;L;995;25H;;2,00;
29/01/2026;002;22301;6191114657120;L;215;25H;;1,00;
29/01/2026;002;22301;6191114657137;XL;995;25H;;1,00;
29/01/2026;002;22301;6191114657144;XL;215;25H;;2,00;
29/01/2026;002;22301;6191114657168;XXL;215;25H;;2,00;
29/01/2026;002;22301;6191114657175;3XL;995;25H;;1,00;
29/01/2026;002;22301;6191114657182;3XL;215;25H;;1,00;
29/01/2026;002;22302;6191114657236;L;995;25H;;1,00;
29/01/2026;002;22302;6191114657243;L;245;25H;;1,00;
29/01/2026;002;22302;6191114657274;XXL;995;25H;;1,00;
29/01/2026;002;22302;6191114657298;3XL;995;25H;;1,00;
29/01/2026;002;22304;6191114660434;S;MCO;25H;;1,00;
29/01/2026;002;22304;6191114660441;M;MCO;25H;;1,00;
29/01/2026;002;22308;6191114657717;L;870;25H;;1,00;
29/01/2026;002;22311;6191114658103;XL;I995;25H;;1,00;
29/01/2026;002;22312;6191114658158;XL;995;25H;;2,00;
29/01/2026;002;22318;6191114659032;XXL;235;25H;;1,00;
29/01/2026;002;22320;6191114659124;S;870;25H;;1,00;
29/01/2026;002;22320;6191114659131;S;825;25H;;1,00;
29/01/2026;002;22320;6191114659155;M;825;25H;;1,00;
29/01/2026;002;22320;6191114659162;L;870;25H;;1,00;
29/01/2026;002;22320;6191114659193;XL;825;25H;;1,00;
29/01/2026;002;22321;6191114659292;M;825;25H;;1,00;
29/01/2026;002;22321;6191114659308;L;870;25H;;2,00;
29/01/2026;002;22321;6191114659339;XL;825;25H;;1,00;
29/01/2026;002;22321;6191114659346;XXL;870;25H;;1,00;
29/01/2026;002;22321;6191114659384;4XL;870;25H;;1,00;
29/01/2026;002;22322;6191114659544;XXL;190;25H;;1,00;
29/01/2026;002;22326;6191114668300;L;995;25H;;1,00;
29/01/2026;002;22326;6191114668355;XXL;920;25H;;1,00;
29/01/2026;002;22331;6191114660205;M;390;25H;;1,00;
29/01/2026;002;22332;6191114660489;S;870;25H;;1,00;
29/01/2026;002;22332;6191114660540;XL;870;25H;;1,00;
29/01/2026;002;22333;6191114660694;XXL;990;25H;;1,00;
29/01/2026;002;22338;6191114660908;L;170;25H;;1,00;
29/01/2026;002;22340;6191114661486;3XL;MCO;25H;;1,00;
29/01/2026;002;22342;6191114661271;S;I995;25H;;1,00;
29/01/2026;002;22343;6191114661479;3XL;I634;25H;;1,00;
29/01/2026;002;22344;6191114668447;M;I815;25H;;1,00;
29/01/2026;002;22351;6191114668843;XL;I815;25H;;1,00;
29/01/2026;002;22352;6191114668881;M;I010;25H;;1,00;
29/01/2026;002;22355;6191114669031;XXL;995;25H;;1,00;
29/01/2026;002;55800;6191114621572;M;975;25H;;2,00;
29/01/2026;002;55800;6191114621596;L;995;25H;;2,00;
29/01/2026;002;55806;6191114640849;M;995;25H;;1,00;
29/01/2026;002;55808;6191114641266;XL;975;25H;;1,00;
29/01/2026;002;55810;6191114642249;XL;385;25H;;1,00;
29/01/2026;002;55810;6191114642256;XL;010;25H;;1,00;
29/01/2026;002;55811;6191114644595;L;R310;25H;;1,00;
29/01/2026;002;55811;6191114644601;L;R784;25H;;4,00;
29/01/2026;002;55811;6191114644625;XL;R784;25H;;2,00;
29/01/2026;002;55811;6191114644632;XXL;R310;25H;;1,00;
29/01/2026;002;55811;6191114644649;XXL;R784;25H;;2,00;
29/01/2026;002;55813;6191114645165;S;385;25H;;1,00;
29/01/2026;002;55813;6191114645226;L;385;25H;;2,00;
29/01/2026;002;55813;6191114645240;L;940;25H;;1,00;
29/01/2026;002;55813;6191114645295;XXL;310;25H;;1,00;
29/01/2026;002;55815;6191114645547;M;385;25H;;1,00;
29/01/2026;002;55815;6191114645622;3XL;385;25H;;1,00;
29/01/2026;002;55816;6191114648425;M;R990;25H;;1,00;
29/01/2026;002;55816;6191114648432;L;R995;25H;;2,00;
29/01/2026;002;55816;6191114648449;L;R385;25H;;1,00;
29/01/2026;002;55816;6191114648456;L;R990;25H;;2,00;
29/01/2026;002;55816;6191114648463;XL;R995;25H;;3,00;
29/01/2026;002;55816;6191114648487;XL;R990;25H;;1,00;
29/01/2026;002;55817;6191114654747;M;695;25H;;1,00;
29/01/2026;002;55817;6191114654815;XL;790;25H;;1,00;
29/01/2026;002;55820;6191114657847;M;R784;25H;;2,00;
29/01/2026;002;55820;6191114657878;XL;R995;25H;;1,00;
29/01/2026;002;55820;6191114657892;XXL;R995;25H;;1,00;
29/01/2026;002;70201;6191114608061;XL;R385;25H;;2,00;
29/01/2026;002;70202;6191114608160;L;010;25H;;1,00;
29/01/2026;002;70205;6191114612259;S;385;25H;;1,00;
29/01/2026;002;70207;6191114612532;L;R385;25H;;2,00;
29/01/2026;002;70207;6191114612549;L;R695;25H;;1,00;
29/01/2026;002;70207;6191114612556;XL;R385;25H;;1,00;
29/01/2026;002;70208;6191114612686;XL;R385;25H;;1,00;
29/01/2026;002;70210;6191114619166;M;R385;25H;;1,00;
29/01/2026;002;70210;6191114619241;3XL;R385;25H;;1,00;
29/01/2026;002;70210;6191114619258;3XL;R350;25H;;1,00;
29/01/2026;002;70214;6191114623750;L;995;25H;;1,00;
29/01/2026;002;70217;6191114649378;M;I385;25H;;1,00;
29/01/2026;002;70220;6191114631137;S;870;25H;;1,00;
29/01/2026;002;70220;6191114631236;3XL;870;25H;;1,00;
29/01/2026;002;70221;6191114631335;4XL;I995;25H;;1,00;
29/01/2026;002;70224;6191114641846;XXL;694;25H;;1,00;
29/01/2026;002;70224;6191114641860;3XL;694;25H;;1,00;
29/01/2026;002;70226;6191114652002;L;I995;25H;;1,00;
29/01/2026;002;70226;6191114652033;XL;I995;25H;;1,00;
29/01/2026;002;70226;6191114652088;XXL;I815;25H;;1,00;
29/01/2026;002;70227;6191114652194;L;I740;25H;;1,00;
29/01/2026;002;70227;6191114652248;XXL;I875;25H;;1,00;
29/01/2026;002;70231;6191114658677;M;C000;25H;;1,00;
29/01/2026;002;70231;6191114658738;XXL;C000;25H;;1,00;
29/01/2026;002;91501;6191114626294;TU;385;25H;;1,00;
29/01/2026;002;91521;6191114627550;TU;MCO;25H;;1,00;
29/01/2026;002;91527;6191114640160;40;995;25H;;1,00;
29/01/2026;002;91533;6191114648623;TU;995;25H;;1,00;
29/01/2026;005;21359;6191114503755;L;995;24H;;1,00;
29/01/2026;005;21835;6191114583979;S;000;25E;;1,00;
29/01/2026;005;22019;6191114609440;XL;815;25H;;1,00;
29/01/2026;005;22023;6191114609877;XL;R010;25H;;1,00;
29/01/2026;005;22023;6191114609884;XXL;R385;25H;;1,00;
29/01/2026;005;22032;6191114610972;XXL;940;25H;;1,00;
29/01/2026;005;22036;6191114611139;S;R010;25H;;1,00;
29/01/2026;005;22049;6191114612099;M;815;25H;;1,00;
29/01/2026;005;22061;6191114618145;M;R385;25H;;1,00;
29/01/2026;005;22064;6191114618732;L;175;25H;;1,00;
29/01/2026;005;22064;6191114618749;L;855;25H;;1,00;
29/01/2026;005;22064;6191114618756;XL;815;25H;;1,00;
29/01/2026;005;22064;6191114618763;XL;010;25H;;1,00;
29/01/2026;005;22064;6191114618770;XL;695;25H;;1,00;
29/01/2026;005;22069;6191114615861;M;784;25H;;1,00;
29/01/2026;005;22085;6191114619425;XL;740;25H;;1,00;
29/01/2026;005;22089;6191114619975;3XL;385;25H;;1,00;
29/01/2026;005;22092;6191114620308;L;995;25H;;1,00;
29/01/2026;005;22117;6191114646254;M;995;25H;;1,00;
29/01/2026;005;22120;6191114646551;3XL;995;25H;;1,00;
29/01/2026;005;22162;6191114647244;XL;995;25H;;1,00;
29/01/2026;005;22163;6191114659827;L;C790;25H;;1,00;
29/01/2026;005;22163;6191114659841;XL;C790;25H;;1,00;
29/01/2026;005;22182;6191114629394;XL;870;25H;;1,00;
29/01/2026;005;22183;6191114629523;L;385;25H;;1,00;
29/01/2026;005;22185;6191114627666;XL;784;25H;;1,00;
29/01/2026;005;22190;6191114627819;S;995;25H;;1,00;
29/01/2026;005;22190;6191114627826;M;995;25H;;1,00;
29/01/2026;005;22193;6191114628090;XXL;995;25H;;1,00;
29/01/2026;005;22195;6191114628618;XXL;210;25H;;1,00;
29/01/2026;005;22198;6191114630185;XL;385;25H;;1,00;
29/01/2026;005;22200;6191114648326;M;210;25H;;1,00;
29/01/2026;005;22201;6191114630475;3XL;995;25H;;1,00;
29/01/2026;005;22202;6191114630567;XXL;995;25H;;1,00;
29/01/2026;005;22206;6191114630871;M;195;25H;;1,00;
29/01/2026;005;22206;6191114630956;3XL;195;25H;;1,00;
29/01/2026;005;22207;6191114640436;L;995;25H;;1,00;
29/01/2026;005;22207;6191114640443;L;880;25H;;1,00;
29/01/2026;005;22207;6191114640467;XL;995;25H;;1,00;
29/01/2026;005;22207;6191114640474;XL;880;25H;;1,00;
29/01/2026;005;22207;6191114640481;XL;784;25H;;1,00;
29/01/2026;005;22209;6191114640719;L;815;25H;;1,00;
29/01/2026;005;22209;6191114640733;XL;815;25H;;1,00;
29/01/2026;005;22209;6191114640757;XXL;815;25H;;1,00;
29/01/2026;005;22211;6191114641396;XL;694;25H;;1,00;
29/01/2026;005;22217;6191114642850;XL;000;25H;;1,00;
29/01/2026;005;22239;6191114644991;L;784;25H;;1,00;
29/01/2026;005;22244;6191114647923;M;995;25H;;2,00;
29/01/2026;005;22244;6191114647978;L;695;25H;;1,00;
29/01/2026;005;22244;6191114648005;XL;695;25H;;1,00;
29/01/2026;005;22244;6191114648012;XXL;995;25H;;1,00;
29/01/2026;005;22244;6191114648029;XXL;215;25H;;1,00;
29/01/2026;005;22246;6191114648838;L;995;25H;;1,00;
29/01/2026;005;22250;6191114649606;L;815;25H;;2,00;
29/01/2026;005;22254;6191114650329;XXL;995;25H;;1,00;
29/01/2026;005;22255;6191114650367;L;995;25H;;1,00;
29/01/2026;005;22255;6191114650381;XXL;995;25H;;1,00;
29/01/2026;005;22256;6191114650442;XXL;995;25H;;1,00;
29/01/2026;005;22257;6191114650626;3XL;I350;25H;;1,00;
29/01/2026;005;22258;6191114650770;XL;385;25H;;1,00;
29/01/2026;005;22258;6191114650787;XL;195;25H;;1,00;
29/01/2026;005;22259;6191114650992;3XL;010;25H;;1,00;
29/01/2026;005;22262;6191114651357;M;385;25H;;1,00;
29/01/2026;005;22263;6191114651593;XL;010;25H;;1,00;
29/01/2026;005;22264;6191114651678;S;995;25H;;1,00;
29/01/2026;005;22267;6191114651845;L;815;25H;;1,00;
29/01/2026;005;22270;6191114649958;XL;995;25H;;1,00;
29/01/2026;005;22275;6191114652972;XL;385;25H;;1,00;
29/01/2026;005;22276;6191114655775;M;995;25H;;1,00;
29/01/2026;005;22284;6191114654280;3XL;995;25H;;1,00;
29/01/2026;005;22287;6191114654556;L;815;25H;;1,00;
29/01/2026;005;22287;6191114654587;XL;995;25H;;1,00;
29/01/2026;005;22288;6191114654679;XL;995;25H;;1,00;
29/01/2026;005;22294;6191114656079;L;870;25H;;1,00;
29/01/2026;005;22300;6191114656826;L;870;25H;;1,00;
29/01/2026;005;22301;6191114657144;XL;215;25H;;1,00;
29/01/2026;005;22301;6191114657182;3XL;215;25H;;1,00;
29/01/2026;005;22302;6191114657250;XL;995;25H;;1,00;
29/01/2026;005;22304;6191114660465;XL;MCO;25H;;1,00;
29/01/2026;005;22304;6191114660472;XXL;MCO;25H;;1,00;
29/01/2026;005;22308;6191114657724;XL;870;25H;;1,00;
29/01/2026;005;22331;6191114660359;3XL;995;25H;;1,00;
29/01/2026;005;22331;6191114660427;3XL;495;25H;;1,00;
29/01/2026;005;22343;6191114661479;3XL;I634;25H;;1,00;
29/01/2026;005;22347;6191114668621;XXL;I815;25H;;1,00;
29/01/2026;005;22351;6191114668836;L;I815;25H;;1,00;
29/01/2026;005;55808;6191114641211;L;385;25H;;1,00;
29/01/2026;005;55810;6191114642225;L;385;25H;;1,00;
29/01/2026;005;55811;6191114644564;S;R784;25H;;1,00;
29/01/2026;005;55816;6191114648371;S;R995;25H;;1,00;
29/01/2026;005;55819;6191114657533;L;R385;25H;;1,00;
29/01/2026;005;70201;6191114608030;L;R870;25H;;1,00;
29/01/2026;005;70206;6191114612426;L;995;25H;;1,00;
29/01/2026;005;70210;6191114619197;L;R350;25H;;1,00;
29/01/2026;005;70214;6191114623781;XL;195;25H;;1,00;
29/01/2026;005;70220;6191114631168;M;695;25H;;1,00;
29/01/2026;005;70220;6191114631243;3XL;695;25H;;1,00;
29/01/2026;005;70228;6191114649897;XL;995;25H;;1,00;
29/01/2026;005;70231;6191114658714;XL;C000;25H;;1,00;
29/01/2026;005;70231;6191114658783;4XL;C995;25H;;1,00;
29/01/2026;005;70232;6191114658813;L;995;25H;;1,00;
29/01/2026;005;91367;6191114542525;TU;995;25E;;1,00;
29/01/2026;009;22005;6191114606647;XL;815;25H;;1,00;
29/01/2026;009;22009;6191114607194;XL;380;25H;;1,00;
29/01/2026;009;22017;6191114609211;XL;010;25H;;1,00;
29/01/2026;009;22029;6191114610606;XXL;010;25H;;1,00;
29/01/2026;009;22032;6191114610934;L;940;25H;;1,00;
29/01/2026;009;22033;6191114611061;XL;815;25H;;1,00;
29/01/2026;009;22048;6191114611993;L;995;25H;;1,00;
29/01/2026;009;22049;6191114612136;XL;815;25H;;1,00;
29/01/2026;009;22049;6191114612150;XXL;815;25H;;1,00;
29/01/2026;009;22052;6191114617193;L;385;25H;;1,00;
29/01/2026;009;22052;6191114617209;L;995;25H;;1,00;
29/01/2026;009;22052;6191114617216;XL;385;25H;;2,00;
29/01/2026;009;22053;6191114617322;XL;385;25H;;2,00;
29/01/2026;009;22054;6191114617445;XL;385;25H;;1,00;
29/01/2026;009;22061;6191114618176;L;R350;25H;;1,00;
29/01/2026;009;22063;6191114618459;XS;870;25H;;1,00;
29/01/2026;009;22068;6191114615762;L;995;25H;;1,00;
29/01/2026;009;22068;6191114642386;L;695;25H;;1,00;
29/01/2026;009;22091;6191114620193;XL;815;25H;;1,00;
29/01/2026;009;22097;6191114620766;XL;995;25H;;1,00;
29/01/2026;009;22098;6191114620841;M;995;25H;;1,00;
29/01/2026;009;22113;6191114645691;M;005;25H;;1,00;
29/01/2026;009;22116;6191114646100;S;770;25H;;1,00;
29/01/2026;009;22117;6191114646292;XL;995;25H;;2,00;
29/01/2026;009;22117;6191114649019;XXL;940;25H;;1,00;
29/01/2026;009;22127;6191114649064;L;770;25H;;-1,00;
29/01/2026;009;22132;6191114623835;M;794;25H;;1,00;
29/01/2026;009;22163;6191114659780;S;C790;25H;;1,00;
29/01/2026;009;22163;6191114659803;M;C790;25H;;1,00;
29/01/2026;009;22173;6191114628687;L;995;25H;;1,00;
29/01/2026;009;22177;6191114628892;L;215;25H;;1,00;
29/01/2026;009;22183;6191114629493;S;995;25H;;1,00;
29/01/2026;009;22193;6191114628069;M;995;25H;;1,00;
29/01/2026;009;22198;6191114630185;XL;385;25H;;1,00;
29/01/2026;009;22200;6191114648326;M;210;25H;;1,00;
29/01/2026;009;22203;6191114630611;S;010;25H;;1,00;
29/01/2026;009;22204;6191114630758;XL;995;25H;;1,00;
29/01/2026;009;22211;6191114641419;XXL;694;25H;;1,00;
29/01/2026;009;22212;6191114641594;XXL;235;25H;;1,00;
29/01/2026;009;22216;6191114642621;L;I880;25H;;1,00;
29/01/2026;009;22222;6191114643468;3XL;995;25H;;1,00;
29/01/2026;009;22233;6191114644373;M;815;25H;;1,00;
29/01/2026;009;22233;6191114644397;L;815;25H;;1,00;
29/01/2026;009;22233;6191114644403;L;000;25H;;1,00;
29/01/2026;009;22245;6191114648296;XL;010;25H;;1,00;
29/01/2026;009;22250;6191114649606;L;815;25H;;1,00;
29/01/2026;009;22250;6191114649637;XL;815;25H;;1,00;
29/01/2026;009;22256;6191114650435;XL;995;25H;;1,00;
29/01/2026;009;22257;6191114650497;S;I195;25H;;1,00;
29/01/2026;009;22267;6191114651807;S;815;25H;;1,00;
29/01/2026;009;22269;6191114653184;M;695;25H;;1,00;
29/01/2026;009;22269;6191114653214;XXL;695;25H;;1,00;
29/01/2026;009;22275;6191114652958;L;385;25H;;1,00;
29/01/2026;009;22276;6191114655744;S;385;25H;;1,00;
29/01/2026;009;22276;6191114655751;S;995;25H;;1,00;
29/01/2026;009;22276;6191114655775;M;995;25H;;1,00;
29/01/2026;009;22276;6191114655805;XL;385;25H;;2,00;
29/01/2026;009;22284;6191114654211;L;385;25H;;1,00;
29/01/2026;009;22287;6191114654563;L;995;25H;;1,00;
29/01/2026;009;22292;6191114655683;XL;870;25H;;1,00;
29/01/2026;009;22295;6191114656239;L;695;25H;;1,00;
29/01/2026;009;22295;6191114656253;XL;695;25H;;1,00;
29/01/2026;009;22296;6191114656598;3XL;385;25H;;1,00;
29/01/2026;009;22301;6191114657182;3XL;215;25H;;1,00;
29/01/2026;009;22330;6191114660052;L;724;25H;;1,00;
29/01/2026;009;55800;6191114621633;XL;975;25H;;1,00;
29/01/2026;009;55809;6191114642010;L;995;25H;;1,00;
29/01/2026;009;55809;6191114642096;L;870;25H;;1,00;
29/01/2026;009;55817;6191114654747;M;695;25H;;1,00;
29/01/2026;009;55817;6191114654754;M;790;25H;;1,00;
29/01/2026;009;55818;6191114658301;M;535;25H;;1,00;
29/01/2026;009;55819;6191114657458;S;R385;25H;;1,00;
29/01/2026;009;70205;6191114612310;XL;385;25H;;1,00;
29/01/2026;009;70220;6191114631199;XL;870;25H;;1,00;
29/01/2026;009;70220;6191114631229;XXL;695;25H;;1,00;
29/01/2026;009;70229;6191114657762;M;476;25H;;1,00;
29/01/2026;009;91508;6191114625037;40;815;25H;;1,00;
29/01/2026;011;21383;6191114508774;2XL/3;170;24H;;1,00;
29/01/2026;011;21826;6191114582835;L;200;25E;;1,00;
29/01/2026;011;21827;6191114582934;S;995;25E;;-1,00;
29/01/2026;011;21827;6191114583016;L;200;25E;;1,00;
29/01/2026;011;21830;6191114583382;L;995;25E;;1,00;
29/01/2026;011;21832;6191114583702;L;200;25E;;1,00;
29/01/2026;011;21833;6191114583832;M;995;25E;;1,00;
29/01/2026;011;21833;6191114583870;L;000;25E;;1,00;
29/01/2026;011;21835;6191114584020;S;645;25E;;1,00;
29/01/2026;011;21859;6191114588790;XL;000;25E;;1,00;
29/01/2026;011;22011;6191114607422;XL;010;25H;;1,00;
29/01/2026;011;22011;6191114607439;XL;215;25H;;1,00;
29/01/2026;011;22019;6191114609433;L;995;25H;;1,00;
29/01/2026;011;22019;6191114609440;XL;815;25H;;1,00;
29/01/2026;011;22021;6191114609648;L;385;25H;;1,00;
29/01/2026;011;22024;6191114653337;XXL;815;25H;;1,00;
29/01/2026;011;22024;6191114653344;3XL;815;25H;;1,00;
29/01/2026;011;22025;6191114610088;L;995;25H;;1,00;
29/01/2026;011;22025;6191114610095;L;010;25H;;1,00;
29/01/2026;011;22027;6191114653078;XXL;870;25H;;1,00;
29/01/2026;011;22030;6191114610644;S;995;25H;;1,00;
29/01/2026;011;22030;6191114610668;M;995;25H;;1,00;
29/01/2026;011;22032;6191114610903;M;995;25H;;1,00;
29/01/2026;011;22032;6191114610941;XL;995;25H;;1,00;
29/01/2026;011;22033;6191114611061;XL;815;25H;;1,00;
29/01/2026;011;22033;6191114611078;XL;695;25H;;1,00;
29/01/2026;011;22036;6191114611160;L;R995;25H;;1,00;
29/01/2026;011;22036;6191114611191;XL;R010;25H;;1,00;
29/01/2026;011;22037;6191114611313;XL;010;25H;;1,00;
29/01/2026;011;22038;6191114611368;S;R385;25H;;1,00;
29/01/2026;011;22044;6191114622036;L;695;25H;;1,00;
29/01/2026;011;22045;6191114611689;M;995;25H;;1,00;
29/01/2026;011;22045;6191114611702;L;995;25H;;1,00;
29/01/2026;011;22046;6191114611825;XXL;C385;25H;;1,00;
29/01/2026;011;22048;6191114612020;XL;010;25H;;1,00;
29/01/2026;011;22048;6191114612051;3XL;995;25H;;1,00;
29/01/2026;011;22055;6191114617629;3XL;870;25H;;1,00;
29/01/2026;011;22056;6191114617698;L;000;25H;;1,00;
29/01/2026;011;22064;6191114618657;M;815;25H;;1,00;
29/01/2026;011;22064;6191114618756;XL;815;25H;;1,00;
29/01/2026;011;22097;6191114620759;XL;385;25H;;1,00;
29/01/2026;011;22105;6191114621244;3XL;000;25H;;1,00;
29/01/2026;011;22111;6191114622616;XL;385;25H;;1,00;
29/01/2026;011;22113;6191114645738;XL;820;25H;;1,00;
29/01/2026;011;22115;6191114646001;XL;820;25H;;1,00;
29/01/2026;011;22117;6191114648975;S;940;25H;;1,00;
29/01/2026;011;22120;6191114646520;XL;495;25H;;1,00;
29/01/2026;011;22122;6191114646643;M;995;25H;;1,00;
29/01/2026;011;22124;6191114646872;XL;645;25H;;1,00;
29/01/2026;011;22124;6191114646889;XL;995;25H;;1,00;
29/01/2026;011;22127;6191114647077;S;995;25H;;1,00;
29/01/2026;011;22127;6191114649040;S;770;25H;;1,00;
29/01/2026;011;22127;6191114649071;XL;770;25H;;1,00;
29/01/2026;011;22133;6191114623996;L;815;25H;;1,00;
29/01/2026;011;22140;6191114624603;S;995;25H;;1,00;
29/01/2026;011;22142;6191114624757;XL;995;25H;;1,00;
29/01/2026;011;22142;6191114624771;XL;195;25H;;1,00;
29/01/2026;011;22151;6191114625723;XL;995;25H;;1,00;
29/01/2026;011;22159;6191114626065;L;880;25H;;1,00;
29/01/2026;011;22160;6191114626249;XL;820;25H;;1,00;
29/01/2026;011;22164;6191114649521;3XL;995;25H;;1,00;
29/01/2026;011;22177;6191114628861;M;010;25H;;1,00;
29/01/2026;011;22177;6191114628953;3XL;215;25H;;1,00;
29/01/2026;011;22182;6191114629349;M;995;25H;;1,00;
29/01/2026;011;22182;6191114629431;XXL;995;25H;;1,00;
29/01/2026;011;22183;6191114629585;3XL;385;25H;;1,00;
29/01/2026;011;22189;6191114644786;L/XL;200;25H;;2,00;
29/01/2026;011;22194;6191114628137;S;I255;25H;;1,00;
29/01/2026;011;22194;6191114628175;L;I880;25H;;1,00;
29/01/2026;011;22195;6191114628649;3XL;210;25H;;1,00;
29/01/2026;011;22198;6191114630178;L;695;25H;;1,00;
29/01/2026;011;22202;6191114630550;XL;790;25H;;1,00;
29/01/2026;011;22206;6191114630871;M;195;25H;;1,00;
29/01/2026;011;22206;6191114630918;XL;195;25H;;1,00;
29/01/2026;011;22207;6191114640443;L;880;25H;;1,00;
29/01/2026;011;22217;6191114642874;XXL;000;25H;;1,00;
29/01/2026;011;22229;6191114644021;XL;995;25H;;1,00;
29/01/2026;011;22237;6191114644809;M;I815;25H;;1,00;
29/01/2026;011;22239;6191114644991;L;784;25H;;1,00;
29/01/2026;011;22239;6191114645004;XL;815;25H;;2,00;
29/01/2026;011;22239;6191114645028;XL;784;25H;;1,00;
29/01/2026;011;22244;6191114647978;L;695;25H;;1,00;
29/01/2026;011;22244;6191114648029;XXL;215;25H;;1,00;
29/01/2026;011;22246;6191114648838;L;995;25H;;1,00;
29/01/2026;011;22247;6191114648692;L;R385;25H;;1,00;
29/01/2026;011;22250;6191114649590;M;784;25H;;1,00;
29/01/2026;011;22250;6191114649637;XL;815;25H;;1,00;
29/01/2026;011;22250;6191114649712;3XL;784;25H;;1,00;
29/01/2026;011;22254;6191114650312;XL;995;25H;;1,00;
29/01/2026;011;22257;6191114650473;S;I350;25H;;1,00;
29/01/2026;011;22257;6191114650503;M;I350;25H;;1,00;
29/01/2026;011;22257;6191114650565;XL;I350;25H;;1,00;
29/01/2026;011;22257;6191114650589;XL;I195;25H;;2,00;
29/01/2026;011;22258;6191114650831;3XL;385;25H;;1,00;
29/01/2026;011;22261;6191114651258;L;385;25H;;1,00;
29/01/2026;011;22263;6191114651609;XXL;870;25H;;1,00;
29/01/2026;011;22268;6191114656338;L;890;25H;;1,00;
29/01/2026;011;22269;6191114656413;XL;890;25H;;1,00;
29/01/2026;011;22276;6191114655799;L;995;25H;;1,00;
29/01/2026;011;22284;6191114654150;XS;385;25H;;1,00;
29/01/2026;011;22284;6191114654266;XXL;995;25H;;1,00;
29/01/2026;011;22286;6191114654457;L;995;25H;;1,00;
29/01/2026;011;22288;6191114654679;XL;995;25H;;1,00;
29/01/2026;011;22289;6191114655225;M;995;25H;;1,00;
29/01/2026;011;22290;6191114657946;L;R385;25H;;1,00;
29/01/2026;011;22290;6191114657953;XL;R385;25H;;1,00;
29/01/2026;011;22295;6191114656215;M;695;25H;;1,00;
29/01/2026;011;22295;6191114656222;L;995;25H;;1,00;
29/01/2026;011;22295;6191114656246;XL;995;25H;;2,00;
29/01/2026;011;22295;6191114656253;XL;695;25H;;2,00;
29/01/2026;011;22295;6191114656277;XXL;695;25H;;1,00;
29/01/2026;011;22301;6191114657137;XL;995;25H;;2,00;
29/01/2026;011;22301;6191114657144;XL;215;25H;;3,00;
29/01/2026;011;22302;6191114657243;L;245;25H;;1,00;
29/01/2026;011;22307;6191114669994;L;M940;25H;;1,00;
29/01/2026;011;22317;6191114658646;XXL;195;25H;;1,00;
29/01/2026;011;22318;6191114659018;XL;235;25H;;1,00;
29/01/2026;011;22320;6191114659162;L;870;25H;;1,00;
29/01/2026;011;22320;6191114659179;L;825;25H;;1,00;
29/01/2026;011;22320;6191114659209;XXL;870;25H;;1,00;
29/01/2026;011;22320;6191114659216;XXL;825;25H;;1,00;
29/01/2026;011;22321;6191114659292;M;825;25H;;1,00;
29/01/2026;011;22321;6191114659308;L;870;25H;;1,00;
29/01/2026;011;22322;6191114659445;M;740;25H;;1,00;
29/01/2026;011;22328;6191114661424;XXL;995;25H;;1,00;
29/01/2026;011;22331;6191114660335;3XL;815;25H;;1,00;
29/01/2026;011;22331;6191114660403;XL;495;25H;;1,00;
29/01/2026;011;22347;6191114668607;L;I815;25H;;1,00;
29/01/2026;011;22347;6191114668614;XL;I815;25H;;1,00;
29/01/2026;011;55800;6191114621640;XXL;385;25H;;1,00;
29/01/2026;011;55808;6191114641150;S;385;25H;;1,00;
29/01/2026;011;55811;6191114644571;M;R310;25H;;1,00;
29/01/2026;011;55811;6191114644588;M;R784;25H;;1,00;
29/01/2026;011;55811;6191114644601;L;R784;25H;;1,00;
29/01/2026;011;55811;6191114644625;XL;R784;25H;;3,00;
29/01/2026;011;55811;6191114644649;XXL;R784;25H;;1,00;
29/01/2026;011;55813;6191114645301;XXL;940;25H;;1,00;
29/01/2026;011;55815;6191114645622;3XL;385;25H;;1,00;
29/01/2026;011;55816;6191114648401;M;R995;25H;;1,00;
29/01/2026;011;55816;6191114648418;M;R385;25H;;1,00;
29/01/2026;011;55816;6191114648425;M;R990;25H;;1,00;
29/01/2026;011;55816;6191114648432;L;R995;25H;;2,00;
29/01/2026;011;55816;6191114648456;L;R990;25H;;1,00;
29/01/2026;011;55816;6191114648517;XXL;R990;25H;;1,00;
29/01/2026;011;55817;6191114654754;M;790;25H;;1,00;
29/01/2026;011;55817;6191114654785;L;790;25H;;1,00;
29/01/2026;011;70201;6191114608030;L;R870;25H;;2,00;
29/01/2026;011;70205;6191114612310;XL;385;25H;;1,00;
29/01/2026;011;70220;6191114631168;M;695;25H;;1,00;
29/01/2026;011;70220;6191114631199;XL;870;25H;;1,00;
29/01/2026;011;70222;6191114630994;XL;476;25H;;1,00;
29/01/2026;011;70223;6191114631052;XL;476;25H;;1,00;
29/01/2026;011;70227;6191114652286;4XL;I875;25H;;1,00;
29/01/2026;011;70231;6191114658707;L;C995;25H;;1,00;
29/01/2026;011;70233;6191114658882;L;995;25H;;1,00;
29/01/2026;011;91272;6194444115667;TU;815;22H;;1,00;
29/01/2026;011;91273;6194444115674;TU;815;22H;;4,00;
29/01/2026;011;91502;6191114669123;TU;695;25H;;1,00;
29/01/2026;011;91503;6191114626317;TU;385;25H;;1,00;
29/01/2026;014;21358;6191114503694;L;995;24H;;1,00;
29/01/2026;014;21835;6191114584273;XXL;385;25E;;1,00;
29/01/2026;014;21859;6191114588783;XL;815;25E;;1,00;
29/01/2026;014;21859;6191114588806;XL;880;25E;;1,00;
29/01/2026;014;22012;6191114607521;L;995;25H;;1,00;
29/01/2026;014;22017;6191114609211;XL;010;25H;;1,00;
29/01/2026;014;22017;6191114609235;XXL;010;25H;;1,00;
29/01/2026;014;22019;6191114609426;L;815;25H;;1,00;
29/01/2026;014;22019;6191114609433;L;995;25H;;1,00;
29/01/2026;014;22019;6191114609457;XL;995;25H;;1,00;
29/01/2026;014;22019;6191114609464;XXL;815;25H;;1,00;
29/01/2026;014;22019;6191114609471;XXL;995;25H;;1,00;
29/01/2026;014;22020;6191114619296;XL;815;25H;;1,00;
29/01/2026;014;22025;6191114610040;S;995;25H;;2,00;
29/01/2026;014;22025;6191114610064;M;995;25H;;1,00;
29/01/2026;014;22025;6191114610088;L;995;25H;;1,00;
29/01/2026;014;22031;6191114610828;XL;995;25H;;1,00;
29/01/2026;014;22036;6191114611214;XXL;R010;25H;;1,00;
29/01/2026;014;22037;6191114611306;XL;995;25H;;1,00;
29/01/2026;014;22038;6191114611399;XL;R385;25H;;1,00;
29/01/2026;014;22054;6191114617421;L;385;25H;;1,00;
29/01/2026;014;22054;6191114617452;XL;995;25H;;1,00;
29/01/2026;014;22055;6191114624887;XXL;995;25H;;1,00;
29/01/2026;014;22061;6191114618190;XL;R350;25H;;1,00;
29/01/2026;014;22062;6191114618275;M;870;25H;;1,00;
29/01/2026;014;22062;6191114618411;3XL;195;25H;;1,00;
29/01/2026;014;22063;6191114618589;XL;995;25H;;1,00;
29/01/2026;014;22064;6191114618701;L;815;25H;;1,00;
29/01/2026;014;22064;6191114618718;L;010;25H;;1,00;
29/01/2026;014;22064;6191114618756;XL;815;25H;;1,00;
29/01/2026;014;22064;6191114618763;XL;010;25H;;1,00;
29/01/2026;014;22064;6191114618787;XL;175;25H;;1,00;
29/01/2026;014;22064;6191114618800;XXL;815;25H;;2,00;
29/01/2026;014;22064;6191114618817;XXL;010;25H;;2,00;
29/01/2026;014;22064;6191114618848;XXL;855;25H;;2,00;
29/01/2026;014;22065;6191114618985;XXL;350;25H;;1,00;
29/01/2026;014;22067;6191114615687;L;380;25H;;2,00;
29/01/2026;014;22068;6191114615786;XL;995;25H;;1,00;
29/01/2026;014;22068;6191114642416;3XL;695;25H;;1,00;
29/01/2026;014;22069;6191114615885;L;784;25H;;1,00;
29/01/2026;014;22070;6191114615984;M;995;25H;;1,00;
29/01/2026;014;22070;6191114616004;L;995;25H;;1,00;
29/01/2026;014;22070;6191114616028;XL;995;25H;;1,00;
29/01/2026;014;22083;6191114619067;L;350;25H;;1,00;
29/01/2026;014;22092;6191114620278;M;815;25H;;1,00;
29/01/2026;014;22092;6191114620292;L;815;25H;;1,00;
29/01/2026;014;22092;6191114620339;XXL;815;25H;;1,00;
29/01/2026;014;22096;6191114622241;4XL;870;25H;;1,00;
29/01/2026;014;22111;6191114622685;XXL;255;25H;;1,00;
29/01/2026;014;22113;6191114645646;S;820;25H;;1,00;
29/01/2026;014;22113;6191114645653;S;990;25H;;1,00;
29/01/2026;014;22113;6191114645660;S;005;25H;;1,00;
29/01/2026;014;22114;6191114645875;XXL;815;25H;;1,00;
29/01/2026;014;22115;6191114645912;S;820;25H;;1,00;
29/01/2026;014;22115;6191114645929;S;990;25H;;1,00;
29/01/2026;014;22116;6191114646179;XXL;995;25H;;1,00;
29/01/2026;014;22118;6191114646377;M;995;25H;;1,00;
29/01/2026;014;22118;6191114646391;L;995;25H;;1,00;
29/01/2026;014;22120;6191114646520;XL;495;25H;;1,00;
29/01/2026;014;22126;6191114649347;XXL;760;25H;;1,00;
29/01/2026;014;22128;6191114623002;L;385;25H;;1,00;
29/01/2026;014;22128;6191114623040;XL;870;25H;;1,00;
29/01/2026;014;22129;6191114623101;S;995;25H;;1,00;
29/01/2026;014;22129;6191114623200;XL;010;25H;;1,00;
29/01/2026;014;22129;6191114623217;XXL;385;25H;;1,00;
29/01/2026;014;22131;6191114623620;M;995;25H;;1,00;
29/01/2026;014;22132;6191114623859;L;794;25H;;1,00;
29/01/2026;014;22132;6191114623873;XL;794;25H;;1,00;
29/01/2026;014;22132;6191114623880;XL;224;25H;;1,00;
29/01/2026;014;22137;6191114623422;XL;235;25H;;1,00;
29/01/2026;014;22137;6191114623446;XXL;255;25H;;1,00;
29/01/2026;014;22139;6191114624436;M;940;25H;;1,00;
29/01/2026;014;22139;6191114624528;XXL;940;25H;;1,00;
29/01/2026;014;22142;6191114624733;L;875;25H;;1,00;
29/01/2026;014;22142;6191114624788;XXL;995;25H;;1,00;
29/01/2026;014;22142;6191114624801;XXL;195;25H;;1,00;
29/01/2026;014;22147;6191114625051;XS;000;25H;;1,00;
29/01/2026;014;22151;6191114625730;XXL;995;25H;;1,00;
29/01/2026;014;22170;6191114626898;M;R990;25H;;1,00;
29/01/2026;014;22170;6191114627048;XXL;R990;25H;;1,00;
29/01/2026;014;22177;6191114628854;S;215;25H;;1,00;
29/01/2026;014;22177;6191114628878;M;215;25H;;1,00;
29/01/2026;014;22177;6191114628922;XXL;010;25H;;1,00;
29/01/2026;014;22180;6191114629226;L;995;25H;;1,00;
29/01/2026;014;22182;6191114629400;XL;995;25H;;1,00;
29/01/2026;014;22182;6191114629424;XXL;870;25H;;1,00;
29/01/2026;014;22182;6191114629448;XXL;784;25H;;1,00;
29/01/2026;014;22182;6191114629479;3XL;784;25H;;1,00;
29/01/2026;014;22184;6191114629653;XL;995;25H;;1,00;
29/01/2026;014;22188;6191114644717;S/M;995;25H;;1,00;
29/01/2026;014;22194;6191114628199;L;I255;25H;;1,00;
29/01/2026;014;22197;6191114630086;XL;815;25H;;-1,00;
29/01/2026;014;22199;6191114631090;L;995;25H;;1,00;
29/01/2026;014;22201;6191114630369;S;815;25H;;1,00;
29/01/2026;014;22201;6191114630420;XL;815;25H;;1,00;
29/01/2026;014;22201;6191114630444;XXL;815;25H;;1,00;
29/01/2026;014;22202;6191114630550;XL;790;25H;;1,00;
29/01/2026;014;22202;6191114630581;3XL;995;25H;;1,00;
29/01/2026;014;22202;6191114630598;3XL;790;25H;;1,00;
29/01/2026;014;22203;6191114630673;XL;010;25H;;1,00;
29/01/2026;014;22206;6191114630925;XXL;995;25H;;1,00;
29/01/2026;014;22209;6191114640672;S;815;25H;;1,00;
29/01/2026;014;22211;6191114641389;L;535;25H;;1,00;
29/01/2026;014;22211;6191114641419;XXL;694;25H;;1,00;
29/01/2026;014;22215;6191114642485;L;215;25H;;1,00;
29/01/2026;014;22216;6191114642706;XXL;I385;25H;;1,00;
29/01/2026;014;22216;6191114642744;L;I255;25H;;1,00;
29/01/2026;014;22217;6191114642812;M;000;25H;;1,00;
29/01/2026;014;22222;6191114643345;S;685;25H;;1,00;
29/01/2026;014;22222;6191114643451;XXL;010;25H;;1,00;
29/01/2026;014;22223;6191114643529;M;870;25H;;1,00;
29/01/2026;014;22230;6191114644120;XL;790;25H;;1,00;
29/01/2026;014;22238;6191114644861;M;I995;25H;;1,00;
29/01/2026;014;22239;6191114644977;L;815;25H;;1,00;
29/01/2026;014;22239;6191114645066;3XL;815;25H;;1,00;
29/01/2026;014;22241;6191114647381;XL;R000;25H;;1,00;
29/01/2026;014;22242;6191114647602;XL;724;25H;;1,00;
29/01/2026;014;22243;6191114647794;L;695;25H;;1,00;
29/01/2026;014;22243;6191114647824;XL;695;25H;;1,00;
29/01/2026;014;22244;6191114647961;L;215;25H;;1,00;
29/01/2026;014;22244;6191114647985;XL;995;25H;;1,00;
29/01/2026;014;22244;6191114648036;XXL;695;25H;;1,00;
29/01/2026;014;22246;6191114648852;XL;995;25H;;1,00;
29/01/2026;014;22247;6191114648760;XXL;R310;25H;;1,00;
29/01/2026;014;22247;6191114648777;XXL;R270;25H;;1,00;
29/01/2026;014;22250;6191114649576;M;815;25H;;1,00;
29/01/2026;014;22250;6191114649620;L;784;25H;;1,00;
29/01/2026;014;22252;6191114650176;XL;255;25H;;1,00;
29/01/2026;014;22254;6191114650282;S;995;25H;;1,00;
29/01/2026;014;22254;6191114650299;M;995;25H;;1,00;
29/01/2026;014;22254;6191114650312;XL;995;25H;;1,00;
29/01/2026;014;22255;6191114650398;3XL;995;25H;;1,00;
29/01/2026;014;22256;6191114650428;L;995;25H;;1,00;
29/01/2026;014;22257;6191114650503;M;I350;25H;;1,00;
29/01/2026;014;22257;6191114650619;XXL;I195;25H;;1,00;
29/01/2026;014;22257;6191114650640;3XL;I195;25H;;1,00;
29/01/2026;014;22258;6191114650756;L;195;25H;;1,00;
29/01/2026;014;22258;6191114650817;XXL;195;25H;;1,00;
29/01/2026;014;22262;6191114651432;3XL;385;25H;;1,00;
29/01/2026;014;22263;6191114651517;M;870;25H;;1,00;
29/01/2026;014;22263;6191114651562;L;010;25H;;1,00;
29/01/2026;014;22263;6191114651647;3XL;995;25H;;1,00;
29/01/2026;014;22265;6191114651753;S;995;25H;;1,00;
29/01/2026;014;22269;6191114649798;XS;870;25H;;1,00;
29/01/2026;014;22271;6191114652323;S;010;25H;;1,00;
29/01/2026;014;22271;6191114652330;S;695;25H;;1,00;
29/01/2026;014;22271;6191114652347;M;870;25H;;1,00;
29/01/2026;014;22275;6191114652972;XL;385;25H;;1,00;
29/01/2026;014;22275;6191114652996;XXL;385;25H;;1,00;
29/01/2026;014;22275;6191114653023;3XL;790;25H;;1,00;
29/01/2026;014;22277;6191114653399;M;815;25H;;1,00;
29/01/2026;014;22278;6191114653528;3XL;995;25H;;1,00;
29/01/2026;014;22280;6191114653795;S;000;25H;;1,00;
29/01/2026;014;22280;6191114653894;XXL;645;25H;;1,00;
29/01/2026;014;22284;6191114654242;XL;995;25H;;1,00;
29/01/2026;014;22287;6191114654501;XS;995;25H;;1,00;
29/01/2026;014;22287;6191114654532;M;815;25H;;1,00;
29/01/2026;014;22287;6191114654594;XXL;815;25H;;1,00;
29/01/2026;014;22288;6191114654655;M;995;25H;;2,00;
29/01/2026;014;22289;6191114655256;L;476;25H;;1,00;
29/01/2026;014;22292;6191114655645;M;870;25H;;1,00;
29/01/2026;014;22295;6191114656185;S;995;25H;;1,00;
29/01/2026;014;22295;6191114656192;S;695;25H;;1,00;
29/01/2026;014;22295;6191114656222;L;995;25H;;1,00;
29/01/2026;014;22295;6191114656260;XXL;995;25H;;1,00;
29/01/2026;014;22296;6191114656512;L;215;25H;;2,00;
29/01/2026;014;22297;6191114656680;XL;215;25H;;1,00;
29/01/2026;014;22298;6191114658240;S;R385;25H;;1,00;
29/01/2026;014;22300;6191114656819;M;870;25H;;1,00;
29/01/2026;014;22300;6191114656840;XXL;870;25H;;1,00;
29/01/2026;014;22301;6191114657083;S;215;25H;;1,00;
29/01/2026;014;22301;6191114657113;L;995;25H;;1,00;
29/01/2026;014;22301;6191114657137;XL;995;25H;;1,00;
29/01/2026;014;22302;6191114657267;XL;245;25H;;1,00;
29/01/2026;014;22303;6191114657335;S;870;25H;;1,00;
29/01/2026;014;22307;6191114669963;M;M940;25H;;1,00;
29/01/2026;014;22307;6191114670082;3XL;M940;25H;;1,00;
29/01/2026;014;22308;6191114657724;XL;870;25H;;1,00;
29/01/2026;014;22319;6191114670211;XS;995;25H;;1,00;
29/01/2026;014;22319;6191114670228;S;995;25H;;1,00;
29/01/2026;014;22319;6191114670235;M;995;25H;;1,00;
29/01/2026;014;22321;6191114659315;L;825;25H;;1,00;
29/01/2026;014;22321;6191114659391;4XL;825;25H;;1,00;
29/01/2026;014;22325;6191114659919;S;995;25H;;1,00;
29/01/2026;014;22326;6191114668355;XXL;920;25H;;1,00;
29/01/2026;014;22331;6191114660236;L;995;25H;;1,00;
29/01/2026;014;22332;6191114660526;L;870;25H;;1,00;
29/01/2026;014;22338;6191114660922;XXL;170;25H;;1,00;
29/01/2026;014;22345;6191114668492;M;I815;25H;;1,00;
29/01/2026;014;22345;6191114668515;XL;I815;25H;;1,00;
29/01/2026;014;22347;6191114668614;XL;I815;25H;;1,00;
29/01/2026;014;55800;6191114621565;M;995;25H;;1,00;
29/01/2026;014;55805;6191114626614;L;R000;25H;;1,00;
29/01/2026;014;55805;6191114626744;M;R995;25H;;1,00;
29/01/2026;014;55808;6191114641228;L;995;25H;;2,00;
29/01/2026;014;55808;6191114641266;XL;975;25H;;1,00;
29/01/2026;014;55808;6191114641273;XXL;385;25H;;1,00;
29/01/2026;014;55808;6191114641297;XXL;975;25H;;1,00;
29/01/2026;014;55809;6191114642027;XL;995;25H;;1,00;
29/01/2026;014;55809;6191114642065;S;010;25H;;1,00;
29/01/2026;014;55811;6191114644601;L;R784;25H;;2,00;
29/01/2026;014;55811;6191114644625;XL;R784;25H;;1,00;
29/01/2026;014;55814;6191114645370;M;385;25H;;1,00;
29/01/2026;014;55815;6191114669321;L;995;25H;;1,00;
29/01/2026;014;55816;6191114648425;M;R990;25H;;1,00;
29/01/2026;014;55816;6191114648463;XL;R995;25H;;1,00;
29/01/2026;014;55818;6191114655041;XL;995;25H;;1,00;
29/01/2026;014;55820;6191114657823;S;R784;25H;;2,00;
29/01/2026;014;70201;6191114608023;M;R385;25H;;1,00;
29/01/2026;014;70201;6191114608047;L;R385;25H;;1,00;
29/01/2026;014;70201;6191114608054;XL;R870;25H;;1,00;
29/01/2026;014;70206;6191114612426;L;995;25H;;1,00;
29/01/2026;014;70209;6191114612747;S;R920;25H;;1,00;
29/01/2026;014;70209;6191114612754;M;R170;25H;;1,00;
29/01/2026;014;70221;6191114631274;S;I995;25H;;1,00;
29/01/2026;014;70221;6191114631281;M;I995;25H;;1,00;
29/01/2026;014;70221;6191114631298;L;I995;25H;;1,00;
29/01/2026;014;70224;6191114641792;L;385;25H;;1,00;
29/01/2026;014;70226;6191114652019;L;I880;25H;;1,00;
29/01/2026;014;70226;6191114652040;XL;I880;25H;;1,00;
29/01/2026;014;70226;6191114652057;XL;I815;25H;;3,00;
29/01/2026;014;70231;6191114658691;L;C000;25H;;1,00;
29/01/2026;014;91503;6191114626324;TU;995;25H;;1,00;
29/01/2026;014;91526;6191114639959;36;995;25H;;1,00;
29/01/2026;014;91526;6191114640023;39;880;25H;;1,00;
29/01/2026;014;91527;6191114640092;37;870;25H;;1,00;
29/01/2026;014;91528;6191114640177;36;870;25H;;1,00;
29/01/2026;014;91528;6191114640214;38;870;25H;;1,00;
29/01/2026;014;91531;6191114648586;TU;695;25H;;1,00;
29/01/2026;015;21832;6191114583726;XL;000;25E;;1,00;
29/01/2026;015;22005;6191114606722;3XL;815;25H;;1,00;
29/01/2026;015;22007;6191114607040;XXL;905;25H;;1,00;
29/01/2026;015;22011;6191114607460;3XL;010;25H;;1,00;
29/01/2026;015;22019;6191114609440;XL;815;25H;;1,00;
29/01/2026;015;22024;6191114653269;XL;870;25H;;1,00;
29/01/2026;015;22024;6191114653276;XXL;870;25H;;1,00;
29/01/2026;015;22024;6191114653320;XL;815;25H;;1,00;
29/01/2026;015;22026;6191114610200;L;815;25H;;1,00;
29/01/2026;015;22026;6191114610217;L;645;25H;;1,00;
29/01/2026;015;22026;6191114610262;3XL;815;25H;;1,00;
29/01/2026;015;22040;6191114611580;XXL;R010;25H;;1,00;
29/01/2026;015;22060;6191114618091;XXL;310;25H;;1,00;
29/01/2026;015;22062;6191114618411;3XL;195;25H;;1,00;
29/01/2026;015;22064;6191114618763;XL;010;25H;;1,00;
29/01/2026;015;22064;6191114618855;3XL;815;25H;;1,00;
29/01/2026;015;22064;6191114618893;3XL;855;25H;;1,00;
29/01/2026;015;22068;6191114615786;XL;995;25H;;1,00;
29/01/2026;015;22068;6191114642393;XL;695;25H;;1,00;
29/01/2026;015;22113;6191114645646;S;820;25H;;1,00;
29/01/2026;015;22115;6191114646001;XL;820;25H;;1,00;
29/01/2026;015;22117;6191114649002;XL;940;25H;;1,00;
29/01/2026;015;22120;6191114646490;L;995;25H;;1,00;
29/01/2026;015;22120;6191114646537;XXL;995;25H;;1,00;
29/01/2026;015;22127;6191114647138;XL;995;25H;;1,00;
29/01/2026;015;22127;6191114649040;S;770;25H;;1,00;
29/01/2026;015;22127;6191114649064;L;770;25H;;1,00;
29/01/2026;015;22128;6191114623064;XXL;385;25H;;1,00;
29/01/2026;015;22128;6191114623071;XXL;870;25H;;1,00;
29/01/2026;015;22131;6191114623644;XL;995;25H;;1,00;
29/01/2026;015;22142;6191114624726;L;995;25H;;1,00;
29/01/2026;015;22147;6191114625099;XL;000;25H;;1,00;
29/01/2026;015;22147;6191114625136;M;815;25H;;1,00;
29/01/2026;015;22147;6191114625150;XL;815;25H;;1,00;
29/01/2026;015;22182;6191114629417;XL;784;25H;;1,00;
29/01/2026;015;22182;6191114629455;3XL;870;25H;;1,00;
29/01/2026;015;22182;6191114629479;3XL;784;25H;;1,00;
29/01/2026;015;22203;6191114630703;3XL;995;25H;;1,00;
29/01/2026;015;22203;6191114630710;3XL;010;25H;;1,00;
29/01/2026;015;22205;6191114630802;L;870;25H;;1,00;
29/01/2026;015;22205;6191114630833;3XL;870;25H;;1,00;
29/01/2026;015;22207;6191114640511;XXL;784;25H;;1,00;
29/01/2026;015;22209;6191114640771;3XL;815;25H;;1,00;
29/01/2026;015;22216;6191114642638;XL;I880;25H;;1,00;
29/01/2026;015;22216;6191114642706;XXL;I385;25H;;1,00;
29/01/2026;015;22216;6191114642713;3XL;I385;25H;;1,00;
29/01/2026;015;22216;6191114642775;3XL;I255;25H;;1,00;
29/01/2026;015;22217;6191114642812;M;000;25H;;1,00;
29/01/2026;015;22222;6191114643451;XXL;010;25H;;1,00;
29/01/2026;015;22229;6191114644007;M;995;25H;;1,00;
29/01/2026;015;22230;6191114644083;M;790;25H;;1,00;
29/01/2026;015;22237;6191114644847;3XL;I815;25H;;1,00;
29/01/2026;015;22239;6191114645042;XXL;995;25H;;1,00;
29/01/2026;015;22240;6191114645158;XXL;010;25H;;1,00;
29/01/2026;015;22243;6191114647831;XXL;995;25H;;1,00;
29/01/2026;015;22244;6191114647954;L;995;25H;;1,00;
29/01/2026;015;22244;6191114647978;L;695;25H;;1,00;
29/01/2026;015;22247;6191114648630;S;R385;25H;;1,00;
29/01/2026;015;22250;6191114649576;M;815;25H;;1,00;
29/01/2026;015;22250;6191114649682;XXL;784;25H;;1,00;
29/01/2026;015;22251;6191114650077;XXL;255;25H;;1,00;
29/01/2026;015;22252;6191114650145;L;995;25H;;1,00;
29/01/2026;015;22253;6191114650237;M;995;25H;;1,00;
29/01/2026;015;22255;6191114650343;S;995;25H;;1,00;
29/01/2026;015;22257;6191114650541;L;I740;25H;;1,00;
29/01/2026;015;22257;6191114650657;4XL;I350;25H;;2,00;
29/01/2026;015;22257;6191114650664;4XL;I740;25H;;1,00;
29/01/2026;015;22257;6191114650671;4XL;I195;25H;;1,00;
29/01/2026;015;22258;6191114650763;L;740;25H;;1,00;
29/01/2026;015;22258;6191114650855;3XL;740;25H;;1,00;
29/01/2026;015;22263;6191114651456;XS;870;25H;;1,00;
29/01/2026;015;22265;6191114651791;XXL;995;25H;;1,00;
29/01/2026;015;22267;6191114651913;3XL;995;25H;;1,00;
29/01/2026;015;22268;6191114649774;XXL;870;25H;;1,00;
29/01/2026;015;22275;6191114653016;3XL;385;25H;;1,00;
29/01/2026;015;22276;6191114655782;L;385;25H;;1,00;
29/01/2026;015;22276;6191114655850;3XL;995;25H;;1,00;
29/01/2026;015;22277;6191114653375;S;815;25H;;1,00;
29/01/2026;015;22279;6191114653726;3XL;995;25H;;1,00;
29/01/2026;015;22280;6191114653931;3XL;995;25H;;1,00;
29/01/2026;015;22290;6191114657960;XXL;R385;25H;;1,00;
29/01/2026;015;22296;6191114656482;M;215;25H;;1,00;
29/01/2026;015;22301;6191114657144;XL;215;25H;;1,00;
29/01/2026;015;22307;6191114670082;3XL;M940;25H;;1,00;
29/01/2026;015;22312;6191114658141;L;995;25H;;1,00;
29/01/2026;015;22312;6191114658165;XXL;995;25H;;1,00;
29/01/2026;015;22316;6191114658523;XL;476;25H;;1,00;
29/01/2026;015;22318;6191114659001;L;C000;25H;;1,00;
29/01/2026;015;22320;6191114659186;XL;870;25H;;1,00;
29/01/2026;015;22322;6191114659544;XXL;190;25H;;1,00;
29/01/2026;015;22322;6191114659575;3XL;190;25H;;1,00;
29/01/2026;015;22326;6191114668300;L;995;25H;;1,00;
29/01/2026;015;22331;6191114660243;L;390;25H;;1,00;
29/01/2026;015;22331;6191114660274;XL;995;25H;;1,00;
29/01/2026;015;22338;6191114660908;L;170;25H;;1,00;
29/01/2026;015;55806;6191114640887;XL;385;25H;;1,00;
29/01/2026;015;55808;6191114641266;XL;975;25H;;1,00;
29/01/2026;015;55809;6191114642133;XXL;870;25H;;1,00;
29/01/2026;015;55810;6191114642263;XXL;385;25H;;1,00;
29/01/2026;015;55810;6191114642270;XXL;010;25H;;1,00;
29/01/2026;015;55811;6191114644588;M;R784;25H;;1,00;
29/01/2026;015;55811;6191114644632;XXL;R310;25H;;1,00;
29/01/2026;015;55813;6191114645271;XL;940;25H;;1,00;
29/01/2026;015;55816;6191114648418;M;R385;25H;;1,00;
29/01/2026;015;55816;6191114648463;XL;R995;25H;;1,00;
29/01/2026;015;55817;6191114654785;L;790;25H;;1,00;
29/01/2026;015;70217;6191114649415;3XL;I385;25H;;1,00;
29/01/2026;015;70222;6191114631007;XXL;476;25H;;2,00;
29/01/2026;015;70223;6191114631069;XXL;476;25H;;1,00;
29/01/2026;015;70223;6191114631076;3XL;476;25H;;1,00;
29/01/2026;015;70224;6191114641808;L;694;25H;;1,00;
29/01/2026;015;70224;6191114641853;3XL;385;25H;;1,00;
29/01/2026;015;70231;6191114658714;XL;C000;25H;;1,00;
29/01/2026;015;70231;6191114658738;XXL;C000;25H;;1,00;
29/01/2026;015;70233;6191114658899;XL;995;25H;;1,00;
29/01/2026;015;91272;6194444115667;TU;815;22H;;3,00;
29/01/2026;015;91504;6191114626348;TU;695;25H;;1,00;
29/01/2026;015;91505;6191114657328;TU;385;25H;;1,00;
29/01/2026;015;91507;6191114626409;TU;195;25H;;1,00;
29/01/2026;015;91509;6191114625341;39;995;25H;;1,00;
29/01/2026;015;91512;6191114626423;TU;995;25H;;1,00;
29/01/2026;015;91512;6191114626430;TU;695;25H;;1,00;
29/01/2026;015;91526;6191114639980;37;880;25H;;1,00;
29/01/2026;015;91528;6191114640221;38;995;25H;;1,00;
29/01/2026;015;91529;6191114640368;40;875;25H;;1,00;
29/01/2026;016;20255;6191114257856;L;995;23H;;1,00;
29/01/2026;016;21135;6191114463134;L;940;24H;;1,00;
29/01/2026;016;21135;6191114463196;3XL;940;24H;;1,00;
29/01/2026;016;21182;6191114469501;M;915;24H;;1,00;
29/01/2026;016;21182;6191114469518;L;915;24H;;1,00;
29/01/2026;016;21222;6191114479111;L;645;24H;;1,00;
29/01/2026;016;21222;6191114479173;3XL;645;24H;;1,00;
29/01/2026;016;21225;6191114479470;3XL;310;24H;;1,00;
29/01/2026;016;21343;6191114501034;XL;895;24H;;1,00;
29/01/2026;016;21345;6191114501256;L;895;24H;;1,00;
29/01/2026;016;21345;6191114501263;XL;995;24H;;1,00;
29/01/2026;016;21381;6191114508507;L;875;24H;;1,00;
29/01/2026;016;21381;6191114508514;XL;995;24H;;1,00;
29/01/2026;016;21658;6191114553712;XL;000;25E;;1,00;
29/01/2026;016;21835;6191114584297;XXL;000;25E;;1,00;
29/01/2026;016;22005;6191114606647;XL;815;25H;;1,00;
29/01/2026;016;22006;6191114606876;L;995;25H;;1,00;
29/01/2026;016;22024;6191114653320;XL;815;25H;;1,00;
29/01/2026;016;22025;6191114610088;L;995;25H;;1,00;
29/01/2026;016;22025;6191114610125;XXL;995;25H;;1,00;
29/01/2026;016;22026;6191114610200;L;815;25H;;2,00;
29/01/2026;016;22028;6191114610453;L;940;25H;;1,00;
29/01/2026;016;22031;6191114610767;S;995;25H;;1,00;
29/01/2026;016;22032;6191114610910;M;940;25H;;1,00;
29/01/2026;016;22033;6191114611047;L;815;25H;;2,00;
29/01/2026;016;22033;6191114611054;L;695;25H;;1,00;
29/01/2026;016;22046;6191114611788;S;C385;25H;;1,00;
29/01/2026;016;22048;6191114612013;XL;995;25H;;1,00;
29/01/2026;016;22049;6191114612129;L;995;25H;;1,00;
29/01/2026;016;22053;6191114617353;XXL;995;25H;;1,00;
29/01/2026;016;22058;6191114617896;S;000;25H;;1,00;
29/01/2026;016;22058;6191114617957;XL;000;25H;;1,00;
29/01/2026;016;22060;6191114618077;XL;310;25H;;1,00;
29/01/2026;016;22061;6191114618169;L;R385;25H;;1,00;
29/01/2026;016;22061;6191114618237;3XL;R350;25H;;1,00;
29/01/2026;016;22064;6191114618701;L;815;25H;;1,00;
29/01/2026;016;22064;6191114618718;L;010;25H;;1,00;
29/01/2026;016;22064;6191114618749;L;855;25H;;1,00;
29/01/2026;016;22065;6191114618978;XL;820;25H;;1,00;
29/01/2026;016;22065;6191114618992;XXL;820;25H;;1,00;
29/01/2026;016;22068;6191114615762;L;995;25H;;1,00;
29/01/2026;016;22072;6191114616240;3XL;476;25H;;1,00;
29/01/2026;016;22073;6191114616295;L;870;25H;;1,00;
29/01/2026;016;22073;6191114616318;XL;870;25H;;1,00;
29/01/2026;016;22073;6191114616363;3XL;395;25H;;1,00;
29/01/2026;016;22080;6191114616967;M;380;25H;;1,00;
29/01/2026;016;22085;6191114619388;M;740;25H;;1,00;
29/01/2026;016;22087;6191114619685;XL;995;25H;;1,00;
29/01/2026;016;22089;6191114619883;S;995;25H;;1,00;
29/01/2026;016;22115;6191114645974;L;820;25H;;1,00;
29/01/2026;016;22115;6191114646063;3XL;820;25H;;1,00;
29/01/2026;016;22117;6191114646230;S;995;25H;;1,00;
29/01/2026;016;22117;6191114646278;L;995;25H;;1,00;
29/01/2026;016;22117;6191114649002;XL;940;25H;;1,00;
29/01/2026;016;22117;6191114649019;XXL;940;25H;;1,00;
29/01/2026;016;22118;6191114646391;L;995;25H;;1,00;
29/01/2026;016;22123;6191114646742;L;695;25H;;1,00;
29/01/2026;016;22123;6191114646766;XL;695;25H;;1,00;
29/01/2026;016;22124;6191114646872;XL;645;25H;;1,00;
29/01/2026;016;22124;6191114646889;XL;995;25H;;1,00;
29/01/2026;016;22126;6191114649323;L;760;25H;;1,00;
29/01/2026;016;22127;6191114649040;S;770;25H;;1,00;
29/01/2026;016;22128;6191114622999;M;995;25H;;1,00;
29/01/2026;016;22128;6191114623033;XL;385;25H;;1,00;
29/01/2026;016;22130;6191114623491;XS;995;25H;;1,00;
29/01/2026;016;22130;6191114623538;M;995;25H;;1,00;
29/01/2026;016;22130;6191114623576;XL;995;25H;;1,00;
29/01/2026;016;22132;6191114623866;L;224;25H;;1,00;
29/01/2026;016;22132;6191114623873;XL;794;25H;;1,00;
29/01/2026;016;22139;6191114624368;XS;995;25H;;1,00;
29/01/2026;016;22139;6191114624399;S;995;25H;;1,00;
29/01/2026;016;22139;6191114624412;M;385;25H;;1,00;
29/01/2026;016;22140;6191114624610;M;995;25H;;-1,00;
29/01/2026;016;22140;6191114624627;L;995;25H;;1,00;
29/01/2026;016;22142;6191114624696;M;995;25H;;1,00;
29/01/2026;016;22142;6191114624719;M;195;25H;;1,00;
29/01/2026;016;22148;6191114625556;L;995;25H;;1,00;
29/01/2026;016;22151;6191114625730;XXL;995;25H;;1,00;
29/01/2026;016;22160;6191114626249;XL;820;25H;;1,00;
29/01/2026;016;22175;6191114628823;XXL;990;25H;;1,00;
29/01/2026;016;22177;6191114628892;L;215;25H;;1,00;
29/01/2026;016;22177;6191114628915;XL;215;25H;;1,00;
29/01/2026;016;22182;6191114629332;M;870;25H;;1,00;
29/01/2026;016;22182;6191114629394;XL;870;25H;;1,00;
29/01/2026;016;22183;6191114629530;L;995;25H;;1,00;
29/01/2026;016;22183;6191114629554;XL;995;25H;;1,00;
29/01/2026;016;22184;6191114629653;XL;995;25H;;1,00;
29/01/2026;016;22190;6191114627826;M;995;25H;;1,00;
29/01/2026;016;22197;6191114630079;L;815;25H;;1,00;
29/01/2026;016;22201;6191114630451;XXL;995;25H;;1,00;
29/01/2026;016;22201;6191114630468;3XL;815;25H;;1,00;
29/01/2026;016;22202;6191114630543;XL;995;25H;;1,00;
29/01/2026;016;22203;6191114630673;XL;010;25H;;1,00;
29/01/2026;016;22203;6191114630697;XXL;010;25H;;1,00;
29/01/2026;016;22206;6191114630949;3XL;995;25H;;1,00;
29/01/2026;016;22216;6191114642683;L;I385;25H;;1,00;
29/01/2026;016;22216;6191114642713;3XL;I385;25H;;1,00;
29/01/2026;016;22217;6191114642812;M;000;25H;;1,00;
29/01/2026;016;22223;6191114643543;L;645;25H;;1,00;
29/01/2026;016;22230;6191114644120;XL;790;25H;;1,00;
29/01/2026;016;22233;6191114644427;XL;000;25H;;1,00;
29/01/2026;016;22237;6191114644816;L;I815;25H;;1,00;
29/01/2026;016;22241;6191114647381;XL;R000;25H;;1,00;
29/01/2026;016;22241;6191114647404;3XL;R000;25H;;1,00;
29/01/2026;016;22247;6191114648777;XXL;R270;25H;;1,00;
29/01/2026;016;22248;6191114649194;XXL;815;25H;;1,00;
29/01/2026;016;22249;6191114649217;S;010;25H;;1,00;
29/01/2026;016;22254;6191114650305;L;995;25H;;1,00;
29/01/2026;016;22255;6191114650367;L;995;25H;;1,00;
29/01/2026;016;22257;6191114650541;L;I740;25H;;1,00;
29/01/2026;016;22257;6191114650602;XXL;I740;25H;;1,00;
29/01/2026;016;22258;6191114650718;M;385;25H;;1,00;
29/01/2026;016;22258;6191114650756;L;195;25H;;1,00;
29/01/2026;016;22258;6191114650763;L;740;25H;;1,00;
29/01/2026;016;22258;6191114650770;XL;385;25H;;1,00;
29/01/2026;016;22258;6191114650848;3XL;195;25H;;1,00;
29/01/2026;016;22259;6191114650930;L;010;25H;;1,00;
29/01/2026;016;22263;6191114651531;M;010;25H;;1,00;
29/01/2026;016;22263;6191114651609;XXL;870;25H;;1,00;
29/01/2026;016;22264;6191114651685;M;995;25H;;1,00;
29/01/2026;016;22274;6191114652866;M;995;25H;;1,00;
29/01/2026;016;22274;6191114652880;XL;995;25H;;1,00;
29/01/2026;016;22276;6191114655799;L;995;25H;;1,00;
29/01/2026;016;22276;6191114655805;XL;385;25H;;1,00;
29/01/2026;016;22277;6191114653443;XL;784;25H;;1,00;
29/01/2026;016;22279;6191114653658;XL;645;25H;;1,00;
29/01/2026;016;22286;6191114654433;S;995;25H;;1,00;
29/01/2026;016;22286;6191114654440;M;995;25H;;1,00;
29/01/2026;016;22287;6191114654570;XL;815;25H;;1,00;
29/01/2026;016;22287;6191114654587;XL;995;25H;;1,00;
29/01/2026;016;22288;6191114654655;M;995;25H;;1,00;
29/01/2026;016;22288;6191114654662;L;995;25H;;1,00;
29/01/2026;016;22288;6191114654679;XL;995;25H;;1,00;
29/01/2026;016;22289;6191114655249;L;995;25H;;2,00;
29/01/2026;016;22292;6191114655669;L;870;25H;;1,00;
29/01/2026;016;22292;6191114655683;XL;870;25H;;1,00;
29/01/2026;016;22292;6191114655690;XL;995;25H;;1,00;
29/01/2026;016;22294;6191114656048;M;870;25H;;1,00;
29/01/2026;016;22295;6191114656215;M;695;25H;;1,00;
29/01/2026;016;22295;6191114656222;L;995;25H;;1,00;
29/01/2026;016;22295;6191114656239;L;695;25H;;2,00;
29/01/2026;016;22295;6191114656246;XL;995;25H;;1,00;
29/01/2026;016;22295;6191114656253;XL;695;25H;;2,00;
29/01/2026;016;22295;6191114656277;XXL;695;25H;;1,00;
29/01/2026;016;22296;6191114656512;L;215;25H;;1,00;
29/01/2026;016;22300;6191114656840;XXL;870;25H;;1,00;
29/01/2026;016;22301;6191114657083;S;215;25H;;1,00;
29/01/2026;016;22303;6191114657342;S;195;25H;;1,00;
29/01/2026;016;22303;6191114657359;M;870;25H;;1,00;
29/01/2026;016;22303;6191114657380;L;195;25H;;1,00;
29/01/2026;016;22304;6191114660458;L;MCO;25H;;1,00;
29/01/2026;016;22308;6191114657700;M;870;25H;;1,00;
29/01/2026;016;22308;6191114657717;L;870;25H;;1,00;
29/01/2026;016;22320;6191114659162;L;870;25H;;1,00;
29/01/2026;016;22322;6191114659490;XL;645;25H;;1,00;
29/01/2026;016;22323;6191114659599;M;995;25H;;1,00;
29/01/2026;016;22328;6191114661431;3XL;995;25H;;1,00;
29/01/2026;016;22331;6191114660236;L;995;25H;;1,00;
29/01/2026;016;22343;6191114661363;XL;I634;25H;;1,00;
29/01/2026;016;22343;6191114661479;3XL;I634;25H;;1,00;
29/01/2026;016;22347;6191114668621;XXL;I815;25H;;1,00;
29/01/2026;016;22349;6191114668706;M;I815;25H;;1,00;
29/01/2026;016;22355;6191114669031;XXL;995;25H;;1,00;
29/01/2026;016;22356;6191114668140;M;490;25H;;1,00;
29/01/2026;016;29492;6191114111264;XXL;995;23E;;1,00;
29/01/2026;016;55813;6191114645226;L;385;25H;;1,00;
29/01/2026;016;70207;6191114612495;S;R385;25H;;1,00;
29/01/2026;016;70214;6191114623767;L;195;25H;;1,00;
29/01/2026;016;70216;6191114624313;L;R385;25H;;1,00;
29/01/2026;016;70216;6191114624320;XL;R385;25H;;1,00;
29/01/2026;016;70226;6191114652002;L;I995;25H;;1,00;
29/01/2026;016;70226;6191114652019;L;I880;25H;;1,00;
29/01/2026;016;70226;6191114652064;XXL;I995;25H;;1,00;
29/01/2026;016;70226;6191114652118;3XL;I815;25H;;1,00;
29/01/2026;016;70227;6191114652194;L;I740;25H;;1,00;
29/01/2026;016;70228;6191114649880;L;995;25H;;1,00;
29/01/2026;016;70231;6191114658714;XL;C000;25H;;1,00;
29/01/2026;016;91272;6194444115667;TU;815;22H;;1,00;
29/01/2026;016;91526;6191114640061;41;880;25H;;1,00;
29/01/2026;016;91531;6191114648586;TU;695;25H;;1,00;
29/01/2026;019;21308;6191114492707;L;995;24H;;1,00;
29/01/2026;019;21345;6191114501300;3XL;995;24H;;1,00;
29/01/2026;019;21345;6191114501317;3XL;895;24H;;1,00;
29/01/2026;019;22064;6191114618756;XL;815;25H;;1,00;
29/01/2026;019;22239;6191114644960;M;784;25H;;1,00;
29/01/2026;019;22263;6191114651593;XL;010;25H;;1,00;
29/01/2026;019;22292;6191114655669;L;870;25H;;1,00;
29/01/2026;019;22295;6191114656253;XL;695;25H;;1,00;
29/01/2026;019;70220;6191114631182;L;695;25H;;1,00;
29/01/2026;021;22013;6191114607675;XL;995;25H;;1,00;
29/01/2026;021;22021;6191114609648;L;385;25H;;1,00;
29/01/2026;021;22024;6191114653313;L;815;25H;;1,00;
29/01/2026;021;22030;6191114610651;S;010;25H;;1,00;
29/01/2026;021;22030;6191114610668;M;995;25H;;1,00;
29/01/2026;021;22036;6191114611160;L;R995;25H;;1,00;
29/01/2026;021;22046;6191114611801;L;C385;25H;;1,00;
29/01/2026;021;22048;6191114612013;XL;995;25H;;1,00;
29/01/2026;021;22052;6191114617230;XXL;385;25H;;1,00;
29/01/2026;021;22060;6191114618077;XL;310;25H;;1,00;
29/01/2026;021;22061;6191114618176;L;R350;25H;;1,00;
29/01/2026;021;22062;6191114618336;XL;870;25H;;1,00;
29/01/2026;021;22064;6191114618602;S;815;25H;;1,00;
29/01/2026;021;22064;6191114618787;XL;175;25H;;1,00;
29/01/2026;021;22066;6191114615632;XXL;815;25H;;1,00;
29/01/2026;021;22086;6191114619548;XL;010;25H;;1,00;
29/01/2026;021;22140;6191114624627;L;995;25H;;1,00;
29/01/2026;021;22142;6191114624726;L;995;25H;;1,00;
29/01/2026;021;22142;6191114624740;L;195;25H;;1,00;
29/01/2026;021;22148;6191114625563;XL;995;25H;;1,00;
29/01/2026;021;22162;6191114647183;S;995;25H;;1,00;
29/01/2026;021;22173;6191114628687;L;995;25H;;1,00;
29/01/2026;021;22183;6191114629530;L;995;25H;;1,00;
29/01/2026;021;22190;6191114627819;S;995;25H;;1,00;
29/01/2026;021;22194;6191114628113;S;I880;25H;;1,00;
29/01/2026;021;22198;6191114630154;M;695;25H;;1,00;
29/01/2026;021;22200;6191114630307;XL;010;25H;;1,00;
29/01/2026;021;22203;6191114630642;L;995;25H;;1,00;
29/01/2026;021;22206;6191114630901;XL;995;25H;;1,00;
29/01/2026;021;22208;6191114640573;M;385;25H;;1,00;
29/01/2026;021;22208;6191114640580;M;995;25H;;1,00;
29/01/2026;021;22208;6191114640610;XL;385;25H;;1,00;
29/01/2026;021;22208;6191114640627;XL;995;25H;;1,00;
29/01/2026;021;22216;6191114642621;L;I880;25H;;2,00;
29/01/2026;021;22216;6191114642638;XL;I880;25H;;2,00;
29/01/2026;021;22222;6191114643437;XL;685;25H;;1,00;
29/01/2026;021;22241;6191114647404;3XL;R000;25H;;1,00;
29/01/2026;021;22243;6191114647794;L;695;25H;;1,00;
29/01/2026;021;22243;6191114647862;3XL;995;25H;;1,00;
29/01/2026;021;22244;6191114647947;M;695;25H;;1,00;
29/01/2026;021;22246;6191114648838;L;995;25H;;1,00;
29/01/2026;021;22246;6191114648852;XL;995;25H;;1,00;
29/01/2026;021;22253;6191114650244;L;995;25H;;1,00;
29/01/2026;021;22257;6191114650602;XXL;I740;25H;;1,00;
29/01/2026;021;22258;6191114650855;3XL;740;25H;;1,00;
29/01/2026;021;22263;6191114651524;M;995;25H;;1,00;
29/01/2026;021;22263;6191114651647;3XL;995;25H;;1,00;
29/01/2026;021;22263;6191114651654;3XL;010;25H;;1,00;
29/01/2026;021;22269;6191114653184;M;695;25H;;1,00;
29/01/2026;021;22270;6191114649934;M;995;25H;;1,00;
29/01/2026;021;22275;6191114652972;XL;385;25H;;1,00;
29/01/2026;021;22277;6191114653399;M;815;25H;;1,00;
29/01/2026;021;22280;6191114653917;XXL;000;25H;;1,00;
29/01/2026;021;22285;6191114654365;L;995;25H;;1,00;
29/01/2026;021;22285;6191114654402;XXL;995;25H;;1,00;
29/01/2026;021;22288;6191114654662;L;995;25H;;1,00;
29/01/2026;021;22288;6191114654679;XL;995;25H;;1,00;
29/01/2026;021;22289;6191114655287;XXL;995;25H;;1,00;
29/01/2026;021;22292;6191114655669;L;870;25H;;1,00;
29/01/2026;021;22294;6191114656147;XXL;820;25H;;1,00;
29/01/2026;021;22295;6191114656246;XL;995;25H;;1,00;
29/01/2026;021;22296;6191114656512;L;215;25H;;1,00;
29/01/2026;021;22297;6191114656680;XL;215;25H;;1,00;
29/01/2026;021;22301;6191114657137;XL;995;25H;;1,00;
29/01/2026;021;22302;6191114657304;3XL;245;25H;;1,00;
29/01/2026;021;22303;6191114657410;XXL;870;25H;;1,00;
29/01/2026;021;22312;6191114658165;XXL;995;25H;;1,00;
29/01/2026;021;22325;6191114659957;L;995;25H;;1,00;
29/01/2026;021;22330;6191114660045;M;220;25H;;1,00;
29/01/2026;021;22343;6191114661479;3XL;I634;25H;;1,00;
29/01/2026;021;55800;6191114621602;L;975;25H;;1,00;
29/01/2026;021;55811;6191114644588;M;R784;25H;;1,00;
29/01/2026;021;55811;6191114644601;L;R784;25H;;1,00;
29/01/2026;021;55811;6191114644625;XL;R784;25H;;1,00;
29/01/2026;021;55813;6191114645233;L;310;25H;;1,00;
29/01/2026;021;55813;6191114645240;L;940;25H;;1,00;
29/01/2026;021;55815;6191114645561;L;385;25H;;1,00;
29/01/2026;021;55816;6191114648425;M;R990;25H;;1,00;
29/01/2026;021;55816;6191114648432;L;R995;25H;;1,00;
29/01/2026;021;55816;6191114648449;L;R385;25H;;1,00;
29/01/2026;021;55816;6191114648470;XL;R385;25H;;1,00;
29/01/2026;021;70210;6191114619234;XXL;R350;25H;;1,00;
29/01/2026;021;70216;6191114624306;M;R385;25H;;1,00;
29/01/2026;021;70227;6191114652217;XL;I740;25H;;1,00;
29/01/2026;021;70228;6191114649880;L;995;25H;;1,00;
29/01/2026;021;70229;6191114657762;M;476;25H;;1,00;
29/01/2026;021;91272;6194444115667;TU;815;22H;;1,00;
29/01/2026;021;91510;6191114625433;37;815;25H;;1,00;
29/01/2026;024;21130;6191114526082;S;695;24H;;1,00;
29/01/2026;024;21135;6191114463134;L;940;24H;;1,00;
29/01/2026;024;21136;6191114463295;XXL;815;24H;;1,00;
29/01/2026;024;21136;6191114463301;3XL;995;24H;;1,00;
29/01/2026;024;21137;6191114463356;M;870;24H;;1,00;
29/01/2026;024;21138;6191114463462;M;995;24H;;1,00;
29/01/2026;024;21138;6191114463493;L;010;24H;;1,00;
29/01/2026;024;21150;6191114465060;XXL;000;24H;;1,00;
29/01/2026;024;21220;6191114478916;XXL;995;24H;;1,00;
29/01/2026;024;21222;6191114479180;3XL;010;24H;;2,00;
29/01/2026;024;21223;6191114479302;3XL;995;24H;;1,00;
29/01/2026;024;21254;6191114482982;M;695;24H;;1,00;
29/01/2026;024;21284;6191114502901;XL;195;24H;;1,00;
29/01/2026;024;21357;6191114503632;L;995;24H;;1,00;
29/01/2026;024;21358;6191114503687;M;995;24H;;1,00;
29/01/2026;024;21359;6191114503748;M;995;24H;;1,00;
29/01/2026;024;21380;6191114508330;XS;995;24H;;1,00;
29/01/2026;024;21658;6191114553774;XL;995;25E;;1,00;
29/01/2026;024;21826;6191114582750;S;995;25E;;1,00;
29/01/2026;024;21826;6191114582774;S;200;25E;;1,00;
29/01/2026;024;21826;6191114582781;M;995;25E;;1,00;
29/01/2026;024;21830;6191114583498;3XL;200;25E;;1,00;
29/01/2026;024;21832;6191114583788;3XL;000;25E;;1,00;
29/01/2026;024;21832;6191114583795;3XL;200;25E;;1,00;
29/01/2026;024;22005;6191114606593;M;010;25H;;1,00;
29/01/2026;024;22009;6191114607194;XL;380;25H;;1,00;
29/01/2026;024;22019;6191114609433;L;995;25H;;1,00;
29/01/2026;024;22019;6191114609488;3XL;815;25H;;1,00;
29/01/2026;024;22020;6191114619289;L;815;25H;;1,00;
29/01/2026;024;22020;6191114619319;3XL;815;25H;;1,00;
29/01/2026;024;22024;6191114653252;L;870;25H;;1,00;
29/01/2026;024;22024;6191114653313;L;815;25H;;1,00;
29/01/2026;024;22033;6191114611061;XL;815;25H;;1,00;
29/01/2026;024;22036;6191114611207;XXL;R995;25H;;1,00;
29/01/2026;024;22044;6191114609105;L;995;25H;;1,00;
29/01/2026;024;22048;6191114611955;S;995;25H;;1,00;
29/01/2026;024;22048;6191114611962;S;010;25H;;2,00;
29/01/2026;024;22048;6191114612006;L;010;25H;;1,00;
29/01/2026;024;22048;6191114612037;XXL;995;25H;;1,00;
29/01/2026;024;22048;6191114612044;XXL;010;25H;;1,00;
29/01/2026;024;22049;6191114612136;XL;815;25H;;1,00;
29/01/2026;024;22061;6191114618138;S;R350;25H;;1,00;
29/01/2026;024;22061;6191114618176;L;R350;25H;;1,00;
29/01/2026;024;22064;6191114618626;S;695;25H;;1,00;
29/01/2026;024;22070;6191114616028;XL;995;25H;;1,00;
29/01/2026;024;22071;6191114616141;XL;195;25H;;1,00;
29/01/2026;024;22072;6191114616219;L;476;25H;;1,00;
29/01/2026;024;22072;6191114616233;XXL;476;25H;;1,00;
29/01/2026;024;22089;6191114619968;XXL;995;25H;;1,00;
29/01/2026;024;22090;6191114620056;L;815;25H;;1,00;
29/01/2026;024;22091;6191114620131;S;815;25H;;1,00;
29/01/2026;024;22091;6191114620155;M;815;25H;;1,00;
29/01/2026;024;22092;6191114620278;M;815;25H;;1,00;
29/01/2026;024;22110;6191114622401;S;385;25H;;1,00;
29/01/2026;024;22111;6191114622609;L;385;25H;;1,00;
29/01/2026;024;22111;6191114622722;L;235;25H;;1,00;
29/01/2026;024;22111;6191114622746;XXL;235;25H;;1,00;
29/01/2026;024;22114;6191114645844;L;020;25H;;1,00;
29/01/2026;024;22115;6191114645912;S;820;25H;;1,00;
29/01/2026;024;22115;6191114645929;S;990;25H;;1,00;
29/01/2026;024;22115;6191114645998;L;005;25H;;1,00;
29/01/2026;024;22117;6191114646278;L;995;25H;;1,00;
29/01/2026;024;22117;6191114646315;XXL;995;25H;;1,00;
29/01/2026;024;22117;6191114649019;XXL;940;25H;;1,00;
29/01/2026;024;22124;6191114646841;M;995;25H;;1,00;
29/01/2026;024;22126;6191114649330;XL;760;25H;;1,00;
29/01/2026;024;22127;6191114647138;XL;995;25H;;1,00;
29/01/2026;024;22127;6191114649064;L;770;25H;;1,00;
29/01/2026;024;22129;6191114623149;M;010;25H;;1,00;
29/01/2026;024;22129;6191114623170;L;010;25H;;1,00;
29/01/2026;024;22142;6191114624689;S;195;25H;;1,00;
29/01/2026;024;22142;6191114624726;L;995;25H;;1,00;
29/01/2026;024;22142;6191114624740;L;195;25H;;1,00;
29/01/2026;024;22151;6191114625709;M;995;25H;;1,00;
29/01/2026;024;22163;6191114659803;M;C790;25H;;1,00;
29/01/2026;024;22163;6191114659841;XL;C790;25H;;1,00;
29/01/2026;024;22164;6191114649446;M;995;25H;;1,00;
29/01/2026;024;22173;6191114628687;L;995;25H;;1,00;
29/01/2026;024;22177;6191114628885;L;010;25H;;1,00;
29/01/2026;024;22178;6191114628984;L;P010;25H;;1,00;
29/01/2026;024;22183;6191114629509;M;385;25H;;1,00;
29/01/2026;024;22183;6191114629523;L;385;25H;;1,00;
29/01/2026;024;22183;6191114629554;XL;995;25H;;1,00;
29/01/2026;024;22184;6191114629653;XL;995;25H;;1,00;
29/01/2026;024;22185;6191114627574;XS;695;25H;;1,00;
29/01/2026;024;22186;6191114627697;S;385;25H;;1,00;
29/01/2026;024;22187;6191114644687;S/M;200;25H;;1,00;
29/01/2026;024;22188;6191114644731;L/XL;995;25H;;1,00;
29/01/2026;024;22188;6191114644748;L/XL;200;25H;;1,00;
29/01/2026;024;22194;6191114628199;L;I255;25H;;1,00;
29/01/2026;024;22194;6191114628229;XL;I255;25H;;1,00;
29/01/2026;024;22200;6191114630321;XXL;010;25H;;1,00;
29/01/2026;024;22201;6191114630369;S;815;25H;;1,00;
29/01/2026;024;22202;6191114630529;L;995;25H;;1,00;
29/01/2026;024;22206;6191114630895;L;195;25H;;1,00;
29/01/2026;024;22206;6191114630932;XXL;195;25H;;1,00;
29/01/2026;024;22207;6191114640528;3XL;995;25H;;1,00;
29/01/2026;024;22211;6191114641372;L;694;25H;;1,00;
29/01/2026;024;22211;6191114641396;XL;694;25H;;1,00;
29/01/2026;024;22212;6191114641518;L;385;25H;;1,00;
29/01/2026;024;22212;6191114641624;3XL;235;25H;;1,00;
29/01/2026;024;22215;6191114642522;XL;310;25H;;1,00;
29/01/2026;024;22216;6191114642638;XL;I880;25H;;1,00;
29/01/2026;024;22216;6191114642683;L;I385;25H;;1,00;
29/01/2026;024;22216;6191114642720;S;I255;25H;;1,00;
29/01/2026;024;22216;6191114642737;M;I255;25H;;1,00;
29/01/2026;024;22222;6191114643352;M;995;25H;;1,00;
29/01/2026;024;22222;6191114643420;XL;010;25H;;1,00;
29/01/2026;024;22222;6191114643437;XL;685;25H;;1,00;
29/01/2026;024;22229;6191114644038;XXL;995;25H;;1,00;
29/01/2026;024;22230;6191114644083;M;790;25H;;1,00;
29/01/2026;024;22233;6191114644380;M;000;25H;;1,00;
29/01/2026;024;22233;6191114644403;L;000;25H;;1,00;
29/01/2026;024;22241;6191114647350;S;R000;25H;;1,00;
29/01/2026;024;22241;6191114647374;L;R000;25H;;1,00;
29/01/2026;024;22242;6191114647435;S;695;25H;;1,00;
29/01/2026;024;22242;6191114647572;XL;380;25H;;1,00;
29/01/2026;024;22244;6191114647961;L;215;25H;;1,00;
29/01/2026;024;22244;6191114647978;L;695;25H;;1,00;
29/01/2026;024;22244;6191114648043;3XL;995;25H;;1,00;
29/01/2026;024;22247;6191114648647;S;R310;25H;;1,00;
29/01/2026;024;22247;6191114648661;M;R385;25H;;1,00;
29/01/2026;024;22247;6191114648678;M;R310;25H;;1,00;
29/01/2026;024;22247;6191114648746;XL;R270;25H;;1,00;
29/01/2026;024;22250;6191114649606;L;815;25H;;1,00;
29/01/2026;024;22253;6191114650237;M;995;25H;;1,00;
29/01/2026;024;22257;6191114650503;M;I350;25H;;1,00;
29/01/2026;024;22257;6191114650619;XXL;I195;25H;;1,00;
29/01/2026;024;22258;6191114650701;S;740;25H;;1,00;
29/01/2026;024;22258;6191114650725;M;195;25H;;1,00;
29/01/2026;024;22258;6191114650749;L;385;25H;;1,00;
29/01/2026;024;22258;6191114650770;XL;385;25H;;1,00;
29/01/2026;024;22258;6191114650862;4XL;385;25H;;1,00;
29/01/2026;024;22263;6191114651548;L;870;25H;;1,00;
29/01/2026;024;22268;6191114649767;XL;870;25H;;1,00;
29/01/2026;024;22268;6191114649781;3XL;870;25H;;1,00;
29/01/2026;024;22269;6191114649804;S;870;25H;;1,00;
29/01/2026;024;22269;6191114649859;3XL;870;25H;;1,00;
29/01/2026;024;22275;6191114652972;XL;385;25H;;1,00;
29/01/2026;024;22276;6191114655812;XL;995;25H;;1,00;
29/01/2026;024;22284;6191114654174;S;385;25H;;1,00;
29/01/2026;024;22284;6191114654235;XL;385;25H;;1,00;
29/01/2026;024;22284;6191114654266;XXL;995;25H;;1,00;
29/01/2026;024;22285;6191114654372;XL;385;25H;;1,00;
29/01/2026;024;22288;6191114654686;XXL;995;25H;;1,00;
29/01/2026;024;22289;6191114655225;M;995;25H;;1,00;
29/01/2026;024;22292;6191114655621;S;870;25H;;1,00;
29/01/2026;024;22295;6191114656253;XL;695;25H;;1,00;
29/01/2026;024;22295;6191114656291;3XL;695;25H;;1,00;
29/01/2026;024;22296;6191114656451;S;215;25H;;1,00;
29/01/2026;024;22296;6191114656543;XL;215;25H;;2,00;
29/01/2026;024;22297;6191114656628;S;215;25H;;1,00;
29/01/2026;024;22297;6191114656635;S;695;25H;;1,00;
29/01/2026;024;22297;6191114656680;XL;215;25H;;1,00;
29/01/2026;024;22301;6191114657113;L;995;25H;;1,00;
29/01/2026;024;22301;6191114657137;XL;995;25H;;2,00;
29/01/2026;024;22302;6191114657304;3XL;245;25H;;1,00;
29/01/2026;024;22306;6191114669109;3XL;995;25H;;1,00;
29/01/2026;024;22307;6191114670006;XL;M815;25H;;1,00;
29/01/2026;024;22308;6191114657694;S;870;25H;;1,00;
29/01/2026;024;22308;6191114657717;L;870;25H;;1,00;
29/01/2026;024;22308;6191114657724;XL;870;25H;;1,00;
29/01/2026;024;22308;6191114657748;3XL;870;25H;;1,00;
29/01/2026;024;22317;6191114658622;XL;195;25H;;1,00;
29/01/2026;024;22320;6191114659162;L;870;25H;;1,00;
29/01/2026;024;22321;6191114659308;L;870;25H;;1,00;
29/01/2026;024;22328;6191114661431;3XL;995;25H;;1,00;
29/01/2026;024;22330;6191114660083;XL;220;25H;;1,00;
29/01/2026;024;22331;6191114660274;XL;995;25H;;1,00;
29/01/2026;024;22331;6191114660397;L;495;25H;;1,00;
29/01/2026;024;22346;6191114668539;M;I815;25H;;1,00;
29/01/2026;024;22347;6191114668614;XL;I815;25H;;1,00;
29/01/2026;024;55800;6191114621558;M;385;25H;;1,00;
29/01/2026;024;55808;6191114641266;XL;975;25H;;2,00;
29/01/2026;024;55811;6191114644588;M;R784;25H;;1,00;
29/01/2026;024;55811;6191114644595;L;R310;25H;;1,00;
29/01/2026;024;55811;6191114644618;XL;R310;25H;;1,00;
29/01/2026;024;55811;6191114644625;XL;R784;25H;;1,00;
29/01/2026;024;55813;6191114645257;XL;385;25H;;1,00;
29/01/2026;024;55813;6191114645332;3XL;940;25H;;1,00;
29/01/2026;024;55816;6191114648432;L;R995;25H;;1,00;
29/01/2026;024;55816;6191114648463;XL;R995;25H;;1,00;
29/01/2026;024;55816;6191114648517;XXL;R990;25H;;1,00;
29/01/2026;024;55816;6191114648531;3XL;R385;25H;;1,00;
29/01/2026;024;55817;6191114654754;M;790;25H;;1,00;
29/01/2026;024;55817;6191114654785;L;790;25H;;1,00;
29/01/2026;024;55818;6191114654976;M;694;25H;;1,00;
29/01/2026;024;70201;6191114608009;S;R385;25H;;1,00;
29/01/2026;024;70202;6191114608184;XL;010;25H;;1,00;
29/01/2026;024;70205;6191114612358;3XL;385;25H;;1,00;
29/01/2026;024;70210;6191114619203;XL;R385;25H;;1,00;
29/01/2026;024;70214;6191114623750;L;995;25H;;1,00;
29/01/2026;024;70217;6191114647305;M;E385;25H;;1,00;
29/01/2026;024;70224;6191114641808;L;694;25H;;1,00;
29/01/2026;024;70224;6191114641815;XL;385;25H;;1,00;
29/01/2026;024;70226;6191114652002;L;I995;25H;;1,00;
29/01/2026;024;70226;6191114652040;XL;I880;25H;;1,00;
29/01/2026;024;70227;6191114652156;S;I740;25H;;1,00;
29/01/2026;024;70230;6191114658219;XL;I995;25H;;1,00;
29/01/2026;024;70231;6191114658745;XXL;C995;25H;;1,00;
29/01/2026;024;91272;6194444115667;TU;815;22H;;26,00;
29/01/2026;024;91273;6194444115674;TU;815;22H;;16,00;
29/01/2026;024;91501;6191114626294;TU;385;25H;;1,00;
29/01/2026;024;91510;6191114625488;39;995;25H;;1,00;
29/01/2026;024;91510;6191114625495;40;815;25H;;1,00;
29/01/2026;024;91527;6191114640092;37;870;25H;;1,00;
29/01/2026;024;91529;6191114640283;36;875;25H;;1,00;
29/01/2026;029;20256;6191114258327;3XL;995;23H;;-1,00;
29/01/2026;029;20256;6191114258655;3XL;190;23H;;1,00;
29/01/2026;029;20417;6191114293724;XL;995;23H;;1,00;
29/01/2026;029;20484;6191114306677;M;000;23H;;1,00;
29/01/2026;029;21301;6191114491922;L;995;24H;;1,00;
29/01/2026;029;21305;6191114502352;4XL;995;24H;;1,00;
29/01/2026;029;21551;6191114543423;37;170;25E;;1,00;
29/01/2026;029;21556;6191114544000;39;170;25E;;1,00;
29/01/2026;029;21583;6191114549791;41;170;25E;;1,00;
29/01/2026;029;21659;6191114588905;XL;005;25E;;1,00;
29/01/2026;029;22023;6191114609846;L;R385;25H;;1,00;
29/01/2026;029;22030;6191114610750;3XL;010;25H;;1,00;
29/01/2026;029;22032;6191114610880;S;995;25H;;1,00;
29/01/2026;029;22033;6191114611078;XL;695;25H;;1,00;
29/01/2026;029;22036;6191114611191;XL;R010;25H;;1,00;
29/01/2026;029;22038;6191114611412;3XL;R385;25H;;1,00;
29/01/2026;029;22044;6191114609105;L;995;25H;;1,00;
29/01/2026;029;22050;6191114614482;2XL/3;995;25H;;1,00;
29/01/2026;029;22053;6191114617322;XL;385;25H;;1,00;
29/01/2026;029;22054;6191114617506;4XL;385;25H;;1,00;
29/01/2026;029;22060;6191114618077;XL;310;25H;;1,00;
29/01/2026;029;22063;6191114618558;L;995;25H;;1,00;
29/01/2026;029;22063;6191114618572;XL;870;25H;;1,00;
29/01/2026;029;22063;6191114618589;XL;995;25H;;1,00;
29/01/2026;029;22064;6191114618794;XL;855;25H;;1,00;
29/01/2026;029;22070;6191114616004;L;995;25H;;1,00;
29/01/2026;029;22089;6191114619906;M;995;25H;;1,00;
29/01/2026;029;22115;6191114646063;3XL;820;25H;;1,00;
29/01/2026;029;22115;6191114646070;3XL;990;25H;;1,00;
29/01/2026;029;22122;6191114646650;L;995;25H;;1,00;
29/01/2026;029;22122;6191114646667;XL;995;25H;;1,00;
29/01/2026;029;22126;6191114647046;3XL;E385;25H;;1,00;
29/01/2026;029;22128;6191114623019;L;870;25H;;1,00;
29/01/2026;029;22128;6191114623026;L;995;25H;;1,00;
29/01/2026;029;22128;6191114623040;XL;870;25H;;1,00;
29/01/2026;029;22128;6191114623057;XL;995;25H;;1,00;
29/01/2026;029;22133;6191114624023;XL;815;25H;;1,00;
29/01/2026;029;22142;6191114624726;L;995;25H;;1,00;
29/01/2026;029;22142;6191114624795;XXL;875;25H;;1,00;
29/01/2026;029;22151;6191114625716;L;995;25H;;1,00;
29/01/2026;029;22163;6191114659889;3XL;C490;25H;;1,00;
29/01/2026;029;22182;6191114629462;3XL;995;25H;;1,00;
29/01/2026;029;22186;6191114627765;XL;784;25H;;1,00;
29/01/2026;029;22194;6191114628199;L;I255;25H;;1,00;
29/01/2026;029;22195;6191114628366;L;310;25H;;1,00;
29/01/2026;029;22201;6191114630420;XL;815;25H;;1,00;
29/01/2026;029;22206;6191114630932;XXL;195;25H;;1,00;
29/01/2026;029;22207;6191114640412;M;880;25H;;1,00;
29/01/2026;029;22211;6191114641334;S;694;25H;;1,00;
29/01/2026;029;22229;6191114644014;L;995;25H;;1,00;
29/01/2026;029;22238;6191114644885;XL;I995;25H;;1,00;
29/01/2026;029;22242;6191114647534;L;695;25H;;1,00;
29/01/2026;029;22243;6191114647824;XL;695;25H;;1,00;
29/01/2026;029;22244;6191114648067;3XL;695;25H;;1,00;
29/01/2026;029;22250;6191114649668;XXL;815;25H;;1,00;
29/01/2026;029;22254;6191114650305;L;995;25H;;1,00;
29/01/2026;029;22256;6191114650428;L;995;25H;;1,00;
29/01/2026;029;22258;6191114650787;XL;195;25H;;1,00;
29/01/2026;029;22263;6191114651586;XL;995;25H;;1,00;
29/01/2026;029;22269;6191114653160;XS;695;25H;;1,00;
29/01/2026;029;22269;6191114656376;XS;890;25H;;1,00;
29/01/2026;029;22274;6191114652873;L;995;25H;;1,00;
29/01/2026;029;22276;6191114655812;XL;995;25H;;1,00;
29/01/2026;029;22276;6191114655829;XXL;385;25H;;1,00;
29/01/2026;029;22279;6191114653658;XL;645;25H;;1,00;
29/01/2026;029;22284;6191114654235;XL;385;25H;;1,00;
29/01/2026;029;22287;6191114654495;XS;815;25H;;1,00;
29/01/2026;029;22320;6191114659162;L;870;25H;;1,00;
29/01/2026;029;22320;6191114659179;L;825;25H;;1,00;
29/01/2026;029;22320;6191114659186;XL;870;25H;;1,00;
29/01/2026;029;22321;6191114659322;XL;870;25H;;1,00;
29/01/2026;029;22321;6191114659346;XXL;870;25H;;1,00;
29/01/2026;029;22321;6191114659353;XXL;825;25H;;1,00;
29/01/2026;029;22328;6191114661394;M;995;25H;;1,00;
29/01/2026;029;70201;6191114608030;L;R870;25H;;1,00;
29/01/2026;029;70201;6191114608054;XL;R870;25H;;1,00;
29/01/2026;029;70217;6191114647305;M;E385;25H;;1,00;
29/01/2026;029;91339;6191114504035;90;995;24H;;1,00;
29/01/2026;030;20452;6191114301122;4XL;815;23H;;1,00;
29/01/2026;030;21359;6191114503755;L;995;24H;;1,00;
29/01/2026;030;21380;6191114508378;M;995;24H;;1,00;
29/01/2026;030;21832;6191114583696;L;000;25E;;1,00;
29/01/2026;030;21833;6191114583801;S;995;25E;;1,00;
29/01/2026;030;22004;6191114606463;XXL;R000;25H;;1,00;
29/01/2026;030;22006;6191114606982;3XL;870;25H;;1,00;
29/01/2026;030;22012;6191114607583;3XL;995;25H;;1,00;
29/01/2026;030;22019;6191114609419;M;995;25H;;1,00;
29/01/2026;030;22019;6191114609433;L;995;25H;;1,00;
29/01/2026;030;22020;6191114609549;L;695;25H;;1,00;
29/01/2026;030;22023;6191114609853;L;R010;25H;;1,00;
29/01/2026;030;22024;6191114653313;L;815;25H;;1,00;
29/01/2026;030;22026;6191114610255;XXL;645;25H;;1,00;
29/01/2026;030;22031;6191114610804;L;995;25H;;1,00;
29/01/2026;030;22031;6191114610866;3XL;995;25H;;1,00;
29/01/2026;030;22032;6191114610958;XL;940;25H;;1,00;
29/01/2026;030;22033;6191114611047;L;815;25H;;1,00;
29/01/2026;030;22033;6191114611061;XL;815;25H;;1,00;
29/01/2026;030;22033;6191114611078;XL;695;25H;;1,00;
29/01/2026;030;22033;6191114611092;XXL;695;25H;;1,00;
29/01/2026;030;22036;6191114611177;L;R010;25H;;1,00;
29/01/2026;030;22040;6191114611597;3XL;R010;25H;;1,00;
29/01/2026;030;22043;6191114611627;L;784;25H;;1,00;
29/01/2026;030;22046;6191114611832;3XL;C385;25H;;1,00;
29/01/2026;030;22048;6191114612006;L;010;25H;;1,00;
29/01/2026;030;22058;6191114617919;M;000;25H;;1,00;
29/01/2026;030;22061;6191114618176;L;R350;25H;;2,00;
29/01/2026;030;22066;6191114615595;L;815;25H;;1,00;
29/01/2026;030;22070;6191114616011;XL;385;25H;;1,00;
29/01/2026;030;22073;6191114616325;XL;395;25H;;1,00;
29/01/2026;030;22073;6191114616332;XXL;870;25H;;1,00;
29/01/2026;030;22073;6191114616349;XXL;395;25H;;1,00;
29/01/2026;030;22085;6191114619388;M;740;25H;;1,00;
29/01/2026;030;22085;6191114619425;XL;740;25H;;1,00;
29/01/2026;030;22091;6191114620179;L;815;25H;;1,00;
29/01/2026;030;22096;6191114620636;XXL;385;25H;;1,00;
29/01/2026;030;22108;6191114622159;L;870;25H;;2,00;
29/01/2026;030;22111;6191114622722;L;235;25H;;1,00;
29/01/2026;030;22113;6191114645660;S;005;25H;;1,00;
29/01/2026;030;22113;6191114645691;M;005;25H;;1,00;
29/01/2026;030;22114;6191114645837;L;815;25H;;1,00;
29/01/2026;030;22114;6191114645844;L;020;25H;;1,00;
29/01/2026;030;22114;6191114645899;3XL;815;25H;;1,00;
29/01/2026;030;22116;6191114646124;M;770;25H;;1,00;
29/01/2026;030;22116;6191114646162;XL;770;25H;;1,00;
29/01/2026;030;22127;6191114647053;XS;995;25H;;1,00;
29/01/2026;030;22127;6191114649064;L;770;25H;;1,00;
29/01/2026;030;22128;6191114622982;M;870;25H;;1,00;
29/01/2026;030;22132;6191114623866;L;224;25H;;1,00;
29/01/2026;030;22132;6191114623903;XXL;224;25H;;1,00;
29/01/2026;030;22139;6191114624351;XS;385;25H;;1,00;
29/01/2026;030;22142;6191114624719;M;195;25H;;1,00;
29/01/2026;030;22146;6191114630000;L;995;25H;;1,00;
29/01/2026;030;22147;6191114625136;M;815;25H;;1,00;
29/01/2026;030;22160;6191114626188;S;820;25H;;1,00;
29/01/2026;030;22162;6191114647183;S;995;25H;;1,00;
29/01/2026;030;22163;6191114659797;S;C490;25H;;1,00;
29/01/2026;030;22163;6191114659827;L;C790;25H;;1,00;
29/01/2026;030;22164;6191114649422;S;995;25H;;1,00;
29/01/2026;030;22164;6191114649484;XL;995;25H;;1,00;
29/01/2026;030;22173;6191114628700;XXL;995;25H;;1,00;
29/01/2026;030;22182;6191114629363;L;870;25H;;1,00;
29/01/2026;030;22183;6191114629516;M;995;25H;;1,00;
29/01/2026;030;22183;6191114629554;XL;995;25H;;1,00;
29/01/2026;030;22188;6191114644717;S/M;995;25H;;1,00;
29/01/2026;030;22191;6191114627932;XL;P995;25H;;1,00;
29/01/2026;030;22193;6191114628069;M;995;25H;;1,00;
29/01/2026;030;22193;6191114628083;XL;995;25H;;1,00;
29/01/2026;030;22194;6191114628199;L;I255;25H;;1,00;
29/01/2026;030;22199;6191114631106;XL;995;25H;;1,00;
29/01/2026;030;22200;6191114648357;XXL;210;25H;;1,00;
29/01/2026;030;22202;6191114630543;XL;995;25H;;1,00;
29/01/2026;030;22206;6191114630901;XL;995;25H;;1,00;
29/01/2026;030;22207;6191114640467;XL;995;25H;;2,00;
29/01/2026;030;22209;6191114640757;XXL;815;25H;;1,00;
29/01/2026;030;22211;6191114641396;XL;694;25H;;1,00;
29/01/2026;030;22212;6191114641532;L;235;25H;;1,00;
29/01/2026;030;22212;6191114641549;XL;385;25H;;2,00;
29/01/2026;030;22212;6191114641556;XL;255;25H;;1,00;
29/01/2026;030;22212;6191114641587;XXL;255;25H;;1,00;
29/01/2026;030;22216;6191114642751;XL;I255;25H;;1,00;
29/01/2026;030;22222;6191114643444;XXL;995;25H;;1,00;
29/01/2026;030;22229;6191114644021;XL;995;25H;;1,00;
29/01/2026;030;22237;6191114644816;L;I815;25H;;1,00;
29/01/2026;030;22237;6191114644823;XL;I815;25H;;1,00;
29/01/2026;030;22238;6191114644885;XL;I995;25H;;1,00;
29/01/2026;030;22239;6191114644960;M;784;25H;;1,00;
29/01/2026;030;22239;6191114645004;XL;815;25H;;1,00;
29/01/2026;030;22239;6191114645011;XL;995;25H;;1,00;
29/01/2026;030;22241;6191114647381;XL;R000;25H;;1,00;
29/01/2026;030;22242;6191114647473;M;380;25H;;1,00;
29/01/2026;030;22244;6191114647954;L;995;25H;;1,00;
29/01/2026;030;22244;6191114647961;L;215;25H;;1,00;
29/01/2026;030;22246;6191114648869;XXL;870;25H;;1,00;
29/01/2026;030;22247;6191114648661;M;R385;25H;;1,00;
29/01/2026;030;22247;6191114648746;XL;R270;25H;;1,00;
29/01/2026;030;22250;6191114649606;L;815;25H;;1,00;
29/01/2026;030;22253;6191114650251;XL;995;25H;;1,00;
29/01/2026;030;22253;6191114650275;3XL;995;25H;;1,00;
29/01/2026;030;22254;6191114650336;3XL;995;25H;;1,00;
29/01/2026;030;22257;6191114650527;M;I195;25H;;1,00;
29/01/2026;030;22258;6191114650749;L;385;25H;;1,00;
29/01/2026;030;22258;6191114650770;XL;385;25H;;2,00;
29/01/2026;030;22261;6191114651234;M;385;25H;;1,00;
29/01/2026;030;22262;6191114651333;S;385;25H;;1,00;
29/01/2026;030;22262;6191114651401;XL;490;25H;;1,00;
29/01/2026;030;22263;6191114651524;M;995;25H;;2,00;
29/01/2026;030;22263;6191114651579;XL;870;25H;;1,00;
29/01/2026;030;22276;6191114655843;3XL;385;25H;;1,00;
29/01/2026;030;22277;6191114653382;S;784;25H;;1,00;
29/01/2026;030;22278;6191114653481;M;995;25H;;1,00;
29/01/2026;030;22278;6191114653498;L;995;25H;;1,00;
29/01/2026;030;22278;6191114653528;3XL;995;25H;;1,00;
29/01/2026;030;22279;6191114653634;L;995;25H;;1,00;
29/01/2026;030;22279;6191114653665;XL;995;25H;;1,00;
29/01/2026;030;22281;6191114654013;3XL;995;25H;;1,00;
29/01/2026;030;22286;6191114654464;XL;995;25H;;1,00;
29/01/2026;030;22288;6191114654662;L;995;25H;;1,00;
29/01/2026;030;22295;6191114656222;L;995;25H;;1,00;
29/01/2026;030;22300;6191114656826;L;870;25H;;1,00;
29/01/2026;030;22301;6191114657113;L;995;25H;;1,00;
29/01/2026;030;22301;6191114657137;XL;995;25H;;2,00;
29/01/2026;030;22301;6191114657144;XL;215;25H;;1,00;
29/01/2026;030;22301;6191114657151;XXL;995;25H;;1,00;
29/01/2026;030;22303;6191114657434;3XL;870;25H;;1,00;
29/01/2026;030;22306;6191114669079;L;995;25H;;1,00;
29/01/2026;030;22307;6191114669956;M;M870;25H;;1,00;
29/01/2026;030;22307;6191114670020;XL;M940;25H;;1,00;
29/01/2026;030;22311;6191114658080;M;I995;25H;;1,00;
29/01/2026;030;22318;6191114658936;XS;235;25H;;1,00;
29/01/2026;030;22318;6191114659001;L;C000;25H;;1,00;
29/01/2026;030;22321;6191114659391;4XL;825;25H;;1,00;
29/01/2026;030;22330;6191114660090;XXL;724;25H;;1,00;
29/01/2026;030;22330;6191114660113;3XL;724;25H;;1,00;
29/01/2026;030;22331;6191114660151;S;995;25H;;1,00;
29/01/2026;030;22331;6191114660212;L;815;25H;;1,00;
29/01/2026;030;22331;6191114660335;3XL;815;25H;;1,00;
29/01/2026;030;22331;6191114660397;L;495;25H;;1,00;
29/01/2026;030;22332;6191114660595;3XL;940;25H;;-1,00;
29/01/2026;030;22343;6191114661349;M;I634;25H;;1,00;
29/01/2026;030;22343;6191114661462;XXL;I634;25H;;2,00;
29/01/2026;030;22346;6191114668553;XL;I815;25H;;1,00;
29/01/2026;030;22351;6191114668836;L;I815;25H;;1,00;
29/01/2026;030;55808;6191114641266;XL;975;25H;;1,00;
29/01/2026;030;55810;6191114642232;L;010;25H;;1,00;
29/01/2026;030;55811;6191114644601;L;R784;25H;;1,00;
29/01/2026;030;55811;6191114644649;XXL;R784;25H;;1,00;
29/01/2026;030;55811;6191114644663;3XL;R784;25H;;1,00;
29/01/2026;030;55813;6191114645226;L;385;25H;;1,00;
29/01/2026;030;55813;6191114645240;L;940;25H;;1,00;
29/01/2026;030;55813;6191114645257;XL;385;25H;;1,00;
29/01/2026;030;55813;6191114645288;XXL;385;25H;;1,00;
29/01/2026;030;55815;6191114645585;XL;385;25H;;1,00;
29/01/2026;030;55816;6191114648463;XL;R995;25H;;1,00;
29/01/2026;030;55816;6191114648494;XXL;R995;25H;;1,00;
29/01/2026;030;55816;6191114648500;XXL;R385;25H;;1,00;
29/01/2026;030;55816;6191114648517;XXL;R990;25H;;1,00;
29/01/2026;030;55817;6191114654785;L;790;25H;;1,00;
29/01/2026;030;55817;6191114654815;XL;790;25H;;1,00;
29/01/2026;030;55818;6191114655027;L;694;25H;;1,00;
29/01/2026;030;55818;6191114655034;XL;385;25H;;1,00;
29/01/2026;030;55818;6191114655058;XL;824;25H;;1,00;
29/01/2026;030;55818;6191114655072;XL;694;25H;;1,00;
29/01/2026;030;55818;6191114658318;L;535;25H;;1,00;
29/01/2026;030;55818;6191114658325;XL;535;25H;;1,00;
29/01/2026;030;70201;6191114608023;M;R385;25H;;1,00;
29/01/2026;030;70201;6191114608108;3XL;R385;25H;;1,00;
29/01/2026;030;70203;6191114608306;XL;R355;25H;;1,00;
29/01/2026;030;70205;6191114612297;L;385;25H;;1,00;
29/01/2026;030;70209;6191114612778;L;R170;25H;;1,00;
29/01/2026;030;70210;6191114619142;S;R385;25H;;1,00;
29/01/2026;030;70210;6191114619241;3XL;R385;25H;;1,00;
29/01/2026;030;70211;6191114621916;XL;870;25H;;1,00;
29/01/2026;030;70217;6191114647329;XL;E385;25H;;1,00;
29/01/2026;030;70224;6191114641815;XL;385;25H;;1,00;
29/01/2026;030;70224;6191114641822;XL;694;25H;;1,00;
29/01/2026;030;70227;6191114652224;XL;I875;25H;;1,00;
29/01/2026;030;91504;6191114626331;TU;880;25H;;1,00;
29/01/2026;030;91512;6191114626430;TU;695;25H;;1,00;
29/01/2026;030;91526;6191114639959;36;995;25H;;1,00;
29/01/2026;030;91526;6191114640047;40;880;25H;;1,00;
29/01/2026;030;91526;6191114640061;41;880;25H;;1,00;
29/01/2026;031;22003;6191114606173;S;R724;25H;;1,00;
29/01/2026;031;22030;6191114610675;M;010;25H;;1,00;
29/01/2026;031;22032;6191114610958;XL;940;25H;;1,00;
29/01/2026;031;22032;6191114610972;XXL;940;25H;;1,00;
29/01/2026;031;22033;6191114611054;L;695;25H;;1,00;
29/01/2026;031;22036;6191114611221;3XL;R995;25H;;1,00;
29/01/2026;031;22048;6191114611986;M;010;25H;;1,00;
29/01/2026;031;22052;6191114617261;3XL;995;25H;;1,00;
29/01/2026;031;22062;6191114618268;S;195;25H;;1,00;
29/01/2026;031;22063;6191114618589;XL;995;25H;;1,00;
29/01/2026;031;22067;6191114615670;M;380;25H;;1,00;
29/01/2026;031;22072;6191114616196;S;476;25H;;1,00;
29/01/2026;031;22072;6191114616233;XXL;476;25H;;1,00;
29/01/2026;031;22085;6191114619449;XXL;740;25H;;1,00;
29/01/2026;031;22099;6191114620919;L;995;25H;;1,00;
29/01/2026;031;22113;6191114645752;XXL;820;25H;;1,00;
29/01/2026;031;22117;6191114646254;M;995;25H;;1,00;
29/01/2026;031;22117;6191114649002;XL;940;25H;;1,00;
29/01/2026;031;22118;6191114646407;L;874;25H;;1,00;
29/01/2026;031;22120;6191114646513;XL;995;25H;;1,00;
29/01/2026;031;22164;6191114649507;XXL;995;25H;;1,00;
29/01/2026;031;22182;6191114629394;XL;870;25H;;1,00;
29/01/2026;031;22183;6191114629509;M;385;25H;;1,00;
29/01/2026;031;22191;6191114627888;S;P010;25H;;1,00;
29/01/2026;031;22194;6191114628229;XL;I255;25H;;1,00;
29/01/2026;031;22203;6191114630666;XL;995;25H;;1,00;
29/01/2026;031;22203;6191114630680;XXL;995;25H;;1,00;
29/01/2026;031;22239;6191114645011;XL;995;25H;;1,00;
29/01/2026;031;22247;6191114648753;XXL;R385;25H;;1,00;
29/01/2026;031;22252;6191114650152;L;255;25H;;1,00;
29/01/2026;031;22253;6191114669253;L;255;25H;;1,00;
29/01/2026;031;22256;6191114650442;XXL;995;25H;;1,00;
29/01/2026;031;22257;6191114650558;L;I195;25H;;1,00;
29/01/2026;031;22263;6191114651517;M;870;25H;;1,00;
29/01/2026;031;22276;6191114655782;L;385;25H;;1,00;
29/01/2026;031;22276;6191114655799;L;995;25H;;1,00;
29/01/2026;031;22279;6191114653733;3XL;000;25H;;1,00;
29/01/2026;031;22292;6191114655669;L;870;25H;;1,00;
29/01/2026;031;22300;6191114656819;M;870;25H;;1,00;
29/01/2026;031;22311;6191114658103;XL;I995;25H;;1,00;
29/01/2026;031;22343;6191114661363;XL;I634;25H;;1,00;
29/01/2026;031;70214;6191114623736;M;995;25H;;1,00;
29/01/2026;031;70231;6191114658691;L;C000;25H;;1,00;
29/01/2026;031;70233;6191114658912;3XL;995;25H;;1,00;
29/01/2026;031;91505;6191114657311;TU;815;25H;;1,00;
29/01/2026;032;21351;6191114502048;S/M;200;24H;;1,00;
29/01/2026;032;21352;6191114502079;L/XL;200;24H;;1,00;
29/01/2026;032;22004;6191114606449;XL;R995;25H;;1,00;
29/01/2026;032;22020;6191114609549;L;695;25H;;1,00;
29/01/2026;032;22026;6191114610163;S;815;25H;;1,00;
29/01/2026;032;22026;6191114610187;M;815;25H;;1,00;
29/01/2026;032;22038;6191114611382;L;R385;25H;;1,00;
29/01/2026;032;22053;6191114617308;L;385;25H;;1,00;
29/01/2026;032;22060;6191114618015;S;310;25H;;1,00;
29/01/2026;032;22071;6191114616110;L;784;25H;;1,00;
29/01/2026;032;22096;6191114620629;XL;995;25H;;1,00;
29/01/2026;032;22127;6191114647091;M;995;25H;;1,00;
29/01/2026;032;22153;6191114625815;L;995;25H;;1,00;
29/01/2026;032;22163;6191114659773;XL;C490;25H;;1,00;
29/01/2026;032;22183;6191114629554;XL;995;25H;;1,00;
29/01/2026;032;22197;6191114630109;3XL;815;25H;;1,00;
29/01/2026;032;22212;6191114641525;L;255;25H;;1,00;
29/01/2026;032;22216;6191114642683;L;I385;25H;;1,00;
29/01/2026;032;22242;6191114647572;XL;380;25H;;1,00;
29/01/2026;032;22242;6191114647589;XL;695;25H;;1,00;
29/01/2026;032;22244;6191114647893;S;995;25H;;1,00;
29/01/2026;032;22244;6191114647916;S;695;25H;;1,00;
29/01/2026;032;22244;6191114647978;L;695;25H;;1,00;
29/01/2026;032;22250;6191114649606;L;815;25H;;1,00;
29/01/2026;032;22251;6191114650053;XL;255;25H;;1,00;
29/01/2026;032;22252;6191114650121;M;995;25H;;1,00;
29/01/2026;032;22254;6191114650305;L;995;25H;;1,00;
29/01/2026;032;22255;6191114650350;M;995;25H;;1,00;
29/01/2026;032;22257;6191114650503;M;I350;25H;;1,00;
29/01/2026;032;22257;6191114650671;4XL;I195;25H;;1,00;
29/01/2026;032;22258;6191114650879;4XL;195;25H;;1,00;
29/01/2026;032;22259;6191114650978;XXL;010;25H;;1,00;
29/01/2026;032;22263;6191114651487;S;870;25H;;1,00;
29/01/2026;032;22263;6191114651586;XL;995;25H;;1,00;
29/01/2026;032;22265;6191114651784;XL;995;25H;;1,00;
29/01/2026;032;22267;6191114651814;S;995;25H;;1,00;
29/01/2026;032;22273;6191114652774;XL;695;25H;;1,00;
29/01/2026;032;22284;6191114654211;L;385;25H;;1,00;
29/01/2026;032;22287;6191114654532;M;815;25H;;1,00;
29/01/2026;032;22287;6191114654549;M;995;25H;;1,00;
29/01/2026;032;22287;6191114654624;3XL;995;25H;;1,00;
29/01/2026;032;22291;6191114655416;M;495;25H;;1,00;
29/01/2026;032;22291;6191114655423;L;995;25H;;1,00;
29/01/2026;032;22298;6191114658233;XS;R385;25H;;1,00;
29/01/2026;032;22301;6191114657137;XL;995;25H;;2,00;
29/01/2026;032;22301;6191114657144;XL;215;25H;;1,00;
29/01/2026;032;22301;6191114657151;XXL;995;25H;;1,00;
29/01/2026;032;22320;6191114659162;L;870;25H;;2,00;
29/01/2026;032;22321;6191114659285;M;870;25H;;1,00;
29/01/2026;032;22321;6191114659308;L;870;25H;;1,00;
29/01/2026;032;22321;6191114659346;XXL;870;25H;;1,00;
29/01/2026;032;22323;6191114659636;3XL;995;25H;;1,00;
29/01/2026;032;22325;6191114659919;S;995;25H;;1,00;
29/01/2026;032;22325;6191114659957;L;995;25H;;1,00;
29/01/2026;032;22351;6191114668812;S;I815;25H;;1,00;
29/01/2026;032;55800;6191114621558;M;385;25H;;1,00;
29/01/2026;032;55801;6191114621824;XXL;385;25H;;1,00;
29/01/2026;032;55808;6191114641242;XL;385;25H;;1,00;
29/01/2026;032;55811;6191114644588;M;R784;25H;;1,00;
29/01/2026;032;55811;6191114644618;XL;R310;25H;;2,00;
29/01/2026;032;55817;6191114654808;XL;695;25H;;2,00;
29/01/2026;032;55817;6191114654815;XL;790;25H;;1,00;
29/01/2026;032;70201;6191114608030;L;R870;25H;;1,00;
29/01/2026;032;70207;6191114612600;3XL;R695;25H;;1,00;
29/01/2026;032;70210;6191114619180;L;R385;25H;;1,00;
29/01/2026;032;70210;6191114619241;3XL;R385;25H;;1,00;
29/01/2026;032;70214;6191114623804;XXL;195;25H;;1,00;
29/01/2026;032;70224;6191114641761;S;694;25H;;1,00;
29/01/2026;032;70224;6191114641846;XXL;694;25H;;1,00;
29/01/2026;032;70226;6191114652002;L;I995;25H;;1,00;
29/01/2026;032;70227;6191114652217;XL;I740;25H;;1,00;
29/01/2026;032;91272;6194444115667;TU;815;22H;;1,00;
29/01/2026;032;91504;6191114626348;TU;695;25H;;1,00;
29/01/2026;032;91505;6191114657328;TU;385;25H;;1,00;
29/01/2026;032;91512;6191114626430;TU;695;25H;;1,00;
29/01/2026;033;22020;6191114609501;S;695;25H;;1,00;
29/01/2026;033;22020;6191114619265;S;815;25H;;1,00;
29/01/2026;033;22047;6191114611849;S;385;25H;;1,00;
29/01/2026;033;22047;6191114611856;S;695;25H;;1,00;
29/01/2026;033;22064;6191114618794;XL;855;25H;;1,00;
29/01/2026;033;22097;6191114620759;XL;385;25H;;1,00;
29/01/2026;033;22183;6191114629578;XXL;995;25H;;1,00;
29/01/2026;033;22213;6191114642331;XL;815;25H;;1,00;
29/01/2026;033;22216;6191114642706;XXL;I385;25H;;1,00;
29/01/2026;033;22331;6191114660212;L;815;25H;;1,00;
29/01/2026;033;55731;6191114548220;XL;940;25E;;1,00;
30/01/2026;002;20322;6191114273627;L;I940;23H;;1,00;
30/01/2026;002;20322;6191114273641;XXL;I940;23H;;1,00;
30/01/2026;002;20322;6191114273757;M;I235;23H;;1,00;
30/01/2026;002;20423;6191114294707;L;995;23H;;1,00;
30/01/2026;002;20445;6191114299252;XL;740;23H;;1,00;
30/01/2026;002;21112;6191114452817;S;M940;24H;;1,00;
30/01/2026;002;21126;6191114462045;M;R195;24H;;1,00;
30/01/2026;002;21131;6191114462649;S;010;24H;;1,00;
30/01/2026;002;21131;6191114462717;XL;530;24H;;1,00;
30/01/2026;002;21136;6191114463295;XXL;815;24H;;1,00;
30/01/2026;002;21202;6191114471856;XXL;535;24H;;1,00;
30/01/2026;002;21295;6191114491458;XL;995;24H;;1,00;
30/01/2026;002;21304;6191114492271;XL;995;24H;;1,00;
30/01/2026;002;21310;6191114485839;S;995;24H;;1,00;
30/01/2026;002;21310;6191114485846;M;995;24H;;1,00;
30/01/2026;002;21350;6191114501836;XL;995;24H;;1,00;
30/01/2026;002;21405;6191114513624;M;950;24H;;1,00;
30/01/2026;002;21472;6191114536937;3XL;940;24H;;1,00;
30/01/2026;002;21475;6191114532472;L;995;24H;;1,00;
30/01/2026;002;21475;6191114532489;L;695;24H;;1,00;
30/01/2026;002;21475;6191114532496;XL;995;24H;;1,00;
30/01/2026;002;21658;6191114553705;L;000;25E;;1,00;
30/01/2026;002;21658;6191114553781;XXL;995;25E;;1,00;
30/01/2026;002;21830;6191114583474;3XL;995;25E;;1,00;
30/01/2026;002;21835;6191114584143;L;145;25E;;1,00;
30/01/2026;002;21863;6191114589452;XXL;310;25E;;1,00;
30/01/2026;002;21863;6191114589469;3XL;000;25E;;1,00;
30/01/2026;002;21922;6191114602021;XXL;805;25E;;1,00;
30/01/2026;002;21923;6191114602045;XS;476;25E;;1,00;
30/01/2026;002;22005;6191114606555;S;010;25H;;1,00;
30/01/2026;002;22005;6191114606593;M;010;25H;;1,00;
30/01/2026;002;22005;6191114606654;XL;645;25H;;1,00;
30/01/2026;002;22005;6191114606678;XL;010;25H;;1,00;
30/01/2026;002;22005;6191114606685;XXL;815;25H;;1,00;
30/01/2026;002;22007;6191114607026;L;905;25H;;1,00;
30/01/2026;002;22007;6191114607033;XL;905;25H;;1,00;
30/01/2026;002;22007;6191114607057;3XL;905;25H;;1,00;
30/01/2026;002;22011;6191114607422;XL;010;25H;;1,00;
30/01/2026;002;22011;6191114607453;XXL;215;25H;;1,00;
30/01/2026;002;22013;6191114607651;L;995;25H;;-1,00;
30/01/2026;002;22013;6191114607675;XL;995;25H;;1,00;
30/01/2026;002;22020;6191114609600;3XL;695;25H;;1,00;
30/01/2026;002;22023;6191114609860;XL;R385;25H;;1,00;
30/01/2026;002;22024;6191114653252;L;870;25H;;1,00;
30/01/2026;002;22024;6191114653290;S;815;25H;;1,00;
30/01/2026;002;22024;6191114653344;3XL;815;25H;;2,00;
30/01/2026;002;22025;6191114610118;XL;010;25H;;2,00;
30/01/2026;002;22026;6191114610187;M;815;25H;;1,00;
30/01/2026;002;22026;6191114610224;XL;815;25H;;1,00;
30/01/2026;002;22027;6191114653061;XL;870;25H;;1,00;
30/01/2026;002;22028;6191114610477;XL;940;25H;;1,00;
30/01/2026;002;22030;6191114610736;XXL;010;25H;;1,00;
30/01/2026;002;22032;6191114610910;M;940;25H;;1,00;
30/01/2026;002;22032;6191114610958;XL;940;25H;;1,00;
30/01/2026;002;22032;6191114610972;XXL;940;25H;;1,00;
30/01/2026;002;22033;6191114611009;S;815;25H;;1,00;
30/01/2026;002;22033;6191114611085;XXL;815;25H;;1,00;
30/01/2026;002;22033;6191114611092;XXL;695;25H;;1,00;
30/01/2026;002;22036;6191114611153;M;R010;25H;;1,00;
30/01/2026;002;22036;6191114611184;XL;R995;25H;;1,00;
30/01/2026;002;22038;6191114611412;3XL;R385;25H;;1,00;
30/01/2026;002;22045;6191114611719;L;695;25H;;1,00;
30/01/2026;002;22046;6191114611832;3XL;C385;25H;;1,00;
30/01/2026;002;22048;6191114612020;XL;010;25H;;1,00;
30/01/2026;002;22049;6191114612129;L;995;25H;;2,00;
30/01/2026;002;22053;6191114617353;XXL;995;25H;;1,00;
30/01/2026;002;22055;6191114624870;XL;995;25H;;1,00;
30/01/2026;002;22055;6191114624887;XXL;995;25H;;1,00;
30/01/2026;002;22061;6191114618176;L;R350;25H;;1,00;
30/01/2026;002;22062;6191114618275;M;870;25H;;1,00;
30/01/2026;002;22062;6191114618343;XL;995;25H;;1,00;
30/01/2026;002;22064;6191114618640;S;855;25H;;1,00;
30/01/2026;002;22064;6191114618831;XXL;175;25H;;1,00;
30/01/2026;002;22064;6191114618862;3XL;010;25H;;1,00;
30/01/2026;002;22064;6191114618893;3XL;855;25H;;1,00;
30/01/2026;002;22066;6191114615557;S;815;25H;;1,00;
30/01/2026;002;22067;6191114615687;L;380;25H;;1,00;
30/01/2026;002;22067;6191114615694;XL;380;25H;;1,00;
30/01/2026;002;22068;6191114642386;L;695;25H;;1,00;
30/01/2026;002;22071;6191114616110;L;784;25H;;1,00;
30/01/2026;002;22071;6191114616141;XL;195;25H;;1,00;
30/01/2026;002;22072;6191114616226;XL;476;25H;;1,00;
30/01/2026;002;22073;6191114616295;L;870;25H;;1,00;
30/01/2026;002;22077;6191114626157;XL;326;25H;;1,00;
30/01/2026;002;22078;6191114616769;M;995;25H;;1,00;
30/01/2026;002;22080;6191114616998;L;476;25H;;1,00;
30/01/2026;002;22080;6191114617018;XL;476;25H;;1,00;
30/01/2026;002;22081;6191114617049;S;380;25H;;1,00;
30/01/2026;002;22084;6191114616516;XXL;000;25H;;1,00;
30/01/2026;002;22085;6191114619401;L;740;25H;;1,00;
30/01/2026;002;22089;6191114619913;L;385;25H;;1,00;
30/01/2026;002;22089;6191114619968;XXL;995;25H;;1,00;
30/01/2026;002;22090;6191114620070;XL;815;25H;;1,00;
30/01/2026;002;22092;6191114620278;M;815;25H;;1,00;
30/01/2026;002;22092;6191114620285;M;995;25H;;1,00;
30/01/2026;002;22092;6191114620346;XXL;995;25H;;1,00;
30/01/2026;002;22101;6191114621039;L;995;25H;;1,00;
30/01/2026;002;22110;6191114622456;3XL;385;25H;;1,00;
30/01/2026;002;22111;6191114622661;L;255;25H;;2,00;
30/01/2026;002;22111;6191114622692;3XL;255;25H;;1,00;
30/01/2026;002;22111;6191114622708;S;235;25H;;1,00;
30/01/2026;002;22111;6191114622722;L;235;25H;;1,00;
30/01/2026;002;22111;6191114622753;3XL;235;25H;;1,00;
30/01/2026;002;22113;6191114645745;XL;990;25H;;1,00;
30/01/2026;002;22114;6191114645899;3XL;815;25H;;1,00;
30/01/2026;002;22116;6191114646179;XXL;995;25H;;1,00;
30/01/2026;002;22116;6191114646209;3XL;770;25H;;2,00;
30/01/2026;002;22117;6191114646254;M;995;25H;;1,00;
30/01/2026;002;22117;6191114646278;L;995;25H;;1,00;
30/01/2026;002;22117;6191114648999;L;940;25H;;1,00;
30/01/2026;002;22117;6191114649002;XL;940;25H;;2,00;
30/01/2026;002;22120;6191114646513;XL;995;25H;;1,00;
30/01/2026;002;22120;6191114646537;XXL;995;25H;;1,00;
30/01/2026;002;22123;6191114646759;XL;995;25H;;1,00;
30/01/2026;002;22125;6191114646933;S;E385;25H;;1,00;
30/01/2026;002;22125;6191114646964;XL;E385;25H;;-1,00;
30/01/2026;002;22126;6191114649323;L;760;25H;;1,00;
30/01/2026;002;22126;6191114649347;XXL;760;25H;;1,00;
30/01/2026;002;22126;6191114649354;3XL;760;25H;;1,00;
30/01/2026;002;22127;6191114647114;L;995;25H;;1,00;
30/01/2026;002;22127;6191114649071;XL;770;25H;;1,00;
30/01/2026;002;22127;6191114649088;XXL;770;25H;;1,00;
30/01/2026;002;22128;6191114623002;L;385;25H;;1,00;
30/01/2026;002;22128;6191114623019;L;870;25H;;1,00;
30/01/2026;002;22129;6191114623170;L;010;25H;;1,00;
30/01/2026;002;22129;6191114623200;XL;010;25H;;1,00;
30/01/2026;002;22129;6191114623217;XXL;385;25H;;1,00;
30/01/2026;002;22132;6191114623842;M;224;25H;;1,00;
30/01/2026;002;22132;6191114623897;XXL;794;25H;;1,00;
30/01/2026;002;22133;6191114625174;S;995;25H;;1,00;
30/01/2026;002;22133;6191114625181;M;995;25H;;1,00;
30/01/2026;002;22137;6191114623347;M;385;25H;;1,00;
30/01/2026;002;22137;6191114623354;M;255;25H;;1,00;
30/01/2026;002;22137;6191114623422;XL;235;25H;;1,00;
30/01/2026;002;22140;6191114624634;XL;995;25H;;1,00;
30/01/2026;002;22148;6191114625563;XL;995;25H;;1,00;
30/01/2026;002;22151;6191114625716;L;995;25H;;1,00;
30/01/2026;002;22158;6191114626003;S;880;25H;;1,00;
30/01/2026;002;22158;6191114626010;M;880;25H;;1,00;
30/01/2026;002;22159;6191114626041;S;880;25H;;2,00;
30/01/2026;002;22163;6191114659841;XL;C790;25H;;1,00;
30/01/2026;002;22164;6191114649422;S;995;25H;;1,00;
30/01/2026;002;22164;6191114649446;M;995;25H;;1,00;
30/01/2026;002;22175;6191114628793;M;990;25H;;1,00;
30/01/2026;002;22177;6191114628915;XL;215;25H;;1,00;
30/01/2026;002;22182;6191114629417;XL;784;25H;;1,00;
30/01/2026;002;22182;6191114629455;3XL;870;25H;;1,00;
30/01/2026;002;22184;6191114629639;M;995;25H;;1,00;
30/01/2026;002;22193;6191114628083;XL;995;25H;;1,00;
30/01/2026;002;22194;6191114628212;XL;I385;25H;;1,00;
30/01/2026;002;22195;6191114628632;3XL;310;25H;;1,00;
30/01/2026;002;22195;6191114628649;3XL;210;25H;;1,00;
30/01/2026;002;22197;6191114630093;XXL;815;25H;;1,00;
30/01/2026;002;22197;6191114630116;4XL;815;25H;;1,00;
30/01/2026;002;22201;6191114630390;M;995;25H;;1,00;
30/01/2026;002;22201;6191114630420;XL;815;25H;;-1,00;
30/01/2026;002;22201;6191114630468;3XL;815;25H;;1,00;
30/01/2026;002;22207;6191114640412;M;880;25H;;1,00;
30/01/2026;002;22208;6191114640627;XL;995;25H;;1,00;
30/01/2026;002;22210;6191114641747;3XL;995;25H;;1,00;
30/01/2026;002;22212;6191114641495;M;255;25H;;1,00;
30/01/2026;002;22215;6191114642584;3XL;310;25H;;2,00;
30/01/2026;002;22216;6191114642607;S;I880;25H;;1,00;
30/01/2026;002;22216;6191114642775;3XL;I255;25H;;1,00;
30/01/2026;002;22229;6191114644014;L;995;25H;;1,00;
30/01/2026;002;22242;6191114647428;S;380;25H;;1,00;
30/01/2026;002;22242;6191114647473;M;380;25H;;2,00;
30/01/2026;002;22242;6191114647497;M;790;25H;;1,00;
30/01/2026;002;22243;6191114647725;S;215;25H;;1,00;
30/01/2026;002;22243;6191114647756;M;215;25H;;1,00;
30/01/2026;002;22243;6191114647787;L;215;25H;;1,00;
30/01/2026;002;22243;6191114647800;XL;995;25H;;1,00;
30/01/2026;002;22243;6191114647817;XL;215;25H;;2,00;
30/01/2026;002;22247;6191114648692;L;R385;25H;;-1,00;
30/01/2026;002;22247;6191114648753;XXL;R385;25H;;1,00;
30/01/2026;002;22247;6191114648777;XXL;R270;25H;;1,00;
30/01/2026;002;22250;6191114649606;L;815;25H;;1,00;
30/01/2026;002;22250;6191114649637;XL;815;25H;;1,00;
30/01/2026;002;22250;6191114649651;XL;784;25H;;1,00;
30/01/2026;002;22250;6191114649668;XXL;815;25H;;1,00;
30/01/2026;002;22251;6191114650084;3XL;995;25H;;1,00;
30/01/2026;002;22251;6191114650091;3XL;255;25H;;1,00;
30/01/2026;002;22257;6191114650497;S;I195;25H;;1,00;
30/01/2026;002;22257;6191114650527;M;I195;25H;;1,00;
30/01/2026;002;22257;6191114650534;L;I350;25H;;1,00;
30/01/2026;002;22262;6191114651418;XXL;385;25H;;1,00;
30/01/2026;002;22263;6191114651524;M;995;25H;;1,00;
30/01/2026;002;22265;6191114651777;L;995;25H;;1,00;
30/01/2026;002;22266;6191114652309;TU;995;25H;;1,00;
30/01/2026;002;22268;6191114653122;XL;695;25H;;1,00;
30/01/2026;002;22269;6191114653191;L;695;25H;;1,00;
30/01/2026;002;22271;6191114652460;3XL;870;25H;;1,00;
30/01/2026;002;22271;6191114652477;3XL;010;25H;;1,00;
30/01/2026;002;22271;6191114652484;3XL;695;25H;;1,00;
30/01/2026;002;22272;6191114652644;3XL;870;25H;;1,00;
30/01/2026;002;22272;6191114652668;3XL;010;25H;;1,00;
30/01/2026;002;22273;6191114652835;3XL;695;25H;;1,00;
30/01/2026;002;22274;6191114652873;L;995;25H;;3,00;
30/01/2026;002;22274;6191114652880;XL;995;25H;;1,00;
30/01/2026;002;22275;6191114653009;XXL;790;25H;;1,00;
30/01/2026;002;22276;6191114655805;XL;385;25H;;1,00;
30/01/2026;002;22276;6191114655812;XL;995;25H;;1,00;
30/01/2026;002;22276;6191114655836;XXL;995;25H;;1,00;
30/01/2026;002;22277;6191114653375;S;815;25H;;1,00;
30/01/2026;002;22277;6191114653412;L;815;25H;;1,00;
30/01/2026;002;22284;6191114654235;XL;385;25H;;1,00;
30/01/2026;002;22285;6191114654365;L;995;25H;;-1,00;
30/01/2026;002;22285;6191114654389;XL;995;25H;;1,00;
30/01/2026;002;22286;6191114654471;XXL;995;25H;;1,00;
30/01/2026;002;22287;6191114654556;L;815;25H;;1,00;
30/01/2026;002;22287;6191114654594;XXL;815;25H;;1,00;
30/01/2026;002;22288;6191114654662;L;995;25H;;1,00;
30/01/2026;002;22289;6191114655249;L;995;25H;;-1,00;
30/01/2026;002;22289;6191114655263;XL;995;25H;;1,00;
30/01/2026;002;22291;6191114655478;XXL;495;25H;;1,00;
30/01/2026;002;22292;6191114655621;S;870;25H;;1,00;
30/01/2026;002;22292;6191114655713;XXL;995;25H;;1,00;
30/01/2026;002;22295;6191114656215;M;695;25H;;2,00;
30/01/2026;002;22295;6191114656246;XL;995;25H;;1,00;
30/01/2026;002;22295;6191114656253;XL;695;25H;;1,00;
30/01/2026;002;22296;6191114656512;L;215;25H;;1,00;
30/01/2026;002;22296;6191114656543;XL;215;25H;;1,00;
30/01/2026;002;22296;6191114656604;3XL;215;25H;;1,00;
30/01/2026;002;22298;6191114658288;XXL;R385;25H;;1,00;
30/01/2026;002;22299;6191114659766;3XL;695;25H;;1,00;
30/01/2026;002;22301;6191114657090;M;995;25H;;1,00;
30/01/2026;002;22301;6191114657168;XXL;215;25H;;1,00;
30/01/2026;002;22301;6191114657175;3XL;995;25H;;1,00;
30/01/2026;002;22302;6191114657304;3XL;245;25H;;1,00;
30/01/2026;002;22303;6191114657359;M;870;25H;;1,00;
30/01/2026;002;22306;6191114669086;XL;995;25H;;1,00;
30/01/2026;002;22310;6191114658042;M;995;25H;;1,00;
30/01/2026;002;22317;6191114658639;XXL;385;25H;;1,00;
30/01/2026;002;22318;6191114659063;3XL;C000;25H;;1,00;
30/01/2026;002;22319;6191114670242;L;995;25H;;1,00;
30/01/2026;002;22321;6191114659285;M;870;25H;;1,00;
30/01/2026;002;22322;6191114659490;XL;645;25H;;1,00;
30/01/2026;002;22323;6191114659599;M;995;25H;;1,00;
30/01/2026;002;22323;6191114659636;3XL;995;25H;;1,00;
30/01/2026;002;22324;6191114659698;3XL;995;25H;;1,00;
30/01/2026;002;22326;6191114668263;S;995;25H;;1,00;
30/01/2026;002;22328;6191114661387;S;995;25H;;1,00;
30/01/2026;002;22328;6191114661417;XL;995;25H;;1,00;
30/01/2026;002;22330;6191114660120;3XL;220;25H;;1,00;
30/01/2026;002;22331;6191114660267;XL;385;25H;;1,00;
30/01/2026;002;22331;6191114660397;L;495;25H;;1,00;
30/01/2026;002;22345;6191114668492;M;I815;25H;;2,00;
30/01/2026;002;22350;6191114668751;S;I815;25H;;1,00;
30/01/2026;002;22350;6191114668775;L;I815;25H;;1,00;
30/01/2026;002;22351;6191114668843;XL;I815;25H;;-1,00;
30/01/2026;002;55718;6191114526464;XXL;995;24H;;1,00;
30/01/2026;002;55800;6191114621589;L;385;25H;;1,00;
30/01/2026;002;55800;6191114621633;XL;975;25H;;1,00;
30/01/2026;002;55806;6191114640955;3XL;870;25H;;1,00;
30/01/2026;002;55808;6191114641327;3XL;975;25H;;1,00;
30/01/2026;002;55809;6191114642010;L;995;25H;;1,00;
30/01/2026;002;55809;6191114642027;XL;995;25H;;1,00;
30/01/2026;002;55810;6191114642249;XL;385;25H;;-1,00;
30/01/2026;002;55810;6191114642256;XL;010;25H;;-1,00;
30/01/2026;002;55811;6191114644588;M;R784;25H;;2,00;
30/01/2026;002;55811;6191114644595;L;R310;25H;;1,00;
30/01/2026;002;55811;6191114644601;L;R784;25H;;1,00;
30/01/2026;002;55811;6191114644625;XL;R784;25H;;1,00;
30/01/2026;002;55811;6191114644656;3XL;R310;25H;;1,00;
30/01/2026;002;55813;6191114645202;M;310;25H;;1,00;
30/01/2026;002;55813;6191114645226;L;385;25H;;2,00;
30/01/2026;002;55813;6191114645233;L;310;25H;;1,00;
30/01/2026;002;55813;6191114645240;L;940;25H;;-1,00;
30/01/2026;002;55815;6191114645622;3XL;385;25H;;-1,00;
30/01/2026;002;55816;6191114648371;S;R995;25H;;1,00;
30/01/2026;002;55816;6191114648432;L;R995;25H;;-1,00;
30/01/2026;002;55816;6191114648463;XL;R995;25H;;1,00;
30/01/2026;002;55816;6191114648548;3XL;R990;25H;;1,00;
30/01/2026;002;55817;6191114654754;M;790;25H;;1,00;
30/01/2026;002;55818;6191114655157;3XL;824;25H;;1,00;
30/01/2026;002;55819;6191114657670;3XL;R824;25H;;1,00;
30/01/2026;002;55820;6191114657847;M;R784;25H;;1,00;
30/01/2026;002;55820;6191114657908;XXL;R784;25H;;1,00;
30/01/2026;002;70201;6191114608030;L;R870;25H;;2,00;
30/01/2026;002;70201;6191114608061;XL;R385;25H;;1,00;
30/01/2026;002;70202;6191114608207;XXL;010;25H;;1,00;
30/01/2026;002;70209;6191114612785;L;R920;25H;;1,00;
30/01/2026;002;70209;6191114612846;3XL;R920;25H;;1,00;
30/01/2026;002;70216;6191114624313;L;R385;25H;;1,00;
30/01/2026;002;70217;6191114647305;M;E385;25H;;1,00;
30/01/2026;002;70217;6191114647329;XL;E385;25H;;1,00;
30/01/2026;002;70217;6191114647343;3XL;E385;25H;;1,00;
30/01/2026;002;70224;6191114641808;L;694;25H;;1,00;
30/01/2026;002;70224;6191114641815;XL;385;25H;;1,00;
30/01/2026;002;70224;6191114641846;XXL;694;25H;;-1,00;
30/01/2026;002;70226;6191114651944;S;I995;25H;;1,00;
30/01/2026;002;70227;6191114652170;M;I740;25H;;1,00;
30/01/2026;002;70227;6191114652217;XL;I740;25H;;1,00;
30/01/2026;002;70227;6191114652224;XL;I875;25H;;1,00;
30/01/2026;002;70227;6191114652255;3XL;I740;25H;;1,00;
30/01/2026;002;70227;6191114652279;4XL;I740;25H;;1,00;
30/01/2026;002;70227;6191114652286;4XL;I875;25H;;1,00;
30/01/2026;002;70229;6191114657809;3XL;476;25H;;1,00;
30/01/2026;002;70230;6191114658219;XL;I995;25H;;1,00;
30/01/2026;002;70231;6191114658707;L;C995;25H;;1,00;
30/01/2026;002;70233;6191114658912;3XL;995;25H;;1,00;
30/01/2026;002;91506;6191114626379;TU;995;25H;;1,00;
30/01/2026;002;91533;6191114648623;TU;995;25H;;-1,00;
30/01/2026;005;20416;6191114293595;M;995;23H;;1,00;
30/01/2026;005;20419;6191114293915;S;995;23H;;1,00;
30/01/2026;005;21093;6191114454699;3;724;24E;;1,00;
30/01/2026;005;21282;6191114502574;S;995;24H;;1,00;
30/01/2026;005;21343;6191114500976;S;895;24H;;1,00;
30/01/2026;005;21360;6191114503793;S;MCO;24H;;1,00;
30/01/2026;005;21583;6191114549715;37;170;25E;;1,00;
30/01/2026;005;21591;6191114567740;38;920;25E;;1,00;
30/01/2026;005;21835;6191114584266;XL;645;25E;;1,00;
30/01/2026;005;22019;6191114609433;L;995;25H;;1,00;
30/01/2026;005;22026;6191114610217;L;645;25H;;1,00;
30/01/2026;005;22033;6191114611009;S;815;25H;;1,00;
30/01/2026;005;22033;6191114611023;M;815;25H;;1,00;
30/01/2026;005;22033;6191114611085;XXL;815;25H;;1,00;
30/01/2026;005;22033;6191114611092;XXL;695;25H;;1,00;
30/01/2026;005;22036;6191114611177;L;R010;25H;;1,00;
30/01/2026;005;22038;6191114611412;3XL;R385;25H;;1,00;
30/01/2026;005;22045;6191114611702;L;995;25H;;1,00;
30/01/2026;005;22061;6191114618220;3XL;R385;25H;;1,00;
30/01/2026;005;22063;6191114618534;M;784;25H;;1,00;
30/01/2026;005;22063;6191114618572;XL;870;25H;;1,00;
30/01/2026;005;22064;6191114618787;XL;175;25H;;1,00;
30/01/2026;005;22064;6191114618862;3XL;010;25H;;1,00;
30/01/2026;005;22085;6191114619449;XXL;740;25H;;-1,00;
30/01/2026;005;22085;6191114619463;3XL;740;25H;;1,00;
30/01/2026;005;22111;6191114622661;L;255;25H;;1,00;
30/01/2026;005;22113;6191114645769;XXL;990;25H;;1,00;
30/01/2026;005;22122;6191114646667;XL;995;25H;;1,00;
30/01/2026;005;22126;6191114649347;XXL;760;25H;;1,00;
30/01/2026;005;22126;6191114649354;3XL;760;25H;;1,00;
30/01/2026;005;22139;6191114624375;XS;940;25H;;1,00;
30/01/2026;005;22147;6191114625082;L;000;25H;;1,00;
30/01/2026;005;22148;6191114625563;XL;995;25H;;1,00;
30/01/2026;005;22183;6191114629585;3XL;385;25H;;1,00;
30/01/2026;005;22183;6191114629592;3XL;995;25H;;1,00;
30/01/2026;005;22184;6191114629639;M;995;25H;;1,00;
30/01/2026;005;22191;6191114627949;XL;P010;25H;;1,00;
30/01/2026;005;22193;6191114628069;M;995;25H;;1,00;
30/01/2026;005;22193;6191114628083;XL;995;25H;;1,00;
30/01/2026;005;22205;6191114630802;L;870;25H;;1,00;
30/01/2026;005;22209;6191114640733;XL;815;25H;;1,00;
30/01/2026;005;22211;6191114641334;S;694;25H;;1,00;
30/01/2026;005;22216;6191114642775;3XL;I255;25H;;1,00;
30/01/2026;005;22237;6191114644823;XL;I815;25H;;1,00;
30/01/2026;005;22238;6191114644892;XXL;I995;25H;;1,00;
30/01/2026;005;22239;6191114644946;M;815;25H;;1,00;
30/01/2026;005;22246;6191114648852;XL;995;25H;;1,00;
30/01/2026;005;22250;6191114649651;XL;784;25H;;1,00;
30/01/2026;005;22258;6191114650831;3XL;385;25H;;1,00;
30/01/2026;005;22263;6191114651500;S;010;25H;;1,00;
30/01/2026;005;22265;6191114651746;XS;995;25H;;1,00;
30/01/2026;005;22267;6191114651876;XL;995;25H;;1,00;
30/01/2026;005;22275;6191114652958;L;385;25H;;1,00;
30/01/2026;005;22280;6191114653870;XL;995;25H;;1,00;
30/01/2026;005;22282;6191114654037;S;I815;25H;;1,00;
30/01/2026;005;22284;6191114654242;XL;995;25H;;1,00;
30/01/2026;005;22287;6191114654563;L;995;25H;;1,00;
30/01/2026;005;22288;6191114654679;XL;995;25H;;1,00;
30/01/2026;005;22291;6191114655416;M;495;25H;;1,00;
30/01/2026;005;22294;6191114656017;S;870;25H;;1,00;
30/01/2026;005;22294;6191114656116;XL;820;25H;;1,00;
30/01/2026;005;22295;6191114656215;M;695;25H;;1,00;
30/01/2026;005;22295;6191114656239;L;695;25H;;1,00;
30/01/2026;005;22296;6191114656543;XL;215;25H;;1,00;
30/01/2026;005;22300;6191114656826;L;870;25H;;1,00;
30/01/2026;005;22306;6191114669079;L;995;25H;;1,00;
30/01/2026;005;22307;6191114669987;L;M870;25H;;1,00;
30/01/2026;005;22309;6191114657977;XS;995;25H;;1,00;
30/01/2026;005;22321;6191114659322;XL;870;25H;;1,00;
30/01/2026;005;22322;6191114659513;XL;190;25H;;1,00;
30/01/2026;005;22330;6191114660083;XL;220;25H;;1,00;
30/01/2026;005;22343;6191114661462;XXL;I634;25H;;1,00;
30/01/2026;005;55800;6191114621558;M;385;25H;;1,00;
30/01/2026;005;55800;6191114621596;L;995;25H;;1,00;
30/01/2026;005;55800;6191114621619;XL;385;25H;;1,00;
30/01/2026;005;55801;6191114621855;3XL;385;25H;;1,00;
30/01/2026;005;55805;6191114626584;M;R000;25H;;1,00;
30/01/2026;005;55808;6191114641242;XL;385;25H;;1,00;
30/01/2026;005;55811;6191114644625;XL;R784;25H;;1,00;
30/01/2026;005;55813;6191114645240;L;940;25H;;1,00;
30/01/2026;005;55817;6191114654730;M;385;25H;;1,00;
30/01/2026;005;55817;6191114654747;M;695;25H;;1,00;
30/01/2026;005;55817;6191114654778;L;695;25H;;1,00;
30/01/2026;005;66479;6191114492950;XL;995;24H;;1,00;
30/01/2026;005;66481;6191114502222;L/XL;200;24H;;1,00;
30/01/2026;005;70209;6191114612754;M;R170;25H;;1,00;
30/01/2026;005;70209;6191114612778;L;R170;25H;;1,00;
30/01/2026;005;70231;6191114658721;XL;C995;25H;;1,00;
30/01/2026;005;70232;6191114658844;3XL;995;25H;;1,00;
30/01/2026;005;70233;6191114658899;XL;995;25H;;1,00;
30/01/2026;005;91529;6191114640276;36;385;25H;;1,00;
30/01/2026;005;91529;6191114640290;37;385;25H;;1,00;
30/01/2026;005;91529;6191114640313;38;385;25H;;1,00;
30/01/2026;009;21835;6191114584235;XL;235;25E;;1,00;
30/01/2026;009;21835;6191114584327;XXL;810;25E;;1,00;
30/01/2026;009;21835;6191114584341;XXL;645;25E;;1,00;
30/01/2026;009;21906;6191114600140;XL;000;25E;;1,00;
30/01/2026;009;22005;6191114606692;XXL;645;25H;;1,00;
30/01/2026;009;22013;6191114607620;M;870;25H;;1,00;
30/01/2026;009;22013;6191114607712;3XL;995;25H;;1,00;
30/01/2026;009;22015;6191114607859;M;695;25H;;1,00;
30/01/2026;009;22017;6191114609198;L;010;25H;;1,00;
30/01/2026;009;22032;6191114610958;XL;940;25H;;1,00;
30/01/2026;009;22033;6191114611078;XL;695;25H;;1,00;
30/01/2026;009;22033;6191114611108;3XL;815;25H;;1,00;
30/01/2026;009;22033;6191114611115;3XL;695;25H;;1,00;
30/01/2026;009;22049;6191114612105;M;995;25H;;1,00;
30/01/2026;009;22066;6191114615588;M;875;25H;;1,00;
30/01/2026;009;22073;6191114616332;XXL;870;25H;;1,00;
30/01/2026;009;22081;6191114617049;S;380;25H;;1,00;
30/01/2026;009;22096;6191114620575;M;385;25H;;1,00;
30/01/2026;009;22096;6191114620636;XXL;385;25H;;1,00;
30/01/2026;009;22099;6191114620919;L;995;25H;;1,00;
30/01/2026;009;22117;6191114646216;XS;995;25H;;1,00;
30/01/2026;009;22117;6191114648999;L;940;25H;;1,00;
30/01/2026;009;22130;6191114623538;M;995;25H;;1,00;
30/01/2026;009;22142;6191114624696;M;995;25H;;1,00;
30/01/2026;009;22142;6191114624719;M;195;25H;;1,00;
30/01/2026;009;22190;6191114627840;XL;995;25H;;1,00;
30/01/2026;009;22194;6191114628229;XL;I255;25H;;1,00;
30/01/2026;009;22199;6191114631120;3XL;995;25H;;1,00;
30/01/2026;009;22215;6191114642485;L;215;25H;;1,00;
30/01/2026;009;22239;6191114644953;M;995;25H;;1,00;
30/01/2026;009;22239;6191114644991;L;784;25H;;1,00;
30/01/2026;009;22246;6191114648814;M;995;25H;;1,00;
30/01/2026;009;22246;6191114648845;XL;870;25H;;1,00;
30/01/2026;009;22246;6191114648852;XL;995;25H;;1,00;
30/01/2026;009;22250;6191114649637;XL;815;25H;;1,00;
30/01/2026;009;22250;6191114649668;XXL;815;25H;;1,00;
30/01/2026;009;22251;6191114650084;3XL;995;25H;;1,00;
30/01/2026;009;22254;6191114650305;L;995;25H;;1,00;
30/01/2026;009;22254;6191114650329;XXL;995;25H;;1,00;
30/01/2026;009;22255;6191114650367;L;995;25H;;1,00;
30/01/2026;009;22256;6191114650442;XXL;995;25H;;1,00;
30/01/2026;009;22262;6191114651333;S;385;25H;;1,00;
30/01/2026;009;22262;6191114651418;XXL;385;25H;;1,00;
30/01/2026;009;22265;6191114651784;XL;995;25H;;1,00;
30/01/2026;009;22274;6191114652880;XL;995;25H;;1,00;
30/01/2026;009;22276;6191114655799;L;995;25H;;1,00;
30/01/2026;009;22276;6191114655805;XL;385;25H;;-1,00;
30/01/2026;009;22276;6191114655836;XXL;995;25H;;1,00;
30/01/2026;009;22277;6191114653429;L;784;25H;;1,00;
30/01/2026;009;22281;6191114653955;XS;995;25H;;1,00;
30/01/2026;009;22281;6191114653986;L;995;25H;;1,00;
30/01/2026;009;22285;6191114654372;XL;385;25H;;1,00;
30/01/2026;009;22287;6191114654570;XL;815;25H;;1,00;
30/01/2026;009;22287;6191114654600;XXL;995;25H;;1,00;
30/01/2026;009;22294;6191114656130;XXL;870;25H;;1,00;
30/01/2026;009;22295;6191114656277;XXL;695;25H;;1,00;
30/01/2026;009;22301;6191114657120;L;215;25H;;1,00;
30/01/2026;009;22303;6191114657373;L;870;25H;;1,00;
30/01/2026;009;22303;6191114657397;XL;870;25H;;1,00;
30/01/2026;009;22307;6191114669987;L;M870;25H;;1,00;
30/01/2026;009;22312;6191114658141;L;995;25H;;1,00;
30/01/2026;009;22325;6191114659926;S;695;25H;;1,00;
30/01/2026;009;22347;6191114668621;XXL;I815;25H;;1,00;
30/01/2026;009;55808;6191114641273;XXL;385;25H;;1,00;
30/01/2026;009;55813;6191114645196;M;385;25H;;1,00;
30/01/2026;009;55816;6191114648418;M;R385;25H;;1,00;
30/01/2026;009;55816;6191114648449;L;R385;25H;;1,00;
30/01/2026;009;70205;6191114612273;M;385;25H;;1,00;
30/01/2026;009;70205;6191114612297;L;385;25H;;1,00;
30/01/2026;009;70217;6191114647329;XL;E385;25H;;1,00;
30/01/2026;009;70224;6191114641846;XXL;694;25H;;1,00;
30/01/2026;009;70226;6191114652064;XXL;I995;25H;;1,00;
30/01/2026;009;70227;6191114652194;L;I740;25H;;1,00;
30/01/2026;009;70229;6191114657809;3XL;476;25H;;1,00;
30/01/2026;009;70231;6191114658691;L;C000;25H;;1,00;
30/01/2026;009;70231;6191114658738;XXL;C000;25H;;1,00;
30/01/2026;009;91504;6191114626348;TU;695;25H;;1,00;
30/01/2026;009;91510;6191114625457;38;815;25H;;2,00;
30/01/2026;011;21359;6191114503748;M;995;24H;;1,00;
30/01/2026;011;21359;6191114503755;L;995;24H;;1,00;
30/01/2026;011;21383;6191114508736;L/XL;170;24H;;1,00;
30/01/2026;011;21828;6191114583221;XL;200;25E;;1,00;
30/01/2026;011;21830;6191114583351;M;995;25E;;1,00;
30/01/2026;011;21830;6191114583405;L;200;25E;;1,00;
30/01/2026;011;21831;6191114583535;L;995;25E;;1,00;
30/01/2026;011;21831;6191114583559;L;200;25E;;1,00;
30/01/2026;011;22005;6191114606562;M;815;25H;;1,00;
30/01/2026;011;22010;6191114607286;L;815;25H;;1,00;
30/01/2026;011;22011;6191114607385;M;010;25H;;1,00;
30/01/2026;011;22011;6191114607439;XL;215;25H;;1,00;
30/01/2026;011;22017;6191114609198;L;010;25H;;1,00;
30/01/2026;011;22020;6191114609549;L;695;25H;;1,00;
30/01/2026;011;22023;6191114609877;XL;R010;25H;;1,00;
30/01/2026;011;22024;6191114653320;XL;815;25H;;1,00;
30/01/2026;011;22031;6191114610798;M;695;25H;;1,00;
30/01/2026;011;22031;6191114610804;L;995;25H;;1,00;
30/01/2026;011;22031;6191114610811;L;695;25H;;1,00;
30/01/2026;011;22038;6191114611382;L;R385;25H;;1,00;
30/01/2026;011;22045;6191114611733;XL;695;25H;;1,00;
30/01/2026;011;22053;6191114617322;XL;385;25H;;1,00;
30/01/2026;011;22060;6191114618077;XL;310;25H;;1,00;
30/01/2026;011;22064;6191114618695;M;855;25H;;1,00;
30/01/2026;011;22064;6191114618749;L;855;25H;;1,00;
30/01/2026;011;22064;6191114618756;XL;815;25H;;1,00;
30/01/2026;011;22080;6191114617018;XL;476;25H;;1,00;
30/01/2026;011;22096;6191114620643;XXL;995;25H;;1,00;
30/01/2026;011;22106;6191114621473;M;990;25H;;1,00;
30/01/2026;011;22106;6191114621503;XXL;990;25H;;1,00;
30/01/2026;011;22113;6191114645769;XXL;990;25H;;1,00;
30/01/2026;011;22117;6191114648999;L;940;25H;;1,00;
30/01/2026;011;22118;6191114646377;M;995;25H;;1,00;
30/01/2026;011;22118;6191114646438;XXL;995;25H;;1,00;
30/01/2026;011;22123;6191114646773;XXL;995;25H;;1,00;
30/01/2026;011;22127;6191114649033;XS;770;25H;;1,00;
30/01/2026;011;22127;6191114649088;XXL;770;25H;;2,00;
30/01/2026;011;22131;6191114623651;XXL;995;25H;;1,00;
30/01/2026;011;22132;6191114623828;S;224;25H;;1,00;
30/01/2026;011;22137;6191114623330;S;235;25H;;1,00;
30/01/2026;011;22163;6191114659803;M;C790;25H;;1,00;
30/01/2026;011;22163;6191114659841;XL;C790;25H;;1,00;
30/01/2026;011;22182;6191114629332;M;870;25H;;1,00;
30/01/2026;011;22189;6191114644762;S/M;200;25H;;2,00;
30/01/2026;011;22201;6191114630420;XL;815;25H;;1,00;
30/01/2026;011;22206;6191114630901;XL;995;25H;;1,00;
30/01/2026;011;22206;6191114630925;XXL;995;25H;;1,00;
30/01/2026;011;22206;6191114630956;3XL;195;25H;;1,00;
30/01/2026;011;22239;6191114644960;M;784;25H;;1,00;
30/01/2026;011;22239;6191114645035;XXL;815;25H;;1,00;
30/01/2026;011;22241;6191114647381;XL;R000;25H;;1,00;
30/01/2026;011;22243;6191114647817;XL;215;25H;;1,00;
30/01/2026;011;22244;6191114647985;XL;995;25H;;1,00;
30/01/2026;011;22268;6191114653115;L;695;25H;;1,00;
30/01/2026;011;22269;6191114653191;L;695;25H;;1,00;
30/01/2026;011;22275;6191114652934;M;385;25H;;1,00;
30/01/2026;011;22275;6191114652958;L;385;25H;;1,00;
30/01/2026;011;22276;6191114655812;XL;995;25H;;1,00;
30/01/2026;011;22278;6191114653481;M;995;25H;;1,00;
30/01/2026;011;22281;6191114653955;XS;995;25H;;1,00;
30/01/2026;011;22282;6191114654068;XL;I815;25H;;1,00;
30/01/2026;011;22288;6191114654679;XL;995;25H;;1,00;
30/01/2026;011;22289;6191114655263;XL;995;25H;;1,00;
30/01/2026;011;22290;6191114657960;XXL;R385;25H;;1,00;
30/01/2026;011;22291;6191114655423;L;995;25H;;1,00;
30/01/2026;011;22295;6191114656215;M;695;25H;;-1,00;
30/01/2026;011;22295;6191114656246;XL;995;25H;;-1,00;
30/01/2026;011;22296;6191114656574;XXL;215;25H;;1,00;
30/01/2026;011;22300;6191114656826;L;870;25H;;1,00;
30/01/2026;011;22300;6191114656857;3XL;870;25H;;1,00;
30/01/2026;011;22303;6191114657427;XXL;195;25H;;1,00;
30/01/2026;011;22317;6191114658608;L;195;25H;;1,00;
30/01/2026;011;22331;6191114660274;XL;995;25H;;1,00;
30/01/2026;011;22331;6191114660281;XL;390;25H;;1,00;
30/01/2026;011;55800;6191114621619;XL;385;25H;;1,00;
30/01/2026;011;55806;6191114640900;XL;995;25H;;1,00;
30/01/2026;011;55811;6191114644625;XL;R784;25H;;-1,00;
30/01/2026;011;70202;6191114608153;L;995;25H;;1,00;
30/01/2026;011;70210;6191114619241;3XL;R385;25H;;1,00;
30/01/2026;011;70220;6191114631199;XL;870;25H;;-1,00;
30/01/2026;011;70231;6191114658653;S;C000;25H;;1,00;
30/01/2026;011;91272;6194444115667;TU;815;22H;;1,00;
30/01/2026;011;91506;6191114626386;TU;880;25H;;1,00;
30/01/2026;014;21659;6191114588905;XL;005;25E;;1,00;
30/01/2026;014;22006;6191114606968;3XL;815;25H;;1,00;
30/01/2026;014;22010;6191114607279;M;995;25H;;1,00;
30/01/2026;014;22012;6191114607569;XXL;995;25H;;2,00;
30/01/2026;014;22019;6191114609488;3XL;815;25H;;1,00;
30/01/2026;014;22021;6191114609679;3XL;385;25H;;1,00;
30/01/2026;014;22024;6191114653320;XL;815;25H;;1,00;
30/01/2026;014;22037;6191114611269;M;995;25H;;1,00;
30/01/2026;014;22043;6191114611603;S;784;25H;;1,00;
30/01/2026;014;22045;6191114611702;L;995;25H;;1,00;
30/01/2026;014;22063;6191114618534;M;784;25H;;1,00;
30/01/2026;014;22064;6191114618725;L;695;25H;;1,00;
30/01/2026;014;22064;6191114618862;3XL;010;25H;;1,00;
30/01/2026;014;22066;6191114615595;L;815;25H;;1,00;
30/01/2026;014;22067;6191114615687;L;380;25H;;1,00;
30/01/2026;014;22070;6191114616011;XL;385;25H;;1,00;
30/01/2026;014;22085;6191114619449;XXL;740;25H;;1,00;
30/01/2026;014;22091;6191114620162;M;995;25H;;1,00;
30/01/2026;014;22091;6191114620179;L;815;25H;;1,00;
30/01/2026;014;22092;6191114620278;M;815;25H;;-1,00;
30/01/2026;014;22092;6191114620339;XXL;815;25H;;-1,00;
30/01/2026;014;22096;6191114620636;XXL;385;25H;;1,00;
30/01/2026;014;22113;6191114645707;L;820;25H;;1,00;
30/01/2026;014;22113;6191114645714;L;990;25H;;1,00;
30/01/2026;014;22114;6191114645844;L;020;25H;;1,00;
30/01/2026;014;22114;6191114645905;3XL;020;25H;;1,00;
30/01/2026;014;22117;6191114646292;XL;995;25H;;1,00;
30/01/2026;014;22117;6191114649002;XL;940;25H;;1,00;
30/01/2026;014;22127;6191114647053;XS;995;25H;;1,00;
30/01/2026;014;22127;6191114649057;M;770;25H;;1,00;
30/01/2026;014;22128;6191114622944;S;385;25H;;1,00;
30/01/2026;014;22129;6191114623156;L;385;25H;;1,00;
30/01/2026;014;22129;6191114623224;XXL;995;25H;;1,00;
30/01/2026;014;22132;6191114623873;XL;794;25H;;1,00;
30/01/2026;014;22132;6191114623897;XXL;794;25H;;1,00;
30/01/2026;014;22137;6191114623422;XL;235;25H;;1,00;
30/01/2026;014;22151;6191114625723;XL;995;25H;;1,00;
30/01/2026;014;22170;6191114626881;M;R925;25H;;1,00;
30/01/2026;014;22171;6191114627130;M;R925;25H;;1,00;
30/01/2026;014;22177;6191114628915;XL;215;25H;;1,00;
30/01/2026;014;22182;6191114629332;M;870;25H;;1,00;
30/01/2026;014;22182;6191114629394;XL;870;25H;;1,00;
30/01/2026;014;22182;6191114629400;XL;995;25H;;1,00;
30/01/2026;014;22182;6191114629417;XL;784;25H;;1,00;
30/01/2026;014;22182;6191114629455;3XL;870;25H;;1,00;
30/01/2026;014;22182;6191114629462;3XL;995;25H;;1,00;
30/01/2026;014;22186;6191114627727;M;784;25H;;1,00;
30/01/2026;014;22197;6191114630086;XL;815;25H;;1,00;
30/01/2026;014;22201;6191114630420;XL;815;25H;;1,00;
30/01/2026;014;22201;6191114630444;XXL;815;25H;;1,00;
30/01/2026;014;22201;6191114630475;3XL;995;25H;;1,00;
30/01/2026;014;22202;6191114630482;S;995;25H;;1,00;
30/01/2026;014;22215;6191114642522;XL;310;25H;;1,00;
30/01/2026;014;22216;6191114642768;XXL;I255;25H;;1,00;
30/01/2026;014;22222;6191114643444;XXL;995;25H;;1,00;
30/01/2026;014;22223;6191114643574;XL;645;25H;;1,00;
30/01/2026;014;22229;6191114644014;L;995;25H;;1,00;
30/01/2026;014;22241;6191114647381;XL;R000;25H;;1,00;
30/01/2026;014;22241;6191114647398;XXL;R000;25H;;1,00;
30/01/2026;014;22242;6191114647527;L;380;25H;;1,00;
30/01/2026;014;22242;6191114647572;XL;380;25H;;1,00;
30/01/2026;014;22244;6191114647954;L;995;25H;;1,00;
30/01/2026;014;22244;6191114647992;XL;215;25H;;1,00;
30/01/2026;014;22244;6191114648005;XL;695;25H;;1,00;
30/01/2026;014;22250;6191114649569;S;784;25H;;1,00;
30/01/2026;014;22250;6191114649606;L;815;25H;;1,00;
30/01/2026;014;22250;6191114649620;L;784;25H;;1,00;
30/01/2026;014;22257;6191114650510;M;I740;25H;;1,00;
30/01/2026;014;22257;6191114650558;L;I195;25H;;1,00;
30/01/2026;014;22257;6191114650640;3XL;I195;25H;;1,00;
30/01/2026;014;22257;6191114650657;4XL;I350;25H;;1,00;
30/01/2026;014;22258;6191114650848;3XL;195;25H;;1,00;
30/01/2026;014;22262;6191114651364;M;490;25H;;1,00;
30/01/2026;014;22263;6191114651531;M;010;25H;;1,00;
30/01/2026;014;22263;6191114651647;3XL;995;25H;;1,00;
30/01/2026;014;22265;6191114651746;XS;995;25H;;1,00;
30/01/2026;014;22267;6191114651814;S;995;25H;;1,00;
30/01/2026;014;22267;6191114651845;L;815;25H;;1,00;
30/01/2026;014;22268;6191114649750;L;870;25H;;1,00;
30/01/2026;014;22268;6191114649781;3XL;870;25H;;1,00;
30/01/2026;014;22277;6191114653382;S;784;25H;;1,00;
30/01/2026;014;22277;6191114653429;L;784;25H;;1,00;
30/01/2026;014;22277;6191114653467;XXL;784;25H;;1,00;
30/01/2026;014;22278;6191114653498;L;995;25H;;1,00;
30/01/2026;014;22279;6191114653610;M;000;25H;;1,00;
30/01/2026;014;22279;6191114653702;XXL;000;25H;;1,00;
30/01/2026;014;22280;6191114653870;XL;995;25H;;1,00;
30/01/2026;014;22281;6191114654006;XXL;995;25H;;1,00;
30/01/2026;014;22287;6191114654556;L;815;25H;;1,00;
30/01/2026;014;22287;6191114654600;XXL;995;25H;;1,00;
30/01/2026;014;22289;6191114655218;S;476;25H;;1,00;
30/01/2026;014;22289;6191114655249;L;995;25H;;1,00;
30/01/2026;014;22289;6191114655256;L;476;25H;;1,00;
30/01/2026;014;22294;6191114656130;XXL;870;25H;;1,00;
30/01/2026;014;22295;6191114656222;L;995;25H;;1,00;
30/01/2026;014;22295;6191114656253;XL;695;25H;;1,00;
30/01/2026;014;22295;6191114656277;XXL;695;25H;;1,00;
30/01/2026;014;22296;6191114656543;XL;215;25H;;1,00;
30/01/2026;014;22311;6191114658103;XL;I995;25H;;1,00;
30/01/2026;014;22318;6191114658998;L;235;25H;;1,00;
30/01/2026;014;22318;6191114659018;XL;235;25H;;1,00;
30/01/2026;014;22331;6191114660298;XXL;815;25H;;1,00;
30/01/2026;014;22338;6191114660892;M;170;25H;;1,00;
30/01/2026;014;22343;6191114661356;L;I634;25H;;1,00;
30/01/2026;014;22351;6191114668843;XL;I815;25H;;1,00;
30/01/2026;014;55800;6191114621565;M;995;25H;;1,00;
30/01/2026;014;55811;6191114644625;XL;R784;25H;;1,00;
30/01/2026;014;55816;6191114648487;XL;R990;25H;;1,00;
30/01/2026;014;55818;6191114654952;M;824;25H;;1,00;
30/01/2026;014;55818;6191114654983;L;385;25H;;1,00;
30/01/2026;014;70201;6191114608030;L;R870;25H;;1,00;
30/01/2026;014;70201;6191114608092;3XL;R870;25H;;1,00;
30/01/2026;014;70202;6191114608160;L;010;25H;;1,00;
30/01/2026;014;70206;6191114612488;3XL;995;25H;;1,00;
30/01/2026;014;70207;6191114612549;L;R695;25H;;1,00;
30/01/2026;014;70216;6191114624306;M;R385;25H;;1,00;
30/01/2026;014;70227;6191114652170;M;I740;25H;;1,00;
30/01/2026;014;70227;6191114652194;L;I740;25H;;1,00;
30/01/2026;014;70233;6191114658882;L;995;25H;;1,00;
30/01/2026;014;91501;6191114626294;TU;385;25H;;1,00;
30/01/2026;014;91503;6191114626324;TU;995;25H;;1,00;
30/01/2026;014;91509;6191114625297;38;815;25H;;1,00;
30/01/2026;014;91509;6191114625310;38;995;25H;;1,00;
30/01/2026;014;91526;6191114639980;37;880;25H;;2,00;
30/01/2026;014;91528;6191114640207;37;995;25H;;1,00;
30/01/2026;015;21658;6191114553767;L;995;25E;;1,00;
30/01/2026;015;22005;6191114606678;XL;010;25H;;1,00;
30/01/2026;015;22017;6191114609181;L;995;25H;;1,00;
30/01/2026;015;22019;6191114609457;XL;995;25H;;1,00;
30/01/2026;015;22023;6191114609822;M;R385;25H;;1,00;
30/01/2026;015;22027;6191114610347;XL;645;25H;;1,00;
30/01/2026;015;22052;6191114617193;L;385;25H;;1,00;
30/01/2026;015;22055;6191114624870;XL;995;25H;;1,00;
30/01/2026;015;22061;6191114618237;3XL;R350;25H;;1,00;
30/01/2026;015;22084;6191114616479;L;000;25H;;1,00;
30/01/2026;015;22091;6191114620186;L;995;25H;;1,00;
30/01/2026;015;22111;6191114622722;L;235;25H;;1,00;
30/01/2026;015;22113;6191114645677;M;820;25H;;1,00;
30/01/2026;015;22117;6191114646216;XS;995;25H;;1,00;
30/01/2026;015;22120;6191114646452;S;995;25H;;1,00;
30/01/2026;015;22128;6191114623002;L;385;25H;;1,00;
30/01/2026;015;22128;6191114623026;L;995;25H;;1,00;
30/01/2026;015;22129;6191114623125;M;385;25H;;1,00;
30/01/2026;015;22129;6191114623132;M;995;25H;;1,00;
30/01/2026;015;22129;6191114623149;M;010;25H;;1,00;
30/01/2026;015;22129;6191114623156;L;385;25H;;1,00;
30/01/2026;015;22142;6191114624689;S;195;25H;;1,00;
30/01/2026;015;22162;6191114647220;L;995;25H;;1,00;
30/01/2026;015;22186;6191114627758;XL;385;25H;;1,00;
30/01/2026;015;22195;6191114628380;XL;215;25H;;1,00;
30/01/2026;015;22199;6191114631106;XL;995;25H;;1,00;
30/01/2026;015;22199;6191114631113;XXL;995;25H;;1,00;
30/01/2026;015;22202;6191114630550;XL;790;25H;;1,00;
30/01/2026;015;22206;6191114630895;L;195;25H;;1,00;
30/01/2026;015;22207;6191114640399;S;784;25H;;1,00;
30/01/2026;015;22213;6191114642355;3XL;815;25H;;1,00;
30/01/2026;015;22216;6191114642621;L;I880;25H;;1,00;
30/01/2026;015;22216;6191114642720;S;I255;25H;;1,00;
30/01/2026;015;22230;6191114644144;XXL;790;25H;;1,00;
30/01/2026;015;22241;6191114647374;L;R000;25H;;1,00;
30/01/2026;015;22244;6191114648043;3XL;995;25H;;1,00;
30/01/2026;015;22244;6191114648050;3XL;215;25H;;1,00;
30/01/2026;015;22244;6191114648067;3XL;695;25H;;1,00;
30/01/2026;015;22250;6191114649545;S;815;25H;;1,00;
30/01/2026;015;22276;6191114655720;XS;385;25H;;1,00;
30/01/2026;015;22276;6191114655737;XS;995;25H;;1,00;
30/01/2026;015;22278;6191114653498;L;995;25H;;1,00;
30/01/2026;015;22280;6191114653856;L;000;25H;;1,00;
30/01/2026;015;22282;6191114654044;M;I815;25H;;1,00;
30/01/2026;015;22288;6191114654679;XL;995;25H;;1,00;
30/01/2026;015;22296;6191114656543;XL;215;25H;;1,00;
30/01/2026;015;22300;6191114656826;L;870;25H;;2,00;
30/01/2026;015;22300;6191114656840;XXL;870;25H;;1,00;
30/01/2026;015;22311;6191114658097;L;I995;25H;;1,00;
30/01/2026;015;22316;6191114658523;XL;476;25H;;1,00;
30/01/2026;015;22331;6191114660311;XXL;995;25H;;1,00;
30/01/2026;015;22331;6191114660359;3XL;995;25H;;1,00;
30/01/2026;015;22331;6191114660410;XXL;495;25H;;1,00;
30/01/2026;015;22332;6191114660526;L;870;25H;;1,00;
30/01/2026;015;22332;6191114660564;XXL;870;25H;;1,00;
30/01/2026;015;55808;6191114641242;XL;385;25H;;1,00;
30/01/2026;015;55810;6191114642263;XXL;385;25H;;-1,00;
30/01/2026;015;55813;6191114645196;M;385;25H;;1,00;
30/01/2026;015;55815;6191114645585;XL;385;25H;;1,00;
30/01/2026;015;55816;6191114648456;L;R990;25H;;1,00;
30/01/2026;015;70210;6191114619180;L;R385;25H;;1,00;
30/01/2026;015;70216;6191114624320;XL;R385;25H;;1,00;
30/01/2026;015;70217;6191114647299;S;E385;25H;;1,00;
30/01/2026;015;70231;6191114658738;XXL;C000;25H;;-1,00;
30/01/2026;015;70231;6191114658752;3XL;C000;25H;;1,00;
30/01/2026;015;91272;6194444115667;TU;815;22H;;1,00;
30/01/2026;015;91509;6191114625334;39;870;25H;;1,00;
30/01/2026;015;91529;6191114640344;39;875;25H;;1,00;
30/01/2026;016;20836;6191114396739;S/M;385;24E;;1,00;
30/01/2026;016;21222;6191114479111;L;645;24H;;-1,00;
30/01/2026;016;21225;6191114479470;3XL;310;24H;;1,00;
30/01/2026;016;21308;6191114492714;XL;995;24H;;1,00;
30/01/2026;016;21343;6191114501003;L;995;24H;;1,00;
30/01/2026;016;21343;6191114501072;3XL;895;24H;;1,00;
30/01/2026;016;21345;6191114501232;M;895;24H;;1,00;
30/01/2026;016;21380;6191114508385;M;875;24H;;2,00;
30/01/2026;016;21381;6191114508514;XL;995;24H;;1,00;
30/01/2026;016;21402;6191114513280;L;824;24H;;1,00;
30/01/2026;016;21404;6191114513525;L;995;24H;;1,00;
30/01/2026;016;21426;6191114526945;S;695;24H;;1,00;
30/01/2026;016;21447;6191114529533;3XL;695;24H;;1,00;
30/01/2026;016;21499;6191114538948;XL;784;25E;;1,00;
30/01/2026;016;21570;6191114546127;S;385;25E;;1,00;
30/01/2026;016;21835;6191114583986;S;145;25E;;1,00;
30/01/2026;016;21933;6191114615441;XL;645;25E;;1,00;
30/01/2026;016;22017;6191114609235;XXL;010;25H;;1,00;
30/01/2026;016;22020;6191114609587;XXL;695;25H;;1,00;
30/01/2026;016;22020;6191114619296;XL;815;25H;;1,00;
30/01/2026;016;22020;6191114619319;3XL;815;25H;;1,00;
30/01/2026;016;22024;6191114653269;XL;870;25H;;1,00;
30/01/2026;016;22025;6191114610088;L;995;25H;;1,00;
30/01/2026;016;22026;6191114610217;L;645;25H;;1,00;
30/01/2026;016;22026;6191114610224;XL;815;25H;;1,00;
30/01/2026;016;22026;6191114610231;XL;645;25H;;1,00;
30/01/2026;016;22026;6191114610255;XXL;645;25H;;1,00;
30/01/2026;016;22036;6191114611184;XL;R995;25H;;1,00;
30/01/2026;016;22044;6191114609099;M;995;25H;;1,00;
30/01/2026;016;22046;6191114611801;L;C385;25H;;1,00;
30/01/2026;016;22055;6191114624894;3XL;995;25H;;1,00;
30/01/2026;016;22058;6191114617971;XXL;000;25H;;1,00;
30/01/2026;016;22063;6191114618541;L;870;25H;;1,00;
30/01/2026;016;22064;6191114618657;M;815;25H;;1,00;
30/01/2026;016;22066;6191114615595;L;815;25H;;1,00;
30/01/2026;016;22066;6191114615625;XL;875;25H;;1,00;
30/01/2026;016;22084;6191114616486;XL;310;25H;;1,00;
30/01/2026;016;22086;6191114619548;XL;010;25H;;1,00;
30/01/2026;016;22088;6191114619821;XXL;995;25H;;1,00;
30/01/2026;016;22096;6191114620605;L;995;25H;;1,00;
30/01/2026;016;22113;6191114645769;XXL;990;25H;;1,00;
30/01/2026;016;22114;6191114645851;XL;815;25H;;1,00;
30/01/2026;016;22116;6191114646094;S;995;25H;;1,00;
30/01/2026;016;22116;6191114646209;3XL;770;25H;;1,00;
30/01/2026;016;22117;6191114648975;S;940;25H;;1,00;
30/01/2026;016;22117;6191114648982;M;940;25H;;1,00;
30/01/2026;016;22117;6191114649002;XL;940;25H;;1,00;
30/01/2026;016;22117;6191114649026;XS;940;25H;;1,00;
30/01/2026;016;22118;6191114646421;XL;874;25H;;1,00;
30/01/2026;016;22123;6191114646742;L;695;25H;;-1,00;
30/01/2026;016;22123;6191114646759;XL;995;25H;;1,00;
30/01/2026;016;22125;6191114646964;XL;E385;25H;;1,00;
30/01/2026;016;22127;6191114649040;S;770;25H;;1,00;
30/01/2026;016;22127;6191114649071;XL;770;25H;;1,00;
30/01/2026;016;22128;6191114622944;S;385;25H;;1,00;
30/01/2026;016;22128;6191114622968;S;995;25H;;1,00;
30/01/2026;016;22129;6191114623101;S;995;25H;;1,00;
30/01/2026;016;22129;6191114623118;S;010;25H;;1,00;
30/01/2026;016;22130;6191114623514;S;995;25H;;1,00;
30/01/2026;016;22131;6191114623637;L;995;25H;;1,00;
30/01/2026;016;22142;6191114624726;L;995;25H;;1,00;
30/01/2026;016;22152;6191114625778;XL;995;25H;;1,00;
30/01/2026;016;22164;6191114649484;XL;995;25H;;1,00;
30/01/2026;016;22173;6191114628670;M;995;25H;;1,00;
30/01/2026;016;22178;6191114628991;XL;P010;25H;;1,00;
30/01/2026;016;22183;6191114629530;L;995;25H;;1,00;
30/01/2026;016;22183;6191114629578;XXL;995;25H;;1,00;
30/01/2026;016;22183;6191114629585;3XL;385;25H;;1,00;
30/01/2026;016;22184;6191114629677;3XL;995;25H;;1,00;
30/01/2026;016;22188;6191114644748;L/XL;200;25H;;1,00;
30/01/2026;016;22197;6191114630093;XXL;815;25H;;1,00;
30/01/2026;016;22200;6191114630345;3XL;010;25H;;1,00;
30/01/2026;016;22201;6191114630451;XXL;995;25H;;-1,00;
30/01/2026;016;22201;6191114630475;3XL;995;25H;;1,00;
30/01/2026;016;22206;6191114630895;L;195;25H;;1,00;
30/01/2026;016;22211;6191114641334;S;694;25H;;1,00;
30/01/2026;016;22216;6191114642751;XL;I255;25H;;1,00;
30/01/2026;016;22222;6191114643420;XL;010;25H;;1,00;
30/01/2026;016;22237;6191114644793;S;I815;25H;;1,00;
30/01/2026;016;22238;6191114644908;3XL;I995;25H;;1,00;
30/01/2026;016;22239;6191114644984;L;995;25H;;1,00;
30/01/2026;016;22239;6191114644991;L;784;25H;;1,00;
30/01/2026;016;22241;6191114647381;XL;R000;25H;;1,00;
30/01/2026;016;22242;6191114647435;S;695;25H;;1,00;
30/01/2026;016;22246;6191114648821;L;870;25H;;1,00;
30/01/2026;016;22253;6191114669246;M;255;25H;;2,00;
30/01/2026;016;22253;6191114669284;3XL;255;25H;;1,00;
30/01/2026;016;22255;6191114650381;XXL;995;25H;;1,00;
30/01/2026;016;22257;6191114650558;L;I195;25H;;2,00;
30/01/2026;016;22257;6191114650633;3XL;I740;25H;;1,00;
30/01/2026;016;22258;6191114650756;L;195;25H;;1,00;
30/01/2026;016;22258;6191114650824;XXL;740;25H;;1,00;
30/01/2026;016;22258;6191114650886;4XL;740;25H;;1,00;
30/01/2026;016;22262;6191114651371;L;385;25H;;1,00;
30/01/2026;016;22264;6191114651678;S;995;25H;;1,00;
30/01/2026;016;22264;6191114651685;M;995;25H;;1,00;
30/01/2026;016;22264;6191114651692;L;995;25H;;1,00;
30/01/2026;016;22267;6191114651845;L;815;25H;;1,00;
30/01/2026;016;22268;6191114653108;M;695;25H;;1,00;
30/01/2026;016;22269;6191114653177;S;695;25H;;1,00;
30/01/2026;016;22271;6191114652347;M;870;25H;;1,00;
30/01/2026;016;22271;6191114652361;M;695;25H;;1,00;
30/01/2026;016;22271;6191114652422;XL;695;25H;;1,00;
30/01/2026;016;22274;6191114652880;XL;995;25H;;1,00;
30/01/2026;016;22276;6191114655799;L;995;25H;;1,00;
30/01/2026;016;22276;6191114655805;XL;385;25H;;1,00;
30/01/2026;016;22276;6191114655812;XL;995;25H;;1,00;
30/01/2026;016;22276;6191114655843;3XL;385;25H;;1,00;
30/01/2026;016;22277;6191114653429;L;784;25H;;1,00;
30/01/2026;016;22279;6191114653696;XXL;995;25H;;1,00;
30/01/2026;016;22287;6191114654532;M;815;25H;;1,00;
30/01/2026;016;22287;6191114654587;XL;995;25H;;1,00;
30/01/2026;016;22287;6191114654600;XXL;995;25H;;1,00;
30/01/2026;016;22287;6191114654617;3XL;815;25H;;1,00;
30/01/2026;016;22291;6191114655430;L;495;25H;;1,00;
30/01/2026;016;22292;6191114655645;M;870;25H;;1,00;
30/01/2026;016;22295;6191114656253;XL;695;25H;;1,00;
30/01/2026;016;22296;6191114656543;XL;215;25H;;1,00;
30/01/2026;016;22297;6191114656635;S;695;25H;;1,00;
30/01/2026;016;22298;6191114658257;M;R385;25H;;1,00;
30/01/2026;016;22300;6191114656826;L;870;25H;;1,00;
30/01/2026;016;22300;6191114656833;XL;870;25H;;1,00;
30/01/2026;016;22301;6191114657113;L;995;25H;;1,00;
30/01/2026;016;22306;6191114669062;M;995;25H;;1,00;
30/01/2026;016;22307;6191114670013;XL;M870;25H;;1,00;
30/01/2026;016;22308;6191114657717;L;870;25H;;2,00;
30/01/2026;016;22312;6191114658134;M;995;25H;;1,00;
30/01/2026;016;22312;6191114658141;L;995;25H;;1,00;
30/01/2026;016;22316;6191114658516;L;476;25H;;1,00;
30/01/2026;016;22316;6191114658523;XL;476;25H;;1,00;
30/01/2026;016;22317;6191114658608;L;195;25H;;1,00;
30/01/2026;016;22320;6191114659162;L;870;25H;;1,00;
30/01/2026;016;22320;6191114659179;L;825;25H;;1,00;
30/01/2026;016;22320;6191114659186;XL;870;25H;;1,00;
30/01/2026;016;22321;6191114659285;M;870;25H;;1,00;
30/01/2026;016;22321;6191114659339;XL;825;25H;;1,00;
30/01/2026;016;22322;6191114659513;XL;190;25H;;1,00;
30/01/2026;016;22324;6191114659667;L;995;25H;;1,00;
30/01/2026;016;22331;6191114660137;S;815;25H;;1,00;
30/01/2026;016;22331;6191114660151;S;995;25H;;1,00;
30/01/2026;016;22331;6191114660359;3XL;995;25H;;1,00;
30/01/2026;016;22331;6191114660366;3XL;390;25H;;1,00;
30/01/2026;016;22331;6191114660403;XL;495;25H;;1,00;
30/01/2026;016;22331;6191114660427;3XL;495;25H;;1,00;
30/01/2026;016;22332;6191114660519;M;940;25H;;1,00;
30/01/2026;016;22333;6191114660656;L;990;25H;;1,00;
30/01/2026;016;22348;6191114668652;M;I995;25H;;1,00;
30/01/2026;016;22355;6191114669000;M;995;25H;;1,00;
30/01/2026;016;29492;6191114111189;XL;815;23E;;1,00;
30/01/2026;016;29492;6191114111271;3XL;995;23E;;1,00;
30/01/2026;016;55800;6191114621596;L;995;25H;;1,00;
30/01/2026;016;55810;6191114642201;M;385;25H;;1,00;
30/01/2026;016;55818;6191114655003;L;824;25H;;1,00;
30/01/2026;016;70201;6191114608092;3XL;R870;25H;;1,00;
30/01/2026;016;70228;6191114649903;XXL;995;25H;;1,00;
30/01/2026;016;70231;6191114658738;XXL;C000;25H;;1,00;
30/01/2026;016;70232;6191114658851;4XL;995;25H;;1,00;
30/01/2026;016;91273;6194444115674;TU;815;22H;;1,00;
30/01/2026;016;91509;6191114625402;41;995;25H;;1,00;
30/01/2026;016;91512;6191114626430;TU;695;25H;;1,00;
30/01/2026;019;20239;6191114254787;37;920;23H;;1,00;
30/01/2026;019;20322;6191114273719;XXL;I145;23H;;1,00;
30/01/2026;019;20354;6191114297340;L;685;23H;;1,00;
30/01/2026;019;20402;6191114289413;3XL;815;23H;;1,00;
30/01/2026;019;20465;6191114303058;3XL;815;23H;;1,00;
30/01/2026;019;21126;6191114462137;XXL;R195;24H;;1,00;
30/01/2026;019;21126;6191114462168;3XL;R195;24H;;1,00;
30/01/2026;019;21126;6191114462175;3XL;R634;24H;;1,00;
30/01/2026;019;21221;6191114479012;XL;935;24H;;1,00;
30/01/2026;019;21402;6191114513297;L;995;24H;;1,00;
30/01/2026;019;21406;6191114512672;M;995;24H;;-1,00;
30/01/2026;019;21437;6191114528147;L;995;24H;;1,00;
30/01/2026;019;21471;6191114531918;L;995;24H;;1,00;
30/01/2026;019;21472;6191114532182;3XL;995;24H;;1,00;
30/01/2026;019;21472;6191114536937;3XL;940;24H;;1,00;
30/01/2026;019;21554;6191114543737;36;995;25E;;1,00;
30/01/2026;019;21584;6191114550254;36;170;25E;;1,00;
30/01/2026;019;21705;6191114567092;XXL;995;25E;;1,00;
30/01/2026;019;22005;6191114606586;M;995;25H;;1,00;
30/01/2026;019;22024;6191114653283;3XL;870;25H;;1,00;
30/01/2026;019;22048;6191114612051;3XL;995;25H;;1,00;
30/01/2026;019;22064;6191114618800;XXL;815;25H;;1,00;
30/01/2026;019;22077;6191114626157;XL;326;25H;;-1,00;
30/01/2026;019;22087;6191114619722;3XL;995;25H;;1,00;
30/01/2026;019;22122;6191114646650;L;995;25H;;1,00;
30/01/2026;019;22132;6191114623828;S;224;25H;;1,00;
30/01/2026;019;22132;6191114623880;XL;224;25H;;1,00;
30/01/2026;019;22147;6191114625075;M;000;25H;;1,00;
30/01/2026;019;22164;6191114649507;XXL;995;25H;;1,00;
30/01/2026;019;22178;6191114628977;M;P010;25H;;1,00;
30/01/2026;019;22182;6191114629394;XL;870;25H;;1,00;
30/01/2026;019;22198;6191114630185;XL;385;25H;;1,00;
30/01/2026;019;22202;6191114630529;L;995;25H;;1,00;
30/01/2026;019;22211;6191114641419;XXL;694;25H;;1,00;
30/01/2026;019;22216;6191114642669;S;I385;25H;;1,00;
30/01/2026;019;22216;6191114642690;XL;I385;25H;;1,00;
30/01/2026;019;22239;6191114644915;S;815;25H;;1,00;
30/01/2026;019;22244;6191114648043;3XL;995;25H;;1,00;
30/01/2026;019;22248;6191114649118;S;815;25H;;1,00;
30/01/2026;019;22275;6191114653016;3XL;385;25H;;1,00;
30/01/2026;019;22284;6191114654259;XXL;385;25H;;1,00;
30/01/2026;019;22288;6191114654686;XXL;995;25H;;1,00;
30/01/2026;019;22292;6191114655713;XXL;995;25H;;1,00;
30/01/2026;019;22301;6191114657083;S;215;25H;;1,00;
30/01/2026;019;22301;6191114657120;L;215;25H;;1,00;
30/01/2026;019;22301;6191114657137;XL;995;25H;;1,00;
30/01/2026;019;22324;6191114659698;3XL;995;25H;;-1,00;
30/01/2026;019;22328;6191114661417;XL;995;25H;;1,00;
30/01/2026;019;22328;6191114661424;XXL;995;25H;;1,00;
30/01/2026;019;22331;6191114660274;XL;995;25H;;1,00;
30/01/2026;019;29789;6191114165458;XL;010;23E;;1,00;
30/01/2026;019;55816;6191114648449;L;R385;25H;;1,00;
30/01/2026;019;55816;6191114648456;L;R990;25H;;1,00;
30/01/2026;019;70214;6191114623798;XXL;995;25H;;1,00;
30/01/2026;019;70231;6191114658776;4XL;C000;25H;;1,00;
30/01/2026;019;70231;6191114658783;4XL;C995;25H;;1,00;
30/01/2026;019;70233;6191114658929;4XL;995;25H;;1,00;
30/01/2026;019;91506;6191114626379;TU;995;25H;;1,00;
30/01/2026;019;91510;6191114625488;39;995;25H;;1,00;
30/01/2026;021;20254;6191114257412;L;995;23H;;1,00;
30/01/2026;021;20256;6191114258624;L;190;23H;;1,00;
30/01/2026;021;21357;6191114503632;L;995;24H;;1,00;
30/01/2026;021;21359;6191114503762;XL;995;24H;;1,00;
30/01/2026;021;21849;6191114586628;L;815;25E;;1,00;
30/01/2026;021;22005;6191114606708;XXL;995;25H;;1,00;
30/01/2026;021;22023;6191114609877;XL;R010;25H;;1,00;
30/01/2026;021;22032;6191114610934;L;940;25H;;1,00;
30/01/2026;021;22033;6191114611016;S;695;25H;;1,00;
30/01/2026;021;22046;6191114611795;M;C385;25H;;1,00;
30/01/2026;021;22060;6191114618091;XXL;310;25H;;1,00;
30/01/2026;021;22061;6191114618145;M;R385;25H;;1,00;
30/01/2026;021;22062;6191114618251;S;995;25H;;1,00;
30/01/2026;021;22064;6191114618602;S;815;25H;;1,00;
30/01/2026;021;22068;6191114615786;XL;995;25H;;1,00;
30/01/2026;021;22068;6191114642409;XXL;695;25H;;1,00;
30/01/2026;021;22084;6191114616523;3XL;310;25H;;1,00;
30/01/2026;021;22091;6191114620209;XL;995;25H;;1,00;
30/01/2026;021;22091;6191114620247;3XL;995;25H;;1,00;
30/01/2026;021;22096;6191114622234;3XL;870;25H;;1,00;
30/01/2026;021;22108;6191114622166;XL;870;25H;;1,00;
30/01/2026;021;22113;6191114645677;M;820;25H;;1,00;
30/01/2026;021;22113;6191114645738;XL;820;25H;;1,00;
30/01/2026;021;22117;6191114648999;L;940;25H;;1,00;
30/01/2026;021;22121;6191114646575;S;995;25H;;1,00;
30/01/2026;021;22122;6191114646636;S;995;25H;;1,00;
30/01/2026;021;22137;6191114623392;L;235;25H;;1,00;
30/01/2026;021;22139;6191114624467;L;940;25H;;1,00;
30/01/2026;021;22142;6191114624757;XL;995;25H;;1,00;
30/01/2026;021;22173;6191114628700;XXL;995;25H;;1,00;
30/01/2026;021;22182;6191114629387;L;784;25H;;1,00;
30/01/2026;021;22193;6191114628076;L;995;25H;;1,00;
30/01/2026;021;22198;6191114630185;XL;385;25H;;1,00;
30/01/2026;021;22216;6191114642669;S;I385;25H;;1,00;
30/01/2026;021;22222;6191114643376;M;685;25H;;1,00;
30/01/2026;021;22240;6191114645134;L;010;25H;;1,00;
30/01/2026;021;22240;6191114645141;XL;010;25H;;1,00;
30/01/2026;021;22242;6191114647596;XL;790;25H;;2,00;
30/01/2026;021;22243;6191114647763;M;695;25H;;1,00;
30/01/2026;021;22243;6191114647770;L;995;25H;;1,00;
30/01/2026;021;22244;6191114647909;S;215;25H;;1,00;
30/01/2026;021;22244;6191114647916;S;695;25H;;1,00;
30/01/2026;021;22244;6191114648012;XXL;995;25H;;1,00;
30/01/2026;021;22247;6191114648692;L;R385;25H;;1,00;
30/01/2026;021;22276;6191114655812;XL;995;25H;;1,00;
30/01/2026;021;22276;6191114655836;XXL;995;25H;;1,00;
30/01/2026;021;22279;6191114653658;XL;645;25H;;-1,00;
30/01/2026;021;22279;6191114653672;XL;000;25H;;-1,00;
30/01/2026;021;22285;6191114654402;XXL;995;25H;;1,00;
30/01/2026;021;22286;6191114654464;XL;995;25H;;1,00;
30/01/2026;021;22294;6191114656055;M;820;25H;;1,00;
30/01/2026;021;22294;6191114656086;L;820;25H;;1,00;
30/01/2026;021;22295;6191114656208;M;995;25H;;1,00;
30/01/2026;021;22295;6191114656215;M;695;25H;;1,00;
30/01/2026;021;22295;6191114656253;XL;695;25H;;1,00;
30/01/2026;021;22296;6191114656451;S;215;25H;;1,00;
30/01/2026;021;22296;6191114656512;L;215;25H;;1,00;
30/01/2026;021;22304;6191114660465;XL;MCO;25H;;1,00;
30/01/2026;021;22304;6191114660472;XXL;MCO;25H;;1,00;
30/01/2026;021;22310;6191114658042;M;995;25H;;1,00;
30/01/2026;021;22328;6191114661424;XXL;995;25H;;1,00;
30/01/2026;021;22330;6191114660038;M;724;25H;;1,00;
30/01/2026;021;22331;6191114660151;S;995;25H;;1,00;
30/01/2026;021;22338;6191114660915;XL;170;25H;;1,00;
30/01/2026;021;55808;6191114641235;L;975;25H;;1,00;
30/01/2026;021;55808;6191114641266;XL;975;25H;;1,00;
30/01/2026;021;55809;6191114642119;XL;870;25H;;1,00;
30/01/2026;021;55810;6191114642249;XL;385;25H;;1,00;
30/01/2026;021;55811;6191114644618;XL;R310;25H;;1,00;
30/01/2026;021;55816;6191114648418;M;R385;25H;;1,00;
30/01/2026;021;55816;6191114648487;XL;R990;25H;;1,00;
30/01/2026;021;55816;6191114648494;XXL;R995;25H;;1,00;
30/01/2026;021;55816;6191114648531;3XL;R385;25H;;1,00;
30/01/2026;021;70209;6191114612761;M;R920;25H;;1,00;
30/01/2026;021;70209;6191114612785;L;R920;25H;;1,00;
30/01/2026;021;70217;6191114647312;L;E385;25H;;1,00;
30/01/2026;021;70220;6191114631229;XXL;695;25H;;1,00;
30/01/2026;021;70226;6191114652002;L;I995;25H;;1,00;
30/01/2026;021;70226;6191114652064;XXL;I995;25H;;1,00;
30/01/2026;021;70231;6191114658691;L;C000;25H;;1,00;
30/01/2026;021;70231;6191114658752;3XL;C000;25H;;1,00;
30/01/2026;021;70232;6191114658837;XXL;995;25H;;1,00;
30/01/2026;021;70233;6191114658905;XXL;995;25H;;1,00;
30/01/2026;021;91272;6194444115667;TU;815;22H;;1,00;
30/01/2026;021;91502;6191114669116;TU;385;25H;;1,00;
30/01/2026;021;91502;6191114669123;TU;695;25H;;1,00;
30/01/2026;021;91510;6191114625426;36;995;25H;;1,00;
30/01/2026;021;91530;6191114648562;TU;880;25H;;1,00;
30/01/2026;024;20384;6191114285644;L;385;23H;;1,00;
30/01/2026;024;21222;6191114479142;XL;010;24H;;1,00;
30/01/2026;024;21254;6191114483002;L;695;24H;;1,00;
30/01/2026;024;21310;6191114485877;XXL;995;24H;;1,00;
30/01/2026;024;21310;6191114485884;3XL;995;24H;;1,00;
30/01/2026;024;21355;6191114503427;XL;200;24H;;1,00;
30/01/2026;024;21443;6191114528765;M;995;24H;;1,00;
30/01/2026;024;21462;6191114530485;L/XL;430;24H;;1,00;
30/01/2026;024;21472;6191114536920;XXL;940;24H;;1,00;
30/01/2026;024;21859;6191114588738;M;000;25E;;1,00;
30/01/2026;024;22004;6191114606470;XXL;R995;25H;;1,00;
30/01/2026;024;22020;6191114609549;L;695;25H;;1,00;
30/01/2026;024;22026;6191114610170;S;645;25H;;1,00;
30/01/2026;024;22026;6191114610262;3XL;815;25H;;1,00;
30/01/2026;024;22036;6191114611160;L;R995;25H;;1,00;
30/01/2026;024;22044;6191114622043;XL;695;25H;;1,00;
30/01/2026;024;22045;6191114611740;XXL;995;25H;;1,00;
30/01/2026;024;22058;6191114617940;XL;995;25H;;1,00;
30/01/2026;024;22062;6191114618350;XL;195;25H;;1,00;
30/01/2026;024;22064;6191114618831;XXL;175;25H;;1,00;
30/01/2026;024;22087;6191114619654;L;385;25H;;1,00;
30/01/2026;024;22089;6191114619937;XL;385;25H;;1,00;
30/01/2026;024;22091;6191114620131;S;815;25H;;-1,00;
30/01/2026;024;22091;6191114620155;M;815;25H;;1,00;
30/01/2026;024;22100;6191114620971;L;995;25H;;1,00;
30/01/2026;024;22111;6191114622609;L;385;25H;;1,00;
30/01/2026;024;22120;6191114646476;M;995;25H;;1,00;
30/01/2026;024;22122;6191114646650;L;995;25H;;1,00;
30/01/2026;024;22124;6191114646889;XL;995;25H;;1,00;
30/01/2026;024;22127;6191114649064;L;770;25H;;1,00;
30/01/2026;024;22130;6191114623576;XL;995;25H;;1,00;
30/01/2026;024;22133;6191114624092;3XL;645;25H;;1,00;
30/01/2026;024;22142;6191114624757;XL;995;25H;;1,00;
30/01/2026;024;22181;6191114629240;S;995;25H;;1,00;
30/01/2026;024;22181;6191114629264;L;995;25H;;1,00;
30/01/2026;024;22182;6191114629424;XXL;870;25H;;1,00;
30/01/2026;024;22182;6191114629431;XXL;995;25H;;1,00;
30/01/2026;024;22183;6191114629554;XL;995;25H;;1,00;
30/01/2026;024;22183;6191114629578;XXL;995;25H;;1,00;
30/01/2026;024;22190;6191114627840;XL;995;25H;;1,00;
30/01/2026;024;22194;6191114628151;M;I385;25H;;1,00;
30/01/2026;024;22194;6191114628168;M;I255;25H;;1,00;
30/01/2026;024;22204;6191114630765;XXL;995;25H;;1,00;
30/01/2026;024;22206;6191114630895;L;195;25H;;1,00;
30/01/2026;024;22207;6191114640450;L;784;25H;;1,00;
30/01/2026;024;22212;6191114641532;L;235;25H;;1,00;
30/01/2026;024;22223;6191114643543;L;645;25H;;1,00;
30/01/2026;024;22239;6191114644939;S;784;25H;;1,00;
30/01/2026;024;22239;6191114644977;L;815;25H;;1,00;
30/01/2026;024;22239;6191114645011;XL;995;25H;;1,00;
30/01/2026;024;22243;6191114647770;L;995;25H;;1,00;
30/01/2026;024;22243;6191114647787;L;215;25H;;1,00;
30/01/2026;024;22243;6191114647794;L;695;25H;;1,00;
30/01/2026;024;22243;6191114647817;XL;215;25H;;1,00;
30/01/2026;024;22252;6191114650169;XL;995;25H;;1,00;
30/01/2026;024;22253;6191114650244;L;995;25H;;1,00;
30/01/2026;024;22257;6191114650541;L;I740;25H;;1,00;
30/01/2026;024;22257;6191114650640;3XL;I195;25H;;1,00;
30/01/2026;024;22262;6191114651371;L;385;25H;;1,00;
30/01/2026;024;22263;6191114651586;XL;995;25H;;1,00;
30/01/2026;024;22267;6191114651906;3XL;815;25H;;1,00;
30/01/2026;024;22268;6191114649767;XL;870;25H;;1,00;
30/01/2026;024;22269;6191114653177;S;695;25H;;1,00;
30/01/2026;024;22276;6191114655829;XXL;385;25H;;1,00;
30/01/2026;024;22276;6191114655836;XXL;995;25H;;1,00;
30/01/2026;024;22282;6191114654044;M;I815;25H;;1,00;
30/01/2026;024;22285;6191114654365;L;995;25H;;1,00;
30/01/2026;024;22285;6191114654389;XL;995;25H;;1,00;
30/01/2026;024;22287;6191114654570;XL;815;25H;;1,00;
30/01/2026;024;22288;6191114654686;XXL;995;25H;;1,00;
30/01/2026;024;22290;6191114657915;XS;R385;25H;;1,00;
30/01/2026;024;22294;6191114655980;XS;870;25H;;1,00;
30/01/2026;024;22295;6191114656192;S;695;25H;;1,00;
30/01/2026;024;22295;6191114656277;XXL;695;25H;;1,00;
30/01/2026;024;22301;6191114657144;XL;215;25H;;1,00;
30/01/2026;024;22307;6191114669987;L;M870;25H;;1,00;
30/01/2026;024;22318;6191114658974;M;235;25H;;1,00;
30/01/2026;024;22321;6191114659308;L;870;25H;;1,00;
30/01/2026;024;22328;6191114661424;XXL;995;25H;;1,00;
30/01/2026;024;22328;6191114661431;3XL;995;25H;;-1,00;
30/01/2026;024;22330;6191114660052;L;724;25H;;1,00;
30/01/2026;024;22331;6191114660151;S;995;25H;;1,00;
30/01/2026;024;22331;6191114660380;M;495;25H;;1,00;
30/01/2026;024;22331;6191114660397;L;495;25H;;-1,00;
30/01/2026;024;22343;6191114661363;XL;I634;25H;;1,00;
30/01/2026;024;22351;6191114668843;XL;I815;25H;;1,00;
30/01/2026;024;55806;6191114640962;3XL;995;25H;;1,00;
30/01/2026;024;55808;6191114641266;XL;975;25H;;1,00;
30/01/2026;024;55808;6191114641327;3XL;975;25H;;1,00;
30/01/2026;024;55811;6191114644656;3XL;R310;25H;;1,00;
30/01/2026;024;55813;6191114645226;L;385;25H;;1,00;
30/01/2026;024;55813;6191114645301;XXL;940;25H;;1,00;
30/01/2026;024;55816;6191114648432;L;R995;25H;;1,00;
30/01/2026;024;70201;6191114608108;3XL;R385;25H;;1,00;
30/01/2026;024;70202;6191114608115;S;995;25H;;1,00;
30/01/2026;024;70209;6191114612839;3XL;R170;25H;;1,00;
30/01/2026;024;70217;6191114649378;M;I385;25H;;1,00;
30/01/2026;024;70227;6191114652194;L;I740;25H;;1,00;
30/01/2026;024;70227;6191114652224;XL;I875;25H;;1,00;
30/01/2026;024;70229;6191114657793;XXL;476;25H;;1,00;
30/01/2026;024;91272;6194444115667;TU;815;22H;;2,00;
30/01/2026;024;91273;6194444115674;TU;815;22H;;5,00;
30/01/2026;024;91502;6191114669123;TU;695;25H;;1,00;
30/01/2026;024;91509;6191114625303;38;870;25H;;1,00;
30/01/2026;024;91526;6191114639959;36;995;25H;;1,00;
30/01/2026;024;91526;6191114640030;40;995;25H;;1,00;
30/01/2026;024;91528;6191114640214;38;870;25H;;1,00;
30/01/2026;024;91528;6191114640245;39;995;25H;;1,00;
30/01/2026;024;91528;6191114640252;40;870;25H;;1,00;
30/01/2026;029;20612;6191114332850;41;995;24E;;1,00;
30/01/2026;029;20797;6191114388796;2XL/3;995;24E;;1,00;
30/01/2026;029;21073;6191114448452;S;815;24H;;1,00;
30/01/2026;029;21126;6191114462083;L;R634;24H;;1,00;
30/01/2026;029;21135;6191114482852;XL;780;24H;;1,00;
30/01/2026;029;21554;6191114543775;38;995;25E;;1,00;
30/01/2026;029;21637;6191114551039;XXL;000;25E;;1,00;
30/01/2026;029;21638;6191114551145;XXL;000;25E;;1,00;
30/01/2026;029;21688;6191114566231;XXL;476;25E;;1,00;
30/01/2026;029;22005;6191114606746;3XL;995;25H;;1,00;
30/01/2026;029;22011;6191114607439;XL;215;25H;;1,00;
30/01/2026;029;22026;6191114610217;L;645;25H;;1,00;
30/01/2026;029;22038;6191114611399;XL;R385;25H;;1,00;
30/01/2026;029;22045;6191114611757;XXL;695;25H;;1,00;
30/01/2026;029;22053;6191114617315;L;995;25H;;1,00;
30/01/2026;029;22054;6191114617476;XXL;995;25H;;1,00;
30/01/2026;029;22060;6191114618077;XL;310;25H;;1,00;
30/01/2026;029;22067;6191114615687;L;380;25H;;1,00;
30/01/2026;029;22071;6191114616127;L;195;25H;;1,00;
30/01/2026;029;22078;6191114616837;XXL;476;25H;;1,00;
30/01/2026;029;22113;6191114645776;3XL;820;25H;;1,00;
30/01/2026;029;22114;6191114645813;M;815;25H;;1,00;
30/01/2026;029;22114;6191114645820;M;020;25H;;1,00;
30/01/2026;029;22114;6191114645844;L;020;25H;;1,00;
30/01/2026;029;22114;6191114645905;3XL;020;25H;;1,00;
30/01/2026;029;22117;6191114648999;L;940;25H;;1,00;
30/01/2026;029;22133;6191114624023;XL;815;25H;;1,00;
30/01/2026;029;22133;6191114624030;XL;645;25H;;1,00;
30/01/2026;029;22139;6191114624559;3XL;940;25H;;1,00;
30/01/2026;029;22140;6191114624658;3XL;995;25H;;1,00;
30/01/2026;029;22153;6191114625808;M;995;25H;;1,00;
30/01/2026;029;22182;6191114629370;L;995;25H;;1,00;
30/01/2026;029;22206;6191114630895;L;195;25H;;1,00;
30/01/2026;029;22216;6191114642621;L;I880;25H;;1,00;
30/01/2026;029;22239;6191114645028;XL;784;25H;;1,00;
30/01/2026;029;22243;6191114647824;XL;695;25H;;1,00;
30/01/2026;029;22246;6191114648838;L;995;25H;;1,00;
30/01/2026;029;22258;6191114650749;L;385;25H;;1,00;
30/01/2026;029;22259;6191114651029;4XL;490;25H;;1,00;
30/01/2026;029;22274;6191114652866;M;995;25H;;1,00;
30/01/2026;029;22287;6191114654532;M;815;25H;;1,00;
30/01/2026;029;22290;6191114657960;XXL;R385;25H;;1,00;
30/01/2026;029;22294;6191114656109;XL;870;25H;;1,00;
30/01/2026;029;22301;6191114657137;XL;995;25H;;1,00;
30/01/2026;029;22302;6191114657267;XL;245;25H;;1,00;
30/01/2026;029;22328;6191114661387;S;995;25H;;1,00;
30/01/2026;029;22328;6191114661394;M;995;25H;;-1,00;
30/01/2026;029;22331;6191114660236;L;995;25H;;1,00;
30/01/2026;029;29492;6191114111257;XL;995;23E;;1,00;
30/01/2026;029;70222;6191114630994;XL;476;25H;;1,00;
30/01/2026;029;70223;6191114631045;L;476;25H;;1,00;
30/01/2026;029;70227;6191114652231;XXL;I740;25H;;1,00;
30/01/2026;029;70227;6191114652286;4XL;I875;25H;;1,00;
30/01/2026;029;70231;6191114658752;3XL;C000;25H;;1,00;
30/01/2026;029;70232;6191114658844;3XL;995;25H;;1,00;
30/01/2026;029;91341;6191114512245;TU;995;24H;;1,00;
30/01/2026;029;91341;6191114512528;TU;695;24H;;1,00;
30/01/2026;029;91502;6191114669123;TU;695;25H;;1,00;
30/01/2026;030;22005;6191114606630;L;010;25H;;1,00;
30/01/2026;030;22005;6191114606661;XL;995;25H;;1,00;
30/01/2026;030;22006;6191114606807;M;815;25H;;1,00;
30/01/2026;030;22013;6191114607637;M;995;25H;;1,00;
30/01/2026;030;22013;6191114607644;L;870;25H;;1,00;
30/01/2026;030;22023;6191114609877;XL;R010;25H;;1,00;
30/01/2026;030;22024;6191114653313;L;815;25H;;1,00;
30/01/2026;030;22024;6191114653320;XL;815;25H;;1,00;
30/01/2026;030;22030;6191114610712;XL;010;25H;;1,00;
30/01/2026;030;22030;6191114610736;XXL;010;25H;;1,00;
30/01/2026;030;22032;6191114610941;XL;995;25H;;1,00;
30/01/2026;030;22033;6191114611009;S;815;25H;;1,00;
30/01/2026;030;22033;6191114611047;L;815;25H;;1,00;
30/01/2026;030;22033;6191114611061;XL;815;25H;;1,00;
30/01/2026;030;22033;6191114611078;XL;695;25H;;1,00;
30/01/2026;030;22033;6191114611085;XXL;815;25H;;1,00;
30/01/2026;030;22036;6191114611160;L;R995;25H;;1,00;
30/01/2026;030;22036;6191114611207;XXL;R995;25H;;1,00;
30/01/2026;030;22038;6191114611399;XL;R385;25H;;1,00;
30/01/2026;030;22057;6191114617766;S;010;25H;;1,00;
30/01/2026;030;22058;6191114617926;L;995;25H;;1,00;
30/01/2026;030;22058;6191114617971;XXL;000;25H;;1,00;
30/01/2026;030;22061;6191114618213;XXL;R350;25H;;1,00;
30/01/2026;030;22064;6191114618787;XL;175;25H;;1,00;
30/01/2026;030;22066;6191114615564;S;875;25H;;1,00;
30/01/2026;030;22072;6191114616226;XL;476;25H;;1,00;
30/01/2026;030;22085;6191114619364;S;740;25H;;1,00;
30/01/2026;030;22085;6191114619449;XXL;740;25H;;1,00;
30/01/2026;030;22088;6191114619791;XL;385;25H;;1,00;
30/01/2026;030;22098;6191114620865;XL;995;25H;;1,00;
30/01/2026;030;22110;6191114622555;XL;235;25H;;1,00;
30/01/2026;030;22113;6191114645738;XL;820;25H;;1,00;
30/01/2026;030;22116;6191114646209;3XL;770;25H;;1,00;
30/01/2026;030;22117;6191114646254;M;995;25H;;1,00;
30/01/2026;030;22117;6191114646278;L;995;25H;;1,00;
30/01/2026;030;22117;6191114646292;XL;995;25H;;1,00;
30/01/2026;030;22117;6191114648999;L;940;25H;;1,00;
30/01/2026;030;22117;6191114649002;XL;940;25H;;2,00;
30/01/2026;030;22118;6191114646391;L;995;25H;;1,00;
30/01/2026;030;22125;6191114646971;XXL;E385;25H;;1,00;
30/01/2026;030;22126;6191114649354;3XL;760;25H;;1,00;
30/01/2026;030;22127;6191114649064;L;770;25H;;1,00;
30/01/2026;030;22128;6191114623002;L;385;25H;;1,00;
30/01/2026;030;22142;6191114624672;S;875;25H;;1,00;
30/01/2026;030;22159;6191114626034;XS;880;25H;;1,00;
30/01/2026;030;22175;6191114628816;XL;990;25H;;1,00;
30/01/2026;030;22178;6191114628984;L;P010;25H;;1,00;
30/01/2026;030;22178;6191114629011;3XL;P010;25H;;1,00;
30/01/2026;030;22182;6191114629370;L;995;25H;;1,00;
30/01/2026;030;22182;6191114629394;XL;870;25H;;1,00;
30/01/2026;030;22182;6191114629400;XL;995;25H;;1,00;
30/01/2026;030;22182;6191114629431;XXL;995;25H;;1,00;
30/01/2026;030;22183;6191114629554;XL;995;25H;;1,00;
30/01/2026;030;22197;6191114630093;XXL;815;25H;;1,00;
30/01/2026;030;22199;6191114631106;XL;995;25H;;1,00;
30/01/2026;030;22200;6191114648333;L;210;25H;;1,00;
30/01/2026;030;22201;6191114630444;XXL;815;25H;;1,00;
30/01/2026;030;22202;6191114630512;M;790;25H;;1,00;
30/01/2026;030;22202;6191114630529;L;995;25H;;1,00;
30/01/2026;030;22204;6191114630734;M;995;25H;;1,00;
30/01/2026;030;22207;6191114640399;S;784;25H;;1,00;
30/01/2026;030;22207;6191114640481;XL;784;25H;;-1,00;
30/01/2026;030;22207;6191114640498;XXL;995;25H;;1,00;
30/01/2026;030;22215;6191114642560;XXL;210;25H;;1,00;
30/01/2026;030;22216;6191114642683;L;I385;25H;;1,00;
30/01/2026;030;22222;6191114643383;L;995;25H;;1,00;
30/01/2026;030;22223;6191114643482;S;645;25H;;1,00;
30/01/2026;030;22230;6191114644090;L;880;25H;;1,00;
30/01/2026;030;22243;6191114647817;XL;215;25H;;1,00;
30/01/2026;030;22244;6191114647923;M;995;25H;;1,00;
30/01/2026;030;22244;6191114647954;L;995;25H;;1,00;
30/01/2026;030;22244;6191114647992;XL;215;25H;;1,00;
30/01/2026;030;22244;6191114648005;XL;695;25H;;1,00;
30/01/2026;030;22246;6191114648852;XL;995;25H;;1,00;
30/01/2026;030;22250;6191114649606;L;815;25H;;-1,00;
30/01/2026;030;22250;6191114649620;L;784;25H;;1,00;
30/01/2026;030;22254;6191114650312;XL;995;25H;;1,00;
30/01/2026;030;22255;6191114650367;L;995;25H;;1,00;
30/01/2026;030;22255;6191114650374;XL;995;25H;;1,00;
30/01/2026;030;22256;6191114650428;L;995;25H;;1,00;
30/01/2026;030;22257;6191114650619;XXL;I195;25H;;1,00;
30/01/2026;030;22257;6191114650640;3XL;I195;25H;;1,00;
30/01/2026;030;22258;6191114650749;L;385;25H;;1,00;
30/01/2026;030;22258;6191114650756;L;195;25H;;1,00;
30/01/2026;030;22262;6191114651388;L;490;25H;;1,00;
30/01/2026;030;22263;6191114651456;XS;870;25H;;1,00;
30/01/2026;030;22263;6191114651586;XL;995;25H;;1,00;
30/01/2026;030;22265;6191114651760;M;995;25H;;1,00;
30/01/2026;030;22275;6191114652972;XL;385;25H;;1,00;
30/01/2026;030;22276;6191114655775;M;995;25H;;1,00;
30/01/2026;030;22276;6191114655782;L;385;25H;;1,00;
30/01/2026;030;22276;6191114655799;L;995;25H;;1,00;
30/01/2026;030;22276;6191114655805;XL;385;25H;;1,00;
30/01/2026;030;22279;6191114653634;L;995;25H;;1,00;
30/01/2026;030;22281;6191114653979;M;995;25H;;1,00;
30/01/2026;030;22282;6191114654068;XL;I815;25H;;1,00;
30/01/2026;030;22284;6191114654198;M;385;25H;;1,00;
30/01/2026;030;22285;6191114654358;L;385;25H;;1,00;
30/01/2026;030;22285;6191114654402;XXL;995;25H;;1,00;
30/01/2026;030;22286;6191114654457;L;995;25H;;1,00;
30/01/2026;030;22287;6191114654587;XL;995;25H;;1,00;
30/01/2026;030;22288;6191114654662;L;995;25H;;2,00;
30/01/2026;030;22288;6191114654679;XL;995;25H;;2,00;
30/01/2026;030;22294;6191114655980;XS;870;25H;;1,00;
30/01/2026;030;22295;6191114656185;S;995;25H;;1,00;
30/01/2026;030;22295;6191114656239;L;695;25H;;2,00;
30/01/2026;030;22295;6191114656253;XL;695;25H;;2,00;
30/01/2026;030;22301;6191114657113;L;995;25H;;1,00;
30/01/2026;030;22301;6191114657120;L;215;25H;;1,00;
30/01/2026;030;22301;6191114657144;XL;215;25H;;1,00;
30/01/2026;030;22303;6191114657410;XXL;870;25H;;1,00;
30/01/2026;030;22312;6191114658165;XXL;995;25H;;1,00;
30/01/2026;030;22319;6191114670228;S;995;25H;;1,00;
30/01/2026;030;22324;6191114659681;XXL;995;25H;;1,00;
30/01/2026;030;22326;6191114668317;L;920;25H;;1,00;
30/01/2026;030;22331;6191114660137;S;815;25H;;1,00;
30/01/2026;030;22332;6191114660519;M;940;25H;;-1,00;
30/01/2026;030;22332;6191114660557;XL;940;25H;;1,00;
30/01/2026;030;22338;6191114660915;XL;170;25H;;1,00;
30/01/2026;030;22343;6191114661479;3XL;I634;25H;;1,00;
30/01/2026;030;22351;6191114668812;S;I815;25H;;1,00;
30/01/2026;030;55808;6191114641181;M;385;25H;;1,00;
30/01/2026;030;55816;6191114648517;XXL;R990;25H;;1,00;
30/01/2026;030;55818;6191114655102;XXL;824;25H;;1,00;
30/01/2026;030;55819;6191114657588;XL;R790;25H;;1,00;
30/01/2026;030;55819;6191114657601;XL;R480;25H;;1,00;
30/01/2026;030;66481;6191114502222;L/XL;200;24H;;1,00;
30/01/2026;030;70201;6191114607996;S;R870;25H;;1,00;
30/01/2026;030;70201;6191114608030;L;R870;25H;;1,00;
30/01/2026;030;70202;6191114608191;XXL;995;25H;;1,00;
30/01/2026;030;70205;6191114612310;XL;385;25H;;1,00;
30/01/2026;030;70206;6191114612419;L;870;25H;;1,00;
30/01/2026;030;70210;6191114619159;S;R350;25H;;1,00;
30/01/2026;030;70210;6191114619166;M;R385;25H;;1,00;
30/01/2026;030;70217;6191114647299;S;E385;25H;;1,00;
30/01/2026;030;70224;6191114641792;L;385;25H;;1,00;
30/01/2026;030;70231;6191114658691;L;C000;25H;;1,00;
30/01/2026;030;70231;6191114658714;XL;C000;25H;;1,00;
30/01/2026;030;70231;6191114658776;4XL;C000;25H;;1,00;
30/01/2026;030;70232;6191114658851;4XL;995;25H;;1,00;
30/01/2026;030;91510;6191114625457;38;815;25H;;1,00;
30/01/2026;030;91526;6191114640061;41;880;25H;;1,00;
30/01/2026;030;91527;6191114640115;38;870;25H;;1,00;
30/01/2026;031;22007;6191114607026;L;905;25H;;1,00;
30/01/2026;031;22031;6191114610767;S;995;25H;;1,00;
30/01/2026;031;22036;6191114611184;XL;R995;25H;;1,00;
30/01/2026;031;22052;6191114617223;XL;995;25H;;1,00;
30/01/2026;031;22061;6191114618176;L;R350;25H;;1,00;
30/01/2026;031;22064;6191114618602;S;815;25H;;1,00;
30/01/2026;031;22072;6191114616226;XL;476;25H;;1,00;
30/01/2026;031;22108;6191114622166;XL;870;25H;;1,00;
30/01/2026;031;22117;6191114649019;XXL;940;25H;;1,00;
30/01/2026;031;22130;6191114623583;XL;195;25H;;1,00;
30/01/2026;031;22164;6191114649484;XL;995;25H;;1,00;
30/01/2026;031;22164;6191114649507;XXL;995;25H;;-1,00;
30/01/2026;031;22201;6191114630369;S;815;25H;;1,00;
30/01/2026;031;22241;6191114647398;XXL;R000;25H;;1,00;
30/01/2026;031;22250;6191114649545;S;815;25H;;1,00;
30/01/2026;031;22253;6191114650251;XL;995;25H;;1,00;
30/01/2026;031;22256;6191114650428;L;995;25H;;1,00;
30/01/2026;031;22277;6191114653450;XXL;815;25H;;1,00;
30/01/2026;031;22280;6191114653849;L;995;25H;;1,00;
30/01/2026;031;22287;6191114654570;XL;815;25H;;1,00;
30/01/2026;031;22301;6191114657106;M;215;25H;;1,00;
30/01/2026;031;22307;6191114670013;XL;M870;25H;;1,00;
30/01/2026;031;22307;6191114670051;XXL;M940;25H;;1,00;
30/01/2026;031;22311;6191114658103;XL;I995;25H;;1,00;
30/01/2026;031;22318;6191114659025;XL;C000;25H;;1,00;
30/01/2026;031;22324;6191114659681;XXL;995;25H;;1,00;
30/01/2026;031;22338;6191114660892;M;170;25H;;3,00;
30/01/2026;031;22338;6191114660908;L;170;25H;;1,00;
30/01/2026;031;70202;6191114608214;3XL;995;25H;;1,00;
30/01/2026;031;70206;6191114612433;XL;870;25H;;1,00;
30/01/2026;031;70207;6191114612549;L;R695;25H;;1,00;
30/01/2026;031;70217;6191114649415;3XL;I385;25H;;1,00;
30/01/2026;031;91367;6191114542570;TU;824;25E;;1,00;
30/01/2026;031;91526;6191114639966;36;880;25H;;1,00;
30/01/2026;032;22025;6191114610118;XL;010;25H;;1,00;
30/01/2026;032;22086;6191114619548;XL;010;25H;;1,00;
30/01/2026;032;22120;6191114646537;XXL;995;25H;;1,00;
30/01/2026;032;22122;6191114646650;L;995;25H;;1,00;
30/01/2026;032;22195;6191114628380;XL;215;25H;;1,00;
30/01/2026;032;22197;6191114630079;L;815;25H;;1,00;
30/01/2026;032;22201;6191114630420;XL;815;25H;;1,00;
30/01/2026;032;22207;6191114640436;L;995;25H;;1,00;
30/01/2026;032;22216;6191114642744;L;I255;25H;;1,00;
30/01/2026;032;22242;6191114647589;XL;695;25H;;1,00;
30/01/2026;032;22257;6191114650602;XXL;I740;25H;;1,00;
30/01/2026;032;22257;6191114650626;3XL;I350;25H;;1,00;
30/01/2026;032;22258;6191114650732;M;740;25H;;1,00;
30/01/2026;032;22258;6191114650794;XL;740;25H;;1,00;
30/01/2026;032;22258;6191114650831;3XL;385;25H;;1,00;
30/01/2026;032;22259;6191114650930;L;010;25H;;1,00;
30/01/2026;032;22268;6191114656338;L;890;25H;;1,00;
30/01/2026;032;22269;6191114656383;S;890;25H;;1,00;
30/01/2026;032;22296;6191114656482;M;215;25H;;1,00;
30/01/2026;032;22296;6191114656505;L;385;25H;;1,00;
30/01/2026;032;22307;6191114670013;XL;M870;25H;;1,00;
30/01/2026;032;22320;6191114659209;XXL;870;25H;;1,00;
30/01/2026;032;22321;6191114659360;3XL;870;25H;;1,00;
30/01/2026;032;55800;6191114621602;L;975;25H;;1,00;
30/01/2026;032;55800;6191114621626;XL;995;25H;;1,00;
30/01/2026;032;55811;6191114644588;M;R784;25H;;1,00;
30/01/2026;032;55813;6191114645219;M;940;25H;;1,00;
30/01/2026;032;55820;6191114657816;S;R995;25H;;1,00;
30/01/2026;032;70201;6191114608030;L;R870;25H;;1,00;
30/01/2026;032;70201;6191114608054;XL;R870;25H;;1,00;
30/01/2026;032;70203;6191114608290;XL;R995;25H;;1,00;
30/01/2026;032;70206;6191114612396;M;870;25H;;1,00;
30/01/2026;032;70209;6191114612839;3XL;R170;25H;;1,00;
30/01/2026;032;70210;6191114619180;L;R385;25H;;2,00;
30/01/2026;032;70231;6191114658714;XL;C000;25H;;1,00;
30/01/2026;032;70232;6191114658813;L;995;25H;;1,00;
30/01/2026;032;91507;6191114626393;TU;995;25H;;1,00;
30/01/2026;033;22023;6191114609846;L;R385;25H;;1,00;
30/01/2026;033;22048;6191114611955;S;995;25H;;1,00;
30/01/2026;033;22048;6191114611962;S;010;25H;;1,00;
30/01/2026;033;22084;6191114616479;L;000;25H;;1,00;
30/01/2026;033;22084;6191114616493;XL;000;25H;;1,00;
30/01/2026;033;22113;6191114645684;M;990;25H;;1,00;
30/01/2026;033;22250;6191114649606;L;815;25H;;1,00;
30/01/2026;033;22255;6191114650350;M;995;25H;;1,00;
30/01/2026;033;22258;6191114650770;XL;385;25H;;1,00;
30/01/2026;033;22275;6191114652972;XL;385;25H;;1,00;
30/01/2026;033;55800;6191114621619;XL;385;25H;;1,00;
30/01/2026;033;70202;6191114608177;XL;995;25H;;1,00;
30/01/2026;033;70205;6191114612327;XL;695;25H;;1,00;
30/01/2026;033;70208;6191114612648;M;R385;25H;;1,00;
31/01/2026;002;20258;6191114259065;L;I790;23H;;1,00;
31/01/2026;002;20261;6191114259720;L;R740;23H;;1,00;
31/01/2026;002;20354;6191114279803;L;995;23H;;1,00;
31/01/2026;002;20354;6191114297357;XL;685;23H;;1,00;
31/01/2026;002;21078;6191114449091;S;995;24H;;1,00;
31/01/2026;002;21111;6191114452695;M;995;24H;;1,00;
31/01/2026;002;21112;6191114452879;XL;M940;24H;;1,00;
31/01/2026;002;21136;6191114463295;XXL;815;24H;;-1,00;
31/01/2026;002;21189;6191114471290;XXL;I350;24H;;1,00;
31/01/2026;002;21304;6191114492318;3XL;995;24H;;1,00;
31/01/2026;002;21343;6191114501003;L;995;24H;;1,00;
31/01/2026;002;21343;6191114501027;XL;995;24H;;1,00;
31/01/2026;002;21382;6191114508569;S;695;24H;;1,00;
31/01/2026;002;21397;6191114511798;5XL;795;24H;;1,00;
31/01/2026;002;21397;6191114511934;5XL;195;24H;;1,00;
31/01/2026;002;21402;6191114513358;3XL;995;24H;;1,00;
31/01/2026;002;21431;6191114527409;S;170;24H;;1,00;
31/01/2026;002;21472;6191114532038;S;995;24H;;1,00;
31/01/2026;002;21572;6191114546486;XL;385;25E;;1,00;
31/01/2026;002;21659;6191114553897;XL;995;25E;;1,00;
31/01/2026;002;21688;6191114566224;XL;476;25E;;1,00;
31/01/2026;002;21797;6191114579651;M;385;25E;;1,00;
31/01/2026;002;21827;6191114582958;S;200;25E;;1,00;
31/01/2026;002;21835;6191114584235;XL;235;25E;;1,00;
31/01/2026;002;22005;6191114606616;L;645;25H;;1,00;
31/01/2026;002;22005;6191114606654;XL;645;25H;;-1,00;
31/01/2026;002;22007;6191114607002;S;905;25H;;1,00;
31/01/2026;002;22011;6191114607361;S;010;25H;;1,00;
31/01/2026;002;22012;6191114607538;L;010;25H;;1,00;
31/01/2026;002;22013;6191114607675;XL;995;25H;;1,00;
31/01/2026;002;22020;6191114609501;S;695;25H;;1,00;
31/01/2026;002;22020;6191114619289;L;815;25H;;1,00;
31/01/2026;002;22020;6191114619296;XL;815;25H;;1,00;
31/01/2026;002;22022;6191114609730;L;R010;25H;;1,00;
31/01/2026;002;22024;6191114653252;L;870;25H;;1,00;
31/01/2026;002;22026;6191114610163;S;815;25H;;1,00;
31/01/2026;002;22026;6191114610217;L;645;25H;;1,00;
31/01/2026;002;22028;6191114610507;3XL;870;25H;;1,00;
31/01/2026;002;22031;6191114610774;S;695;25H;;1,00;
31/01/2026;002;22032;6191114610941;XL;995;25H;;1,00;
31/01/2026;002;22036;6191114611153;M;R010;25H;;1,00;
31/01/2026;002;22044;6191114622050;XXL;695;25H;;1,00;
31/01/2026;002;22045;6191114611764;3XL;995;25H;;1,00;
31/01/2026;002;22048;6191114612013;XL;995;25H;;1,00;
31/01/2026;002;22053;6191114617292;M;995;25H;;1,00;
31/01/2026;002;22055;6191114624863;L;995;25H;;1,00;
31/01/2026;002;22056;6191114617643;S;310;25H;;1,00;
31/01/2026;002;22057;6191114617766;S;010;25H;;1,00;
31/01/2026;002;22061;6191114618169;L;R385;25H;;1,00;
31/01/2026;002;22063;6191114618459;XS;870;25H;;1,00;
31/01/2026;002;22064;6191114618749;L;855;25H;;1,00;
31/01/2026;002;22065;6191114618947;L;350;25H;;1,00;
31/01/2026;002;22065;6191114618961;XL;350;25H;;1,00;
31/01/2026;002;22067;6191114615687;L;380;25H;;1,00;
31/01/2026;002;22067;6191114615694;XL;380;25H;;1,00;
31/01/2026;002;22069;6191114615861;M;784;25H;;1,00;
31/01/2026;002;22069;6191114615908;XL;784;25H;;1,00;
31/01/2026;002;22072;6191114616233;XXL;476;25H;;1,00;
31/01/2026;002;22079;6191114626447;S;476;25H;;1,00;
31/01/2026;002;22083;6191114619029;S;350;25H;;1,00;
31/01/2026;002;22083;6191114619081;XL;350;25H;;1,00;
31/01/2026;002;22089;6191114619920;L;995;25H;;1,00;
31/01/2026;002;22090;6191114620124;3XL;995;25H;;1,00;
31/01/2026;002;22111;6191114622722;L;235;25H;;1,00;
31/01/2026;002;22113;6191114645691;M;005;25H;;1,00;
31/01/2026;002;22115;6191114645974;L;820;25H;;1,00;
31/01/2026;002;22116;6191114646186;XXL;770;25H;;1,00;
31/01/2026;002;22118;6191114646377;M;995;25H;;1,00;
31/01/2026;002;22118;6191114646384;M;874;25H;;1,00;
31/01/2026;002;22118;6191114646421;XL;874;25H;;-1,00;
31/01/2026;002;22124;6191114646889;XL;995;25H;;1,00;
31/01/2026;002;22125;6191114646957;L;E385;25H;;1,00;
31/01/2026;002;22127;6191114649071;XL;770;25H;;1,00;
31/01/2026;002;22147;6191114625136;M;815;25H;;1,00;
31/01/2026;002;22151;6191114625723;XL;995;25H;;1,00;
31/01/2026;002;22160;6191114626201;M;820;25H;;1,00;
31/01/2026;002;22163;6191114659858;XXL;C790;25H;;1,00;
31/01/2026;002;22175;6191114628809;L;990;25H;;1,00;
31/01/2026;002;22175;6191114628830;3XL;990;25H;;1,00;
31/01/2026;002;22178;6191114629004;XXL;P010;25H;;1,00;
31/01/2026;002;22182;6191114629349;M;995;25H;;1,00;
31/01/2026;002;22182;6191114629356;M;784;25H;;1,00;
31/01/2026;002;22182;6191114629363;L;870;25H;;1,00;
31/01/2026;002;22188;6191114644724;S/M;200;25H;;1,00;
31/01/2026;002;22194;6191114628120;S;I385;25H;;1,00;
31/01/2026;002;22194;6191114628137;S;I255;25H;;1,00;
31/01/2026;002;22194;6191114628168;M;I255;25H;;1,00;
31/01/2026;002;22195;6191114628359;L;215;25H;;1,00;
31/01/2026;002;22195;6191114628380;XL;215;25H;;2,00;
31/01/2026;002;22195;6191114628588;XL;210;25H;;1,00;
31/01/2026;002;22209;6191114640757;XXL;815;25H;;1,00;
31/01/2026;002;22211;6191114641334;S;694;25H;;1,00;
31/01/2026;002;22211;6191114641440;3XL;535;25H;;1,00;
31/01/2026;002;22212;6191114641457;S;385;25H;;1,00;
31/01/2026;002;22212;6191114641532;L;235;25H;;1,00;
31/01/2026;002;22216;6191114642690;XL;I385;25H;;1,00;
31/01/2026;002;22217;6191114642799;S;000;25H;;1,00;
31/01/2026;002;22233;6191114644373;M;815;25H;;1,00;
31/01/2026;002;22233;6191114644410;XL;815;25H;;1,00;
31/01/2026;002;22233;6191114644427;XL;000;25H;;1,00;
31/01/2026;002;22233;6191114644441;XXL;000;25H;;1,00;
31/01/2026;002;22239;6191114644984;L;995;25H;;1,00;
31/01/2026;002;22242;6191114647527;L;380;25H;;1,00;
31/01/2026;002;22242;6191114647558;L;724;25H;;1,00;
31/01/2026;002;22243;6191114647787;L;215;25H;;1,00;
31/01/2026;002;22243;6191114647794;L;695;25H;;2,00;
31/01/2026;002;22243;6191114647817;XL;215;25H;;1,00;
31/01/2026;002;22244;6191114647893;S;995;25H;;1,00;
31/01/2026;002;22244;6191114647923;M;995;25H;;1,00;
31/01/2026;002;22246;6191114648814;M;995;25H;;1,00;
31/01/2026;002;22250;6191114649620;L;784;25H;;1,00;
31/01/2026;002;22252;6191114650145;L;995;25H;;1,00;
31/01/2026;002;22252;6191114650190;XXL;255;25H;;1,00;
31/01/2026;002;22253;6191114650244;L;995;25H;;1,00;
31/01/2026;002;22253;6191114650275;3XL;995;25H;;1,00;
31/01/2026;002;22253;6191114669277;XXL;255;25H;;1,00;
31/01/2026;002;22254;6191114650312;XL;995;25H;;1,00;
31/01/2026;002;22255;6191114650374;XL;995;25H;;1,00;
31/01/2026;002;22257;6191114650633;3XL;I740;25H;;1,00;
31/01/2026;002;22258;6191114650749;L;385;25H;;1,00;
31/01/2026;002;22258;6191114650756;L;195;25H;;1,00;
31/01/2026;002;22258;6191114650763;L;740;25H;;1,00;
31/01/2026;002;22261;6191114651265;L;490;25H;;1,00;
31/01/2026;002;22262;6191114651388;L;490;25H;;1,00;
31/01/2026;002;22262;6191114651395;XL;385;25H;;1,00;
31/01/2026;002;22264;6191114651685;M;995;25H;;1,00;
31/01/2026;002;22274;6191114652859;S;995;25H;;1,00;
31/01/2026;002;22275;6191114652941;M;790;25H;;1,00;
31/01/2026;002;22275;6191114652972;XL;385;25H;;1,00;
31/01/2026;002;22276;6191114655775;M;995;25H;;1,00;
31/01/2026;002;22276;6191114655799;L;995;25H;;1,00;
31/01/2026;002;22276;6191114655805;XL;385;25H;;1,00;
31/01/2026;002;22276;6191114655812;XL;995;25H;;1,00;
31/01/2026;002;22277;6191114653467;XXL;784;25H;;1,00;
31/01/2026;002;22281;6191114653993;XL;995;25H;;1,00;
31/01/2026;002;22284;6191114654174;S;385;25H;;1,00;
31/01/2026;002;22284;6191114654181;S;995;25H;;1,00;
31/01/2026;002;22285;6191114654334;M;385;25H;;2,00;
31/01/2026;002;22285;6191114654358;L;385;25H;;1,00;
31/01/2026;002;22288;6191114654655;M;995;25H;;1,00;
31/01/2026;002;22288;6191114654679;XL;995;25H;;1,00;
31/01/2026;002;22290;6191114657939;M;R385;25H;;1,00;
31/01/2026;002;22291;6191114655447;XL;995;25H;;1,00;
31/01/2026;002;22295;6191114656239;L;695;25H;;1,00;
31/01/2026;002;22295;6191114656253;XL;695;25H;;1,00;
31/01/2026;002;22300;6191114656819;M;870;25H;;1,00;
31/01/2026;002;22301;6191114657090;M;995;25H;;-1,00;
31/01/2026;002;22302;6191114657243;L;245;25H;;1,00;
31/01/2026;002;22302;6191114657267;XL;245;25H;;1,00;
31/01/2026;002;22302;6191114657304;3XL;245;25H;;1,00;
31/01/2026;002;22303;6191114657397;XL;870;25H;;1,00;
31/01/2026;002;22303;6191114657427;XXL;195;25H;;1,00;
31/01/2026;002;22304;6191114660434;S;MCO;25H;;-1,00;
31/01/2026;002;22306;6191114669086;XL;995;25H;;1,00;
31/01/2026;002;22307;6191114669970;L;M815;25H;;1,00;
31/01/2026;002;22307;6191114670068;3XL;M815;25H;;1,00;
31/01/2026;002;22308;6191114657717;L;870;25H;;1,00;
31/01/2026;002;22320;6191114659124;S;870;25H;;1,00;
31/01/2026;002;22321;6191114659346;XXL;870;25H;;1,00;
31/01/2026;002;22322;6191114659469;L;645;25H;;1,00;
31/01/2026;002;22326;6191114668294;M;920;25H;;1,00;
31/01/2026;002;22330;6191114660045;M;220;25H;;1,00;
31/01/2026;002;22335;6191114660939;S/M;815;25H;;1,00;
31/01/2026;002;22338;6191114660915;XL;170;25H;;1,00;
31/01/2026;002;29828;6191114172517;L;995;23E;;1,00;
31/01/2026;002;55716;6191114526341;M;385;24H;;1,00;
31/01/2026;002;55800;6191114621527;S;385;25H;;1,00;
31/01/2026;002;55800;6191114621534;S;995;25H;;1,00;
31/01/2026;002;55800;6191114621565;M;995;25H;;-1,00;
31/01/2026;002;55800;6191114621619;XL;385;25H;;2,00;
31/01/2026;002;55800;6191114621633;XL;975;25H;;1,00;
31/01/2026;002;55807;6191114640979;S;385;25H;;1,00;
31/01/2026;002;55808;6191114641211;L;385;25H;;1,00;
31/01/2026;002;55809;6191114642140;XXL;010;25H;;1,00;
31/01/2026;002;55810;6191114642188;S;385;25H;;1,00;
31/01/2026;002;55810;6191114642249;XL;385;25H;;1,00;
31/01/2026;002;55811;6191114644595;L;R310;25H;;-1,00;
31/01/2026;002;55811;6191114644618;XL;R310;25H;;1,00;
31/01/2026;002;55811;6191114644625;XL;R784;25H;;1,00;
31/01/2026;002;55811;6191114644632;XXL;R310;25H;;1,00;
31/01/2026;002;55813;6191114645189;S;940;25H;;2,00;
31/01/2026;002;55813;6191114645264;XL;310;25H;;1,00;
31/01/2026;002;55813;6191114645271;XL;940;25H;;2,00;
31/01/2026;002;55813;6191114645318;3XL;385;25H;;1,00;
31/01/2026;002;55815;6191114645585;XL;385;25H;;1,00;
31/01/2026;002;55815;6191114669338;XL;995;25H;;1,00;
31/01/2026;002;55816;6191114648371;S;R995;25H;;-1,00;
31/01/2026;002;55816;6191114648487;XL;R990;25H;;1,00;
31/01/2026;002;55817;6191114654723;S;790;25H;;1,00;
31/01/2026;002;55817;6191114654778;L;695;25H;;1,00;
31/01/2026;002;55818;6191114654952;M;824;25H;;-1,00;
31/01/2026;002;55818;6191114655003;L;824;25H;;2,00;
31/01/2026;002;55818;6191114658325;XL;535;25H;;1,00;
31/01/2026;002;70202;6191114608122;S;010;25H;;2,00;
31/01/2026;002;70207;6191114612556;XL;R385;25H;;1,00;
31/01/2026;002;70208;6191114612648;M;R385;25H;;1,00;
31/01/2026;002;70210;6191114619197;L;R350;25H;;1,00;
31/01/2026;002;70221;6191114631298;L;I995;25H;;1,00;
31/01/2026;002;70224;6191114641792;L;385;25H;;2,00;
31/01/2026;002;70226;6191114652132;4XL;I880;25H;;1,00;
31/01/2026;002;70228;6191114649897;XL;995;25H;;1,00;
31/01/2026;002;70231;6191114658769;3XL;C995;25H;;1,00;
31/01/2026;002;70232;6191114658837;XXL;995;25H;;1,00;
31/01/2026;002;70233;6191114658882;L;995;25H;;1,00;
31/01/2026;002;70233;6191114658905;XXL;995;25H;;1,00;
31/01/2026;002;91407;6191114601895;TU;MCO;25E;;1,00;
31/01/2026;002;91503;6191114626317;TU;385;25H;;2,00;
31/01/2026;002;91505;6191114657311;TU;815;25H;;2,00;
31/01/2026;002;91510;6191114625426;36;995;25H;;1,00;
31/01/2026;002;91510;6191114625488;39;995;25H;;1,00;
31/01/2026;002;91513;6191114627444;TU;MCO;25H;;1,00;
31/01/2026;002;91533;6191114648623;TU;995;25H;;1,00;
31/01/2026;005;22054;6191114617391;S;995;25H;;13,00;
31/01/2026;005;22054;6191114617414;M;995;25H;;8,00;
31/01/2026;005;22054;6191114617438;L;995;25H;;9,00;
31/01/2026;005;22054;6191114617452;XL;995;25H;;6,00;
31/01/2026;005;22054;6191114617476;XXL;995;25H;;1,00;
31/01/2026;005;22054;6191114617490;3XL;995;25H;;2,00;
31/01/2026;005;22054;6191114617513;4XL;995;25H;;1,00;
31/01/2026;005;22058;6191114617919;M;000;25H;;1,00;
31/01/2026;005;22064;6191114618619;S;010;25H;;11,00;
31/01/2026;005;22064;6191114618664;M;010;25H;;10,00;
31/01/2026;005;22064;6191114618718;L;010;25H;;13,00;
31/01/2026;005;22064;6191114618763;XL;010;25H;;4,00;
31/01/2026;005;22064;6191114618817;XXL;010;25H;;1,00;
31/01/2026;005;22064;6191114618848;XXL;855;25H;;1,00;
31/01/2026;005;22072;6191114616226;XL;476;25H;;1,00;
31/01/2026;005;22135;6191114624139;M;870;25H;;1,00;
31/01/2026;005;22137;6191114623415;XL;255;25H;;1,00;
31/01/2026;005;22148;6191114625549;M;995;25H;;1,00;
31/01/2026;005;22201;6191114630420;XL;815;25H;;1,00;
31/01/2026;005;22255;6191114650374;XL;995;25H;;1,00;
31/01/2026;005;22258;6191114650718;M;385;25H;;1,00;
31/01/2026;005;22264;6191114651708;XL;995;25H;;1,00;
31/01/2026;005;22267;6191114651845;L;815;25H;;1,00;
31/01/2026;005;22279;6191114653580;S;000;25H;;1,00;
31/01/2026;005;22279;6191114653634;L;995;25H;;1,00;
31/01/2026;005;22284;6191114654167;XS;995;25H;;11,00;
31/01/2026;005;22284;6191114654181;S;995;25H;;7,00;
31/01/2026;005;22284;6191114654204;M;995;25H;;12,00;
31/01/2026;005;22284;6191114654228;L;995;25H;;8,00;
31/01/2026;005;22284;6191114654242;XL;995;25H;;1,00;
31/01/2026;005;22284;6191114654266;XXL;995;25H;;2,00;
31/01/2026;005;22290;6191114657960;XXL;R385;25H;;1,00;
31/01/2026;005;22294;6191114656086;L;820;25H;;1,00;
31/01/2026;005;22294;6191114656154;XXL;950;25H;;1,00;
31/01/2026;005;22295;6191114656253;XL;695;25H;;1,00;
31/01/2026;005;22296;6191114656543;XL;215;25H;;1,00;
31/01/2026;005;22296;6191114656574;XXL;215;25H;;1,00;
31/01/2026;005;22304;6191114660441;M;MCO;25H;;1,00;
31/01/2026;005;55813;6191114645257;XL;385;25H;;1,00;
31/01/2026;005;70202;6191114608146;M;010;25H;;1,00;
31/01/2026;005;70226;6191114652101;3XL;I880;25H;;1,00;
31/01/2026;005;70226;6191114652125;4XL;I995;25H;;1,00;
31/01/2026;005;70231;6191114658707;L;C995;25H;;1,00;
31/01/2026;005;70232;6191114658806;M;995;25H;;1,00;
31/01/2026;005;70233;6191114658875;M;995;25H;;1,00;
31/01/2026;005;91528;6191114640221;38;995;25H;;1,00;
31/01/2026;009;21835;6191114584112;L;385;25E;;1,00;
31/01/2026;009;21863;6191114589407;L;000;25E;;1,00;
31/01/2026;009;21863;6191114589438;XL;310;25E;;1,00;
31/01/2026;009;22010;6191114607262;M;815;25H;;1,00;
31/01/2026;009;22013;6191114607675;XL;995;25H;;1,00;
31/01/2026;009;22017;6191114609198;L;010;25H;;1,00;
31/01/2026;009;22017;6191114609211;XL;010;25H;;-1,00;
31/01/2026;009;22025;6191114610101;XL;995;25H;;1,00;
31/01/2026;009;22030;6191114610675;M;010;25H;;1,00;
31/01/2026;009;22030;6191114610682;L;995;25H;;1,00;
31/01/2026;009;22033;6191114611054;L;695;25H;;1,00;
31/01/2026;009;22046;6191114611795;M;C385;25H;;1,00;
31/01/2026;009;22052;6191114617186;M;995;25H;;1,00;
31/01/2026;009;22053;6191114617292;M;995;25H;;1,00;
31/01/2026;009;22070;6191114616004;L;995;25H;;1,00;
31/01/2026;009;22099;6191114620896;S;995;25H;;1,00;
31/01/2026;009;22099;6191114620902;M;995;25H;;1,00;
31/01/2026;009;22111;6191114622647;S;255;25H;;1,00;
31/01/2026;009;22113;6191114645707;L;820;25H;;1,00;
31/01/2026;009;22113;6191114645714;L;990;25H;;1,00;
31/01/2026;009;22117;6191114646278;L;995;25H;;1,00;
31/01/2026;009;22118;6191114646414;XL;995;25H;;1,00;
31/01/2026;009;22183;6191114629547;XL;385;25H;;1,00;
31/01/2026;009;22183;6191114629554;XL;995;25H;;1,00;
31/01/2026;009;22183;6191114629561;XXL;385;25H;;1,00;
31/01/2026;009;22195;6191114628328;M;215;25H;;1,00;
31/01/2026;009;22197;6191114630079;L;815;25H;;1,00;
31/01/2026;009;22206;6191114630888;L;995;25H;;1,00;
31/01/2026;009;22206;6191114630895;L;195;25H;;1,00;
31/01/2026;009;22239;6191114645042;XXL;995;25H;;1,00;
31/01/2026;009;22244;6191114647893;S;995;25H;;1,00;
31/01/2026;009;22244;6191114647923;M;995;25H;;1,00;
31/01/2026;009;22244;6191114647947;M;695;25H;;1,00;
31/01/2026;009;22244;6191114647978;L;695;25H;;-1,00;
31/01/2026;009;22246;6191114648845;XL;870;25H;;-1,00;
31/01/2026;009;22246;6191114648852;XL;995;25H;;1,00;
31/01/2026;009;22250;6191114649545;S;815;25H;;1,00;
31/01/2026;009;22258;6191114650718;M;385;25H;;1,00;
31/01/2026;009;22258;6191114650725;M;195;25H;;1,00;
31/01/2026;009;22263;6191114651500;S;010;25H;;1,00;
31/01/2026;009;22263;6191114651654;3XL;010;25H;;1,00;
31/01/2026;009;22268;6191114653115;L;695;25H;;1,00;
31/01/2026;009;22269;6191114653221;3XL;695;25H;;1,00;
31/01/2026;009;22274;6191114652873;L;995;25H;;1,00;
31/01/2026;009;22276;6191114655768;M;385;25H;;1,00;
31/01/2026;009;22281;6191114654013;3XL;995;25H;;1,00;
31/01/2026;009;22285;6191114654426;3XL;995;25H;;1,00;
31/01/2026;009;22286;6191114654440;M;995;25H;;1,00;
31/01/2026;009;22287;6191114654563;L;995;25H;;1,00;
31/01/2026;009;22295;6191114656215;M;695;25H;;1,00;
31/01/2026;009;22295;6191114656253;XL;695;25H;;1,00;
31/01/2026;009;22312;6191114658158;XL;995;25H;;1,00;
31/01/2026;009;22320;6191114659254;4XL;825;25H;;1,00;
31/01/2026;009;22321;6191114659391;4XL;825;25H;;1,00;
31/01/2026;009;22330;6191114660076;XL;724;25H;;1,00;
31/01/2026;009;22330;6191114660113;3XL;724;25H;;1,00;
31/01/2026;009;22330;6191114660120;3XL;220;25H;;1,00;
31/01/2026;009;55808;6191114641235;L;975;25H;;1,00;
31/01/2026;009;55815;6191114645622;3XL;385;25H;;1,00;
31/01/2026;009;55816;6191114648401;M;R995;25H;;1,00;
31/01/2026;009;55816;6191114648432;L;R995;25H;;1,00;
31/01/2026;009;55816;6191114648524;3XL;R995;25H;;1,00;
31/01/2026;009;55817;6191114654808;XL;695;25H;;1,00;
31/01/2026;009;55817;6191114654815;XL;790;25H;;1,00;
31/01/2026;009;66481;6191114502222;L/XL;200;24H;;1,00;
31/01/2026;009;70205;6191114612259;S;385;25H;;1,00;
31/01/2026;009;70205;6191114612273;M;385;25H;;-1,00;
31/01/2026;009;70210;6191114619142;S;R385;25H;;1,00;
31/01/2026;009;70227;6191114652224;XL;I875;25H;;1,00;
31/01/2026;009;91533;6191114648616;TU;870;25H;;1,00;
31/01/2026;011;22017;6191114609211;XL;010;25H;;1,00;
31/01/2026;011;22023;6191114609877;XL;R010;25H;;1,00;
31/01/2026;011;22037;6191114611290;L;010;25H;;1,00;
31/01/2026;011;22045;6191114611757;XXL;695;25H;;1,00;
31/01/2026;011;22048;6191114612044;XXL;010;25H;;1,00;
31/01/2026;011;22053;6191114617339;XL;995;25H;;1,00;
31/01/2026;011;22064;6191114618763;XL;010;25H;;1,00;
31/01/2026;011;22071;6191114616134;XL;784;25H;;1,00;
31/01/2026;011;22106;6191114621503;XXL;990;25H;;-1,00;
31/01/2026;011;22113;6191114645769;XXL;990;25H;;-1,00;
31/01/2026;011;22116;6191114646162;XL;770;25H;;1,00;
31/01/2026;011;22122;6191114646650;L;995;25H;;1,00;
31/01/2026;011;22122;6191114646667;XL;995;25H;;1,00;
31/01/2026;011;22127;6191114649071;XL;770;25H;;1,00;
31/01/2026;011;22133;6191114625204;XL;995;25H;;1,00;
31/01/2026;011;22175;6191114628809;L;990;25H;;1,00;
31/01/2026;011;22183;6191114629554;XL;995;25H;;1,00;
31/01/2026;011;22191;6191114627949;XL;P010;25H;;1,00;
31/01/2026;011;22199;6191114631106;XL;995;25H;;1,00;
31/01/2026;011;22201;6191114630420;XL;815;25H;;1,00;
31/01/2026;011;22246;6191114648852;XL;995;25H;;1,00;
31/01/2026;011;22258;6191114650770;XL;385;25H;;1,00;
31/01/2026;011;22267;6191114651876;XL;995;25H;;1,00;
31/01/2026;011;22272;6191114652552;L;870;25H;;1,00;
31/01/2026;011;22273;6191114652743;L;695;25H;;1,00;
31/01/2026;011;22278;6191114653498;L;995;25H;;1,00;
31/01/2026;011;22281;6191114654013;3XL;995;25H;;1,00;
31/01/2026;011;22288;6191114654662;L;995;25H;;1,00;
31/01/2026;011;22289;6191114655249;L;995;25H;;1,00;
31/01/2026;011;22297;6191114656635;S;695;25H;;1,00;
31/01/2026;011;22301;6191114657175;3XL;995;25H;;-1,00;
31/01/2026;011;22308;6191114657700;M;870;25H;;1,00;
31/01/2026;011;22320;6191114659162;L;870;25H;;1,00;
31/01/2026;011;22321;6191114659322;XL;870;25H;;1,00;
31/01/2026;011;22322;6191114659506;XL;740;25H;;1,00;
31/01/2026;011;22330;6191114660113;3XL;724;25H;;1,00;
31/01/2026;011;22330;6191114660120;3XL;220;25H;;1,00;
31/01/2026;011;55809;6191114642010;L;995;25H;;1,00;
31/01/2026;011;55810;6191114642232;L;010;25H;;1,00;
31/01/2026;011;55815;6191114669321;L;995;25H;;1,00;
31/01/2026;011;55816;6191114648456;L;R990;25H;;1,00;
31/01/2026;011;55817;6191114654808;XL;695;25H;;1,00;
31/01/2026;011;91272;6194444115667;TU;815;22H;;1,00;
31/01/2026;011;91273;6194444115674;TU;815;22H;;1,00;
31/01/2026;014;21358;6191114503700;XL;995;24H;;1,00;
31/01/2026;014;21828;6191114583221;XL;200;25E;;1,00;
31/01/2026;014;21832;6191114583733;XL;200;25E;;1,00;
31/01/2026;014;22004;6191114606470;XXL;R995;25H;;1,00;
31/01/2026;014;22011;6191114607439;XL;215;25H;;1,00;
31/01/2026;014;22012;6191114607538;L;010;25H;;1,00;
31/01/2026;014;22012;6191114607590;3XL;010;25H;;1,00;
31/01/2026;014;22013;6191114607613;S;995;25H;;2,00;
31/01/2026;014;22013;6191114607699;XXL;995;25H;;1,00;
31/01/2026;014;22021;6191114609648;L;385;25H;;1,00;
31/01/2026;014;22024;6191114653269;XL;870;25H;;1,00;
31/01/2026;014;22025;6191114610101;XL;995;25H;;1,00;
31/01/2026;014;22031;6191114610835;XL;695;25H;;1,00;
31/01/2026;014;22033;6191114611047;L;815;25H;;1,00;
31/01/2026;014;22036;6191114611191;XL;R010;25H;;1,00;
31/01/2026;014;22060;6191114618039;M;310;25H;;1,00;
31/01/2026;014;22061;6191114618176;L;R350;25H;;1,00;
31/01/2026;014;22063;6191114618596;XL;784;25H;;1,00;
31/01/2026;014;22064;6191114618794;XL;855;25H;;1,00;
31/01/2026;014;22065;6191114618947;L;350;25H;;1,00;
31/01/2026;014;22068;6191114642379;M;695;25H;;1,00;
31/01/2026;014;22071;6191114616127;L;195;25H;;1,00;
31/01/2026;014;22073;6191114616264;S;395;25H;;1,00;
31/01/2026;014;22080;6191114616998;L;476;25H;;1,00;
31/01/2026;014;22083;6191114619043;M;350;25H;;1,00;
31/01/2026;014;22090;6191114620049;M;995;25H;;1,00;
31/01/2026;014;22091;6191114620193;XL;815;25H;;1,00;
31/01/2026;014;22096;6191114620551;S;385;25H;;1,00;
31/01/2026;014;22096;6191114620575;M;385;25H;;1,00;
31/01/2026;014;22099;6191114620926;XL;995;25H;;1,00;
31/01/2026;014;22099;6191114620940;3XL;995;25H;;1,00;
31/01/2026;014;22113;6191114645691;M;005;25H;;1,00;
31/01/2026;014;22113;6191114645769;XXL;990;25H;;1,00;
31/01/2026;014;22115;6191114645936;S;005;25H;;1,00;
31/01/2026;014;22117;6191114646254;M;995;25H;;1,00;
31/01/2026;014;22128;6191114622944;S;385;25H;;1,00;
31/01/2026;014;22128;6191114622975;M;385;25H;;1,00;
31/01/2026;014;22129;6191114623095;S;385;25H;;1,00;
31/01/2026;014;22129;6191114623125;M;385;25H;;1,00;
31/01/2026;014;22129;6191114623149;M;010;25H;;1,00;
31/01/2026;014;22135;6191114624139;M;870;25H;;1,00;
31/01/2026;014;22135;6191114624191;XXL;870;25H;;1,00;
31/01/2026;014;22142;6191114624757;XL;995;25H;;1,00;
31/01/2026;014;22147;6191114625136;M;815;25H;;1,00;
31/01/2026;014;22148;6191114625563;XL;995;25H;;1,00;
31/01/2026;014;22178;6191114628977;M;P010;25H;;1,00;
31/01/2026;014;22180;6191114629233;XL;995;25H;;1,00;
31/01/2026;014;22183;6191114629523;L;385;25H;;1,00;
31/01/2026;014;22186;6191114627758;XL;385;25H;;1,00;
31/01/2026;014;22188;6191114644748;L/XL;200;25H;;1,00;
31/01/2026;014;22190;6191114627826;M;995;25H;;2,00;
31/01/2026;014;22190;6191114627857;XXL;995;25H;;1,00;
31/01/2026;014;22190;6191114627864;3XL;995;25H;;1,00;
31/01/2026;014;22193;6191114628083;XL;995;25H;;1,00;
31/01/2026;014;22194;6191114628229;XL;I255;25H;;1,00;
31/01/2026;014;22194;6191114628236;XXL;I880;25H;;1,00;
31/01/2026;014;22196;6191114629790;M;010;25H;;1,00;
31/01/2026;014;22198;6191114630208;XXL;385;25H;;1,00;
31/01/2026;014;22199;6191114631090;L;995;25H;;1,00;
31/01/2026;014;22200;6191114630284;L;010;25H;;1,00;
31/01/2026;014;22202;6191114630529;L;995;25H;;1,00;
31/01/2026;014;22206;6191114630888;L;995;25H;;1,00;
31/01/2026;014;22207;6191114640405;M;995;25H;;1,00;
31/01/2026;014;22207;6191114640474;XL;880;25H;;1,00;
31/01/2026;014;22207;6191114640481;XL;784;25H;;1,00;
31/01/2026;014;22212;6191114641525;L;255;25H;;1,00;
31/01/2026;014;22212;6191114641532;L;235;25H;;1,00;
31/01/2026;014;22215;6191114642515;XL;215;25H;;1,00;
31/01/2026;014;22216;6191114642744;L;I255;25H;;1,00;
31/01/2026;014;22222;6191114643376;M;685;25H;;1,00;
31/01/2026;014;22223;6191114643628;XXL;995;25H;;1,00;
31/01/2026;014;22233;6191114644380;M;000;25H;;1,00;
31/01/2026;014;22237;6191114644823;XL;I815;25H;;1,00;
31/01/2026;014;22241;6191114647404;3XL;R000;25H;;2,00;
31/01/2026;014;22243;6191114647763;M;695;25H;;1,00;
31/01/2026;014;22244;6191114647954;L;995;25H;;1,00;
31/01/2026;014;22244;6191114647978;L;695;25H;;1,00;
31/01/2026;014;22244;6191114647985;XL;995;25H;;1,00;
31/01/2026;014;22244;6191114647992;XL;215;25H;;1,00;
31/01/2026;014;22244;6191114648005;XL;695;25H;;2,00;
31/01/2026;014;22246;6191114648845;XL;870;25H;;1,00;
31/01/2026;014;22247;6191114648685;M;R270;25H;;1,00;
31/01/2026;014;22250;6191114649545;S;815;25H;;1,00;
31/01/2026;014;22250;6191114649606;L;815;25H;;1,00;
31/01/2026;014;22250;6191114649651;XL;784;25H;;1,00;
31/01/2026;014;22252;6191114650213;3XL;255;25H;;1,00;
31/01/2026;014;22255;6191114650350;M;995;25H;;1,00;
31/01/2026;014;22255;6191114650367;L;995;25H;;1,00;
31/01/2026;014;22258;6191114650770;XL;385;25H;;1,00;
31/01/2026;014;22258;6191114650787;XL;195;25H;;-1,00;
31/01/2026;014;22263;6191114651494;S;995;25H;;1,00;
31/01/2026;014;22263;6191114651555;L;995;25H;;1,00;
31/01/2026;014;22264;6191114651692;L;995;25H;;1,00;
31/01/2026;014;22264;6191114651715;XXL;995;25H;;1,00;
31/01/2026;014;22265;6191114651753;S;995;25H;;1,00;
31/01/2026;014;22265;6191114651760;M;995;25H;;1,00;
31/01/2026;014;22266;6191114652309;TU;995;25H;;1,00;
31/01/2026;014;22267;6191114651821;M;815;25H;;1,00;
31/01/2026;014;22267;6191114651876;XL;995;25H;;1,00;
31/01/2026;014;22271;6191114652316;S;870;25H;;1,00;
31/01/2026;014;22276;6191114655775;M;995;25H;;1,00;
31/01/2026;014;22276;6191114655782;L;385;25H;;1,00;
31/01/2026;014;22276;6191114655812;XL;995;25H;;1,00;
31/01/2026;014;22276;6191114655829;XXL;385;25H;;1,00;
31/01/2026;014;22277;6191114653443;XL;784;25H;;1,00;
31/01/2026;014;22278;6191114653498;L;995;25H;;1,00;
31/01/2026;014;22279;6191114653658;XL;645;25H;;1,00;
31/01/2026;014;22280;6191114653764;XS;000;25H;;1,00;
31/01/2026;014;22280;6191114653795;S;000;25H;;-1,00;
31/01/2026;014;22281;6191114653962;S;995;25H;;1,00;
31/01/2026;014;22282;6191114654068;XL;I815;25H;;1,00;
31/01/2026;014;22284;6191114654259;XXL;385;25H;;1,00;
31/01/2026;014;22286;6191114654488;3XL;995;25H;;1,00;
31/01/2026;014;22287;6191114654525;S;995;25H;;1,00;
31/01/2026;014;22289;6191114655188;XS;995;25H;;1,00;
31/01/2026;014;22289;6191114655263;XL;995;25H;;1,00;
31/01/2026;014;22290;6191114657960;XXL;R385;25H;;1,00;
31/01/2026;014;22291;6191114655386;S;995;25H;;1,00;
31/01/2026;014;22294;6191114656130;XXL;870;25H;;1,00;
31/01/2026;014;22295;6191114656222;L;995;25H;;1,00;
31/01/2026;014;22295;6191114656239;L;695;25H;;1,00;
31/01/2026;014;22298;6191114658271;XL;R385;25H;;1,00;
31/01/2026;014;22299;6191114657007;XL;870;25H;;1,00;
31/01/2026;014;22301;6191114657076;S;995;25H;;1,00;
31/01/2026;014;22301;6191114657113;L;995;25H;;1,00;
31/01/2026;014;22301;6191114657137;XL;995;25H;;1,00;
31/01/2026;014;22301;6191114657168;XXL;215;25H;;1,00;
31/01/2026;014;22306;6191114669086;XL;995;25H;;1,00;
31/01/2026;014;22308;6191114657694;S;870;25H;;1,00;
31/01/2026;014;22312;6191114658127;S;995;25H;;1,00;
31/01/2026;014;22320;6191114659179;L;825;25H;;1,00;
31/01/2026;014;22321;6191114659377;3XL;825;25H;;1,00;
31/01/2026;014;22322;6191114659490;XL;645;25H;;1,00;
31/01/2026;014;22322;6191114659506;XL;740;25H;;1,00;
31/01/2026;014;22324;6191114659667;L;995;25H;;1,00;
31/01/2026;014;22325;6191114659926;S;695;25H;;1,00;
31/01/2026;014;22328;6191114661400;L;995;25H;;1,00;
31/01/2026;014;22328;6191114661431;3XL;995;25H;;1,00;
31/01/2026;014;22331;6191114660205;M;390;25H;;-1,00;
31/01/2026;014;22333;6191114660656;L;990;25H;;1,00;
31/01/2026;014;55800;6191114621589;L;385;25H;;2,00;
31/01/2026;014;55801;6191114621770;L;995;25H;;1,00;
31/01/2026;014;55803;6191114626508;M;740;25H;;1,00;
31/01/2026;014;55810;6191114642225;L;385;25H;;1,00;
31/01/2026;014;55810;6191114642232;L;010;25H;;1,00;
31/01/2026;014;55810;6191114642256;XL;010;25H;;1,00;
31/01/2026;014;55811;6191114644595;L;R310;25H;;1,00;
31/01/2026;014;55815;6191114645561;L;385;25H;;1,00;
31/01/2026;014;55817;6191114654846;XXL;790;25H;;1,00;
31/01/2026;014;55818;6191114655126;XXL;694;25H;;1,00;
31/01/2026;014;70201;6191114608009;S;R385;25H;;1,00;
31/01/2026;014;70201;6191114608047;L;R385;25H;;1,00;
31/01/2026;014;70201;6191114608061;XL;R385;25H;;1,00;
31/01/2026;014;70207;6191114612549;L;R695;25H;;1,00;
31/01/2026;014;70208;6191114621954;S;R870;25H;;1,00;
31/01/2026;014;70210;6191114619142;S;R385;25H;;1,00;
31/01/2026;014;70210;6191114619227;XXL;R385;25H;;1,00;
31/01/2026;014;70213;6191114623699;L;P385;25H;;1,00;
31/01/2026;014;70214;6191114623767;L;195;25H;;1,00;
31/01/2026;014;70217;6191114647312;L;E385;25H;;1,00;
31/01/2026;014;70217;6191114649385;L;I385;25H;;1,00;
31/01/2026;014;70221;6191114631281;M;I995;25H;;1,00;
31/01/2026;014;70226;6191114651944;S;I995;25H;;1,00;
31/01/2026;014;70226;6191114652002;L;I995;25H;;1,00;
31/01/2026;014;70226;6191114652095;3XL;I995;25H;;1,00;
31/01/2026;014;70226;6191114652149;4XL;I815;25H;;1,00;
31/01/2026;014;70227;6191114652224;XL;I875;25H;;1,00;
31/01/2026;014;70228;6191114649897;XL;995;25H;;1,00;
31/01/2026;014;70230;6191114658219;XL;I995;25H;;1,00;
31/01/2026;014;70231;6191114658707;L;C995;25H;;1,00;
31/01/2026;014;91509;6191114625402;41;995;25H;;1,00;
31/01/2026;015;22005;6191114606609;L;815;25H;;1,00;
31/01/2026;015;22005;6191114606630;L;010;25H;;1,00;
31/01/2026;015;22011;6191114607422;XL;010;25H;;1,00;
31/01/2026;015;22019;6191114609389;S;815;25H;;1,00;
31/01/2026;015;22019;6191114609440;XL;815;25H;;1,00;
31/01/2026;015;22026;6191114610217;L;645;25H;;1,00;
31/01/2026;015;22036;6191114611207;XXL;R995;25H;;1,00;
31/01/2026;015;22040;6191114611566;L;R010;25H;;1,00;
31/01/2026;015;22048;6191114611979;M;995;25H;;1,00;
31/01/2026;015;22049;6191114612082;S;995;25H;;1,00;
31/01/2026;015;22049;6191114612105;M;995;25H;;1,00;
31/01/2026;015;22068;6191114615786;XL;995;25H;;1,00;
31/01/2026;015;22070;6191114616011;XL;385;25H;;1,00;
31/01/2026;015;22071;6191114616127;L;195;25H;;1,00;
31/01/2026;015;22082;6191114617100;M;380;25H;;1,00;
31/01/2026;015;22088;6191114619791;XL;385;25H;;1,00;
31/01/2026;015;22098;6191114620889;3XL;995;25H;;1,00;
31/01/2026;015;22120;6191114646551;3XL;995;25H;;1,00;
31/01/2026;015;22139;6191114624399;S;995;25H;;1,00;
31/01/2026;015;22139;6191114624436;M;940;25H;;1,00;
31/01/2026;015;22143;6191114624900;S;476;25H;;1,00;
31/01/2026;015;22147;6191114625112;XS;815;25H;;1,00;
31/01/2026;015;22151;6191114625709;M;995;25H;;1,00;
31/01/2026;015;22158;6191114626010;M;880;25H;;1,00;
31/01/2026;015;22159;6191114626041;S;880;25H;;1,00;
31/01/2026;015;22170;6191114626997;XL;R990;25H;;1,00;
31/01/2026;015;22171;6191114627291;XXL;R990;25H;;1,00;
31/01/2026;015;22180;6191114629226;L;995;25H;;1,00;
31/01/2026;015;22188;6191114644748;L/XL;200;25H;;1,00;
31/01/2026;015;22200;6191114630307;XL;010;25H;;1,00;
31/01/2026;015;22222;6191114643352;M;995;25H;;1,00;
31/01/2026;015;22257;6191114650633;3XL;I740;25H;;1,00;
31/01/2026;015;22259;6191114650954;XL;010;25H;;1,00;
31/01/2026;015;22274;6191114652873;L;995;25H;;1,00;
31/01/2026;015;22275;6191114652958;L;385;25H;;1,00;
31/01/2026;015;22276;6191114655751;S;995;25H;;1,00;
31/01/2026;015;22279;6191114653665;XL;995;25H;;1,00;
31/01/2026;015;22295;6191114656253;XL;695;25H;;1,00;
31/01/2026;015;22320;6191114659186;XL;870;25H;;1,00;
31/01/2026;015;22323;6191114659612;XL;995;25H;;1,00;
31/01/2026;015;22328;6191114661394;M;995;25H;;1,00;
31/01/2026;015;22328;6191114661400;L;995;25H;;-1,00;
31/01/2026;015;22331;6191114660359;3XL;995;25H;;1,00;
31/01/2026;015;55800;6191114621640;XXL;385;25H;;1,00;
31/01/2026;015;70216;6191114624320;XL;R385;25H;;1,00;
31/01/2026;015;70227;6191114652217;XL;I740;25H;;1,00;
31/01/2026;015;91272;6194444115667;TU;815;22H;;4,00;
31/01/2026;015;91504;6191114626331;TU;880;25H;;1,00;
31/01/2026;015;91518;6191114627499;TU;MCO;25H;;1,00;
31/01/2026;015;91527;6191114640139;39;870;25H;;1,00;
31/01/2026;016;21131;6191114462694;L;530;24H;;1,00;
31/01/2026;016;21135;6191114463110;M;940;24H;;1,00;
31/01/2026;016;21135;6191114463158;XL;940;24H;;1,00;
31/01/2026;016;21381;6191114508521;XL;875;24H;;1,00;
31/01/2026;016;21381;6191114508545;XXL;875;24H;;1,00;
31/01/2026;016;21402;6191114513273;M;995;24H;;1,00;
31/01/2026;016;21835;6191114584235;XL;235;25E;;1,00;
31/01/2026;016;21863;6191114589421;XL;000;25E;;1,00;
31/01/2026;016;22004;6191114606463;XXL;R000;25H;;1,00;
31/01/2026;016;22010;6191114607347;3XL;815;25H;;1,00;
31/01/2026;016;22017;6191114609204;XL;995;25H;;1,00;
31/01/2026;016;22023;6191114609853;L;R010;25H;;1,00;
31/01/2026;016;22024;6191114653269;XL;870;25H;;1,00;
31/01/2026;016;22033;6191114611023;M;815;25H;;1,00;
31/01/2026;016;22036;6191114611184;XL;R995;25H;;-1,00;
31/01/2026;016;22038;6191114611382;L;R385;25H;;1,00;
31/01/2026;016;22048;6191114611993;L;995;25H;;1,00;
31/01/2026;016;22048;6191114612006;L;010;25H;;1,00;
31/01/2026;016;22049;6191114612143;XL;995;25H;;1,00;
31/01/2026;016;22052;6191114617230;XXL;385;25H;;1,00;
31/01/2026;016;22057;6191114617766;S;010;25H;;1,00;
31/01/2026;016;22063;6191114618466;XS;995;25H;;1,00;
31/01/2026;016;22066;6191114615601;L;875;25H;;1,00;
31/01/2026;016;22068;6191114615762;L;995;25H;;1,00;
31/01/2026;016;22069;6191114615946;3XL;784;25H;;1,00;
31/01/2026;016;22071;6191114616097;M;784;25H;;1,00;
31/01/2026;016;22085;6191114619401;L;740;25H;;1,00;
31/01/2026;016;22098;6191114620858;L;995;25H;;1,00;
31/01/2026;016;22116;6191114646162;XL;770;25H;;1,00;
31/01/2026;016;22123;6191114646759;XL;995;25H;;1,00;
31/01/2026;016;22124;6191114646889;XL;995;25H;;1,00;
31/01/2026;016;22126;6191114649323;L;760;25H;;1,00;
31/01/2026;016;22127;6191114647114;L;995;25H;;2,00;
31/01/2026;016;22127;6191114649057;M;770;25H;;1,00;
31/01/2026;016;22128;6191114622951;S;870;25H;;1,00;
31/01/2026;016;22130;6191114623538;M;995;25H;;1,00;
31/01/2026;016;22139;6191114624467;L;940;25H;;1,00;
31/01/2026;016;22146;6191114630000;L;995;25H;;1,00;
31/01/2026;016;22160;6191114626171;S;870;25H;;1,00;
31/01/2026;016;22162;6191114647220;L;995;25H;;1,00;
31/01/2026;016;22170;6191114626812;S;R995;25H;;1,00;
31/01/2026;016;22182;6191114629394;XL;870;25H;;1,00;
31/01/2026;016;22189;6191114644762;S/M;200;25H;;1,00;
31/01/2026;016;22198;6191114630185;XL;385;25H;;1,00;
31/01/2026;016;22199;6191114631106;XL;995;25H;;1,00;
31/01/2026;016;22202;6191114630550;XL;790;25H;;1,00;
31/01/2026;016;22239;6191114645035;XXL;815;25H;;1,00;
31/01/2026;016;22262;6191114651357;M;385;25H;;1,00;
31/01/2026;016;22263;6191114651609;XXL;870;25H;;1,00;
31/01/2026;016;22276;6191114655799;L;995;25H;;1,00;
31/01/2026;016;22276;6191114655843;3XL;385;25H;;-1,00;
31/01/2026;016;22285;6191114654358;L;385;25H;;1,00;
31/01/2026;016;22287;6191114654600;XXL;995;25H;;-1,00;
31/01/2026;016;22301;6191114657182;3XL;215;25H;;1,00;
31/01/2026;016;22307;6191114669970;L;M815;25H;;1,00;
31/01/2026;016;22331;6191114660359;3XL;995;25H;;-1,00;
31/01/2026;016;22331;6191114660366;3XL;390;25H;;-1,00;
31/01/2026;016;22331;6191114660427;3XL;495;25H;;-1,00;
31/01/2026;016;29492;6191114111271;3XL;995;23E;;-1,00;
31/01/2026;016;70227;6191114652279;4XL;I740;25H;;1,00;
31/01/2026;016;70232;6191114658851;4XL;995;25H;;-1,00;
31/01/2026;021;21359;6191114503755;L;995;24H;;1,00;
31/01/2026;021;22007;6191114607057;3XL;905;25H;;1,00;
31/01/2026;021;22010;6191114607293;L;995;25H;;1,00;
31/01/2026;021;22013;6191114607699;XXL;995;25H;;1,00;
31/01/2026;021;22021;6191114609648;L;385;25H;;1,00;
31/01/2026;021;22023;6191114609891;XXL;R010;25H;;1,00;
31/01/2026;021;22033;6191114611078;XL;695;25H;;1,00;
31/01/2026;021;22044;6191114609129;XXL;995;25H;;1,00;
31/01/2026;021;22044;6191114622050;XXL;695;25H;;1,00;
31/01/2026;021;22046;6191114611801;L;C385;25H;;1,00;
31/01/2026;021;22055;6191114617605;XXL;870;25H;;1,00;
31/01/2026;021;22061;6191114618190;XL;R350;25H;;1,00;
31/01/2026;021;22064;6191114618756;XL;815;25H;;1,00;
31/01/2026;021;22064;6191114618848;XXL;855;25H;;1,00;
31/01/2026;021;22067;6191114615694;XL;380;25H;;1,00;
31/01/2026;021;22067;6191114615700;XXL;380;25H;;1,00;
31/01/2026;021;22085;6191114619456;3XL;195;25H;;1,00;
31/01/2026;021;22088;6191114619753;M;385;25H;;1,00;
31/01/2026;021;22088;6191114619838;3XL;385;25H;;1,00;
31/01/2026;021;22092;6191114620278;M;815;25H;;1,00;
31/01/2026;021;22098;6191114620841;M;995;25H;;1,00;
31/01/2026;021;22098;6191114620858;L;995;25H;;1,00;
31/01/2026;021;22115;6191114645943;M;820;25H;;1,00;
31/01/2026;021;22126;6191114649323;L;760;25H;;1,00;
31/01/2026;021;22129;6191114623156;L;385;25H;;1,00;
31/01/2026;021;22140;6191114624641;XXL;995;25H;;1,00;
31/01/2026;021;22142;6191114624702;M;875;25H;;1,00;
31/01/2026;021;22142;6191114624726;L;995;25H;;1,00;
31/01/2026;021;22160;6191114626249;XL;820;25H;;1,00;
31/01/2026;021;22163;6191114659810;M;C490;25H;;1,00;
31/01/2026;021;22178;6191114628984;L;P010;25H;;1,00;
31/01/2026;021;22185;6191114627666;XL;784;25H;;1,00;
31/01/2026;021;22186;6191114627734;L;385;25H;;1,00;
31/01/2026;021;22190;6191114627840;XL;995;25H;;1,00;
31/01/2026;021;22193;6191114628069;M;995;25H;;1,00;
31/01/2026;021;22197;6191114630079;L;815;25H;;1,00;
31/01/2026;021;22199;6191114631106;XL;995;25H;;1,00;
31/01/2026;021;22201;6191114630383;M;815;25H;;1,00;
31/01/2026;021;22244;6191114648036;XXL;695;25H;;1,00;
31/01/2026;021;22245;6191114648227;XL;645;25H;;1,00;
31/01/2026;021;22257;6191114650534;L;I350;25H;;1,00;
31/01/2026;021;22258;6191114650749;L;385;25H;;1,00;
31/01/2026;021;22258;6191114650800;XXL;385;25H;;1,00;
31/01/2026;021;22258;6191114650824;XXL;740;25H;;1,00;
31/01/2026;021;22258;6191114650886;4XL;740;25H;;1,00;
31/01/2026;021;22262;6191114651333;S;385;25H;;1,00;
31/01/2026;021;22276;6191114655799;L;995;25H;;1,00;
31/01/2026;021;22276;6191114655812;XL;995;25H;;1,00;
31/01/2026;021;22277;6191114653382;S;784;25H;;1,00;
31/01/2026;021;22277;6191114653412;L;815;25H;;1,00;
31/01/2026;021;22279;6191114653658;XL;645;25H;;1,00;
31/01/2026;021;22279;6191114653672;XL;000;25H;;1,00;
31/01/2026;021;22285;6191114654419;3XL;385;25H;;1,00;
31/01/2026;021;22287;6191114654570;XL;815;25H;;1,00;
31/01/2026;021;22295;6191114656246;XL;995;25H;;1,00;
31/01/2026;021;22300;6191114656833;XL;870;25H;;1,00;
31/01/2026;021;22301;6191114657175;3XL;995;25H;;1,00;
31/01/2026;021;22302;6191114657212;M;995;25H;;1,00;
31/01/2026;021;22328;6191114661417;XL;995;25H;;-1,00;
31/01/2026;021;22351;6191114668843;XL;I815;25H;;1,00;
31/01/2026;021;55708;6191114506909;L;790;24H;;1,00;
31/01/2026;021;55800;6191114621558;M;385;25H;;1,00;
31/01/2026;021;55800;6191114621572;M;975;25H;;1,00;
31/01/2026;021;55800;6191114621664;XXL;975;25H;;1,00;
31/01/2026;021;55808;6191114641327;3XL;975;25H;;1,00;
31/01/2026;021;55811;6191114644625;XL;R784;25H;;1,00;
31/01/2026;021;55813;6191114645264;XL;310;25H;;1,00;
31/01/2026;021;55813;6191114645301;XXL;940;25H;;1,00;
31/01/2026;021;55816;6191114648463;XL;R995;25H;;1,00;
31/01/2026;021;55818;6191114654938;M;385;25H;;1,00;
31/01/2026;021;55818;6191114655072;XL;694;25H;;1,00;
31/01/2026;021;70210;6191114619203;XL;R385;25H;;1,00;
31/01/2026;021;70217;6191114647329;XL;E385;25H;;1,00;
31/01/2026;021;70220;6191114631175;L;870;25H;;1,00;
31/01/2026;021;70230;6191114658202;L;I995;25H;;1,00;
31/01/2026;021;70230;6191114658226;XXL;I995;25H;;1,00;
31/01/2026;021;70231;6191114658752;3XL;C000;25H;;-1,00;
31/01/2026;021;70232;6191114658837;XXL;995;25H;;-1,00;
31/01/2026;021;91512;6191114626430;TU;695;25H;;1,00;
31/01/2026;021;91526;6191114639959;36;995;25H;;1,00;
31/01/2026;024;20261;6191114259720;L;R740;23H;;1,00;
31/01/2026;024;20386;6191114285965;M;195;23H;;1,00;
31/01/2026;024;20386;6191114285972;L;195;23H;;2,00;
31/01/2026;024;20386;6191114285989;XL;195;23H;;1,00;
31/01/2026;024;20416;6191114293588;S;995;23H;;1,00;
31/01/2026;024;20416;6191114293601;L;995;23H;;1,00;
31/01/2026;024;20416;6191114293618;XL;995;23H;;1,00;
31/01/2026;024;20452;6191114300873;XL;385;23H;;1,00;
31/01/2026;024;20452;6191114300880;XXL;385;23H;;1,00;
31/01/2026;024;20694;6191114356955;XXL;925;24E;;1,00;
31/01/2026;024;20752;6191114379015;XL;785;24E;;1,00;
31/01/2026;024;21122;6191114461574;L;R940;24H;;1,00;
31/01/2026;024;21126;6191114462052;M;R634;24H;;1,00;
31/01/2026;024;21126;6191114462076;L;R195;24H;;1,00;
31/01/2026;024;21126;6191114462137;XXL;R195;24H;;1,00;
31/01/2026;024;21131;6191114462694;L;530;24H;;1,00;
31/01/2026;024;21131;6191114462700;XL;010;24H;;2,00;
31/01/2026;024;21135;6191114463158;XL;940;24H;;1,00;
31/01/2026;024;21135;6191114482852;XL;780;24H;;2,00;
31/01/2026;024;21156;6191114465459;M;940;24H;;1,00;
31/01/2026;024;21222;6191114479111;L;645;24H;;1,00;
31/01/2026;024;21222;6191114479159;XXL;645;24H;;1,00;
31/01/2026;024;21250;6191114482012;L;385;24H;;2,00;
31/01/2026;024;21270;6191114485167;L;385;24H;;1,00;
31/01/2026;024;21310;6191114485860;XL;995;24H;;1,00;
31/01/2026;024;21334;6191114499553;XL;995;24H;;1,00;
31/01/2026;024;21359;6191114503779;XXL;995;24H;;1,00;
31/01/2026;024;21380;6191114508347;XS;875;24H;;1,00;
31/01/2026;024;21380;6191114508422;XL;875;24H;;1,00;
31/01/2026;024;21437;6191114528161;XXL;995;24H;;1,00;
31/01/2026;024;21468;6191114531529;XXL;385;24H;;2,00;
31/01/2026;024;21468;6191114531604;XXL;390;24H;;1,00;
31/01/2026;024;21472;6191114532151;XXL;995;24H;;1,00;
31/01/2026;024;21472;6191114536906;L;940;24H;;1,00;
31/01/2026;024;22005;6191114606654;XL;645;25H;;1,00;
31/01/2026;024;22007;6191114607040;XXL;905;25H;;1,00;
31/01/2026;024;22011;6191114607408;L;010;25H;;1,00;
31/01/2026;024;22011;6191114607453;XXL;215;25H;;1,00;
31/01/2026;024;22014;6191114607811;XXL;R495;25H;;1,00;
31/01/2026;024;22025;6191114610064;M;995;25H;;1,00;
31/01/2026;024;22025;6191114610088;L;995;25H;;1,00;
31/01/2026;024;22025;6191114610118;XL;010;25H;;1,00;
31/01/2026;024;22026;6191114610200;L;815;25H;;1,00;
31/01/2026;024;22030;6191114610699;L;010;25H;;1,00;
31/01/2026;024;22033;6191114611047;L;815;25H;;1,00;
31/01/2026;024;22033;6191114611054;L;695;25H;;1,00;
31/01/2026;024;22046;6191114611801;L;C385;25H;;1,00;
31/01/2026;024;22049;6191114612105;M;995;25H;;1,00;
31/01/2026;024;22052;6191114617155;S;385;25H;;2,00;
31/01/2026;024;22053;6191114617308;L;385;25H;;1,00;
31/01/2026;024;22064;6191114618718;L;010;25H;;1,00;
31/01/2026;024;22064;6191114618756;XL;815;25H;;1,00;
31/01/2026;024;22066;6191114615595;L;815;25H;;1,00;
31/01/2026;024;22067;6191114615687;L;380;25H;;1,00;
31/01/2026;024;22067;6191114615694;XL;380;25H;;1,00;
31/01/2026;024;22073;6191114616363;3XL;395;25H;;1,00;
31/01/2026;024;22087;6191114619616;S;385;25H;;1,00;
31/01/2026;024;22098;6191114620841;M;995;25H;;1,00;
31/01/2026;024;22098;6191114620858;L;995;25H;;1,00;
31/01/2026;024;22100;6191114620971;L;995;25H;;1,00;
31/01/2026;024;22110;6191114622425;L;385;25H;;1,00;
31/01/2026;024;22111;6191114622661;L;255;25H;;1,00;
31/01/2026;024;22111;6191114622739;XL;235;25H;;1,00;
31/01/2026;024;22113;6191114645707;L;820;25H;;1,00;
31/01/2026;024;22115;6191114645943;M;820;25H;;1,00;
31/01/2026;024;22115;6191114646001;XL;820;25H;;1,00;
31/01/2026;024;22118;6191114646377;M;995;25H;;1,00;
31/01/2026;024;22130;6191114623552;L;995;25H;;1,00;
31/01/2026;024;22142;6191114624702;M;875;25H;;1,00;
31/01/2026;024;22153;6191114625808;M;995;25H;;1,00;
31/01/2026;024;22175;6191114628809;L;990;25H;;1,00;
31/01/2026;024;22177;6191114628892;L;215;25H;;1,00;
31/01/2026;024;22188;6191114644717;S/M;995;25H;;1,00;
31/01/2026;024;22190;6191114627819;S;995;25H;;1,00;
31/01/2026;024;22194;6191114628175;L;I880;25H;;1,00;
31/01/2026;024;22194;6191114628243;XXL;I385;25H;;1,00;
31/01/2026;024;22197;6191114630086;XL;815;25H;;1,00;
31/01/2026;024;22199;6191114631106;XL;995;25H;;1,00;
31/01/2026;024;22202;6191114630536;L;790;25H;;1,00;
31/01/2026;024;22206;6191114630871;M;195;25H;;1,00;
31/01/2026;024;22209;6191114640757;XXL;815;25H;;1,00;
31/01/2026;024;22211;6191114641341;S;535;25H;;1,00;
31/01/2026;024;22216;6191114642744;L;I255;25H;;1,00;
31/01/2026;024;22222;6191114643383;L;995;25H;;1,00;
31/01/2026;024;22222;6191114643390;L;010;25H;;1,00;
31/01/2026;024;22238;6191114644878;L;I995;25H;;1,00;
31/01/2026;024;22242;6191114647473;M;380;25H;;1,00;
31/01/2026;024;22242;6191114647633;XXL;695;25H;;1,00;
31/01/2026;024;22242;6191114647671;3XL;380;25H;;1,00;
31/01/2026;024;22243;6191114647800;XL;995;25H;;1,00;
31/01/2026;024;22244;6191114648012;XXL;995;25H;;1,00;
31/01/2026;024;22246;6191114648821;L;870;25H;;1,00;
31/01/2026;024;22246;6191114648838;L;995;25H;;1,00;
31/01/2026;024;22247;6191114648739;XL;R310;25H;;2,00;
31/01/2026;024;22249;6191114649231;L;010;25H;;1,00;
31/01/2026;024;22250;6191114649699;3XL;815;25H;;1,00;
31/01/2026;024;22252;6191114650206;3XL;995;25H;;1,00;
31/01/2026;024;22254;6191114650299;M;995;25H;;1,00;
31/01/2026;024;22255;6191114650343;S;995;25H;;1,00;
31/01/2026;024;22256;6191114650428;L;995;25H;;1,00;
31/01/2026;024;22257;6191114650589;XL;I195;25H;;1,00;
31/01/2026;024;22257;6191114650671;4XL;I195;25H;;1,00;
31/01/2026;024;22258;6191114650756;L;195;25H;;1,00;
31/01/2026;024;22258;6191114650817;XXL;195;25H;;1,00;
31/01/2026;024;22259;6191114650893;S;010;25H;;1,00;
31/01/2026;024;22259;6191114650930;L;010;25H;;1,00;
31/01/2026;024;22262;6191114651425;XXL;490;25H;;1,00;
31/01/2026;024;22263;6191114651555;L;995;25H;;1,00;
31/01/2026;024;22265;6191114651746;XS;995;25H;;1,00;
31/01/2026;024;22267;6191114651876;XL;995;25H;;1,00;
31/01/2026;024;22276;6191114655812;XL;995;25H;;2,00;
31/01/2026;024;22278;6191114653498;L;995;25H;;1,00;
31/01/2026;024;22278;6191114653511;XXL;995;25H;;1,00;
31/01/2026;024;22279;6191114653641;L;000;25H;;1,00;
31/01/2026;024;22280;6191114653825;M;000;25H;;1,00;
31/01/2026;024;22284;6191114654211;L;385;25H;;1,00;
31/01/2026;024;22285;6191114654310;S;385;25H;;1,00;
31/01/2026;024;22285;6191114654396;XXL;385;25H;;1,00;
31/01/2026;024;22287;6191114654556;L;815;25H;;1,00;
31/01/2026;024;22287;6191114654563;L;995;25H;;1,00;
31/01/2026;024;22287;6191114654570;XL;815;25H;;1,00;
31/01/2026;024;22287;6191114654594;XXL;815;25H;;1,00;
31/01/2026;024;22289;6191114655201;S;995;25H;;1,00;
31/01/2026;024;22291;6191114655430;L;495;25H;;1,00;
31/01/2026;024;22297;6191114656628;S;215;25H;;1,00;
31/01/2026;024;22300;6191114656802;S;870;25H;;1,00;
31/01/2026;024;22301;6191114657113;L;995;25H;;1,00;
31/01/2026;024;22306;6191114669086;XL;995;25H;;1,00;
31/01/2026;024;22310;6191114658042;M;995;25H;;1,00;
31/01/2026;024;22312;6191114658158;XL;995;25H;;1,00;
31/01/2026;024;22318;6191114658974;M;235;25H;;-1,00;
31/01/2026;024;22318;6191114659001;L;C000;25H;;1,00;
31/01/2026;024;22319;6191114670235;M;995;25H;;1,00;
31/01/2026;024;22320;6191114659230;3XL;825;25H;;1,00;
31/01/2026;024;22320;6191114659247;4XL;870;25H;;1,00;
31/01/2026;024;22321;6191114659285;M;870;25H;;1,00;
31/01/2026;024;22321;6191114659384;4XL;870;25H;;1,00;
31/01/2026;024;22321;6191114659391;4XL;825;25H;;1,00;
31/01/2026;024;22324;6191114659674;XL;995;25H;;1,00;
31/01/2026;024;22332;6191114660533;L;940;25H;;1,00;
31/01/2026;024;22333;6191114660632;M;990;25H;;1,00;
31/01/2026;024;22335;6191114660953;L/XL;815;25H;;1,00;
31/01/2026;024;55800;6191114621602;L;975;25H;;1,00;
31/01/2026;024;55801;6191114621787;L;975;25H;;1,00;
31/01/2026;024;55811;6191114644601;L;R784;25H;;2,00;
31/01/2026;024;55813;6191114645196;M;385;25H;;1,00;
31/01/2026;024;55813;6191114645219;M;940;25H;;1,00;
31/01/2026;024;55813;6191114645240;L;940;25H;;1,00;
31/01/2026;024;55816;6191114648388;S;R385;25H;;1,00;
31/01/2026;024;55816;6191114648425;M;R990;25H;;1,00;
31/01/2026;024;55816;6191114648517;XXL;R990;25H;;1,00;
31/01/2026;024;55817;6191114654730;M;385;25H;;1,00;
31/01/2026;024;55817;6191114654761;L;385;25H;;1,00;
31/01/2026;024;55818;6191114654945;M;995;25H;;1,00;
31/01/2026;024;55818;6191114654952;M;824;25H;;1,00;
31/01/2026;024;55818;6191114655034;XL;385;25H;;1,00;
31/01/2026;024;55818;6191114658295;S;535;25H;;1,00;
31/01/2026;024;55818;6191114658325;XL;535;25H;;1,00;
31/01/2026;024;55820;6191114657847;M;R784;25H;;1,00;
31/01/2026;024;55820;6191114657908;XXL;R784;25H;;1,00;
31/01/2026;024;70201;6191114608061;XL;R385;25H;;1,00;
31/01/2026;024;70226;6191114652033;XL;I995;25H;;1,00;
31/01/2026;024;70231;6191114658707;L;C995;25H;;1,00;
31/01/2026;024;70232;6191114658851;4XL;995;25H;;1,00;
31/01/2026;024;91272;6194444115667;TU;815;22H;;3,00;
31/01/2026;024;91273;6194444115674;TU;815;22H;;1,00;
31/01/2026;024;91505;6191114657328;TU;385;25H;;1,00;
31/01/2026;024;91510;6191114625464;38;995;25H;;1,00;
31/01/2026;024;91521;6191114627550;TU;MCO;25H;;1,00;
31/01/2026;024;91528;6191114640252;40;870;25H;;1,00;
31/01/2026;024;91528;6191114640269;40;995;25H;;1,00;
31/01/2026;024;91529;6191114640313;38;385;25H;;1,00;
31/01/2026;024;91530;6191114648555;TU;010;25H;;1,00;
31/01/2026;029;20832;6191114396340;S/M;995;24E;;1,00;
31/01/2026;029;20832;6191114396395;2XL/3;495;24E;;1,00;
31/01/2026;029;21312;6191114496729;37;995;24H;;1,00;
31/01/2026;029;21347;6191114501492;L;695;24H;;1,00;
31/01/2026;029;21405;6191114513624;M;950;24H;;1,00;
31/01/2026;029;21485;6191114537019;M;995;24H;;1,00;
31/01/2026;029;21550;6191114543300;37;995;25E;;1,00;
31/01/2026;029;21584;6191114550339;40;170;25E;;1,00;
31/01/2026;029;21589;6191114567603;37;995;25E;;1,00;
31/01/2026;029;22004;6191114606449;XL;R995;25H;;1,00;
31/01/2026;029;22006;6191114606876;L;995;25H;;1,00;
31/01/2026;029;22025;6191114610095;L;010;25H;;1,00;
31/01/2026;029;22030;6191114610682;L;995;25H;;1,00;
31/01/2026;029;22030;6191114610712;XL;010;25H;;1,00;
31/01/2026;029;22046;6191114611825;XXL;C385;25H;;1,00;
31/01/2026;029;22064;6191114618701;L;815;25H;;1,00;
31/01/2026;029;22070;6191114616028;XL;995;25H;;1,00;
31/01/2026;029;22088;6191114619838;3XL;385;25H;;1,00;
31/01/2026;029;22099;6191114620902;M;995;25H;;1,00;
31/01/2026;029;22114;6191114645899;3XL;815;25H;;1,00;
31/01/2026;029;22117;6191114646254;M;995;25H;;1,00;
31/01/2026;029;22118;6191114646414;XL;995;25H;;1,00;
31/01/2026;029;22139;6191114624450;L;995;25H;;1,00;
31/01/2026;029;22139;6191114624467;L;940;25H;;1,00;
31/01/2026;029;22160;6191114626225;L;820;25H;;1,00;
31/01/2026;029;22163;6191114659827;L;C790;25H;;1,00;
31/01/2026;029;22215;6191114642522;XL;310;25H;;1,00;
31/01/2026;029;22215;6191114642539;XL;210;25H;;1,00;
31/01/2026;029;22254;6191114650312;XL;995;25H;;1,00;
31/01/2026;029;22258;6191114650763;L;740;25H;;1,00;
31/01/2026;029;22274;6191114652903;3XL;995;25H;;1,00;
31/01/2026;029;22276;6191114655799;L;995;25H;;1,00;
31/01/2026;029;22276;6191114655812;XL;995;25H;;1,00;
31/01/2026;029;22276;6191114655843;3XL;385;25H;;1,00;
31/01/2026;029;22281;6191114653993;XL;995;25H;;1,00;
31/01/2026;029;22292;6191114655676;L;995;25H;;1,00;
31/01/2026;029;22320;6191114659179;L;825;25H;;1,00;
31/01/2026;029;22321;6191114659360;3XL;870;25H;;1,00;
31/01/2026;029;22321;6191114659377;3XL;825;25H;;1,00;
31/01/2026;029;22330;6191114660083;XL;220;25H;;1,00;
31/01/2026;029;22331;6191114660212;L;815;25H;;1,00;
31/01/2026;029;22331;6191114660236;L;995;25H;;1,00;
31/01/2026;029;22331;6191114660243;L;390;25H;;1,00;
31/01/2026;029;22331;6191114660397;L;495;25H;;1,00;
31/01/2026;029;70200;6191114607941;XL;R940;25H;;1,00;
31/01/2026;029;70205;6191114612273;M;385;25H;;1,00;
31/01/2026;029;70206;6191114612419;L;870;25H;;1,00;
31/01/2026;029;70206;6191114612426;L;995;25H;;1,00;
31/01/2026;029;70211;6191114621909;L;870;25H;;1,00;
31/01/2026;029;91343;6191114512344;TU;790;24H;;1,00;
31/01/2026;029;91366;6191114542488;TU;815;25E;;1,00;
31/01/2026;029;91366;6191114542495;TU;695;25E;;1,00;
31/01/2026;030;21688;6191114601970;XS;476;25E;;1,00;
31/01/2026;030;22004;6191114606456;XL;R815;25H;;1,00;
31/01/2026;030;22020;6191114609563;XL;695;25H;;1,00;
31/01/2026;030;22023;6191114609877;XL;R010;25H;;1,00;
31/01/2026;030;22024;6191114653320;XL;815;25H;;1,00;
31/01/2026;030;22025;6191114610149;3XL;995;25H;;1,00;
31/01/2026;030;22026;6191114610224;XL;815;25H;;1,00;
31/01/2026;030;22029;6191114610637;3XL;695;25H;;1,00;
31/01/2026;030;22030;6191114610699;L;010;25H;;1,00;
31/01/2026;030;22031;6191114610842;XXL;995;25H;;1,00;
31/01/2026;030;22033;6191114611023;M;815;25H;;1,00;
31/01/2026;030;22033;6191114611085;XXL;815;25H;;1,00;
31/01/2026;030;22036;6191114611160;L;R995;25H;;1,00;
31/01/2026;030;22045;6191114611740;XXL;995;25H;;1,00;
31/01/2026;030;22064;6191114618671;M;695;25H;;1,00;
31/01/2026;030;22064;6191114618695;M;855;25H;;1,00;
31/01/2026;030;22064;6191114618701;L;815;25H;;1,00;
31/01/2026;030;22064;6191114618763;XL;010;25H;;1,00;
31/01/2026;030;22070;6191114616028;XL;995;25H;;1,00;
31/01/2026;030;22073;6191114616301;L;395;25H;;1,00;
31/01/2026;030;22080;6191114617018;XL;476;25H;;1,00;
31/01/2026;030;22084;6191114616516;XXL;000;25H;;1,00;
31/01/2026;030;22085;6191114619388;M;740;25H;;1,00;
31/01/2026;030;22086;6191114619517;L;995;25H;;1,00;
31/01/2026;030;22089;6191114619920;L;995;25H;;1,00;
31/01/2026;030;22089;6191114619937;XL;385;25H;;1,00;
31/01/2026;030;22090;6191114620070;XL;815;25H;;1,00;
31/01/2026;030;22101;6191114621046;XL;995;25H;;1,00;
31/01/2026;030;22110;6191114622418;M;385;25H;;1,00;
31/01/2026;030;22111;6191114622654;M;255;25H;;2,00;
31/01/2026;030;22113;6191114645691;M;005;25H;;1,00;
31/01/2026;030;22113;6191114645714;L;990;25H;;1,00;
31/01/2026;030;22113;6191114645738;XL;820;25H;;1,00;
31/01/2026;030;22115;6191114645974;L;820;25H;;1,00;
31/01/2026;030;22115;6191114645981;L;990;25H;;1,00;
31/01/2026;030;22116;6191114646131;L;995;25H;;1,00;
31/01/2026;030;22117;6191114646278;L;995;25H;;1,00;
31/01/2026;030;22117;6191114646292;XL;995;25H;;1,00;
31/01/2026;030;22117;6191114648999;L;940;25H;;1,00;
31/01/2026;030;22118;6191114646414;XL;995;25H;;1,00;
31/01/2026;030;22120;6191114646513;XL;995;25H;;1,00;
31/01/2026;030;22124;6191114646858;L;645;25H;;1,00;
31/01/2026;030;22129;6191114623125;M;385;25H;;1,00;
31/01/2026;030;22129;6191114623149;M;010;25H;;1,00;
31/01/2026;030;22129;6191114623194;XL;995;25H;;1,00;
31/01/2026;030;22129;6191114623200;XL;010;25H;;1,00;
31/01/2026;030;22129;6191114623231;XXL;010;25H;;1,00;
31/01/2026;030;22132;6191114623880;XL;224;25H;;1,00;
31/01/2026;030;22132;6191114623927;3XL;224;25H;;1,00;
31/01/2026;030;22150;6191114625631;L;995;25H;;1,00;
31/01/2026;030;22152;6191114625761;L;995;25H;;1,00;
31/01/2026;030;22159;6191114626058;M;880;25H;;1,00;
31/01/2026;030;22177;6191114628892;L;215;25H;;1,00;
31/01/2026;030;22178;6191114628991;XL;P010;25H;;1,00;
31/01/2026;030;22183;6191114629530;L;995;25H;;1,00;
31/01/2026;030;22183;6191114629547;XL;385;25H;;2,00;
31/01/2026;030;22183;6191114629561;XXL;385;25H;;1,00;
31/01/2026;030;22189;6191114644786;L/XL;200;25H;;1,00;
31/01/2026;030;22194;6191114628199;L;I255;25H;;1,00;
31/01/2026;030;22197;6191114630062;M;815;25H;;1,00;
31/01/2026;030;22197;6191114630109;3XL;815;25H;;1,00;
31/01/2026;030;22200;6191114630345;3XL;010;25H;;1,00;
31/01/2026;030;22201;6191114630413;L;995;25H;;1,00;
31/01/2026;030;22201;6191114630468;3XL;815;25H;;1,00;
31/01/2026;030;22202;6191114630536;L;790;25H;;1,00;
31/01/2026;030;22203;6191114630635;M;010;25H;;1,00;
31/01/2026;030;22203;6191114630697;XXL;010;25H;;1,00;
31/01/2026;030;22205;6191114630826;XXL;870;25H;;1,00;
31/01/2026;030;22207;6191114640399;S;784;25H;;1,00;
31/01/2026;030;22208;6191114640580;M;995;25H;;1,00;
31/01/2026;030;22212;6191114641525;L;255;25H;;1,00;
31/01/2026;030;22233;6191114644410;XL;815;25H;;1,00;
31/01/2026;030;22238;6191114644878;L;I995;25H;;1,00;
31/01/2026;030;22239;6191114645004;XL;815;25H;;1,00;
31/01/2026;030;22239;6191114645028;XL;784;25H;;1,00;
31/01/2026;030;22241;6191114647398;XXL;R000;25H;;1,00;
31/01/2026;030;22243;6191114647749;M;995;25H;;1,00;
31/01/2026;030;22244;6191114647954;L;995;25H;;1,00;
31/01/2026;030;22246;6191114648845;XL;870;25H;;1,00;
31/01/2026;030;22252;6191114650183;XXL;995;25H;;1,00;
31/01/2026;030;22253;6191114650244;L;995;25H;;1,00;
31/01/2026;030;22253;6191114650268;XXL;995;25H;;1,00;
31/01/2026;030;22253;6191114669284;3XL;255;25H;;1,00;
31/01/2026;030;22258;6191114650794;XL;740;25H;;1,00;
31/01/2026;030;22258;6191114650855;3XL;740;25H;;1,00;
31/01/2026;030;22267;6191114651838;M;995;25H;;1,00;
31/01/2026;030;22271;6191114652439;XXL;870;25H;;1,00;
31/01/2026;030;22273;6191114652804;XXL;695;25H;;1,00;
31/01/2026;030;22275;6191114652941;M;790;25H;;1,00;
31/01/2026;030;22276;6191114655782;L;385;25H;;1,00;
31/01/2026;030;22276;6191114655812;XL;995;25H;;1,00;
31/01/2026;030;22280;6191114653948;3XL;000;25H;;1,00;
31/01/2026;030;22284;6191114654266;XXL;995;25H;;1,00;
31/01/2026;030;22287;6191114654570;XL;815;25H;;1,00;
31/01/2026;030;22287;6191114654594;XXL;815;25H;;2,00;
31/01/2026;030;22288;6191114654686;XXL;995;25H;;1,00;
31/01/2026;030;22289;6191114655201;S;995;25H;;1,00;
31/01/2026;030;22290;6191114657922;S;R385;25H;;1,00;
31/01/2026;030;22301;6191114657106;M;215;25H;;1,00;
31/01/2026;030;22301;6191114657113;L;995;25H;;1,00;
31/01/2026;030;22301;6191114657120;L;215;25H;;2,00;
31/01/2026;030;22302;6191114657212;M;995;25H;;1,00;
31/01/2026;030;22302;6191114657243;L;245;25H;;1,00;
31/01/2026;030;22302;6191114657250;XL;995;25H;;1,00;
31/01/2026;030;22304;6191114660465;XL;MCO;25H;;1,00;
31/01/2026;030;22307;6191114669970;L;M815;25H;;1,00;
31/01/2026;030;22309;6191114657977;XS;995;25H;;1,00;
31/01/2026;030;22311;6191114658097;L;I995;25H;;1,00;
31/01/2026;030;22317;6191114658639;XXL;385;25H;;1,00;
31/01/2026;030;22322;6191114659445;M;740;25H;;1,00;
31/01/2026;030;22322;6191114659513;XL;190;25H;;1,00;
31/01/2026;030;22323;6191114659636;3XL;995;25H;;1,00;
31/01/2026;030;22324;6191114659681;XXL;995;25H;;-1,00;
31/01/2026;030;22324;6191114659698;3XL;995;25H;;1,00;
31/01/2026;030;22331;6191114660229;L;385;25H;;1,00;
31/01/2026;030;22331;6191114660403;XL;495;25H;;-1,00;
31/01/2026;030;22343;6191114661479;3XL;I634;25H;;1,00;
31/01/2026;030;22350;6191114668799;XXL;I815;25H;;1,00;
31/01/2026;030;22351;6191114668829;M;I815;25H;;1,00;
31/01/2026;030;55800;6191114621558;M;385;25H;;1,00;
31/01/2026;030;55800;6191114621572;M;975;25H;;1,00;
31/01/2026;030;55810;6191114642201;M;385;25H;;1,00;
31/01/2026;030;55811;6191114644588;M;R784;25H;;1,00;
31/01/2026;030;55811;6191114644618;XL;R310;25H;;1,00;
31/01/2026;030;55811;6191114644649;XXL;R784;25H;;1,00;
31/01/2026;030;55811;6191114644663;3XL;R784;25H;;1,00;
31/01/2026;030;55813;6191114645257;XL;385;25H;;1,00;
31/01/2026;030;55816;6191114648432;L;R995;25H;;1,00;
31/01/2026;030;55816;6191114648487;XL;R990;25H;;1,00;
31/01/2026;030;55816;6191114648531;3XL;R385;25H;;1,00;
31/01/2026;030;55818;6191114654990;L;995;25H;;1,00;
31/01/2026;030;55818;6191114655140;3XL;995;25H;;1,00;
31/01/2026;030;55819;6191114657533;L;R385;25H;;1,00;
31/01/2026;030;55819;6191114657656;3XL;R385;25H;;1,00;
31/01/2026;030;70201;6191114608030;L;R870;25H;;1,00;
31/01/2026;030;70201;6191114608061;XL;R385;25H;;1,00;
31/01/2026;030;70202;6191114608207;XXL;010;25H;;2,00;
31/01/2026;030;70210;6191114619210;XL;R350;25H;;1,00;
31/01/2026;030;70213;6191114623699;L;P385;25H;;1,00;
31/01/2026;030;70213;6191114623705;XL;P385;25H;;1,00;
31/01/2026;030;70220;6191114631229;XXL;695;25H;;1,00;
31/01/2026;030;70220;6191114631243;3XL;695;25H;;1,00;
31/01/2026;030;70220;6191114631250;4XL;870;25H;;1,00;
31/01/2026;030;70222;6191114630963;S;476;25H;;1,00;
31/01/2026;030;70222;6191114630970;M;476;25H;;1,00;
31/01/2026;030;70223;6191114631038;M;476;25H;;2,00;
31/01/2026;030;70223;6191114631052;XL;476;25H;;-1,00;
31/01/2026;030;70224;6191114641778;M;385;25H;;1,00;
31/01/2026;030;70227;6191114652231;XXL;I740;25H;;1,00;
31/01/2026;030;70231;6191114658707;L;C995;25H;;1,00;
31/01/2026;030;70233;6191114658899;XL;995;25H;;1,00;
31/01/2026;030;91510;6191114625495;40;815;25H;;1,00;
31/01/2026;030;91526;6191114640061;41;880;25H;;-1,00;
31/01/2026;031;21351;6191114502048;S/M;200;24H;;1,00;
31/01/2026;031;21358;6191114503694;L;995;24H;;1,00;
31/01/2026;031;22013;6191114607620;M;870;25H;;1,00;
31/01/2026;031;22013;6191114607668;XL;870;25H;;1,00;
31/01/2026;031;22031;6191114610804;L;995;25H;;1,00;
31/01/2026;031;22031;6191114610866;3XL;995;25H;;1,00;
31/01/2026;031;22055;6191114624856;M;995;25H;;1,00;
31/01/2026;031;22064;6191114618831;XXL;175;25H;;1,00;
31/01/2026;031;22067;6191114615687;L;380;25H;;1,00;
31/01/2026;031;22098;6191114620858;L;995;25H;;1,00;
31/01/2026;031;22111;6191114622623;XXL;385;25H;;1,00;
31/01/2026;031;22164;6191114649446;M;995;25H;;1,00;
31/01/2026;031;22182;6191114629332;M;870;25H;;1,00;
31/01/2026;031;22182;6191114629431;XXL;995;25H;;1,00;
31/01/2026;031;22182;6191114629455;3XL;870;25H;;1,00;
31/01/2026;031;22194;6191114628182;L;I385;25H;;1,00;
31/01/2026;031;22195;6191114628397;XL;310;25H;;1,00;
31/01/2026;031;22197;6191114630109;3XL;815;25H;;1,00;
31/01/2026;031;22202;6191114630529;L;995;25H;;1,00;
31/01/2026;031;22206;6191114630864;M;995;25H;;1,00;
31/01/2026;031;22215;6191114642546;XXL;215;25H;;1,00;
31/01/2026;031;22229;6191114644021;XL;995;25H;;1,00;
31/01/2026;031;22246;6191114648883;3XL;870;25H;;1,00;
31/01/2026;031;22247;6191114648722;XL;R385;25H;;1,00;
31/01/2026;031;22250;6191114649712;3XL;784;25H;;1,00;
31/01/2026;031;22258;6191114650824;XXL;740;25H;;1,00;
31/01/2026;031;22265;6191114651791;XXL;995;25H;;1,00;
31/01/2026;031;22295;6191114656222;L;995;25H;;1,00;
31/01/2026;031;22301;6191114657113;L;995;25H;;1,00;
31/01/2026;031;22301;6191114657137;XL;995;25H;;1,00;
31/01/2026;031;22301;6191114657151;XXL;995;25H;;1,00;
31/01/2026;031;22301;6191114657168;XXL;215;25H;;1,00;
31/01/2026;031;22319;6191114670235;M;995;25H;;1,00;
31/01/2026;031;22326;6191114668287;M;995;25H;;1,00;
31/01/2026;031;22331;6191114660403;XL;495;25H;;1,00;
31/01/2026;031;22338;6191114660908;L;170;25H;;1,00;
31/01/2026;031;70201;6191114608092;3XL;R870;25H;;1,00;
31/01/2026;031;70208;6191114612648;M;R385;25H;;1,00;
31/01/2026;031;70211;6191114621930;3XL;870;25H;;1,00;
31/01/2026;031;70221;6191114631328;3XL;I995;25H;;1,00;
31/01/2026;031;70226;6191114652019;L;I880;25H;;-1,00;
31/01/2026;031;70226;6191114652040;XL;I880;25H;;1,00;
31/01/2026;032;21355;6191114503380;L;995;24H;;1,00;
31/01/2026;032;22003;6191114606265;XL;R724;25H;;1,00;
31/01/2026;032;22004;6191114606487;XXL;R815;25H;;1,00;
31/01/2026;032;22005;6191114606616;L;645;25H;;1,00;
31/01/2026;032;22011;6191114607422;XL;010;25H;;1,00;
31/01/2026;032;22017;6191114609198;L;010;25H;;1,00;
31/01/2026;032;22020;6191114609563;XL;695;25H;;1,00;
31/01/2026;032;22026;6191114610200;L;815;25H;;1,00;
31/01/2026;032;22026;6191114610248;XXL;815;25H;;1,00;
31/01/2026;032;22031;6191114610842;XXL;995;25H;;1,00;
31/01/2026;032;22031;6191114610873;3XL;695;25H;;1,00;
31/01/2026;032;22049;6191114612143;XL;995;25H;;1,00;
31/01/2026;032;22049;6191114612167;XXL;995;25H;;1,00;
31/01/2026;032;22057;6191114617827;XL;010;25H;;1,00;
31/01/2026;032;22061;6191114618169;L;R385;25H;;1,00;
31/01/2026;032;22071;6191114616134;XL;784;25H;;1,00;
31/01/2026;032;22071;6191114616172;3XL;784;25H;;1,00;
31/01/2026;032;22073;6191114616349;XXL;395;25H;;1,00;
31/01/2026;032;22096;6191114620551;S;385;25H;;1,00;
31/01/2026;032;22096;6191114620568;S;995;25H;;1,00;
31/01/2026;032;22096;6191114620605;L;995;25H;;1,00;
31/01/2026;032;22117;6191114649002;XL;940;25H;;1,00;
31/01/2026;032;22138;6191114624269;L;995;25H;;1,00;
31/01/2026;032;22140;6191114624634;XL;995;25H;;1,00;
31/01/2026;032;22174;6191114628748;L;990;25H;;1,00;
31/01/2026;032;22174;6191114628779;3XL;990;25H;;1,00;
31/01/2026;032;22186;6191114627734;L;385;25H;;1,00;
31/01/2026;032;22186;6191114627741;L;784;25H;;1,00;
31/01/2026;032;22194;6191114628236;XXL;I880;25H;;1,00;
31/01/2026;032;22194;6191114628243;XXL;I385;25H;;1,00;
31/01/2026;032;22201;6191114630406;L;815;25H;;1,00;
31/01/2026;032;22201;6191114630420;XL;815;25H;;-1,00;
31/01/2026;032;22201;6191114630444;XXL;815;25H;;1,00;
31/01/2026;032;22215;6191114642485;L;215;25H;;1,00;
31/01/2026;032;22216;6191114642744;L;I255;25H;;1,00;
31/01/2026;032;22241;6191114647367;M;R000;25H;;1,00;
31/01/2026;032;22241;6191114647374;L;R000;25H;;1,00;
31/01/2026;032;22242;6191114647435;S;695;25H;;1,00;
31/01/2026;032;22246;6191114648814;M;995;25H;;1,00;
31/01/2026;032;22250;6191114649668;XXL;815;25H;;1,00;
31/01/2026;032;22253;6191114650237;M;995;25H;;1,00;
31/01/2026;032;22253;6191114650251;XL;995;25H;;1,00;
31/01/2026;032;22256;6191114650459;3XL;995;25H;;1,00;
31/01/2026;032;22259;6191114650909;S;490;25H;;1,00;
31/01/2026;032;22259;6191114650930;L;010;25H;;1,00;
31/01/2026;032;22262;6191114651333;S;385;25H;;1,00;
31/01/2026;032;22267;6191114651876;XL;995;25H;;1,00;
31/01/2026;032;22268;6191114656338;L;890;25H;;1,00;
31/01/2026;032;22274;6191114652873;L;995;25H;;1,00;
31/01/2026;032;22284;6191114654150;XS;385;25H;;1,00;
31/01/2026;032;22297;6191114656666;L;215;25H;;1,00;
31/01/2026;032;22297;6191114656680;XL;215;25H;;1,00;
31/01/2026;032;22301;6191114657113;L;995;25H;;1,00;
31/01/2026;032;22308;6191114657717;L;870;25H;;1,00;
31/01/2026;032;22321;6191114659322;XL;870;25H;;1,00;
31/01/2026;032;55810;6191114642232;L;010;25H;;1,00;
31/01/2026;032;55810;6191114642263;XXL;385;25H;;1,00;
31/01/2026;032;55811;6191114644571;M;R310;25H;;1,00;
31/01/2026;032;55816;6191114648401;M;R995;25H;;1,00;
31/01/2026;032;55817;6191114654761;L;385;25H;;1,00;
31/01/2026;032;70205;6191114612341;XXL;695;25H;;1,00;
31/01/2026;032;70207;6191114612600;3XL;R695;25H;;1,00;
31/01/2026;032;70224;6191114641822;XL;694;25H;;1,00;
31/01/2026;032;70226;6191114652064;XXL;I995;25H;;1,00;
31/01/2026;032;70226;6191114652095;3XL;I995;25H;;1,00;
31/01/2026;032;70231;6191114658691;L;C000;25H;;1,00;
31/01/2026;032;70232;6191114658813;L;995;25H;;1,00;
31/01/2026;033;22246;6191114648814;M;995;25H;;1,00;
31/01/2026;033;22256;6191114650411;M;995;25H;;1,00;
